/*---------------------------------------------------------------------------*\
| =========                 |                                                 |
| \\      /  F ield         | OpenFOAM: The Open Source CFD Toolbox           |
|  \\    /   O peration     | Version:  2212                                  |
|   \\  /    A nd           | Website:  www.openfoam.com                      |
|    \\/     M anipulation  |                                                 |
\*---------------------------------------------------------------------------*/
Build  : _70874860-20230612 OPENFOAM=2212 patch=230612 version=2212
Arch   : "LSB;label=32;scalar=64"
Exec   : interFoam -parallel
Date   : Sep 08 2026
Time   : 17:08:00
Host   : f822cdb58e85
PID    : 241
I/O    : uncollated
Case   : /data/phaseforge_channel_3d_coarse
nProcs : 4
Hosts  :
(
    (f822cdb58e85 4)
)
Pstream initialized with:
    floatTransfer      : 0
    nProcsSimpleSum    : 0
    commsType          : nonBlocking
    polling iterations : 0
trapFpe: Floating point exception trapping enabled (FOAM_SIGFPE).
fileModificationChecking : Monitoring run-time modified files using timeStampMaster (fileModificationSkew 5, maxFileModificationPolls 20)
allowSystemOperations : Allowing user-supplied system call operations

// * * * * * * * * * * * * * * * * * * * * * * * * * * * * * * * * * * * * * //
Create time

Create mesh for time = 0


PIMPLE: Operating solver in PISO mode

Reading field p_rgh

Reading field U

Reading/calculating face flux field phi

Reading transportProperties

Selecting incompressible transport model Newtonian
Selecting incompressible transport model Newtonian
Selecting turbulence model type laminar
Selecting laminar stress model Stokes

Reading g

Reading hRef
Calculating field g.h

No MRF models present

No finite volume options present
DICPCG:  Solving for pcorr, Initial residual = 0.0109627, Final residual = 8.63964e-08, No Iterations 147
DICPCG:  Solving for pcorr, Initial residual = 8.21457e-08, Final residual = 8.21457e-08, No Iterations 0
time step continuity errors : sum local = 4.41846e-20, global = -7.92665e-21, cumulative = -7.92665e-21
Courant Number mean: 0.008 max: 0.008

Starting time loop

Courant Number mean: 0.008 max: 0.008
Interface Courant Number mean: 0 max: 0
deltaT = 2.40096e-05
Time = 2.40096e-05

PIMPLE: iteration 1
smoothSolver:  Solving for alpha.water, Initial residual = 0.00176615, Final residual = 7.49011e-15, No Iterations 2
Phase-1 volume fraction = 0.997786  Min(alpha.water) = 8.18796e-09  Max(alpha.water) = 1
MULES: Correcting alpha.water
MULES: Correcting alpha.water
Phase-1 volume fraction = 0.997786  Min(alpha.water) = 8.18796e-09  Max(alpha.water) = 1
DICPCG:  Solving for p_rgh, Initial residual = 1, Final residual = 0.0490085, No Iterations 5
DICPCG:  Solving for p_rgh, Initial residual = 0.0239778, Final residual = 0.00107846, No Iterations 105
time step continuity errors : sum local = 2.05562e-08, global = -3.48002e-10, cumulative = -3.48002e-10
DICPCG:  Solving for p_rgh, Initial residual = 0.000906166, Final residual = 4.35785e-05, No Iterations 17
DICPCG:  Solving for p_rgh, Initial residual = 4.36103e-05, Final residual = 2.12345e-06, No Iterations 66
time step continuity errors : sum local = 5.03011e-11, global = -1.80477e-12, cumulative = -3.49807e-10
DICPCG:  Solving for p_rgh, Initial residual = 7.50138e-06, Final residual = 2.93006e-07, No Iterations 109
DICPCG:  Solving for p_rgh, Initial residual = 2.93001e-07, Final residual = 9.95514e-08, No Iterations 6
time step continuity errors : sum local = 2.35825e-12, global = 1.83721e-14, cumulative = -3.49789e-10
ExecutionTime = 1.68 s  ClockTime = 3 s

Courant Number mean: 0.00960435 max: 0.00987461
Interface Courant Number mean: 0 max: 0
deltaT = 2.88254e-05
Time = 5.2835e-05

PIMPLE: iteration 1
smoothSolver:  Solving for alpha.water, Initial residual = 0.00214004, Final residual = 2.65447e-12, No Iterations 2
Phase-1 volume fraction = 0.997786  Min(alpha.water) = 3.92486e-08  Max(alpha.water) = 1
MULES: Correcting alpha.water
MULES: Correcting alpha.water
Phase-1 volume fraction = 0.997786  Min(alpha.water) = 3.92486e-08  Max(alpha.water) = 1
DICPCG:  Solving for p_rgh, Initial residual = 0.00879782, Final residual = 0.000391681, No Iterations 2
DICPCG:  Solving for p_rgh, Initial residual = 0.000392095, Final residual = 1.85826e-05, No Iterations 36
time step continuity errors : sum local = 6.31383e-10, global = 1.45034e-11, cumulative = -3.35285e-10
DICPCG:  Solving for p_rgh, Initial residual = 9.27733e-05, Final residual = 4.37062e-06, No Iterations 33
DICPCG:  Solving for p_rgh, Initial residual = 4.37053e-06, Final residual = 1.86727e-07, No Iterations 107
time step continuity errors : sum local = 6.34451e-12, global = -9.38846e-15, cumulative = -3.35295e-10
DICPCG:  Solving for p_rgh, Initial residual = 8.97151e-07, Final residual = 9.47742e-08, No Iterations 97
DICPCG:  Solving for p_rgh, Initial residual = 9.47748e-08, Final residual = 9.47748e-08, No Iterations 0
time step continuity errors : sum local = 3.22053e-12, global = -3.33814e-15, cumulative = -3.35298e-10
ExecutionTime = 2.23 s  ClockTime = 4 s

Courant Number mean: 0.0115315 max: 0.012212
Interface Courant Number mean: 1.894e-05 max: 0.0120812
deltaT = 3.45705e-05
Time = 8.74055e-05

PIMPLE: iteration 1
smoothSolver:  Solving for alpha.water, Initial residual = 0.00258784, Final residual = 1.20114e-11, No Iterations 2
Phase-1 volume fraction = 0.997786  Min(alpha.water) = 1.27334e-07  Max(alpha.water) = 1
MULES: Correcting alpha.water
MULES: Correcting alpha.water
Phase-1 volume fraction = 0.997786  Min(alpha.water) = 1.27334e-07  Max(alpha.water) = 1
DICPCG:  Solving for p_rgh, Initial residual = 0.00881036, Final residual = 0.000413733, No Iterations 2
DICPCG:  Solving for p_rgh, Initial residual = 0.000414764, Final residual = 2.06831e-05, No Iterations 35
time step continuity errors : sum local = 1.00253e-09, global = 2.42973e-11, cumulative = -3.11001e-10
DICPCG:  Solving for p_rgh, Initial residual = 0.000107709, Final residual = 5.06601e-06, No Iterations 29
DICPCG:  Solving for p_rgh, Initial residual = 5.06589e-06, Final residual = 2.161e-07, No Iterations 107
time step continuity errors : sum local = 1.04747e-11, global = 1.11054e-13, cumulative = -3.1089e-10
DICPCG:  Solving for p_rgh, Initial residual = 1.23191e-06, Final residual = 9.76219e-08, No Iterations 98
DICPCG:  Solving for p_rgh, Initial residual = 9.76226e-08, Final residual = 9.76226e-08, No Iterations 0
time step continuity errors : sum local = 4.73233e-12, global = 1.23544e-13, cumulative = -3.10766e-10
ExecutionTime = 2.78 s  ClockTime = 4 s

Courant Number mean: 0.0138308 max: 0.0151344
Interface Courant Number mean: 2.28379e-05 max: 0.0149169
deltaT = 4.14846e-05
Time = 0.00012889

PIMPLE: iteration 1
smoothSolver:  Solving for alpha.water, Initial residual = 0.00312963, Final residual = 4.15502e-11, No Iterations 2
Phase-1 volume fraction = 0.997786  Min(alpha.water) = 3.49872e-07  Max(alpha.water) = 1
MULES: Correcting alpha.water
MULES: Correcting alpha.water
Phase-1 volume fraction = 0.997786  Min(alpha.water) = 3.49872e-07  Max(alpha.water) = 1
DICPCG:  Solving for p_rgh, Initial residual = 0.0100263, Final residual = 0.000499171, No Iterations 2
DICPCG:  Solving for p_rgh, Initial residual = 0.000500858, Final residual = 2.45818e-05, No Iterations 34
time step continuity errors : sum local = 1.69758e-09, global = 4.0263e-11, cumulative = -2.70503e-10
DICPCG:  Solving for p_rgh, Initial residual = 0.000129066, Final residual = 6.00628e-06, No Iterations 30
DICPCG:  Solving for p_rgh, Initial residual = 6.00613e-06, Final residual = 2.72155e-07, No Iterations 102
time step continuity errors : sum local = 1.87949e-11, global = -4.41134e-13, cumulative = -2.70944e-10
DICPCG:  Solving for p_rgh, Initial residual = 1.76669e-06, Final residual = 7.78867e-08, No Iterations 102
DICPCG:  Solving for p_rgh, Initial residual = 7.78875e-08, Final residual = 7.78875e-08, No Iterations 0
time step continuity errors : sum local = 5.37912e-12, global = 5.08136e-14, cumulative = -2.70893e-10
ExecutionTime = 3.32 s  ClockTime = 5 s

Courant Number mean: 0.0165983 max: 0.0188439
Interface Courant Number mean: 2.75754e-05 max: 0.0185142
deltaT = 4.98023e-05
Time = 0.000178692

PIMPLE: iteration 1
smoothSolver:  Solving for alpha.water, Initial residual = 0.00378791, Final residual = 1.29495e-10, No Iterations 2
Phase-1 volume fraction = 0.997786  Min(alpha.water) = 8.77647e-07  Max(alpha.water) = 1
MULES: Correcting alpha.water
MULES: Correcting alpha.water
Phase-1 volume fraction = 0.997786  Min(alpha.water) = 8.77647e-07  Max(alpha.water) = 1
DICPCG:  Solving for p_rgh, Initial residual = 0.0116987, Final residual = 0.000281341, No Iterations 3
DICPCG:  Solving for p_rgh, Initial residual = 0.000282595, Final residual = 1.29417e-05, No Iterations 53
time step continuity errors : sum local = 1.27057e-09, global = -1.39632e-10, cumulative = -4.10526e-10
DICPCG:  Solving for p_rgh, Initial residual = 0.000142928, Final residual = 6.23183e-06, No Iterations 5
DICPCG:  Solving for p_rgh, Initial residual = 6.23147e-06, Final residual = 3.07133e-07, No Iterations 76
time step continuity errors : sum local = 3.01537e-11, global = 4.30052e-12, cumulative = -4.06225e-10
DICPCG:  Solving for p_rgh, Initial residual = 2.37482e-06, Final residual = 1.07054e-07, No Iterations 87
DICPCG:  Solving for p_rgh, Initial residual = 1.07056e-07, Final residual = 6.14421e-08, No Iterations 1
time step continuity errors : sum local = 6.03214e-12, global = -4.50768e-13, cumulative = -4.06676e-10
ExecutionTime = 4.01 s  ClockTime = 6 s

Courant Number mean: 0.0199284 max: 0.0235788
Interface Courant Number mean: 3.33364e-05 max: 0.0231049
deltaT = 5.97027e-05
Time = 0.000238395

PIMPLE: iteration 1
smoothSolver:  Solving for alpha.water, Initial residual = 0.00457893, Final residual = 3.80283e-10, No Iterations 2
Phase-1 volume fraction = 0.997786  Min(alpha.water) = 2.07312e-06  Max(alpha.water) = 1
MULES: Correcting alpha.water
MULES: Correcting alpha.water
Phase-1 volume fraction = 0.997786  Min(alpha.water) = 2.07312e-06  Max(alpha.water) = 1
DICPCG:  Solving for p_rgh, Initial residual = 0.0139729, Final residual = 0.000340238, No Iterations 3
DICPCG:  Solving for p_rgh, Initial residual = 0.0003422, Final residual = 1.68919e-05, No Iterations 50
time step continuity errors : sum local = 2.34256e-09, global = -1.21622e-10, cumulative = -5.28299e-10
DICPCG:  Solving for p_rgh, Initial residual = 0.000175756, Final residual = 7.62098e-06, No Iterations 5
DICPCG:  Solving for p_rgh, Initial residual = 7.62046e-06, Final residual = 3.43152e-07, No Iterations 109
time step continuity errors : sum local = 4.75892e-11, global = -9.65844e-13, cumulative = -5.29264e-10
DICPCG:  Solving for p_rgh, Initial residual = 3.46582e-06, Final residual = 1.65098e-07, No Iterations 87
DICPCG:  Solving for p_rgh, Initial residual = 1.651e-07, Final residual = 8.79096e-08, No Iterations 18
time step continuity errors : sum local = 1.219e-11, global = -2.42187e-13, cumulative = -5.29507e-10
ExecutionTime = 4.59 s  ClockTime = 6 s

Courant Number mean: 0.0238932 max: 0.0295988
Interface Courant Number mean: 4.02813e-05 max: 0.0289522
deltaT = 7.16e-05
Time = 0.000309995

PIMPLE: iteration 1
smoothSolver:  Solving for alpha.water, Initial residual = 0.00553644, Final residual = 1.07974e-09, No Iterations 2
Phase-1 volume fraction = 0.997786  Min(alpha.water) = 4.70493e-06  Max(alpha.water) = 1
MULES: Correcting alpha.water
MULES: Correcting alpha.water
Phase-1 volume fraction = 0.997786  Min(alpha.water) = 4.70493e-06  Max(alpha.water) = 1
DICPCG:  Solving for p_rgh, Initial residual = 0.0168624, Final residual = 0.00042172, No Iterations 3
DICPCG:  Solving for p_rgh, Initial residual = 0.000424845, Final residual = 2.104e-05, No Iterations 34
time step continuity errors : sum local = 4.10634e-09, global = 1.74435e-10, cumulative = -3.55072e-10
DICPCG:  Solving for p_rgh, Initial residual = 0.000219063, Final residual = 1.07936e-05, No Iterations 21
DICPCG:  Solving for p_rgh, Initial residual = 1.07929e-05, Final residual = 5.21587e-07, No Iterations 106
time step continuity errors : sum local = 1.01801e-10, global = -1.3306e-12, cumulative = -3.56402e-10
DICPCG:  Solving for p_rgh, Initial residual = 5.28783e-06, Final residual = 2.2969e-07, No Iterations 101
DICPCG:  Solving for p_rgh, Initial residual = 2.29695e-07, Final residual = 9.15764e-08, No Iterations 4
time step continuity errors : sum local = 1.78683e-11, global = -2.8631e-13, cumulative = -3.56688e-10
ExecutionTime = 5.17 s  ClockTime = 7 s

Courant Number mean: 0.0286589 max: 0.0373364
Interface Courant Number mean: 5.33511e-05 max: 0.0373364
deltaT = 8.59826e-05
Time = 0.000395978

PIMPLE: iteration 1
smoothSolver:  Solving for alpha.water, Initial residual = 0.00669851, Final residual = 3.00668e-09, No Iterations 2
Phase-1 volume fraction = 0.997786  Min(alpha.water) = 1.03914e-05  Max(alpha.water) = 1
MULES: Correcting alpha.water
MULES: Correcting alpha.water
Phase-1 volume fraction = 0.997786  Min(alpha.water) = 1.03914e-05  Max(alpha.water) = 1
DICPCG:  Solving for p_rgh, Initial residual = 0.0208173, Final residual = 0.000527007, No Iterations 3
DICPCG:  Solving for p_rgh, Initial residual = 0.00053201, Final residual = 2.10381e-05, No Iterations 10
time step continuity errors : sum local = 5.76113e-09, global = 2.72326e-10, cumulative = -8.43624e-11
DICPCG:  Solving for p_rgh, Initial residual = 0.000268997, Final residual = 1.3445e-05, No Iterations 4
DICPCG:  Solving for p_rgh, Initial residual = 1.34434e-05, Final residual = 6.17468e-07, No Iterations 110
time step continuity errors : sum local = 1.69108e-10, global = -1.39138e-12, cumulative = -8.57538e-11
DICPCG:  Solving for p_rgh, Initial residual = 7.932e-06, Final residual = 3.72142e-07, No Iterations 64
DICPCG:  Solving for p_rgh, Initial residual = 3.72143e-07, Final residual = 9.06741e-08, No Iterations 99
time step continuity errors : sum local = 2.48195e-11, global = 3.50968e-13, cumulative = -8.54028e-11
ExecutionTime = 5.65 s  ClockTime = 7 s

Courant Number mean: 0.034422 max: 0.0473435
Interface Courant Number mean: 6.48763e-05 max: 0.0473435
deltaT = 0.000103179
Time = 0.000499157

PIMPLE: iteration 1
smoothSolver:  Solving for alpha.water, Initial residual = 0.00809077, Final residual = 8.18633e-09, No Iterations 2
Phase-1 volume fraction = 0.997786  Min(alpha.water) = 2.24313e-05  Max(alpha.water) = 1
MULES: Correcting alpha.water
MULES: Correcting alpha.water
Phase-1 volume fraction = 0.997786  Min(alpha.water) = 2.24313e-05  Max(alpha.water) = 1
DICPCG:  Solving for p_rgh, Initial residual = 0.0257253, Final residual = 0.00127885, No Iterations 2
DICPCG:  Solving for p_rgh, Initial residual = 0.00129461, Final residual = 6.45512e-05, No Iterations 7
time step continuity errors : sum local = 2.4587e-08, global = 4.21281e-10, cumulative = 3.35878e-10
DICPCG:  Solving for p_rgh, Initial residual = 0.000368498, Final residual = 1.73349e-05, No Iterations 7
DICPCG:  Solving for p_rgh, Initial residual = 1.73329e-05, Final residual = 7.55487e-07, No Iterations 109
time step continuity errors : sum local = 2.87811e-10, global = 7.36777e-13, cumulative = 3.36615e-10
DICPCG:  Solving for p_rgh, Initial residual = 1.3148e-05, Final residual = 6.35631e-07, No Iterations 40
DICPCG:  Solving for p_rgh, Initial residual = 6.35632e-07, Final residual = 9.16308e-08, No Iterations 95
time step continuity errors : sum local = 3.4876e-11, global = 1.32282e-12, cumulative = 3.37937e-10
ExecutionTime = 6.15 s  ClockTime = 8 s

Courant Number mean: 0.0413155 max: 0.0601279
Interface Courant Number mean: 8.21344e-05 max: 0.0601279
deltaT = 0.000123423
Time = 0.00062258

PIMPLE: iteration 1
smoothSolver:  Solving for alpha.water, Initial residual = 0.00974499, Final residual = 1.81725e-12, No Iterations 3
Phase-1 volume fraction = 0.997786  Min(alpha.water) = 4.7312e-05  Max(alpha.water) = 1
MULES: Correcting alpha.water
MULES: Correcting alpha.water
Phase-1 volume fraction = 0.997786  Min(alpha.water) = 4.7312e-05  Max(alpha.water) = 1
DICPCG:  Solving for p_rgh, Initial residual = 0.0316465, Final residual = 0.00157944, No Iterations 2
DICPCG:  Solving for p_rgh, Initial residual = 0.0016041, Final residual = 6.89627e-05, No Iterations 8
time step continuity errors : sum local = 3.59995e-08, global = 6.20783e-10, cumulative = 9.5872e-10
DICPCG:  Solving for p_rgh, Initial residual = 0.000453217, Final residual = 2.15152e-05, No Iterations 101
DICPCG:  Solving for p_rgh, Initial residual = 2.15419e-05, Final residual = 1.05259e-06, No Iterations 26
time step continuity errors : sum local = 5.48826e-10, global = 5.24609e-11, cumulative = 1.01118e-09
DICPCG:  Solving for p_rgh, Initial residual = 1.93575e-05, Final residual = 8.82205e-07, No Iterations 9
DICPCG:  Solving for p_rgh, Initial residual = 8.82206e-07, Final residual = 8.33279e-08, No Iterations 106
time step continuity errors : sum local = 4.34471e-11, global = 4.18119e-13, cumulative = 1.0116e-09
ExecutionTime = 6.8 s  ClockTime = 9 s

Courant Number mean: 0.0494343 max: 0.076159
Interface Courant Number mean: 0.000110977 max: 0.076159
deltaT = 0.000147919
Time = 0.000770499

PIMPLE: iteration 1
smoothSolver:  Solving for alpha.water, Initial residual = 0.0117712, Final residual = 9.79426e-12, No Iterations 3
Phase-1 volume fraction = 0.997786  Min(alpha.water) = 9.84335e-05  Max(alpha.water) = 1
MULES: Correcting alpha.water
MULES: Correcting alpha.water
Phase-1 volume fraction = 0.997786  Min(alpha.water) = 9.84335e-05  Max(alpha.water) = 1
DICPCG:  Solving for p_rgh, Initial residual = 0.0390917, Final residual = 0.00194924, No Iterations 2
DICPCG:  Solving for p_rgh, Initial residual = 0.0019885, Final residual = 8.21477e-05, No Iterations 9
time step continuity errors : sum local = 5.83125e-08, global = 8.66973e-10, cumulative = 1.87857e-09
DICPCG:  Solving for p_rgh, Initial residual = 0.00056603, Final residual = 2.24581e-05, No Iterations 102
DICPCG:  Solving for p_rgh, Initial residual = 2.2501e-05, Final residual = 1.12495e-06, No Iterations 18
time step continuity errors : sum local = 7.97079e-10, global = 7.57534e-11, cumulative = 1.95433e-09
DICPCG:  Solving for p_rgh, Initial residual = 2.91348e-05, Final residual = 1.37854e-06, No Iterations 11
DICPCG:  Solving for p_rgh, Initial residual = 1.37855e-06, Final residual = 8.39928e-08, No Iterations 100
time step continuity errors : sum local = 5.9512e-11, global = 7.83056e-13, cumulative = 1.95511e-09
ExecutionTime = 7.33 s  ClockTime = 9 s

Courant Number mean: 0.059263 max: 0.0966883
Interface Courant Number mean: 0.000140579 max: 0.0966883
deltaT = 0.000178051
Time = 0.00094855

PIMPLE: iteration 1
smoothSolver:  Solving for alpha.water, Initial residual = 0.0143018, Final residual = 5.19559e-11, No Iterations 3
Phase-1 volume fraction = 0.997786  Min(alpha.water) = 0.00020467  Max(alpha.water) = 1
MULES: Correcting alpha.water
MULES: Correcting alpha.water
Phase-1 volume fraction = 0.997786  Min(alpha.water) = 0.00020467  Max(alpha.water) = 1
DICPCG:  Solving for p_rgh, Initial residual = 0.0483313, Final residual = 0.00138416, No Iterations 3
DICPCG:  Solving for p_rgh, Initial residual = 0.00141935, Final residual = 6.35873e-05, No Iterations 12
time step continuity errors : sum local = 6.10508e-08, global = 1.14236e-09, cumulative = 3.09747e-09
DICPCG:  Solving for p_rgh, Initial residual = 0.000671313, Final residual = 3.1273e-05, No Iterations 100
DICPCG:  Solving for p_rgh, Initial residual = 3.13578e-05, Final residual = 1.32954e-06, No Iterations 26
time step continuity errors : sum local = 1.27292e-09, global = 9.75324e-11, cumulative = 3.195e-09
DICPCG:  Solving for p_rgh, Initial residual = 4.06344e-05, Final residual = 1.95089e-06, No Iterations 41
DICPCG:  Solving for p_rgh, Initial residual = 1.95092e-06, Final residual = 8.90759e-08, No Iterations 108
time step continuity errors : sum local = 8.52796e-11, global = 2.9554e-13, cumulative = 3.19529e-09
ExecutionTime = 7.98 s  ClockTime = 10 s

Courant Number mean: 0.0713579 max: 0.124101
Interface Courant Number mean: 0.000178465 max: 0.124101
deltaT = 0.000214061
Time = 0.00116261

PIMPLE: iteration 1
smoothSolver:  Solving for alpha.water, Initial residual = 0.0173913, Final residual = 2.57792e-10, No Iterations 3
Phase-1 volume fraction = 0.997786  Min(alpha.water) = 0.000430265  Max(alpha.water) = 1
MULES: Correcting alpha.water
MULES: Correcting alpha.water
Phase-1 volume fraction = 0.997786  Min(alpha.water) = 0.000430265  Max(alpha.water) = 1
DICPCG:  Solving for p_rgh, Initial residual = 0.0585427, Final residual = 0.00171908, No Iterations 3
DICPCG:  Solving for p_rgh, Initial residual = 0.00176655, Final residual = 8.58451e-05, No Iterations 12
time step continuity errors : sum local = 1.10253e-07, global = 1.29089e-09, cumulative = 4.48618e-09
DICPCG:  Solving for p_rgh, Initial residual = 0.00079947, Final residual = 3.92936e-05, No Iterations 100
DICPCG:  Solving for p_rgh, Initial residual = 3.94337e-05, Final residual = 1.67323e-06, No Iterations 26
time step continuity errors : sum local = 2.14079e-09, global = 1.33359e-10, cumulative = 4.61954e-09
DICPCG:  Solving for p_rgh, Initial residual = 5.70053e-05, Final residual = 2.65142e-06, No Iterations 42
DICPCG:  Solving for p_rgh, Initial residual = 2.65148e-06, Final residual = 9.66187e-08, No Iterations 100
time step continuity errors : sum local = 1.23612e-10, global = -1.11238e-12, cumulative = 4.61843e-09
ExecutionTime = 8.5 s  ClockTime = 10 s

Courant Number mean: 0.0858186 max: 0.158031
Interface Courant Number mean: 0.000240548 max: 0.157809
deltaT = 0.000258046
Time = 0.00142066

PIMPLE: iteration 1
smoothSolver:  Solving for alpha.water, Initial residual = 0.0212411, Final residual = 1.20199e-09, No Iterations 3
Phase-1 volume fraction = 0.997786  Min(alpha.water) = 0.000931798  Max(alpha.water) = 1
MULES: Correcting alpha.water
MULES: Correcting alpha.water
Phase-1 volume fraction = 0.997786  Min(alpha.water) = 0.000931798  Max(alpha.water) = 1
DICPCG:  Solving for p_rgh, Initial residual = 0.0691872, Final residual = 0.0020298, No Iterations 3
DICPCG:  Solving for p_rgh, Initial residual = 0.00205467, Final residual = 9.10929e-05, No Iterations 12
time step continuity errors : sum local = 1.61139e-07, global = 9.67521e-10, cumulative = 5.58595e-09
DICPCG:  Solving for p_rgh, Initial residual = 0.000856622, Final residual = 3.62663e-05, No Iterations 101
DICPCG:  Solving for p_rgh, Initial residual = 3.64165e-05, Final residual = 1.65941e-06, No Iterations 17
time step continuity errors : sum local = 2.92222e-09, global = 2.18165e-10, cumulative = 5.80411e-09
DICPCG:  Solving for p_rgh, Initial residual = 7.19089e-05, Final residual = 3.22854e-06, No Iterations 42
DICPCG:  Solving for p_rgh, Initial residual = 3.22865e-06, Final residual = 8.05327e-08, No Iterations 109
time step continuity errors : sum local = 1.41811e-10, global = -2.35739e-12, cumulative = 5.80176e-09
ExecutionTime = 9.07 s  ClockTime = 11 s

Courant Number mean: 0.103488 max: 0.20014
Interface Courant Number mean: 0.000416796 max: 0.198263
deltaT = 0.000309656
Time = 0.00173031

PIMPLE: iteration 1
smoothSolver:  Solving for alpha.water, Initial residual = 0.0258605, Final residual = 4.86807e-09, No Iterations 3
Phase-1 volume fraction = 0.997786  Min(alpha.water) = 0.00206517  Max(alpha.water) = 1
MULES: Correcting alpha.water
MULES: Correcting alpha.water
Phase-1 volume fraction = 0.997786  Min(alpha.water) = 0.00206517  Max(alpha.water) = 1
DICPCG:  Solving for p_rgh, Initial residual = 0.0764457, Final residual = 0.00234738, No Iterations 3
DICPCG:  Solving for p_rgh, Initial residual = 0.00234404, Final residual = 9.69694e-05, No Iterations 10
time step continuity errors : sum local = 2.39385e-07, global = -6.25027e-10, cumulative = 5.17673e-09
DICPCG:  Solving for p_rgh, Initial residual = 0.000880533, Final residual = 3.63031e-05, No Iterations 102
DICPCG:  Solving for p_rgh, Initial residual = 3.64502e-05, Final residual = 1.7804e-06, No Iterations 17
time step continuity errors : sum local = 4.37645e-09, global = 3.60398e-10, cumulative = 5.53713e-09
DICPCG:  Solving for p_rgh, Initial residual = 8.89783e-05, Final residual = 4.34682e-06, No Iterations 88
DICPCG:  Solving for p_rgh, Initial residual = 4.34821e-06, Final residual = 9.52486e-08, No Iterations 43
time step continuity errors : sum local = 2.34057e-10, global = 1.00747e-11, cumulative = 5.5472e-09
ExecutionTime = 9.56 s  ClockTime = 11 s

Courant Number mean: 0.124227 max: 0.245374
Interface Courant Number mean: 0.00061364 max: 0.242627
deltaT = 0.000358229
Time = 0.00208854

PIMPLE: iteration 1
smoothSolver:  Solving for alpha.water, Initial residual = 0.0303297, Final residual = 7.3752e-12, No Iterations 4
Phase-1 volume fraction = 0.997786  Min(alpha.water) = 0.00444244  Max(alpha.water) = 1
MULES: Correcting alpha.water
MULES: Correcting alpha.water
Phase-1 volume fraction = 0.997786  Min(alpha.water) = 0.00444244  Max(alpha.water) = 1
DICPCG:  Solving for p_rgh, Initial residual = 0.0812692, Final residual = 0.00268807, No Iterations 3
DICPCG:  Solving for p_rgh, Initial residual = 0.00264757, Final residual = 0.0001161, No Iterations 9
time step continuity errors : sum local = 3.82883e-07, global = -4.54492e-09, cumulative = 1.00228e-09
DICPCG:  Solving for p_rgh, Initial residual = 0.000978097, Final residual = 4.02165e-05, No Iterations 101
DICPCG:  Solving for p_rgh, Initial residual = 4.03479e-05, Final residual = 1.98033e-06, No Iterations 19
time step continuity errors : sum local = 6.50784e-09, global = 5.35797e-10, cumulative = 1.53808e-09
DICPCG:  Solving for p_rgh, Initial residual = 0.000113011, Final residual = 4.60374e-06, No Iterations 103
DICPCG:  Solving for p_rgh, Initial residual = 4.6067e-06, Final residual = 9.31073e-08, No Iterations 33
time step continuity errors : sum local = 3.05775e-10, global = 1.95801e-11, cumulative = 1.55766e-09
ExecutionTime = 10.16 s  ClockTime = 12 s

Courant Number mean: 0.143757 max: 0.279217
Interface Courant Number mean: 0.000798201 max: 0.279217
deltaT = 0.000407079
Time = 0.00249562

PIMPLE: iteration 1
smoothSolver:  Solving for alpha.water, Initial residual = 0.0344569, Final residual = 2.13809e-11, No Iterations 4
Phase-1 volume fraction = 0.997786  Min(alpha.water) = 0.00915932  Max(alpha.water) = 1
MULES: Correcting alpha.water
MULES: Correcting alpha.water
Phase-1 volume fraction = 0.997786  Min(alpha.water) = 0.00915932  Max(alpha.water) = 1
DICPCG:  Solving for p_rgh, Initial residual = 0.0802521, Final residual = 0.00291218, No Iterations 3
DICPCG:  Solving for p_rgh, Initial residual = 0.00289564, Final residual = 0.000142907, No Iterations 8
time step continuity errors : sum local = 5.96904e-07, global = -1.18589e-08, cumulative = -1.03012e-08
DICPCG:  Solving for p_rgh, Initial residual = 0.00130454, Final residual = 6.38126e-05, No Iterations 11
DICPCG:  Solving for p_rgh, Initial residual = 6.37997e-05, Final residual = 2.6229e-06, No Iterations 106
time step continuity errors : sum local = 1.09526e-08, global = 4.66907e-12, cumulative = -1.02966e-08
DICPCG:  Solving for p_rgh, Initial residual = 0.000167411, Final residual = 6.47933e-06, No Iterations 102
DICPCG:  Solving for p_rgh, Initial residual = 6.48656e-06, Final residual = 9.25171e-08, No Iterations 34
time step continuity errors : sum local = 3.85081e-10, global = 2.80462e-11, cumulative = -1.02685e-08
ExecutionTime = 10.75 s  ClockTime = 13 s

Courant Number mean: 0.163399 max: 0.308834
Interface Courant Number mean: 0.000992071 max: 0.308834
deltaT = 0.000460642
Time = 0.00295626

PIMPLE: iteration 1
smoothSolver:  Solving for alpha.water, Initial residual = 0.0381266, Final residual = 6.16791e-11, No Iterations 4
Phase-1 volume fraction = 0.997786  Min(alpha.water) = 0.0178729  Max(alpha.water) = 1
MULES: Correcting alpha.water
MULES: Correcting alpha.water
Phase-1 volume fraction = 0.997786  Min(alpha.water) = 0.0178729  Max(alpha.water) = 1
DICPCG:  Solving for p_rgh, Initial residual = 0.0823655, Final residual = 0.00333358, No Iterations 3
DICPCG:  Solving for p_rgh, Initial residual = 0.00336149, Final residual = 0.000161065, No Iterations 37
time step continuity errors : sum local = 8.21927e-07, global = -2.40494e-08, cumulative = -3.4318e-08
DICPCG:  Solving for p_rgh, Initial residual = 0.00174183, Final residual = 8.13731e-05, No Iterations 24
DICPCG:  Solving for p_rgh, Initial residual = 8.1364e-05, Final residual = 4.00206e-06, No Iterations 104
time step continuity errors : sum local = 2.04175e-08, global = -2.8559e-10, cumulative = -3.46035e-08
DICPCG:  Solving for p_rgh, Initial residual = 0.000238324, Final residual = 1.16594e-05, No Iterations 93
DICPCG:  Solving for p_rgh, Initial residual = 1.16792e-05, Final residual = 9.84344e-08, No Iterations 82
time step continuity errors : sum local = 5.0078e-10, global = 6.31393e-11, cumulative = -3.45404e-08
ExecutionTime = 11.31 s  ClockTime = 13 s

Courant Number mean: 0.184927 max: 0.333629
Interface Courant Number mean: 0.00121502 max: 0.333629
deltaT = 0.000516477
Time = 0.00347274

PIMPLE: iteration 1
smoothSolver:  Solving for alpha.water, Initial residual = 0.0408584, Final residual = 1.29123e-10, No Iterations 4
Phase-1 volume fraction = 0.997786  Min(alpha.water) = 0.0314106  Max(alpha.water) = 1
MULES: Correcting alpha.water
MULES: Correcting alpha.water
Phase-1 volume fraction = 0.997786  Min(alpha.water) = 0.0314105  Max(alpha.water) = 1
DICPCG:  Solving for p_rgh, Initial residual = 0.106102, Final residual = 0.00440768, No Iterations 3
DICPCG:  Solving for p_rgh, Initial residual = 0.00451945, Final residual = 0.000179342, No Iterations 10
time step continuity errors : sum local = 1.0644e-06, global = -4.27158e-08, cumulative = -7.72562e-08
DICPCG:  Solving for p_rgh, Initial residual = 0.00213959, Final residual = 0.000102548, No Iterations 6
DICPCG:  Solving for p_rgh, Initial residual = 0.000102532, Final residual = 4.14484e-06, No Iterations 110
time step continuity errors : sum local = 2.45848e-08, global = -1.9063e-10, cumulative = -7.74468e-08
DICPCG:  Solving for p_rgh, Initial residual = 0.000324499, Final residual = 1.36501e-05, No Iterations 102
DICPCG:  Solving for p_rgh, Initial residual = 1.36773e-05, Final residual = 9.24558e-08, No Iterations 52
time step continuity errors : sum local = 5.4573e-10, global = 7.18434e-11, cumulative = -7.7375e-08
ExecutionTime = 11.88 s  ClockTime = 14 s

Courant Number mean: 0.207365 max: 0.361063
Interface Courant Number mean: 0.00144903 max: 0.361063
deltaT = 0.000569906
Time = 0.00404264

PIMPLE: iteration 1
smoothSolver:  Solving for alpha.water, Initial residual = 0.0442571, Final residual = 1.24152e-10, No Iterations 4
Phase-1 volume fraction = 0.997786  Min(alpha.water) = 0.0493342  Max(alpha.water) = 1
MULES: Correcting alpha.water
MULES: Correcting alpha.water
Phase-1 volume fraction = 0.997786  Min(alpha.water) = 0.0493484  Max(alpha.water) = 1
DICPCG:  Solving for p_rgh, Initial residual = 0.122549, Final residual = 0.00532537, No Iterations 3
DICPCG:  Solving for p_rgh, Initial residual = 0.00546728, Final residual = 0.000208917, No Iterations 10
time step continuity errors : sum local = 1.39297e-06, global = -6.82139e-08, cumulative = -1.45589e-07
DICPCG:  Solving for p_rgh, Initial residual = 0.00244329, Final residual = 0.000121161, No Iterations 9
DICPCG:  Solving for p_rgh, Initial residual = 0.000121136, Final residual = 5.22583e-06, No Iterations 107
time step continuity errors : sum local = 3.48159e-08, global = 2.79154e-12, cumulative = -1.45586e-07
DICPCG:  Solving for p_rgh, Initial residual = 0.000387417, Final residual = 1.84335e-05, No Iterations 102
DICPCG:  Solving for p_rgh, Initial residual = 1.84754e-05, Final residual = 9.95901e-08, No Iterations 97
time step continuity errors : sum local = 6.5868e-10, global = 7.16463e-11, cumulative = -1.45514e-07
ExecutionTime = 12.67 s  ClockTime = 15 s

Courant Number mean: 0.22886 max: 0.392158
Interface Courant Number mean: 0.00160792 max: 0.392158
deltaT = 0.000591013
Time = 0.00463366

PIMPLE: iteration 1
smoothSolver:  Solving for alpha.water, Initial residual = 0.0460105, Final residual = 4.19972e-11, No Iterations 4
Phase-1 volume fraction = 0.997786  Min(alpha.water) = 0.0703906  Max(alpha.water) = 1
MULES: Correcting alpha.water
MULES: Correcting alpha.water
Phase-1 volume fraction = 0.997786  Min(alpha.water) = 0.0703994  Max(alpha.water) = 1
DICPCG:  Solving for p_rgh, Initial residual = 0.111785, Final residual = 0.00547509, No Iterations 3
DICPCG:  Solving for p_rgh, Initial residual = 0.00539288, Final residual = 0.000204083, No Iterations 10
time step continuity errors : sum local = 1.48121e-06, global = -8.86183e-08, cumulative = -2.34133e-07
DICPCG:  Solving for p_rgh, Initial residual = 0.00219323, Final residual = 0.000107697, No Iterations 100
DICPCG:  Solving for p_rgh, Initial residual = 0.000108243, Final residual = 5.01871e-06, No Iterations 28
time step continuity errors : sum local = 3.62099e-08, global = 3.0715e-09, cumulative = -2.31061e-07
DICPCG:  Solving for p_rgh, Initial residual = 0.000335117, Final residual = 1.42465e-05, No Iterations 103
DICPCG:  Solving for p_rgh, Initial residual = 1.42817e-05, Final residual = 9.56987e-08, No Iterations 71
time step continuity errors : sum local = 6.88695e-10, global = 6.37212e-11, cumulative = -2.30998e-07
ExecutionTime = 13.22 s  ClockTime = 15 s

Courant Number mean: 0.23739 max: 0.395358
Interface Courant Number mean: 0.00180188 max: 0.395358
deltaT = 0.000591013
Time = 0.00522467

PIMPLE: iteration 1
smoothSolver:  Solving for alpha.water, Initial residual = 0.0458491, Final residual = 3.32662e-09, No Iterations 3
Phase-1 volume fraction = 0.997786  Min(alpha.water) = 0.0749471  Max(alpha.water) = 1
MULES: Correcting alpha.water
MULES: Correcting alpha.water
Phase-1 volume fraction = 0.997786  Min(alpha.water) = 0.0749471  Max(alpha.water) = 1
DICPCG:  Solving for p_rgh, Initial residual = 0.103909, Final residual = 0.00487306, No Iterations 3
DICPCG:  Solving for p_rgh, Initial residual = 0.00477523, Final residual = 0.000218803, No Iterations 9
time step continuity errors : sum local = 1.63851e-06, global = -1.02449e-07, cumulative = -3.33446e-07
DICPCG:  Solving for p_rgh, Initial residual = 0.00177904, Final residual = 8.83145e-05, No Iterations 25
DICPCG:  Solving for p_rgh, Initial residual = 8.83114e-05, Final residual = 4.36524e-06, No Iterations 107
time step continuity errors : sum local = 3.26547e-08, global = 4.26888e-11, cumulative = -3.33403e-07
DICPCG:  Solving for p_rgh, Initial residual = 0.000258565, Final residual = 1.25954e-05, No Iterations 102
DICPCG:  Solving for p_rgh, Initial residual = 1.26315e-05, Final residual = 9.25914e-08, No Iterations 51
time step continuity errors : sum local = 6.88707e-10, global = 8.33675e-11, cumulative = -3.3332e-07
ExecutionTime = 13.77 s  ClockTime = 16 s

Courant Number mean: 0.237454 max: 0.415573
Interface Courant Number mean: 0.00182837 max: 0.415573
deltaT = 0.000568282
Time = 0.00579295

PIMPLE: iteration 1
smoothSolver:  Solving for alpha.water, Initial residual = 0.0427689, Final residual = 1.64704e-09, No Iterations 3
Phase-1 volume fraction = 0.997786  Min(alpha.water) = 0.0806255  Max(alpha.water) = 1
MULES: Correcting alpha.water
MULES: Correcting alpha.water
Phase-1 volume fraction = 0.997786  Min(alpha.water) = 0.0806255  Max(alpha.water) = 1
DICPCG:  Solving for p_rgh, Initial residual = 0.0922105, Final residual = 0.0040138, No Iterations 3
DICPCG:  Solving for p_rgh, Initial residual = 0.00402284, Final residual = 0.000198826, No Iterations 8
time step continuity errors : sum local = 1.3743e-06, global = -1.02619e-07, cumulative = -4.35939e-07
DICPCG:  Solving for p_rgh, Initial residual = 0.00181274, Final residual = 8.33941e-05, No Iterations 43
DICPCG:  Solving for p_rgh, Initial residual = 8.34088e-05, Final residual = 4.12094e-06, No Iterations 59
time step continuity errors : sum local = 2.84528e-08, global = -7.14102e-10, cumulative = -4.36653e-07
DICPCG:  Solving for p_rgh, Initial residual = 0.000277937, Final residual = 1.37061e-05, No Iterations 101
DICPCG:  Solving for p_rgh, Initial residual = 1.37508e-05, Final residual = 9.6557e-08, No Iterations 37
time step continuity errors : sum local = 6.64441e-10, global = 6.0916e-11, cumulative = -4.36592e-07
ExecutionTime = 14.36 s  ClockTime = 16 s

Courant Number mean: 0.228389 max: 0.407044
Interface Courant Number mean: 0.00172898 max: 0.407044
deltaT = 0.000568282
Time = 0.00636124

PIMPLE: iteration 1
smoothSolver:  Solving for alpha.water, Initial residual = 0.0402472, Final residual = 1.21481e-09, No Iterations 3
Phase-1 volume fraction = 0.997786  Min(alpha.water) = 0.0872412  Max(alpha.water) = 1
MULES: Correcting alpha.water
MULES: Correcting alpha.water
Phase-1 volume fraction = 0.997786  Min(alpha.water) = 0.0872462  Max(alpha.water) = 1
DICPCG:  Solving for p_rgh, Initial residual = 0.104427, Final residual = 0.00411322, No Iterations 3
DICPCG:  Solving for p_rgh, Initial residual = 0.00419534, Final residual = 0.000207425, No Iterations 9
time step continuity errors : sum local = 1.37236e-06, global = -1.12308e-07, cumulative = -5.489e-07
DICPCG:  Solving for p_rgh, Initial residual = 0.00222354, Final residual = 0.000107668, No Iterations 4
DICPCG:  Solving for p_rgh, Initial residual = 0.000107657, Final residual = 5.30103e-06, No Iterations 104
time step continuity errors : sum local = 3.5049e-08, global = -5.32243e-12, cumulative = -5.48905e-07
DICPCG:  Solving for p_rgh, Initial residual = 0.000343898, Final residual = 1.43091e-05, No Iterations 101
DICPCG:  Solving for p_rgh, Initial residual = 1.43569e-05, Final residual = 9.70048e-08, No Iterations 35
time step continuity errors : sum local = 6.38283e-10, global = 5.78368e-11, cumulative = -5.48847e-07
ExecutionTime = 14.92 s  ClockTime = 17 s

Courant Number mean: 0.228457 max: 0.394889
Interface Courant Number mean: 0.00169079 max: 0.380681
deltaT = 0.000568282
Time = 0.00692952

PIMPLE: iteration 1
smoothSolver:  Solving for alpha.water, Initial residual = 0.0391701, Final residual = 1.21396e-09, No Iterations 3
Phase-1 volume fraction = 0.997786  Min(alpha.water) = 0.0952423  Max(alpha.water) = 1
MULES: Correcting alpha.water
MULES: Correcting alpha.water
Phase-1 volume fraction = 0.997786  Min(alpha.water) = 0.095259  Max(alpha.water) = 1
DICPCG:  Solving for p_rgh, Initial residual = 0.117343, Final residual = 0.00423786, No Iterations 3
DICPCG:  Solving for p_rgh, Initial residual = 0.00435834, Final residual = 0.000205773, No Iterations 10
time step continuity errors : sum local = 1.28029e-06, global = -1.20175e-07, cumulative = -6.69022e-07
DICPCG:  Solving for p_rgh, Initial residual = 0.00241332, Final residual = 0.00011346, No Iterations 14
DICPCG:  Solving for p_rgh, Initial residual = 0.000113464, Final residual = 4.94531e-06, No Iterations 106
time step continuity errors : sum local = 3.07394e-08, global = -1.03365e-10, cumulative = -6.69126e-07
DICPCG:  Solving for p_rgh, Initial residual = 0.000379793, Final residual = 1.57878e-05, No Iterations 101
DICPCG:  Solving for p_rgh, Initial residual = 1.58387e-05, Final residual = 9.71477e-08, No Iterations 54
time step continuity errors : sum local = 5.99787e-10, global = 3.91375e-11, cumulative = -6.69087e-07
ExecutionTime = 15.49 s  ClockTime = 17 s

Courant Number mean: 0.228536 max: 0.397807
Interface Courant Number mean: 0.00178508 max: 0.397807
deltaT = 0.000568282
Time = 0.0074978

PIMPLE: iteration 1
smoothSolver:  Solving for alpha.water, Initial residual = 0.0394181, Final residual = 1.41667e-09, No Iterations 3
Phase-1 volume fraction = 0.997786  Min(alpha.water) = 0.102036  Max(alpha.water) = 1
MULES: Correcting alpha.water
MULES: Correcting alpha.water
Phase-1 volume fraction = 0.997786  Min(alpha.water) = 0.102036  Max(alpha.water) = 1
DICPCG:  Solving for p_rgh, Initial residual = 0.113504, Final residual = 0.00414392, No Iterations 3
DICPCG:  Solving for p_rgh, Initial residual = 0.00409634, Final residual = 0.00016513, No Iterations 10
time step continuity errors : sum local = 1.04095e-06, global = -1.27013e-07, cumulative = -7.961e-07
DICPCG:  Solving for p_rgh, Initial residual = 0.0020607, Final residual = 9.75259e-05, No Iterations 35
DICPCG:  Solving for p_rgh, Initial residual = 9.75469e-05, Final residual = 4.29267e-06, No Iterations 106
time step continuity errors : sum local = 2.70293e-08, global = -1.52689e-10, cumulative = -7.96253e-07
DICPCG:  Solving for p_rgh, Initial residual = 0.000307776, Final residual = 1.19846e-05, No Iterations 102
DICPCG:  Solving for p_rgh, Initial residual = 1.20226e-05, Final residual = 9.75194e-08, No Iterations 51
time step continuity errors : sum local = 6.10109e-10, global = 3.60573e-11, cumulative = -7.96217e-07
ExecutionTime = 16.7 s  ClockTime = 19 s

Courant Number mean: 0.228607 max: 0.404209
Interface Courant Number mean: 0.0018474 max: 0.404209
deltaT = 0.000568282
Time = 0.00806608

PIMPLE: iteration 1
smoothSolver:  Solving for alpha.water, Initial residual = 0.0392566, Final residual = 1.56765e-09, No Iterations 3
Phase-1 volume fraction = 0.997786  Min(alpha.water) = 0.105701  Max(alpha.water) = 1
MULES: Correcting alpha.water
MULES: Correcting alpha.water
Phase-1 volume fraction = 0.997786  Min(alpha.water) = 0.105701  Max(alpha.water) = 1
DICPCG:  Solving for p_rgh, Initial residual = 0.0972753, Final residual = 0.00365459, No Iterations 3
DICPCG:  Solving for p_rgh, Initial residual = 0.00356515, Final residual = 0.000177476, No Iterations 9
time step continuity errors : sum local = 1.16476e-06, global = -1.32797e-07, cumulative = -9.29013e-07
DICPCG:  Solving for p_rgh, Initial residual = 0.00164231, Final residual = 7.73439e-05, No Iterations 28
DICPCG:  Solving for p_rgh, Initial residual = 7.73424e-05, Final residual = 3.01474e-06, No Iterations 106
time step continuity errors : sum local = 1.97711e-08, global = 2.54138e-10, cumulative = -9.28759e-07
DICPCG:  Solving for p_rgh, Initial residual = 0.00024211, Final residual = 1.13179e-05, No Iterations 102
DICPCG:  Solving for p_rgh, Initial residual = 1.13557e-05, Final residual = 9.69173e-08, No Iterations 40
time step continuity errors : sum local = 6.32302e-10, global = 3.78451e-11, cumulative = -9.28721e-07
ExecutionTime = 17.61 s  ClockTime = 20 s

Courant Number mean: 0.228658 max: 0.415977
Interface Courant Number mean: 0.00190948 max: 0.415977
deltaT = 0.000542451
Time = 0.00860853

PIMPLE: iteration 1
smoothSolver:  Solving for alpha.water, Initial residual = 0.0369668, Final residual = 1.19673e-09, No Iterations 3
Phase-1 volume fraction = 0.997786  Min(alpha.water) = 0.109575  Max(alpha.water) = 1
MULES: Correcting alpha.water
MULES: Correcting alpha.water
Phase-1 volume fraction = 0.997786  Min(alpha.water) = 0.109575  Max(alpha.water) = 1
DICPCG:  Solving for p_rgh, Initial residual = 0.0848302, Final residual = 0.00299004, No Iterations 3
DICPCG:  Solving for p_rgh, Initial residual = 0.00297529, Final residual = 0.00013558, No Iterations 10
time step continuity errors : sum local = 8.23892e-07, global = -1.22082e-07, cumulative = -1.0508e-06
DICPCG:  Solving for p_rgh, Initial residual = 0.00169736, Final residual = 8.37562e-05, No Iterations 9
DICPCG:  Solving for p_rgh, Initial residual = 8.37436e-05, Final residual = 3.49292e-06, No Iterations 71
time step continuity errors : sum local = 2.12156e-08, global = 3.11222e-09, cumulative = -1.04769e-06
DICPCG:  Solving for p_rgh, Initial residual = 0.000251357, Final residual = 1.10616e-05, No Iterations 101
DICPCG:  Solving for p_rgh, Initial residual = 1.11012e-05, Final residual = 9.70072e-08, No Iterations 30
time step continuity errors : sum local = 5.86986e-10, global = 5.02513e-11, cumulative = -1.04764e-06
ExecutionTime = 18.27 s  ClockTime = 20 s

Courant Number mean: 0.218295 max: 0.393169
Interface Courant Number mean: 0.00177162 max: 0.393169
deltaT = 0.000542451
Time = 0.00915098

PIMPLE: iteration 1
smoothSolver:  Solving for alpha.water, Initial residual = 0.0354517, Final residual = 1.06706e-09, No Iterations 3
Phase-1 volume fraction = 0.997786  Min(alpha.water) = 0.113693  Max(alpha.water) = 1
MULES: Correcting alpha.water
MULES: Correcting alpha.water
Phase-1 volume fraction = 0.997786  Min(alpha.water) = 0.113693  Max(alpha.water) = 1
DICPCG:  Solving for p_rgh, Initial residual = 0.0858237, Final residual = 0.00295887, No Iterations 3
DICPCG:  Solving for p_rgh, Initial residual = 0.00300727, Final residual = 0.000147124, No Iterations 101
time step continuity errors : sum local = 8.63832e-07, global = -4.14886e-08, cumulative = -1.08913e-06
DICPCG:  Solving for p_rgh, Initial residual = 0.0020793, Final residual = 9.80442e-05, No Iterations 100
DICPCG:  Solving for p_rgh, Initial residual = 9.89506e-05, Final residual = 4.4594e-06, No Iterations 16
time step continuity errors : sum local = 2.61348e-08, global = 2.97429e-09, cumulative = -1.08616e-06
DICPCG:  Solving for p_rgh, Initial residual = 0.000305905, Final residual = 1.45925e-05, No Iterations 100
DICPCG:  Solving for p_rgh, Initial residual = 1.46199e-05, Final residual = 9.95442e-08, No Iterations 80
time step continuity errors : sum local = 5.82216e-10, global = 6.38736e-11, cumulative = -1.08609e-06
ExecutionTime = 18.97 s  ClockTime = 21 s

Courant Number mean: 0.218331 max: 0.37841
Interface Courant Number mean: 0.00172864 max: 0.328476
deltaT = 0.000571001
Time = 0.00972198

PIMPLE: iteration 1
smoothSolver:  Solving for alpha.water, Initial residual = 0.0353977, Final residual = 1.1229e-09, No Iterations 3
Phase-1 volume fraction = 0.997786  Min(alpha.water) = 0.11972  Max(alpha.water) = 1
MULES: Correcting alpha.water
MULES: Correcting alpha.water
Phase-1 volume fraction = 0.997786  Min(alpha.water) = 0.11972  Max(alpha.water) = 1
DICPCG:  Solving for p_rgh, Initial residual = 0.108384, Final residual = 0.00341019, No Iterations 3
DICPCG:  Solving for p_rgh, Initial residual = 0.0034672, Final residual = 0.000172558, No Iterations 32
time step continuity errors : sum local = 1.07049e-06, global = -1.47374e-07, cumulative = -1.23347e-06
DICPCG:  Solving for p_rgh, Initial residual = 0.00238076, Final residual = 0.00011816, No Iterations 25
DICPCG:  Solving for p_rgh, Initial residual = 0.000118163, Final residual = 5.49743e-06, No Iterations 106
time step continuity errors : sum local = 3.40924e-08, global = 2.39873e-10, cumulative = -1.23323e-06
DICPCG:  Solving for p_rgh, Initial residual = 0.000358006, Final residual = 1.70486e-05, No Iterations 89
DICPCG:  Solving for p_rgh, Initial residual = 1.71125e-05, Final residual = 9.48095e-08, No Iterations 87
time step continuity errors : sum local = 5.85031e-10, global = 1.34455e-10, cumulative = -1.23309e-06
ExecutionTime = 19.7 s  ClockTime = 22 s

Courant Number mean: 0.229882 max: 0.382118
Interface Courant Number mean: 0.00183247 max: 0.351952
deltaT = 0.000604589
Time = 0.0103266

PIMPLE: iteration 1
smoothSolver:  Solving for alpha.water, Initial residual = 0.0370165, Final residual = 1.34941e-09, No Iterations 3
Phase-1 volume fraction = 0.997786  Min(alpha.water) = 0.122626  Max(alpha.water) = 1
MULES: Correcting alpha.water
MULES: Correcting alpha.water
Phase-1 volume fraction = 0.997786  Min(alpha.water) = 0.122626  Max(alpha.water) = 1
DICPCG:  Solving for p_rgh, Initial residual = 0.114718, Final residual = 0.00375394, No Iterations 3
DICPCG:  Solving for p_rgh, Initial residual = 0.00379108, Final residual = 0.000184778, No Iterations 10
time step continuity errors : sum local = 1.23466e-06, global = -1.73317e-07, cumulative = -1.40641e-06
DICPCG:  Solving for p_rgh, Initial residual = 0.00236415, Final residual = 0.000113441, No Iterations 4
DICPCG:  Solving for p_rgh, Initial residual = 0.000113462, Final residual = 4.55323e-06, No Iterations 107
time step continuity errors : sum local = 3.03822e-08, global = -4.18672e-10, cumulative = -1.40683e-06
DICPCG:  Solving for p_rgh, Initial residual = 0.000359529, Final residual = 1.43444e-05, No Iterations 101
DICPCG:  Solving for p_rgh, Initial residual = 1.4403e-05, Final residual = 9.38059e-08, No Iterations 35
time step continuity errors : sum local = 6.22444e-10, global = 6.99846e-11, cumulative = -1.40676e-06
ExecutionTime = 20.24 s  ClockTime = 22 s

Courant Number mean: 0.243494 max: 0.404251
Interface Courant Number mean: 0.00201222 max: 0.404251
deltaT = 0.000604589
Time = 0.0109312

PIMPLE: iteration 1
smoothSolver:  Solving for alpha.water, Initial residual = 0.0372631, Final residual = 1.82189e-09, No Iterations 3
Phase-1 volume fraction = 0.997786  Min(alpha.water) = 0.125775  Max(alpha.water) = 1
MULES: Correcting alpha.water
MULES: Correcting alpha.water
Phase-1 volume fraction = 0.997786  Min(alpha.water) = 0.125775  Max(alpha.water) = 1
DICPCG:  Solving for p_rgh, Initial residual = 0.104504, Final residual = 0.0035942, No Iterations 3
DICPCG:  Solving for p_rgh, Initial residual = 0.00352205, Final residual = 0.000157889, No Iterations 10
time step continuity errors : sum local = 1.0887e-06, global = -1.75179e-07, cumulative = -1.58194e-06
DICPCG:  Solving for p_rgh, Initial residual = 0.00195555, Final residual = 9.01703e-05, No Iterations 5
DICPCG:  Solving for p_rgh, Initial residual = 9.01603e-05, Final residual = 4.50743e-06, No Iterations 106
time step continuity errors : sum local = 3.10543e-08, global = -2.58731e-11, cumulative = -1.58196e-06
DICPCG:  Solving for p_rgh, Initial residual = 0.000300062, Final residual = 1.20838e-05, No Iterations 102
DICPCG:  Solving for p_rgh, Initial residual = 1.21317e-05, Final residual = 9.5732e-08, No Iterations 36
time step continuity errors : sum local = 6.56086e-10, global = 5.1676e-11, cumulative = -1.58191e-06
ExecutionTime = 20.85 s  ClockTime = 23 s

Courant Number mean: 0.243578 max: 0.427484
Interface Courant Number mean: 0.00204889 max: 0.427484
deltaT = 0.000566802
Time = 0.011498

PIMPLE: iteration 1
smoothSolver:  Solving for alpha.water, Initial residual = 0.0347427, Final residual = 1.74392e-09, No Iterations 3
Phase-1 volume fraction = 0.997786  Min(alpha.water) = 0.129311  Max(alpha.water) = 1
MULES: Correcting alpha.water
MULES: Correcting alpha.water
Phase-1 volume fraction = 0.997786  Min(alpha.water) = 0.12931  Max(alpha.water) = 1
DICPCG:  Solving for p_rgh, Initial residual = 0.0836126, Final residual = 0.00309695, No Iterations 3
DICPCG:  Solving for p_rgh, Initial residual = 0.00306434, Final residual = 0.000142572, No Iterations 10
time step continuity errors : sum local = 8.90471e-07, global = -1.50237e-07, cumulative = -1.73215e-06
DICPCG:  Solving for p_rgh, Initial residual = 0.00175067, Final residual = 8.39588e-05, No Iterations 5
DICPCG:  Solving for p_rgh, Initial residual = 8.39439e-05, Final residual = 4.01808e-06, No Iterations 105
time step continuity errors : sum local = 2.50813e-08, global = -1.48111e-10, cumulative = -1.73229e-06
DICPCG:  Solving for p_rgh, Initial residual = 0.000262619, Final residual = 1.25924e-05, No Iterations 101
DICPCG:  Solving for p_rgh, Initial residual = 1.2639e-05, Final residual = 9.87229e-08, No Iterations 36
time step continuity errors : sum local = 6.13626e-10, global = 4.53844e-11, cumulative = -1.73225e-06
ExecutionTime = 21.34 s  ClockTime = 23 s

Courant Number mean: 0.22842 max: 0.402167
Interface Courant Number mean: 0.00192765 max: 0.402167
deltaT = 0.000566802
Time = 0.0120648

PIMPLE: iteration 1
smoothSolver:  Solving for alpha.water, Initial residual = 0.0341605, Final residual = 2.05923e-09, No Iterations 3
Phase-1 volume fraction = 0.997786  Min(alpha.water) = 0.133426  Max(alpha.water) = 1
MULES: Correcting alpha.water
MULES: Correcting alpha.water
Phase-1 volume fraction = 0.997786  Min(alpha.water) = 0.133426  Max(alpha.water) = 1
DICPCG:  Solving for p_rgh, Initial residual = 0.0821937, Final residual = 0.00299896, No Iterations 3
DICPCG:  Solving for p_rgh, Initial residual = 0.00300211, Final residual = 0.000106801, No Iterations 104
time step continuity errors : sum local = 6.61969e-07, global = -2.45317e-08, cumulative = -1.75678e-06
DICPCG:  Solving for p_rgh, Initial residual = 0.00179768, Final residual = 8.00833e-05, No Iterations 100
DICPCG:  Solving for p_rgh, Initial residual = 8.08756e-05, Final residual = 3.67472e-06, No Iterations 16
time step continuity errors : sum local = 2.27271e-08, global = 2.03327e-09, cumulative = -1.75475e-06
DICPCG:  Solving for p_rgh, Initial residual = 0.000270673, Final residual = 1.15512e-05, No Iterations 101
DICPCG:  Solving for p_rgh, Initial residual = 1.15733e-05, Final residual = 9.58191e-08, No Iterations 49
time step continuity errors : sum local = 5.91426e-10, global = 6.45742e-11, cumulative = -1.75468e-06
ExecutionTime = 22.01 s  ClockTime = 24 s

Courant Number mean: 0.228475 max: 0.38951
Interface Courant Number mean: 0.00196452 max: 0.38951
deltaT = 0.000566802
Time = 0.0126316

PIMPLE: iteration 1
smoothSolver:  Solving for alpha.water, Initial residual = 0.0336062, Final residual = 1.9999e-09, No Iterations 3
Phase-1 volume fraction = 0.997786  Min(alpha.water) = 0.139468  Max(alpha.water) = 1
MULES: Correcting alpha.water
MULES: Correcting alpha.water
Phase-1 volume fraction = 0.997786  Min(alpha.water) = 0.139468  Max(alpha.water) = 1
DICPCG:  Solving for p_rgh, Initial residual = 0.0936341, Final residual = 0.00321195, No Iterations 3
DICPCG:  Solving for p_rgh, Initial residual = 0.00323065, Final residual = 0.000158366, No Iterations 102
time step continuity errors : sum local = 9.66673e-07, global = -3.90842e-08, cumulative = -1.79377e-06
DICPCG:  Solving for p_rgh, Initial residual = 0.002013, Final residual = 9.62775e-05, No Iterations 100
DICPCG:  Solving for p_rgh, Initial residual = 9.72394e-05, Final residual = 4.45038e-06, No Iterations 19
time step continuity errors : sum local = 2.7102e-08, global = 2.59521e-09, cumulative = -1.79117e-06
DICPCG:  Solving for p_rgh, Initial residual = 0.000296498, Final residual = 1.41472e-05, No Iterations 101
DICPCG:  Solving for p_rgh, Initial residual = 1.41749e-05, Final residual = 9.54402e-08, No Iterations 71
time step continuity errors : sum local = 5.80024e-10, global = 5.81073e-11, cumulative = -1.79111e-06
ExecutionTime = 22.73 s  ClockTime = 25 s

Courant Number mean: 0.228533 max: 0.388846
Interface Courant Number mean: 0.00195234 max: 0.376946
deltaT = 0.000566802
Time = 0.0131984

PIMPLE: iteration 1
smoothSolver:  Solving for alpha.water, Initial residual = 0.0332727, Final residual = 2.20709e-09, No Iterations 3
Phase-1 volume fraction = 0.997786  Min(alpha.water) = 0.141429  Max(alpha.water) = 1
MULES: Correcting alpha.water
MULES: Correcting alpha.water
Phase-1 volume fraction = 0.997786  Min(alpha.water) = 0.141429  Max(alpha.water) = 1
DICPCG:  Solving for p_rgh, Initial residual = 0.100918, Final residual = 0.00337088, No Iterations 3
DICPCG:  Solving for p_rgh, Initial residual = 0.00338648, Final residual = 0.000166099, No Iterations 32
time step continuity errors : sum local = 9.99736e-07, global = -1.54304e-07, cumulative = -1.94542e-06
DICPCG:  Solving for p_rgh, Initial residual = 0.00213018, Final residual = 0.000102987, No Iterations 29
DICPCG:  Solving for p_rgh, Initial residual = 0.000102997, Final residual = 3.96133e-06, No Iterations 107
time step continuity errors : sum local = 2.38291e-08, global = 1.72212e-10, cumulative = -1.94525e-06
DICPCG:  Solving for p_rgh, Initial residual = 0.000309693, Final residual = 1.54545e-05, No Iterations 99
DICPCG:  Solving for p_rgh, Initial residual = 1.55108e-05, Final residual = 9.61669e-08, No Iterations 59
time step continuity errors : sum local = 5.7583e-10, global = 6.39237e-11, cumulative = -1.94518e-06
ExecutionTime = 23.43 s  ClockTime = 26 s

Courant Number mean: 0.228601 max: 0.390194
Interface Courant Number mean: 0.00197352 max: 0.390194
deltaT = 0.000566802
Time = 0.0137652

PIMPLE: iteration 1
smoothSolver:  Solving for alpha.water, Initial residual = 0.033517, Final residual = 2.76427e-09, No Iterations 3
Phase-1 volume fraction = 0.997786  Min(alpha.water) = 0.143659  Max(alpha.water) = 1
MULES: Correcting alpha.water
MULES: Correcting alpha.water
Phase-1 volume fraction = 0.997786  Min(alpha.water) = 0.143659  Max(alpha.water) = 1
DICPCG:  Solving for p_rgh, Initial residual = 0.10447, Final residual = 0.00338683, No Iterations 3
DICPCG:  Solving for p_rgh, Initial residual = 0.00339424, Final residual = 0.000154926, No Iterations 10
time step continuity errors : sum local = 9.22202e-07, global = -1.54733e-07, cumulative = -2.09992e-06
DICPCG:  Solving for p_rgh, Initial residual = 0.00206785, Final residual = 8.81682e-05, No Iterations 4
DICPCG:  Solving for p_rgh, Initial residual = 8.81718e-05, Final residual = 4.25524e-06, No Iterations 107
time step continuity errors : sum local = 2.53035e-08, global = -3.41269e-10, cumulative = -2.10026e-06
DICPCG:  Solving for p_rgh, Initial residual = 0.000304922, Final residual = 1.40476e-05, No Iterations 101
DICPCG:  Solving for p_rgh, Initial residual = 1.41002e-05, Final residual = 9.80543e-08, No Iterations 36
time step continuity errors : sum local = 5.80676e-10, global = 5.11162e-11, cumulative = -2.10021e-06
ExecutionTime = 23.99 s  ClockTime = 26 s

Courant Number mean: 0.228668 max: 0.423759
Interface Courant Number mean: 0.00204222 max: 0.423759
deltaT = 0.000519569
Time = 0.0142847

PIMPLE: iteration 1
smoothSolver:  Solving for alpha.water, Initial residual = 0.0311684, Final residual = 1.96718e-09, No Iterations 3
Phase-1 volume fraction = 0.997786  Min(alpha.water) = 0.146393  Max(alpha.water) = 1
MULES: Correcting alpha.water
MULES: Correcting alpha.water
Phase-1 volume fraction = 0.997786  Min(alpha.water) = 0.146393  Max(alpha.water) = 1
DICPCG:  Solving for p_rgh, Initial residual = 0.0827672, Final residual = 0.00295042, No Iterations 3
DICPCG:  Solving for p_rgh, Initial residual = 0.0029034, Final residual = 0.00013794, No Iterations 10
time step continuity errors : sum local = 7.23542e-07, global = -1.23449e-07, cumulative = -2.22365e-06
DICPCG:  Solving for p_rgh, Initial residual = 0.00180132, Final residual = 7.70776e-05, No Iterations 4
DICPCG:  Solving for p_rgh, Initial residual = 7.70648e-05, Final residual = 3.76865e-06, No Iterations 78
time step continuity errors : sum local = 1.97595e-08, global = -1.98219e-09, cumulative = -2.22564e-06
DICPCG:  Solving for p_rgh, Initial residual = 0.000256507, Final residual = 1.13479e-05, No Iterations 101
DICPCG:  Solving for p_rgh, Initial residual = 1.13836e-05, Final residual = 9.926e-08, No Iterations 29
time step continuity errors : sum local = 5.18808e-10, global = 4.33823e-11, cumulative = -2.22559e-06
ExecutionTime = 24.46 s  ClockTime = 27 s

Courant Number mean: 0.209662 max: 0.407151
Interface Courant Number mean: 0.00181687 max: 0.407151
deltaT = 0.000519569
Time = 0.0148043

PIMPLE: iteration 1
smoothSolver:  Solving for alpha.water, Initial residual = 0.0315502, Final residual = 2.14696e-09, No Iterations 3
Phase-1 volume fraction = 0.997786  Min(alpha.water) = 0.149982  Max(alpha.water) = 1
MULES: Correcting alpha.water
MULES: Correcting alpha.water
Phase-1 volume fraction = 0.997786  Min(alpha.water) = 0.149982  Max(alpha.water) = 1
DICPCG:  Solving for p_rgh, Initial residual = 0.0774457, Final residual = 0.0028421, No Iterations 3
DICPCG:  Solving for p_rgh, Initial residual = 0.00281718, Final residual = 0.00013975, No Iterations 101
time step continuity errors : sum local = 7.42922e-07, global = -4.23573e-08, cumulative = -2.26795e-06
DICPCG:  Solving for p_rgh, Initial residual = 0.00178083, Final residual = 7.2662e-05, No Iterations 100
DICPCG:  Solving for p_rgh, Initial residual = 7.33003e-05, Final residual = 3.5734e-06, No Iterations 16
time step continuity errors : sum local = 1.89613e-08, global = 1.10396e-09, cumulative = -2.26685e-06
DICPCG:  Solving for p_rgh, Initial residual = 0.0002558, Final residual = 1.10154e-05, No Iterations 101
DICPCG:  Solving for p_rgh, Initial residual = 1.10331e-05, Final residual = 9.73266e-08, No Iterations 45
time step continuity errors : sum local = 5.15575e-10, global = 4.26887e-11, cumulative = -2.2668e-06
ExecutionTime = 25.03 s  ClockTime = 27 s

Courant Number mean: 0.209702 max: 0.41568
Interface Courant Number mean: 0.00181656 max: 0.41568
deltaT = 0.000519569
Time = 0.0153239

PIMPLE: iteration 1
smoothSolver:  Solving for alpha.water, Initial residual = 0.031285, Final residual = 2.14341e-09, No Iterations 3
Phase-1 volume fraction = 0.997786  Min(alpha.water) = 0.153935  Max(alpha.water) = 1
MULES: Correcting alpha.water
MULES: Correcting alpha.water
Phase-1 volume fraction = 0.997786  Min(alpha.water) = 0.153935  Max(alpha.water) = 1
DICPCG:  Solving for p_rgh, Initial residual = 0.0819557, Final residual = 0.00282201, No Iterations 3
DICPCG:  Solving for p_rgh, Initial residual = 0.00282212, Final residual = 0.000126449, No Iterations 103
time step continuity errors : sum local = 6.69767e-07, global = -2.46041e-08, cumulative = -2.29141e-06
DICPCG:  Solving for p_rgh, Initial residual = 0.00186114, Final residual = 9.10227e-05, No Iterations 100
DICPCG:  Solving for p_rgh, Initial residual = 9.18264e-05, Final residual = 4.52581e-06, No Iterations 16
time step continuity errors : sum local = 2.39345e-08, global = 2.37175e-09, cumulative = -2.28904e-06
DICPCG:  Solving for p_rgh, Initial residual = 0.000269397, Final residual = 1.09649e-05, No Iterations 101
DICPCG:  Solving for p_rgh, Initial residual = 1.09823e-05, Final residual = 9.57777e-08, No Iterations 58
time step continuity errors : sum local = 5.05679e-10, global = 3.66318e-11, cumulative = -2.289e-06
ExecutionTime = 25.93 s  ClockTime = 28 s

Courant Number mean: 0.209735 max: 0.415703
Interface Courant Number mean: 0.00183916 max: 0.415703
deltaT = 0.000519569
Time = 0.0158434

PIMPLE: iteration 1
smoothSolver:  Solving for alpha.water, Initial residual = 0.0306631, Final residual = 2.05331e-09, No Iterations 3
Phase-1 volume fraction = 0.997786  Min(alpha.water) = 0.159696  Max(alpha.water) = 1
MULES: Correcting alpha.water
MULES: Correcting alpha.water
Phase-1 volume fraction = 0.997786  Min(alpha.water) = 0.159696  Max(alpha.water) = 1
DICPCG:  Solving for p_rgh, Initial residual = 0.0881094, Final residual = 0.0029309, No Iterations 3
DICPCG:  Solving for p_rgh, Initial residual = 0.00295345, Final residual = 0.000135709, No Iterations 103
time step continuity errors : sum local = 7.0591e-07, global = -2.6077e-08, cumulative = -2.31508e-06
DICPCG:  Solving for p_rgh, Initial residual = 0.00203559, Final residual = 8.413e-05, No Iterations 101
DICPCG:  Solving for p_rgh, Initial residual = 8.4887e-05, Final residual = 3.92247e-06, No Iterations 16
time step continuity errors : sum local = 2.03702e-08, global = 1.77417e-09, cumulative = -2.3133e-06
DICPCG:  Solving for p_rgh, Initial residual = 0.0002898, Final residual = 1.2964e-05, No Iterations 100
DICPCG:  Solving for p_rgh, Initial residual = 1.29845e-05, Final residual = 9.3877e-08, No Iterations 80
time step continuity errors : sum local = 4.86719e-10, global = 5.30418e-11, cumulative = -2.31325e-06
ExecutionTime = 26.62 s  ClockTime = 29 s

Courant Number mean: 0.209772 max: 0.412285
Interface Courant Number mean: 0.00185941 max: 0.412285
deltaT = 0.000519569
Time = 0.016363

PIMPLE: iteration 1
smoothSolver:  Solving for alpha.water, Initial residual = 0.0310566, Final residual = 2.27632e-09, No Iterations 3
Phase-1 volume fraction = 0.997786  Min(alpha.water) = 0.161189  Max(alpha.water) = 1
MULES: Correcting alpha.water
MULES: Correcting alpha.water
Phase-1 volume fraction = 0.997786  Min(alpha.water) = 0.161189  Max(alpha.water) = 1
DICPCG:  Solving for p_rgh, Initial residual = 0.0947151, Final residual = 0.00308574, No Iterations 3
DICPCG:  Solving for p_rgh, Initial residual = 0.00309287, Final residual = 0.000151468, No Iterations 9
time step continuity errors : sum local = 7.81667e-07, global = -1.23773e-07, cumulative = -2.43702e-06
DICPCG:  Solving for p_rgh, Initial residual = 0.00213174, Final residual = 8.20762e-05, No Iterations 4
DICPCG:  Solving for p_rgh, Initial residual = 8.20805e-05, Final residual = 3.7966e-06, No Iterations 49
time step continuity errors : sum local = 1.95771e-08, global = -8.22923e-10, cumulative = -2.43784e-06
DICPCG:  Solving for p_rgh, Initial residual = 0.000305322, Final residual = 1.46028e-05, No Iterations 101
DICPCG:  Solving for p_rgh, Initial residual = 1.46484e-05, Final residual = 9.99372e-08, No Iterations 37
time step continuity errors : sum local = 5.1374e-10, global = 4.64748e-11, cumulative = -2.4378e-06
ExecutionTime = 27.13 s  ClockTime = 29 s

Courant Number mean: 0.209822 max: 0.40762
Interface Courant Number mean: 0.00186998 max: 0.40762
deltaT = 0.000519569
Time = 0.0168826

PIMPLE: iteration 1
smoothSolver:  Solving for alpha.water, Initial residual = 0.0317642, Final residual = 2.70693e-09, No Iterations 3
Phase-1 volume fraction = 0.997786  Min(alpha.water) = 0.163153  Max(alpha.water) = 1
MULES: Correcting alpha.water
MULES: Correcting alpha.water
Phase-1 volume fraction = 0.997786  Min(alpha.water) = 0.163153  Max(alpha.water) = 1
DICPCG:  Solving for p_rgh, Initial residual = 0.0910156, Final residual = 0.00311949, No Iterations 3
DICPCG:  Solving for p_rgh, Initial residual = 0.00312999, Final residual = 0.000142679, No Iterations 10
time step continuity errors : sum local = 7.27649e-07, global = -1.22511e-07, cumulative = -2.56031e-06
DICPCG:  Solving for p_rgh, Initial residual = 0.00208679, Final residual = 9.53149e-05, No Iterations 4
DICPCG:  Solving for p_rgh, Initial residual = 9.53139e-05, Final residual = 4.10815e-06, No Iterations 108
time step continuity errors : sum local = 2.09359e-08, global = -8.63098e-11, cumulative = -2.5604e-06
DICPCG:  Solving for p_rgh, Initial residual = 0.000305623, Final residual = 1.27936e-05, No Iterations 101
DICPCG:  Solving for p_rgh, Initial residual = 1.28334e-05, Final residual = 9.6924e-08, No Iterations 38
time step continuity errors : sum local = 4.92268e-10, global = 4.35007e-11, cumulative = -2.56035e-06
ExecutionTime = 27.61 s  ClockTime = 30 s

Courant Number mean: 0.209881 max: 0.415563
Interface Courant Number mean: 0.00193443 max: 0.415563
deltaT = 0.000519569
Time = 0.0174022

PIMPLE: iteration 1
smoothSolver:  Solving for alpha.water, Initial residual = 0.0325689, Final residual = 3.02149e-09, No Iterations 3
Phase-1 volume fraction = 0.997786  Min(alpha.water) = 0.166207  Max(alpha.water) = 1
MULES: Correcting alpha.water
MULES: Correcting alpha.water
Phase-1 volume fraction = 0.997786  Min(alpha.water) = 0.166207  Max(alpha.water) = 1.00001
DICPCG:  Solving for p_rgh, Initial residual = 0.0842189, Final residual = 0.00292986, No Iterations 3
DICPCG:  Solving for p_rgh, Initial residual = 0.00288912, Final residual = 0.000129643, No Iterations 10
time step continuity errors : sum local = 6.75969e-07, global = -1.22036e-07, cumulative = -2.68239e-06
DICPCG:  Solving for p_rgh, Initial residual = 0.00195029, Final residual = 8.18493e-05, No Iterations 4
DICPCG:  Solving for p_rgh, Initial residual = 8.18383e-05, Final residual = 3.96568e-06, No Iterations 91
time step continuity errors : sum local = 2.06689e-08, global = -2.06029e-09, cumulative = -2.68445e-06
DICPCG:  Solving for p_rgh, Initial residual = 0.000284426, Final residual = 1.39777e-05, No Iterations 100
DICPCG:  Solving for p_rgh, Initial residual = 1.4021e-05, Final residual = 9.49202e-08, No Iterations 39
time step continuity errors : sum local = 4.93382e-10, global = 4.90895e-11, cumulative = -2.6844e-06
ExecutionTime = 28.12 s  ClockTime = 30 s

Courant Number mean: 0.209928 max: 0.436003
Interface Courant Number mean: 0.00190088 max: 0.436003
deltaT = 0.000519569
Time = 0.0179217

PIMPLE: iteration 1
smoothSolver:  Solving for alpha.water, Initial residual = 0.0328785, Final residual = 3.0949e-09, No Iterations 3
Phase-1 volume fraction = 0.997786  Min(alpha.water) = 0.170456  Max(alpha.water) = 1
MULES: Correcting alpha.water
MULES: Correcting alpha.water
Phase-1 volume fraction = 0.997786  Min(alpha.water) = 0.170456  Max(alpha.water) = 1.00001
DICPCG:  Solving for p_rgh, Initial residual = 0.0784703, Final residual = 0.00276445, No Iterations 3
DICPCG:  Solving for p_rgh, Initial residual = 0.0027413, Final residual = 0.000133535, No Iterations 99
time step continuity errors : sum local = 7.05355e-07, global = -3.61435e-08, cumulative = -2.72054e-06
DICPCG:  Solving for p_rgh, Initial residual = 0.0019651, Final residual = 9.64761e-05, No Iterations 99
DICPCG:  Solving for p_rgh, Initial residual = 9.7265e-05, Final residual = 4.51541e-06, No Iterations 18
time step continuity errors : sum local = 2.38216e-08, global = 2.6493e-09, cumulative = -2.71789e-06
DICPCG:  Solving for p_rgh, Initial residual = 0.0002823, Final residual = 1.29045e-05, No Iterations 100
DICPCG:  Solving for p_rgh, Initial residual = 1.29241e-05, Final residual = 9.80692e-08, No Iterations 90
time step continuity errors : sum local = 5.16552e-10, global = 5.32645e-11, cumulative = -2.71784e-06
ExecutionTime = 28.83 s  ClockTime = 31 s

Courant Number mean: 0.209966 max: 0.448373
Interface Courant Number mean: 0.00192596 max: 0.448373
deltaT = 0.000519569
Time = 0.0184413

PIMPLE: iteration 1
smoothSolver:  Solving for alpha.water, Initial residual = 0.0327285, Final residual = 3.28365e-09, No Iterations 3
Phase-1 volume fraction = 0.997786  Min(alpha.water) = 0.175268  Max(alpha.water) = 1
MULES: Correcting alpha.water
MULES: Correcting alpha.water
Phase-1 volume fraction = 0.997786  Min(alpha.water) = 0.175268  Max(alpha.water) = 1.00001
DICPCG:  Solving for p_rgh, Initial residual = 0.0826615, Final residual = 0.0027755, No Iterations 3
DICPCG:  Solving for p_rgh, Initial residual = 0.00279073, Final residual = 0.000113214, No Iterations 103
time step continuity errors : sum local = 5.89843e-07, global = -1.56106e-08, cumulative = -2.73345e-06
DICPCG:  Solving for p_rgh, Initial residual = 0.00209364, Final residual = 9.45843e-05, No Iterations 99
DICPCG:  Solving for p_rgh, Initial residual = 9.53729e-05, Final residual = 4.29633e-06, No Iterations 19
time step continuity errors : sum local = 2.23656e-08, global = 2.39922e-09, cumulative = -2.73105e-06
DICPCG:  Solving for p_rgh, Initial residual = 0.000308063, Final residual = 1.34828e-05, No Iterations 99
DICPCG:  Solving for p_rgh, Initial residual = 1.35032e-05, Final residual = 9.24878e-08, No Iterations 83
time step continuity errors : sum local = 4.80704e-10, global = 5.29528e-11, cumulative = -2.731e-06
ExecutionTime = 29.49 s  ClockTime = 32 s

Courant Number mean: 0.209998 max: 0.44974
Interface Courant Number mean: 0.00193736 max: 0.44974
deltaT = 0.000519569
Time = 0.0189609

PIMPLE: iteration 1
smoothSolver:  Solving for alpha.water, Initial residual = 0.0322138, Final residual = 3.37415e-09, No Iterations 3
Phase-1 volume fraction = 0.997786  Min(alpha.water) = 0.180142  Max(alpha.water) = 1
MULES: Correcting alpha.water
MULES: Correcting alpha.water
Phase-1 volume fraction = 0.997786  Min(alpha.water) = 0.180142  Max(alpha.water) = 1
DICPCG:  Solving for p_rgh, Initial residual = 0.0932293, Final residual = 0.00295187, No Iterations 3
DICPCG:  Solving for p_rgh, Initial residual = 0.00298556, Final residual = 0.00014533, No Iterations 10
time step continuity errors : sum local = 7.38508e-07, global = -1.20177e-07, cumulative = -2.85118e-06
DICPCG:  Solving for p_rgh, Initial residual = 0.00237966, Final residual = 0.000102928, No Iterations 3
DICPCG:  Solving for p_rgh, Initial residual = 0.000102913, Final residual = 4.84161e-06, No Iterations 107
time step continuity errors : sum local = 2.4594e-08, global = -1.81027e-10, cumulative = -2.85136e-06
DICPCG:  Solving for p_rgh, Initial residual = 0.000354301, Final residual = 1.41869e-05, No Iterations 99
DICPCG:  Solving for p_rgh, Initial residual = 1.42334e-05, Final residual = 9.60964e-08, No Iterations 54
time step continuity errors : sum local = 4.87183e-10, global = 6.13009e-11, cumulative = -2.8513e-06
ExecutionTime = 30 s  ClockTime = 32 s

Courant Number mean: 0.210035 max: 0.433644
Interface Courant Number mean: 0.0019147 max: 0.433644
deltaT = 0.000519569
Time = 0.0194804

PIMPLE: iteration 1
smoothSolver:  Solving for alpha.water, Initial residual = 0.0323521, Final residual = 3.58558e-09, No Iterations 3
Phase-1 volume fraction = 0.997786  Min(alpha.water) = 0.182699  Max(alpha.water) = 1
MULES: Correcting alpha.water
MULES: Correcting alpha.water
Phase-1 volume fraction = 0.997786  Min(alpha.water) = 0.182699  Max(alpha.water) = 1
DICPCG:  Solving for p_rgh, Initial residual = 0.0923201, Final residual = 0.00312928, No Iterations 3
DICPCG:  Solving for p_rgh, Initial residual = 0.00313683, Final residual = 0.000132063, No Iterations 10
time step continuity errors : sum local = 6.65747e-07, global = -1.18564e-07, cumulative = -2.96986e-06
DICPCG:  Solving for p_rgh, Initial residual = 0.00235354, Final residual = 0.000107558, No Iterations 3
DICPCG:  Solving for p_rgh, Initial residual = 0.000107564, Final residual = 4.97853e-06, No Iterations 72
time step continuity errors : sum local = 2.50757e-08, global = -3.34263e-09, cumulative = -2.9732e-06
DICPCG:  Solving for p_rgh, Initial residual = 0.00034651, Final residual = 1.45473e-05, No Iterations 101
DICPCG:  Solving for p_rgh, Initial residual = 1.45889e-05, Final residual = 9.38783e-08, No Iterations 50
time step continuity errors : sum local = 4.71545e-10, global = 4.95424e-11, cumulative = -2.97315e-06
ExecutionTime = 30.43 s  ClockTime = 33 s

Courant Number mean: 0.210078 max: 0.42128
Interface Courant Number mean: 0.00195287 max: 0.42128
deltaT = 0.000519569
Time = 0.02

PIMPLE: iteration 1
smoothSolver:  Solving for alpha.water, Initial residual = 0.0330339, Final residual = 3.97446e-09, No Iterations 3
Phase-1 volume fraction = 0.997786  Min(alpha.water) = 0.185545  Max(alpha.water) = 1
MULES: Correcting alpha.water
MULES: Correcting alpha.water
Phase-1 volume fraction = 0.997786  Min(alpha.water) = 0.185545  Max(alpha.water) = 1
DICPCG:  Solving for p_rgh, Initial residual = 0.0947908, Final residual = 0.00300949, No Iterations 3
DICPCG:  Solving for p_rgh, Initial residual = 0.00300267, Final residual = 0.000132008, No Iterations 10
time step continuity errors : sum local = 6.65341e-07, global = -1.16961e-07, cumulative = -3.09011e-06
DICPCG:  Solving for p_rgh, Initial residual = 0.00227957, Final residual = 0.00011345, No Iterations 3
DICPCG:  Solving for p_rgh, Initial residual = 0.000113445, Final residual = 5.26372e-06, No Iterations 66
time step continuity errors : sum local = 2.65139e-08, global = -1.95888e-09, cumulative = -3.09207e-06
DICPCG:  Solving for p_rgh, Initial residual = 0.000336331, Final residual = 1.3524e-05, No Iterations 101
DICPCG:  Solving for p_rgh, Initial residual = 1.35628e-05, Final residual = 9.47205e-08, No Iterations 48
time step continuity errors : sum local = 4.75794e-10, global = 4.03205e-11, cumulative = -3.09203e-06
ExecutionTime = 31.17 s  ClockTime = 34 s

Courant Number mean: 0.210123 max: 0.447097
Interface Courant Number mean: 0.0019638 max: 0.447097
deltaT = 0.000465116
Time = 0.0204651

PIMPLE: iteration 1
smoothSolver:  Solving for alpha.water, Initial residual = 0.0301088, Final residual = 2.26616e-09, No Iterations 3
Phase-1 volume fraction = 0.997786  Min(alpha.water) = 0.188246  Max(alpha.water) = 1
MULES: Correcting alpha.water
MULES: Correcting alpha.water
Phase-1 volume fraction = 0.997786  Min(alpha.water) = 0.188281  Max(alpha.water) = 1.00001
DICPCG:  Solving for p_rgh, Initial residual = 0.0783745, Final residual = 0.00259194, No Iterations 3
DICPCG:  Solving for p_rgh, Initial residual = 0.00256361, Final residual = 0.000115212, No Iterations 10
time step continuity errors : sum local = 4.86308e-07, global = -8.67251e-08, cumulative = -3.17876e-06
DICPCG:  Solving for p_rgh, Initial residual = 0.00198951, Final residual = 8.96038e-05, No Iterations 3
DICPCG:  Solving for p_rgh, Initial residual = 8.95907e-05, Final residual = 3.24052e-06, No Iterations 107
time step continuity errors : sum local = 1.36746e-08, global = 6.22192e-11, cumulative = -3.17869e-06
DICPCG:  Solving for p_rgh, Initial residual = 0.000281291, Final residual = 1.19698e-05, No Iterations 100
DICPCG:  Solving for p_rgh, Initial residual = 1.19998e-05, Final residual = 9.72887e-08, No Iterations 38
time step continuity errors : sum local = 4.0972e-10, global = 3.64903e-11, cumulative = -3.17866e-06
ExecutionTime = 31.73 s  ClockTime = 34 s

Courant Number mean: 0.188131 max: 0.410926
Interface Courant Number mean: 0.001694 max: 0.410926
deltaT = 0.0004543
Time = 0.0209194

PIMPLE: iteration 1
smoothSolver:  Solving for alpha.water, Initial residual = 0.0297224, Final residual = 2.07259e-09, No Iterations 3
Phase-1 volume fraction = 0.997786  Min(alpha.water) = 0.19101  Max(alpha.water) = 1
MULES: Correcting alpha.water
MULES: Correcting alpha.water
Phase-1 volume fraction = 0.997786  Min(alpha.water) = 0.191016  Max(alpha.water) = 1.00001
DICPCG:  Solving for p_rgh, Initial residual = 0.0738508, Final residual = 0.00251704, No Iterations 3
DICPCG:  Solving for p_rgh, Initial residual = 0.00250077, Final residual = 0.000122324, No Iterations 97
time step continuity errors : sum local = 5.00472e-07, global = -1.69708e-08, cumulative = -3.19563e-06
DICPCG:  Solving for p_rgh, Initial residual = 0.00199208, Final residual = 8.88305e-05, No Iterations 99
DICPCG:  Solving for p_rgh, Initial residual = 8.94434e-05, Final residual = 4.0825e-06, No Iterations 20
time step continuity errors : sum local = 1.6687e-08, global = 1.6273e-09, cumulative = -3.194e-06
DICPCG:  Solving for p_rgh, Initial residual = 0.000273634, Final residual = 1.27266e-05, No Iterations 98
DICPCG:  Solving for p_rgh, Initial residual = 1.27416e-05, Final residual = 9.8357e-08, No Iterations 82
time step continuity errors : sum local = 4.01533e-10, global = 3.56986e-11, cumulative = -3.19397e-06
ExecutionTime = 32.52 s  ClockTime = 35 s

Courant Number mean: 0.183784 max: 0.401785
Interface Courant Number mean: 0.00169297 max: 0.401785
deltaT = 0.0004543
Time = 0.0213737

PIMPLE: iteration 1
smoothSolver:  Solving for alpha.water, Initial residual = 0.0299505, Final residual = 2.18954e-09, No Iterations 3
Phase-1 volume fraction = 0.997786  Min(alpha.water) = 0.194413  Max(alpha.water) = 1
MULES: Correcting alpha.water
MULES: Correcting alpha.water
Phase-1 volume fraction = 0.997786  Min(alpha.water) = 0.194413  Max(alpha.water) = 1.00001
DICPCG:  Solving for p_rgh, Initial residual = 0.0744056, Final residual = 0.0024887, No Iterations 3
DICPCG:  Solving for p_rgh, Initial residual = 0.00249211, Final residual = 0.000104027, No Iterations 103
time step continuity errors : sum local = 4.2338e-07, global = -8.02204e-09, cumulative = -3.20199e-06
DICPCG:  Solving for p_rgh, Initial residual = 0.00205258, Final residual = 9.98556e-05, No Iterations 4
DICPCG:  Solving for p_rgh, Initial residual = 9.98314e-05, Final residual = 4.44122e-06, No Iterations 109
time step continuity errors : sum local = 1.81959e-08, global = -1.86456e-10, cumulative = -3.20217e-06
DICPCG:  Solving for p_rgh, Initial residual = 0.000277056, Final residual = 1.21037e-05, No Iterations 99
DICPCG:  Solving for p_rgh, Initial residual = 1.21172e-05, Final residual = 9.97411e-08, No Iterations 93
time step continuity errors : sum local = 4.05245e-10, global = 4.69447e-11, cumulative = -3.20213e-06
ExecutionTime = 33.16 s  ClockTime = 36 s

Courant Number mean: 0.18381 max: 0.39487
Interface Courant Number mean: 0.0016643 max: 0.39487
deltaT = 0.000465657
Time = 0.0218394

PIMPLE: iteration 1
smoothSolver:  Solving for alpha.water, Initial residual = 0.0306175, Final residual = 2.57633e-09, No Iterations 3
Phase-1 volume fraction = 0.997786  Min(alpha.water) = 0.199194  Max(alpha.water) = 1
MULES: Correcting alpha.water
MULES: Correcting alpha.water
Phase-1 volume fraction = 0.997786  Min(alpha.water) = 0.199194  Max(alpha.water) = 1.00001
DICPCG:  Solving for p_rgh, Initial residual = 0.078487, Final residual = 0.00253986, No Iterations 3
DICPCG:  Solving for p_rgh, Initial residual = 0.00256259, Final residual = 0.000123249, No Iterations 100
time step continuity errors : sum local = 5.13884e-07, global = -1.6594e-08, cumulative = -3.21872e-06
DICPCG:  Solving for p_rgh, Initial residual = 0.00218878, Final residual = 9.71221e-05, No Iterations 99
DICPCG:  Solving for p_rgh, Initial residual = 9.78176e-05, Final residual = 4.7248e-06, No Iterations 21
time step continuity errors : sum local = 1.96957e-08, global = 1.99185e-09, cumulative = -3.21673e-06
DICPCG:  Solving for p_rgh, Initial residual = 0.000297983, Final residual = 1.36361e-05, No Iterations 99
DICPCG:  Solving for p_rgh, Initial residual = 1.36529e-05, Final residual = 9.48332e-08, No Iterations 93
time step continuity errors : sum local = 3.94806e-10, global = 5.19748e-11, cumulative = -3.21668e-06
ExecutionTime = 33.84 s  ClockTime = 37 s

Courant Number mean: 0.188432 max: 0.388079
Interface Courant Number mean: 0.00171756 max: 0.388079
deltaT = 0.000477911
Time = 0.0223173

PIMPLE: iteration 1
smoothSolver:  Solving for alpha.water, Initial residual = 0.0309444, Final residual = 2.93644e-09, No Iterations 3
Phase-1 volume fraction = 0.997786  Min(alpha.water) = 0.204428  Max(alpha.water) = 1
MULES: Correcting alpha.water
MULES: Correcting alpha.water
Phase-1 volume fraction = 0.997786  Min(alpha.water) = 0.204428  Max(alpha.water) = 1
DICPCG:  Solving for p_rgh, Initial residual = 0.0873624, Final residual = 0.00279423, No Iterations 3
DICPCG:  Solving for p_rgh, Initial residual = 0.00281016, Final residual = 0.000125395, No Iterations 10
time step continuity errors : sum local = 5.40309e-07, global = -9.19334e-08, cumulative = -3.30861e-06
DICPCG:  Solving for p_rgh, Initial residual = 0.00233805, Final residual = 0.000105997, No Iterations 3
DICPCG:  Solving for p_rgh, Initial residual = 0.000105986, Final residual = 4.43389e-06, No Iterations 110
time step continuity errors : sum local = 1.90969e-08, global = -2.11671e-10, cumulative = -3.30882e-06
DICPCG:  Solving for p_rgh, Initial residual = 0.000330236, Final residual = 1.53125e-05, No Iterations 99
DICPCG:  Solving for p_rgh, Initial residual = 1.53524e-05, Final residual = 9.47727e-08, No Iterations 64
time step continuity errors : sum local = 4.07414e-10, global = 4.43049e-11, cumulative = -3.30878e-06
ExecutionTime = 34.33 s  ClockTime = 37 s

Courant Number mean: 0.193425 max: 0.38184
Interface Courant Number mean: 0.00182966 max: 0.38184
deltaT = 0.00050522
Time = 0.0228225

PIMPLE: iteration 1
smoothSolver:  Solving for alpha.water, Initial residual = 0.0326785, Final residual = 4.24388e-09, No Iterations 3
Phase-1 volume fraction = 0.997786  Min(alpha.water) = 0.206779  Max(alpha.water) = 1
MULES: Correcting alpha.water
MULES: Correcting alpha.water
Phase-1 volume fraction = 0.997786  Min(alpha.water) = 0.206863  Max(alpha.water) = 1
DICPCG:  Solving for p_rgh, Initial residual = 0.0933911, Final residual = 0.00301121, No Iterations 3
DICPCG:  Solving for p_rgh, Initial residual = 0.00300605, Final residual = 0.00013247, No Iterations 10
time step continuity errors : sum local = 6.29774e-07, global = -1.04643e-07, cumulative = -3.41342e-06
DICPCG:  Solving for p_rgh, Initial residual = 0.00253385, Final residual = 0.000114683, No Iterations 3
DICPCG:  Solving for p_rgh, Initial residual = 0.000114687, Final residual = 5.13462e-06, No Iterations 60
time step continuity errors : sum local = 2.4392e-08, global = -1.52443e-09, cumulative = -3.41495e-06
DICPCG:  Solving for p_rgh, Initial residual = 0.000377324, Final residual = 1.56858e-05, No Iterations 100
DICPCG:  Solving for p_rgh, Initial residual = 1.57263e-05, Final residual = 9.38214e-08, No Iterations 64
time step continuity errors : sum local = 4.44594e-10, global = 3.80808e-11, cumulative = -3.41491e-06
ExecutionTime = 34.82 s  ClockTime = 38 s

Courant Number mean: 0.204525 max: 0.428318
Interface Courant Number mean: 0.00202674 max: 0.428318
deltaT = 0.000477153
Time = 0.0232997

PIMPLE: iteration 1
smoothSolver:  Solving for alpha.water, Initial residual = 0.0316158, Final residual = 3.32308e-09, No Iterations 3
Phase-1 volume fraction = 0.997786  Min(alpha.water) = 0.209546  Max(alpha.water) = 1
MULES: Correcting alpha.water
MULES: Correcting alpha.water
Phase-1 volume fraction = 0.997786  Min(alpha.water) = 0.209576  Max(alpha.water) = 1
DICPCG:  Solving for p_rgh, Initial residual = 0.0818546, Final residual = 0.00271146, No Iterations 3
DICPCG:  Solving for p_rgh, Initial residual = 0.00271587, Final residual = 0.000126869, No Iterations 10
time step continuity errors : sum local = 5.40982e-07, global = -8.8406e-08, cumulative = -3.50331e-06
DICPCG:  Solving for p_rgh, Initial residual = 0.00239944, Final residual = 0.000111482, No Iterations 3
DICPCG:  Solving for p_rgh, Initial residual = 0.000111479, Final residual = 5.44497e-06, No Iterations 103
time step continuity errors : sum local = 2.32061e-08, global = 6.17474e-10, cumulative = -3.5027e-06
DICPCG:  Solving for p_rgh, Initial residual = 0.0003447, Final residual = 1.56843e-05, No Iterations 99
DICPCG:  Solving for p_rgh, Initial residual = 1.57236e-05, Final residual = 9.43662e-08, No Iterations 58
time step continuity errors : sum local = 4.01381e-10, global = 3.72867e-11, cumulative = -3.50266e-06
ExecutionTime = 35.3 s  ClockTime = 38 s

Courant Number mean: 0.193199 max: 0.41668
Interface Courant Number mean: 0.0018878 max: 0.41668
deltaT = 0.000463898
Time = 0.0237636

PIMPLE: iteration 1
smoothSolver:  Solving for alpha.water, Initial residual = 0.0311082, Final residual = 2.98694e-09, No Iterations 3
Phase-1 volume fraction = 0.997786  Min(alpha.water) = 0.212208  Max(alpha.water) = 1
MULES: Correcting alpha.water
MULES: Correcting alpha.water
Phase-1 volume fraction = 0.997786  Min(alpha.water) = 0.212249  Max(alpha.water) = 1.00001
DICPCG:  Solving for p_rgh, Initial residual = 0.0786212, Final residual = 0.00260056, No Iterations 3
DICPCG:  Solving for p_rgh, Initial residual = 0.00260105, Final residual = 0.000120497, No Iterations 10
time step continuity errors : sum local = 4.8703e-07, global = -8.20326e-08, cumulative = -3.58469e-06
DICPCG:  Solving for p_rgh, Initial residual = 0.00226143, Final residual = 0.000104631, No Iterations 3
DICPCG:  Solving for p_rgh, Initial residual = 0.000104613, Final residual = 5.0219e-06, No Iterations 105
time step continuity errors : sum local = 2.02931e-08, global = 6.00723e-10, cumulative = -3.58409e-06
DICPCG:  Solving for p_rgh, Initial residual = 0.00031866, Final residual = 1.49205e-05, No Iterations 99
DICPCG:  Solving for p_rgh, Initial residual = 1.49574e-05, Final residual = 9.9239e-08, No Iterations 51
time step continuity errors : sum local = 4.00433e-10, global = 4.50131e-11, cumulative = -3.58405e-06
ExecutionTime = 35.89 s  ClockTime = 39 s

Courant Number mean: 0.187863 max: 0.408759
Interface Courant Number mean: 0.00182459 max: 0.408759
deltaT = 0.000451012
Time = 0.0242146

PIMPLE: iteration 1
smoothSolver:  Solving for alpha.water, Initial residual = 0.0303718, Final residual = 2.56612e-09, No Iterations 3
Phase-1 volume fraction = 0.997786  Min(alpha.water) = 0.215464  Max(alpha.water) = 1
MULES: Correcting alpha.water
MULES: Correcting alpha.water
Phase-1 volume fraction = 0.997786  Min(alpha.water) = 0.215464  Max(alpha.water) = 1.00001
DICPCG:  Solving for p_rgh, Initial residual = 0.0733883, Final residual = 0.00246538, No Iterations 3
DICPCG:  Solving for p_rgh, Initial residual = 0.00244543, Final residual = 0.000114412, No Iterations 103
time step continuity errors : sum local = 4.46176e-07, global = -9.66407e-10, cumulative = -3.58501e-06
DICPCG:  Solving for p_rgh, Initial residual = 0.00220452, Final residual = 0.000105175, No Iterations 3
DICPCG:  Solving for p_rgh, Initial residual = 0.000105158, Final residual = 4.3666e-06, No Iterations 108
time step continuity errors : sum local = 1.71355e-08, global = 1.2917e-11, cumulative = -3.585e-06
DICPCG:  Solving for p_rgh, Initial residual = 0.000299402, Final residual = 1.47088e-05, No Iterations 4
DICPCG:  Solving for p_rgh, Initial residual = 1.47091e-05, Final residual = 8.63392e-08, No Iterations 118
time step continuity errors : sum local = 3.3651e-10, global = -1.88106e-12, cumulative = -3.585e-06
ExecutionTime = 36.48 s  ClockTime = 39 s

Courant Number mean: 0.182669 max: 0.38991
Interface Courant Number mean: 0.00173961 max: 0.38991
deltaT = 0.000464277
Time = 0.0246788

PIMPLE: iteration 1
smoothSolver:  Solving for alpha.water, Initial residual = 0.0310249, Final residual = 2.98899e-09, No Iterations 3
Phase-1 volume fraction = 0.997786  Min(alpha.water) = 0.221033  Max(alpha.water) = 1
MULES: Correcting alpha.water
MULES: Correcting alpha.water
Phase-1 volume fraction = 0.997786  Min(alpha.water) = 0.220369  Max(alpha.water) = 1.00001
DICPCG:  Solving for p_rgh, Initial residual = 0.0760472, Final residual = 0.00254906, No Iterations 3
DICPCG:  Solving for p_rgh, Initial residual = 0.0025468, Final residual = 0.000101203, No Iterations 98
time step continuity errors : sum local = 4.15503e-07, global = -1.05318e-08, cumulative = -3.59553e-06
DICPCG:  Solving for p_rgh, Initial residual = 0.00233472, Final residual = 0.000112368, No Iterations 3
DICPCG:  Solving for p_rgh, Initial residual = 0.000112356, Final residual = 5.24763e-06, No Iterations 110
time step continuity errors : sum local = 2.16848e-08, global = -3.71161e-10, cumulative = -3.5959e-06
DICPCG:  Solving for p_rgh, Initial residual = 0.00032329, Final residual = 1.45246e-05, No Iterations 99
DICPCG:  Solving for p_rgh, Initial residual = 1.45399e-05, Final residual = 9.33519e-08, No Iterations 117
time step continuity errors : sum local = 3.82714e-10, global = 2.375e-12, cumulative = -3.5959e-06
ExecutionTime = 37.2 s  ClockTime = 40 s

Courant Number mean: 0.188071 max: 0.389006
Interface Courant Number mean: 0.00182143 max: 0.389006
deltaT = 0.000478786
Time = 0.0251576

PIMPLE: iteration 1
smoothSolver:  Solving for alpha.water, Initial residual = 0.0315589, Final residual = 3.70303e-09, No Iterations 3
Phase-1 volume fraction = 0.997786  Min(alpha.water) = 0.229553  Max(alpha.water) = 1
MULES: Correcting alpha.water
MULES: Correcting alpha.water
Phase-1 volume fraction = 0.997786  Min(alpha.water) = 0.2287  Max(alpha.water) = 1.00001
DICPCG:  Solving for p_rgh, Initial residual = 0.084235, Final residual = 0.00263228, No Iterations 3
DICPCG:  Solving for p_rgh, Initial residual = 0.00264019, Final residual = 0.000113304, No Iterations 92
time step continuity errors : sum local = 4.87367e-07, global = -3.35518e-08, cumulative = -3.62945e-06
DICPCG:  Solving for p_rgh, Initial residual = 0.00243718, Final residual = 0.000117366, No Iterations 4
DICPCG:  Solving for p_rgh, Initial residual = 0.000117354, Final residual = 5.29633e-06, No Iterations 107
time step continuity errors : sum local = 2.29249e-08, global = 1.82465e-10, cumulative = -3.62927e-06
DICPCG:  Solving for p_rgh, Initial residual = 0.000350292, Final residual = 1.69329e-05, No Iterations 98
DICPCG:  Solving for p_rgh, Initial residual = 1.69524e-05, Final residual = 8.63145e-08, No Iterations 118
time step continuity errors : sum local = 3.70672e-10, global = 5.40715e-12, cumulative = -3.62927e-06
ExecutionTime = 37.82 s  ClockTime = 41 s

Courant Number mean: 0.193989 max: 0.401569
Interface Courant Number mean: 0.0019422 max: 0.401569
deltaT = 0.000478786
Time = 0.0256364

PIMPLE: iteration 1
smoothSolver:  Solving for alpha.water, Initial residual = 0.0314054, Final residual = 3.83025e-09, No Iterations 3
Phase-1 volume fraction = 0.997786  Min(alpha.water) = 0.231322  Max(alpha.water) = 1
MULES: Correcting alpha.water
MULES: Correcting alpha.water
Phase-1 volume fraction = 0.997786  Min(alpha.water) = 0.23159  Max(alpha.water) = 1.00001
DICPCG:  Solving for p_rgh, Initial residual = 0.0845315, Final residual = 0.00278152, No Iterations 3
DICPCG:  Solving for p_rgh, Initial residual = 0.00281049, Final residual = 0.000118643, No Iterations 10
time step continuity errors : sum local = 4.98551e-07, global = -8.60074e-08, cumulative = -3.71527e-06
DICPCG:  Solving for p_rgh, Initial residual = 0.00243919, Final residual = 0.000114498, No Iterations 3
DICPCG:  Solving for p_rgh, Initial residual = 0.000114502, Final residual = 5.08585e-06, No Iterations 109
time step continuity errors : sum local = 2.13564e-08, global = 7.59192e-12, cumulative = -3.71527e-06
DICPCG:  Solving for p_rgh, Initial residual = 0.000352197, Final residual = 1.56095e-05, No Iterations 99
DICPCG:  Solving for p_rgh, Initial residual = 1.56479e-05, Final residual = 9.59885e-08, No Iterations 63
time step continuity errors : sum local = 4.02429e-10, global = 4.45113e-11, cumulative = -3.71522e-06
ExecutionTime = 38.34 s  ClockTime = 41 s

Courant Number mean: 0.194019 max: 0.395347
Interface Courant Number mean: 0.00202125 max: 0.395347
deltaT = 0.000478786
Time = 0.0261152

PIMPLE: iteration 1
smoothSolver:  Solving for alpha.water, Initial residual = 0.0314714, Final residual = 3.85294e-09, No Iterations 3
Phase-1 volume fraction = 0.997786  Min(alpha.water) = 0.234163  Max(alpha.water) = 1
MULES: Correcting alpha.water
MULES: Correcting alpha.water
Phase-1 volume fraction = 0.997786  Min(alpha.water) = 0.234225  Max(alpha.water) = 1.00001
DICPCG:  Solving for p_rgh, Initial residual = 0.0903021, Final residual = 0.00275706, No Iterations 3
DICPCG:  Solving for p_rgh, Initial residual = 0.00275864, Final residual = 0.000121458, No Iterations 10
time step continuity errors : sum local = 5.0848e-07, global = -8.49905e-08, cumulative = -3.80021e-06
DICPCG:  Solving for p_rgh, Initial residual = 0.00238414, Final residual = 0.000116729, No Iterations 3
DICPCG:  Solving for p_rgh, Initial residual = 0.000116731, Final residual = 5.42447e-06, No Iterations 107
time step continuity errors : sum local = 2.26954e-08, global = 3.14491e-10, cumulative = -3.7999e-06
DICPCG:  Solving for p_rgh, Initial residual = 0.000350287, Final residual = 1.60399e-05, No Iterations 99
DICPCG:  Solving for p_rgh, Initial residual = 1.60779e-05, Final residual = 9.32489e-08, No Iterations 75
time step continuity errors : sum local = 3.89396e-10, global = 3.70176e-11, cumulative = -3.79986e-06
ExecutionTime = 38.84 s  ClockTime = 42 s

Courant Number mean: 0.194046 max: 0.386038
Interface Courant Number mean: 0.00205572 max: 0.386038
deltaT = 0.000495886
Time = 0.0266111

PIMPLE: iteration 1
smoothSolver:  Solving for alpha.water, Initial residual = 0.0327618, Final residual = 4.66968e-09, No Iterations 3
Phase-1 volume fraction = 0.997786  Min(alpha.water) = 0.237123  Max(alpha.water) = 1
MULES: Correcting alpha.water
MULES: Correcting alpha.water
Phase-1 volume fraction = 0.997786  Min(alpha.water) = 0.235944  Max(alpha.water) = 1.00001
DICPCG:  Solving for p_rgh, Initial residual = 0.0882765, Final residual = 0.0027917, No Iterations 3
DICPCG:  Solving for p_rgh, Initial residual = 0.00277707, Final residual = 0.000135601, No Iterations 9
time step continuity errors : sum local = 6.08453e-07, global = -9.23566e-08, cumulative = -3.89222e-06
DICPCG:  Solving for p_rgh, Initial residual = 0.00235891, Final residual = 0.000108127, No Iterations 3
DICPCG:  Solving for p_rgh, Initial residual = 0.000108131, Final residual = 5.27989e-06, No Iterations 108
time step continuity errors : sum local = 2.36759e-08, global = 1.39902e-10, cumulative = -3.89208e-06
DICPCG:  Solving for p_rgh, Initial residual = 0.000350411, Final residual = 1.38753e-05, No Iterations 100
DICPCG:  Solving for p_rgh, Initial residual = 1.39106e-05, Final residual = 9.6021e-08, No Iterations 58
time step continuity errors : sum local = 4.29902e-10, global = 4.00717e-11, cumulative = -3.89204e-06
ExecutionTime = 39.38 s  ClockTime = 42 s

Courant Number mean: 0.201006 max: 0.388933
Interface Courant Number mean: 0.0021649 max: 0.388933
deltaT = 0.000514958
Time = 0.027126

PIMPLE: iteration 1
smoothSolver:  Solving for alpha.water, Initial residual = 0.0340067, Final residual = 6.05539e-09, No Iterations 3
Phase-1 volume fraction = 0.997786  Min(alpha.water) = 0.239831  Max(alpha.water) = 1
MULES: Correcting alpha.water
MULES: Correcting alpha.water
Phase-1 volume fraction = 0.997786  Min(alpha.water) = 0.239492  Max(alpha.water) = 1.00004
DICPCG:  Solving for p_rgh, Initial residual = 0.0844992, Final residual = 0.00274394, No Iterations 3
DICPCG:  Solving for p_rgh, Initial residual = 0.00274733, Final residual = 0.000134257, No Iterations 99
time step continuity errors : sum local = 6.40242e-07, global = -1.22236e-08, cumulative = -3.90426e-06
DICPCG:  Solving for p_rgh, Initial residual = 0.00253049, Final residual = 0.000124127, No Iterations 3
DICPCG:  Solving for p_rgh, Initial residual = 0.000124117, Final residual = 5.06528e-06, No Iterations 110
time step continuity errors : sum local = 2.43244e-08, global = -8.75265e-11, cumulative = -3.90435e-06
DICPCG:  Solving for p_rgh, Initial residual = 0.000390078, Final residual = 1.86726e-05, No Iterations 98
DICPCG:  Solving for p_rgh, Initial residual = 1.86953e-05, Final residual = 9.29215e-08, No Iterations 117
time step continuity errors : sum local = 4.42538e-10, global = 3.91566e-12, cumulative = -3.90434e-06
ExecutionTime = 40.08 s  ClockTime = 43 s

Courant Number mean: 0.20877 max: 0.421147
Interface Courant Number mean: 0.00222657 max: 0.421147
deltaT = 0.000495152
Time = 0.0276212

PIMPLE: iteration 1
smoothSolver:  Solving for alpha.water, Initial residual = 0.0325473, Final residual = 4.80016e-09, No Iterations 3
Phase-1 volume fraction = 0.997786  Min(alpha.water) = 0.244172  Max(alpha.water) = 1
MULES: Correcting alpha.water
MULES: Correcting alpha.water
Phase-1 volume fraction = 0.997786  Min(alpha.water) = 0.243286  Max(alpha.water) = 1.00005
DICPCG:  Solving for p_rgh, Initial residual = 0.0847787, Final residual = 0.00282358, No Iterations 3
DICPCG:  Solving for p_rgh, Initial residual = 0.0028124, Final residual = 0.000126824, No Iterations 22
time step continuity errors : sum local = 5.68008e-07, global = -8.96311e-08, cumulative = -3.99398e-06
DICPCG:  Solving for p_rgh, Initial residual = 0.0026085, Final residual = 0.00012524, No Iterations 3
DICPCG:  Solving for p_rgh, Initial residual = 0.00012523, Final residual = 6.22481e-06, No Iterations 77
time step continuity errors : sum local = 2.787e-08, global = -3.98079e-09, cumulative = -3.99796e-06
DICPCG:  Solving for p_rgh, Initial residual = 0.000394374, Final residual = 1.68917e-05, No Iterations 99
DICPCG:  Solving for p_rgh, Initial residual = 1.69256e-05, Final residual = 8.84913e-08, No Iterations 91
time step continuity errors : sum local = 3.95473e-10, global = 5.12325e-11, cumulative = -3.9979e-06
ExecutionTime = 40.62 s  ClockTime = 44 s

Courant Number mean: 0.200761 max: 0.424391
Interface Courant Number mean: 0.00217183 max: 0.424391
deltaT = 0.000458474
Time = 0.0280797

PIMPLE: iteration 1
smoothSolver:  Solving for alpha.water, Initial residual = 0.0298608, Final residual = 2.79203e-09, No Iterations 3
Phase-1 volume fraction = 0.997786  Min(alpha.water) = 0.247507  Max(alpha.water) = 1
MULES: Correcting alpha.water
MULES: Correcting alpha.water
Phase-1 volume fraction = 0.997786  Min(alpha.water) = 0.247507  Max(alpha.water) = 1.00004
DICPCG:  Solving for p_rgh, Initial residual = 0.0801218, Final residual = 0.00254247, No Iterations 3
DICPCG:  Solving for p_rgh, Initial residual = 0.00254394, Final residual = 0.000125253, No Iterations 87
time step continuity errors : sum local = 4.88092e-07, global = -4.96983e-08, cumulative = -4.0476e-06
DICPCG:  Solving for p_rgh, Initial residual = 0.0023394, Final residual = 0.000114955, No Iterations 4
DICPCG:  Solving for p_rgh, Initial residual = 0.000114945, Final residual = 4.73324e-06, No Iterations 107
time step continuity errors : sum local = 1.85406e-08, global = 2.29528e-10, cumulative = -4.04737e-06
DICPCG:  Solving for p_rgh, Initial residual = 0.000344342, Final residual = 1.42757e-05, No Iterations 88
DICPCG:  Solving for p_rgh, Initial residual = 1.42916e-05, Final residual = 8.69067e-08, No Iterations 116
time step continuity errors : sum local = 3.38166e-10, global = 1.72339e-12, cumulative = -4.04737e-06
ExecutionTime = 41.29 s  ClockTime = 44 s

Courant Number mean: 0.185911 max: 0.397623
Interface Courant Number mean: 0.00207666 max: 0.397623
deltaT = 0.000458474
Time = 0.0285381

PIMPLE: iteration 1
smoothSolver:  Solving for alpha.water, Initial residual = 0.0294025, Final residual = 2.62772e-09, No Iterations 3
Phase-1 volume fraction = 0.997786  Min(alpha.water) = 0.249332  Max(alpha.water) = 1
MULES: Correcting alpha.water
MULES: Correcting alpha.water
Phase-1 volume fraction = 0.997786  Min(alpha.water) = 0.249332  Max(alpha.water) = 1.00002
DICPCG:  Solving for p_rgh, Initial residual = 0.0883192, Final residual = 0.00265277, No Iterations 3
DICPCG:  Solving for p_rgh, Initial residual = 0.0026582, Final residual = 0.000129101, No Iterations 12
time step continuity errors : sum local = 5.00269e-07, global = -7.24546e-08, cumulative = -4.11983e-06
DICPCG:  Solving for p_rgh, Initial residual = 0.00242618, Final residual = 0.000106748, No Iterations 3
DICPCG:  Solving for p_rgh, Initial residual = 0.00010674, Final residual = 4.77685e-06, No Iterations 107
time step continuity errors : sum local = 1.85028e-08, global = 6.86771e-11, cumulative = -4.11976e-06
DICPCG:  Solving for p_rgh, Initial residual = 0.00036518, Final residual = 1.55606e-05, No Iterations 97
DICPCG:  Solving for p_rgh, Initial residual = 1.55941e-05, Final residual = 8.99954e-08, No Iterations 90
time step continuity errors : sum local = 3.48109e-10, global = 4.46974e-11, cumulative = -4.11971e-06
ExecutionTime = 41.82 s  ClockTime = 45 s

Courant Number mean: 0.185933 max: 0.393941
Interface Courant Number mean: 0.00207177 max: 0.393941
deltaT = 0.000458474
Time = 0.0289966

PIMPLE: iteration 1
smoothSolver:  Solving for alpha.water, Initial residual = 0.0293559, Final residual = 2.56214e-09, No Iterations 3
Phase-1 volume fraction = 0.997786  Min(alpha.water) = 0.251778  Max(alpha.water) = 1
MULES: Correcting alpha.water
MULES: Correcting alpha.water
Phase-1 volume fraction = 0.997786  Min(alpha.water) = 0.251778  Max(alpha.water) = 1
DICPCG:  Solving for p_rgh, Initial residual = 0.0849023, Final residual = 0.0026687, No Iterations 3
DICPCG:  Solving for p_rgh, Initial residual = 0.00266502, Final residual = 0.000131578, No Iterations 12
time step continuity errors : sum local = 5.10121e-07, global = -7.15899e-08, cumulative = -4.1913e-06
DICPCG:  Solving for p_rgh, Initial residual = 0.00235482, Final residual = 0.000105551, No Iterations 3
DICPCG:  Solving for p_rgh, Initial residual = 0.000105544, Final residual = 5.26687e-06, No Iterations 63
time step continuity errors : sum local = 2.04109e-08, global = -2.38961e-09, cumulative = -4.19369e-06
DICPCG:  Solving for p_rgh, Initial residual = 0.000347274, Final residual = 1.64794e-05, No Iterations 95
DICPCG:  Solving for p_rgh, Initial residual = 1.65099e-05, Final residual = 8.6013e-08, No Iterations 118
time step continuity errors : sum local = 3.32746e-10, global = 2.5549e-12, cumulative = -4.19369e-06
ExecutionTime = 42.35 s  ClockTime = 45 s

Courant Number mean: 0.185949 max: 0.385154
Interface Courant Number mean: 0.00209176 max: 0.385154
deltaT = 0.000478408
Time = 0.029475

PIMPLE: iteration 1
smoothSolver:  Solving for alpha.water, Initial residual = 0.0307078, Final residual = 3.46877e-09, No Iterations 3
Phase-1 volume fraction = 0.997786  Min(alpha.water) = 0.255324  Max(alpha.water) = 1
MULES: Correcting alpha.water
MULES: Correcting alpha.water
Phase-1 volume fraction = 0.997786  Min(alpha.water) = 0.255324  Max(alpha.water) = 1
DICPCG:  Solving for p_rgh, Initial residual = 0.0850105, Final residual = 0.00271114, No Iterations 3
DICPCG:  Solving for p_rgh, Initial residual = 0.00270433, Final residual = 0.000131694, No Iterations 10
time step continuity errors : sum local = 5.51774e-07, global = -7.90139e-08, cumulative = -4.2727e-06
DICPCG:  Solving for p_rgh, Initial residual = 0.00245946, Final residual = 0.000105082, No Iterations 3
DICPCG:  Solving for p_rgh, Initial residual = 0.000105071, Final residual = 5.21747e-06, No Iterations 103
time step continuity errors : sum local = 2.18515e-08, global = 6.51258e-11, cumulative = -4.27264e-06
DICPCG:  Solving for p_rgh, Initial residual = 0.00037361, Final residual = 1.76385e-05, No Iterations 98
DICPCG:  Solving for p_rgh, Initial residual = 1.76776e-05, Final residual = 9.93969e-08, No Iterations 91
time step continuity errors : sum local = 4.15644e-10, global = 4.30226e-11, cumulative = -4.2726e-06
ExecutionTime = 42.88 s  ClockTime = 46 s

Courant Number mean: 0.194044 max: 0.404343
Interface Courant Number mean: 0.00217457 max: 0.404343
deltaT = 0.000478408
Time = 0.0299534

PIMPLE: iteration 1
smoothSolver:  Solving for alpha.water, Initial residual = 0.0308005, Final residual = 3.61866e-09, No Iterations 3
Phase-1 volume fraction = 0.997786  Min(alpha.water) = 0.256412  Max(alpha.water) = 1
MULES: Correcting alpha.water
MULES: Correcting alpha.water
Phase-1 volume fraction = 0.997786  Min(alpha.water) = 0.256412  Max(alpha.water) = 1.00001
DICPCG:  Solving for p_rgh, Initial residual = 0.0800458, Final residual = 0.00259553, No Iterations 3
DICPCG:  Solving for p_rgh, Initial residual = 0.00260378, Final residual = 0.000128666, No Iterations 9
time step continuity errors : sum local = 5.34403e-07, global = -7.83607e-08, cumulative = -4.35096e-06
DICPCG:  Solving for p_rgh, Initial residual = 0.00249393, Final residual = 9.74902e-05, No Iterations 3
DICPCG:  Solving for p_rgh, Initial residual = 9.74815e-05, Final residual = 4.32652e-06, No Iterations 107
time step continuity errors : sum local = 1.79621e-08, global = 1.68426e-10, cumulative = -4.35079e-06
DICPCG:  Solving for p_rgh, Initial residual = 0.000388462, Final residual = 1.88909e-05, No Iterations 98
DICPCG:  Solving for p_rgh, Initial residual = 1.89343e-05, Final residual = 9.50638e-08, No Iterations 94
time step continuity errors : sum local = 3.9417e-10, global = 4.69673e-11, cumulative = -4.35074e-06
ExecutionTime = 43.49 s  ClockTime = 46 s

Courant Number mean: 0.194057 max: 0.413463
Interface Courant Number mean: 0.00221716 max: 0.413463
deltaT = 0.000456662
Time = 0.0304101

PIMPLE: iteration 1
smoothSolver:  Solving for alpha.water, Initial residual = 0.0293174, Final residual = 2.71685e-09, No Iterations 3
Phase-1 volume fraction = 0.997786  Min(alpha.water) = 0.256954  Max(alpha.water) = 1
MULES: Correcting alpha.water
MULES: Correcting alpha.water
Phase-1 volume fraction = 0.997786  Min(alpha.water) = 0.256954  Max(alpha.water) = 1.00001
DICPCG:  Solving for p_rgh, Initial residual = 0.0771947, Final residual = 0.00250022, No Iterations 3
DICPCG:  Solving for p_rgh, Initial residual = 0.00250398, Final residual = 0.000122298, No Iterations 98
time step continuity errors : sum local = 4.65546e-07, global = -1.25124e-08, cumulative = -4.36325e-06
DICPCG:  Solving for p_rgh, Initial residual = 0.00242926, Final residual = 0.000110672, No Iterations 3
DICPCG:  Solving for p_rgh, Initial residual = 0.000110665, Final residual = 4.75357e-06, No Iterations 110
time step continuity errors : sum local = 1.81997e-08, global = 1.92658e-10, cumulative = -4.36306e-06
DICPCG:  Solving for p_rgh, Initial residual = 0.00036804, Final residual = 1.78672e-05, No Iterations 3
DICPCG:  Solving for p_rgh, Initial residual = 1.78677e-05, Final residual = 8.69572e-08, No Iterations 120
time step continuity errors : sum local = 3.30904e-10, global = -6.77492e-12, cumulative = -4.36307e-06
ExecutionTime = 44.03 s  ClockTime = 47 s

Courant Number mean: 0.185253 max: 0.399113
Interface Courant Number mean: 0.00208582 max: 0.399113
deltaT = 0.000456662
Time = 0.0308668

PIMPLE: iteration 1
smoothSolver:  Solving for alpha.water, Initial residual = 0.0290521, Final residual = 2.52939e-09, No Iterations 3
Phase-1 volume fraction = 0.997786  Min(alpha.water) = 0.257673  Max(alpha.water) = 1
MULES: Correcting alpha.water
MULES: Correcting alpha.water
Phase-1 volume fraction = 0.997786  Min(alpha.water) = 0.257673  Max(alpha.water) = 1.00001
DICPCG:  Solving for p_rgh, Initial residual = 0.0854447, Final residual = 0.00262038, No Iterations 3
DICPCG:  Solving for p_rgh, Initial residual = 0.00261882, Final residual = 0.000122113, No Iterations 23
time step continuity errors : sum local = 4.64774e-07, global = -6.83358e-08, cumulative = -4.4314e-06
DICPCG:  Solving for p_rgh, Initial residual = 0.00238352, Final residual = 0.000104595, No Iterations 4
DICPCG:  Solving for p_rgh, Initial residual = 0.000104591, Final residual = 5.08686e-06, No Iterations 107
time step continuity errors : sum local = 1.93548e-08, global = -2.74838e-10, cumulative = -4.43168e-06
DICPCG:  Solving for p_rgh, Initial residual = 0.000367772, Final residual = 1.7566e-05, No Iterations 97
DICPCG:  Solving for p_rgh, Initial residual = 1.76021e-05, Final residual = 9.84302e-08, No Iterations 91
time step continuity errors : sum local = 3.73976e-10, global = 5.30234e-11, cumulative = -4.43163e-06
ExecutionTime = 44.57 s  ClockTime = 48 s

Courant Number mean: 0.185271 max: 0.405898
Interface Courant Number mean: 0.00210008 max: 0.405898
deltaT = 0.000456662
Time = 0.0313234

PIMPLE: iteration 1
smoothSolver:  Solving for alpha.water, Initial residual = 0.0288495, Final residual = 2.32239e-09, No Iterations 3
Phase-1 volume fraction = 0.997786  Min(alpha.water) = 0.258708  Max(alpha.water) = 1
MULES: Correcting alpha.water
MULES: Correcting alpha.water
Phase-1 volume fraction = 0.997786  Min(alpha.water) = 0.258708  Max(alpha.water) = 1
DICPCG:  Solving for p_rgh, Initial residual = 0.0863212, Final residual = 0.00264852, No Iterations 3
DICPCG:  Solving for p_rgh, Initial residual = 0.0026415, Final residual = 0.000127591, No Iterations 10
time step continuity errors : sum local = 4.87365e-07, global = -6.75275e-08, cumulative = -4.49915e-06
DICPCG:  Solving for p_rgh, Initial residual = 0.00236591, Final residual = 0.000103842, No Iterations 3
DICPCG:  Solving for p_rgh, Initial residual = 0.000103822, Final residual = 4.82551e-06, No Iterations 71
time step continuity errors : sum local = 1.84288e-08, global = -1.48241e-09, cumulative = -4.50063e-06
DICPCG:  Solving for p_rgh, Initial residual = 0.000366805, Final residual = 1.65138e-05, No Iterations 98
DICPCG:  Solving for p_rgh, Initial residual = 1.6544e-05, Final residual = 9.16451e-08, No Iterations 93
time step continuity errors : sum local = 3.49387e-10, global = 4.38655e-11, cumulative = -4.50059e-06
ExecutionTime = 45.11 s  ClockTime = 48 s

Courant Number mean: 0.185289 max: 0.412727
Interface Courant Number mean: 0.00209851 max: 0.412727
deltaT = 0.000433829
Time = 0.0317573

PIMPLE: iteration 1
smoothSolver:  Solving for alpha.water, Initial residual = 0.0273266, Final residual = 1.54766e-09, No Iterations 3
Phase-1 volume fraction = 0.997786  Min(alpha.water) = 0.260077  Max(alpha.water) = 1
MULES: Correcting alpha.water
MULES: Correcting alpha.water
Phase-1 volume fraction = 0.997786  Min(alpha.water) = 0.260077  Max(alpha.water) = 1.00001
DICPCG:  Solving for p_rgh, Initial residual = 0.0821869, Final residual = 0.00251784, No Iterations 3
DICPCG:  Solving for p_rgh, Initial residual = 0.00252163, Final residual = 0.00012, No Iterations 15
time step continuity errors : sum local = 4.16253e-07, global = -5.81492e-08, cumulative = -4.55874e-06
DICPCG:  Solving for p_rgh, Initial residual = 0.00235358, Final residual = 0.000106912, No Iterations 3
DICPCG:  Solving for p_rgh, Initial residual = 0.000106899, Final residual = 5.0915e-06, No Iterations 50
time step continuity errors : sum local = 1.76569e-08, global = -2.73882e-09, cumulative = -4.56148e-06
DICPCG:  Solving for p_rgh, Initial residual = 0.000348203, Final residual = 1.64818e-05, No Iterations 95
DICPCG:  Solving for p_rgh, Initial residual = 1.65088e-05, Final residual = 9.65358e-08, No Iterations 117
time step continuity errors : sum local = 3.34239e-10, global = -7.42519e-13, cumulative = -4.56148e-06
ExecutionTime = 45.66 s  ClockTime = 49 s

Courant Number mean: 0.176036 max: 0.397997
Interface Courant Number mean: 0.00199829 max: 0.397997
deltaT = 0.000433829
Time = 0.0321911

PIMPLE: iteration 1
smoothSolver:  Solving for alpha.water, Initial residual = 0.0274055, Final residual = 1.48362e-09, No Iterations 3
Phase-1 volume fraction = 0.997786  Min(alpha.water) = 0.261939  Max(alpha.water) = 1
MULES: Correcting alpha.water
MULES: Correcting alpha.water
Phase-1 volume fraction = 0.997786  Min(alpha.water) = 0.261939  Max(alpha.water) = 1
DICPCG:  Solving for p_rgh, Initial residual = 0.0770655, Final residual = 0.00249976, No Iterations 3
DICPCG:  Solving for p_rgh, Initial residual = 0.00249399, Final residual = 0.000124332, No Iterations 12
time step continuity errors : sum local = 4.32325e-07, global = -5.78045e-08, cumulative = -4.61928e-06
DICPCG:  Solving for p_rgh, Initial residual = 0.00229631, Final residual = 9.25811e-05, No Iterations 4
DICPCG:  Solving for p_rgh, Initial residual = 9.25731e-05, Final residual = 4.34672e-06, No Iterations 69
time step continuity errors : sum local = 1.51096e-08, global = -6.816e-10, cumulative = -4.61997e-06
DICPCG:  Solving for p_rgh, Initial residual = 0.000338553, Final residual = 1.66256e-05, No Iterations 96
DICPCG:  Solving for p_rgh, Initial residual = 1.66554e-05, Final residual = 9.98915e-08, No Iterations 97
time step continuity errors : sum local = 3.46615e-10, global = 4.27866e-11, cumulative = -4.61992e-06
ExecutionTime = 46.26 s  ClockTime = 49 s

Courant Number mean: 0.176046 max: 0.411094
Interface Courant Number mean: 0.00202622 max: 0.411094
deltaT = 0.000433829
Time = 0.0326249

PIMPLE: iteration 1
smoothSolver:  Solving for alpha.water, Initial residual = 0.0275367, Final residual = 1.50217e-09, No Iterations 3
Phase-1 volume fraction = 0.997786  Min(alpha.water) = 0.264431  Max(alpha.water) = 1
MULES: Correcting alpha.water
MULES: Correcting alpha.water
Phase-1 volume fraction = 0.997786  Min(alpha.water) = 0.264431  Max(alpha.water) = 1
DICPCG:  Solving for p_rgh, Initial residual = 0.0717387, Final residual = 0.00245518, No Iterations 3
DICPCG:  Solving for p_rgh, Initial residual = 0.00244893, Final residual = 0.000119827, No Iterations 9
time step continuity errors : sum local = 4.17782e-07, global = -5.74908e-08, cumulative = -4.67741e-06
DICPCG:  Solving for p_rgh, Initial residual = 0.00219489, Final residual = 8.52791e-05, No Iterations 4
DICPCG:  Solving for p_rgh, Initial residual = 8.52734e-05, Final residual = 3.3881e-06, No Iterations 109
time step continuity errors : sum local = 1.18087e-08, global = 3.61486e-11, cumulative = -4.67738e-06
DICPCG:  Solving for p_rgh, Initial residual = 0.000317817, Final residual = 1.52516e-05, No Iterations 99
DICPCG:  Solving for p_rgh, Initial residual = 1.5281e-05, Final residual = 9.58964e-08, No Iterations 91
time step continuity errors : sum local = 3.33837e-10, global = 3.6809e-11, cumulative = -4.67734e-06
ExecutionTime = 46.77 s  ClockTime = 50 s

Courant Number mean: 0.17606 max: 0.420819
Interface Courant Number mean: 0.00204561 max: 0.420819
deltaT = 0.000409727
Time = 0.0330346

PIMPLE: iteration 1
smoothSolver:  Solving for alpha.water, Initial residual = 0.0261138, Final residual = 1.12108e-09, No Iterations 3
Phase-1 volume fraction = 0.997786  Min(alpha.water) = 0.266188  Max(alpha.water) = 1
MULES: Correcting alpha.water
MULES: Correcting alpha.water
Phase-1 volume fraction = 0.997786  Min(alpha.water) = 0.266188  Max(alpha.water) = 1
DICPCG:  Solving for p_rgh, Initial residual = 0.071579, Final residual = 0.00221968, No Iterations 3
DICPCG:  Solving for p_rgh, Initial residual = 0.00222826, Final residual = 0.00010848, No Iterations 103
time step continuity errors : sum local = 3.38283e-07, global = 1.04726e-10, cumulative = -4.67724e-06
DICPCG:  Solving for p_rgh, Initial residual = 0.0020278, Final residual = 8.99452e-05, No Iterations 4
DICPCG:  Solving for p_rgh, Initial residual = 8.99477e-05, Final residual = 3.71212e-06, No Iterations 107
time step continuity errors : sum local = 1.16431e-08, global = 1.09878e-10, cumulative = -4.67713e-06
DICPCG:  Solving for p_rgh, Initial residual = 0.000283307, Final residual = 1.20553e-05, No Iterations 4
DICPCG:  Solving for p_rgh, Initial residual = 1.20557e-05, Final residual = 9.39504e-08, No Iterations 116
time step continuity errors : sum local = 2.93067e-10, global = -2.5736e-12, cumulative = -4.67713e-06
ExecutionTime = 47.37 s  ClockTime = 50 s

Courant Number mean: 0.16629 max: 0.398513
Interface Courant Number mean: 0.00196467 max: 0.398513
deltaT = 0.000409727
Time = 0.0334444

PIMPLE: iteration 1
smoothSolver:  Solving for alpha.water, Initial residual = 0.025834, Final residual = 1.16649e-09, No Iterations 3
Phase-1 volume fraction = 0.997786  Min(alpha.water) = 0.266902  Max(alpha.water) = 1
MULES: Correcting alpha.water
MULES: Correcting alpha.water
Phase-1 volume fraction = 0.997786  Min(alpha.water) = 0.266902  Max(alpha.water) = 1
DICPCG:  Solving for p_rgh, Initial residual = 0.0801561, Final residual = 0.00225017, No Iterations 3
DICPCG:  Solving for p_rgh, Initial residual = 0.00226697, Final residual = 0.000110479, No Iterations 83
time step continuity errors : sum local = 3.39281e-07, global = -5.42377e-09, cumulative = -4.68255e-06
DICPCG:  Solving for p_rgh, Initial residual = 0.00208296, Final residual = 9.24028e-05, No Iterations 4
DICPCG:  Solving for p_rgh, Initial residual = 9.24034e-05, Final residual = 4.559e-06, No Iterations 108
time step continuity errors : sum local = 1.40809e-08, global = 1.30355e-11, cumulative = -4.68254e-06
DICPCG:  Solving for p_rgh, Initial residual = 0.000297047, Final residual = 1.30318e-05, No Iterations 4
DICPCG:  Solving for p_rgh, Initial residual = 1.30323e-05, Final residual = 7.99088e-08, No Iterations 118
time step continuity errors : sum local = 2.45481e-10, global = 6.44614e-13, cumulative = -4.68254e-06
ExecutionTime = 47.95 s  ClockTime = 51 s

Courant Number mean: 0.166297 max: 0.394099
Interface Courant Number mean: 0.00189215 max: 0.394099
deltaT = 0.000409727
Time = 0.0338541

PIMPLE: iteration 1
smoothSolver:  Solving for alpha.water, Initial residual = 0.0258026, Final residual = 1.10987e-09, No Iterations 3
Phase-1 volume fraction = 0.997786  Min(alpha.water) = 0.267298  Max(alpha.water) = 1
MULES: Correcting alpha.water
MULES: Correcting alpha.water
Phase-1 volume fraction = 0.997786  Min(alpha.water) = 0.267298  Max(alpha.water) = 1.00001
DICPCG:  Solving for p_rgh, Initial residual = 0.0818889, Final residual = 0.00247249, No Iterations 3
DICPCG:  Solving for p_rgh, Initial residual = 0.00248353, Final residual = 0.000118804, No Iterations 30
time step continuity errors : sum local = 3.61486e-07, global = -4.85803e-08, cumulative = -4.73112e-06
DICPCG:  Solving for p_rgh, Initial residual = 0.00216158, Final residual = 9.60661e-05, No Iterations 4
DICPCG:  Solving for p_rgh, Initial residual = 9.60609e-05, Final residual = 4.03282e-06, No Iterations 108
time step continuity errors : sum local = 1.22703e-08, global = 8.35646e-11, cumulative = -4.73104e-06
DICPCG:  Solving for p_rgh, Initial residual = 0.000302136, Final residual = 1.41586e-05, No Iterations 94
DICPCG:  Solving for p_rgh, Initial residual = 1.41805e-05, Final residual = 9.38634e-08, No Iterations 116
time step continuity errors : sum local = 2.85003e-10, global = -1.79824e-12, cumulative = -4.73104e-06
ExecutionTime = 48.56 s  ClockTime = 52 s

Courant Number mean: 0.166304 max: 0.396567
Interface Courant Number mean: 0.00183839 max: 0.396567
deltaT = 0.000409727
Time = 0.0342638

PIMPLE: iteration 1
smoothSolver:  Solving for alpha.water, Initial residual = 0.0260414, Final residual = 1.0135e-09, No Iterations 3
Phase-1 volume fraction = 0.997786  Min(alpha.water) = 0.267808  Max(alpha.water) = 1
MULES: Correcting alpha.water
MULES: Correcting alpha.water
Phase-1 volume fraction = 0.997786  Min(alpha.water) = 0.267808  Max(alpha.water) = 1.00002
DICPCG:  Solving for p_rgh, Initial residual = 0.0819336, Final residual = 0.00248861, No Iterations 3
DICPCG:  Solving for p_rgh, Initial residual = 0.00249102, Final residual = 0.000117157, No Iterations 10
time step continuity errors : sum local = 3.55104e-07, global = -4.81084e-08, cumulative = -4.77915e-06
DICPCG:  Solving for p_rgh, Initial residual = 0.00224002, Final residual = 0.000101076, No Iterations 3
DICPCG:  Solving for p_rgh, Initial residual = 0.000101068, Final residual = 4.88169e-06, No Iterations 110
time step continuity errors : sum local = 1.47926e-08, global = -1.07863e-10, cumulative = -4.77925e-06
DICPCG:  Solving for p_rgh, Initial residual = 0.000305553, Final residual = 1.33381e-05, No Iterations 98
DICPCG:  Solving for p_rgh, Initial residual = 1.33589e-05, Final residual = 9.94385e-08, No Iterations 75
time step continuity errors : sum local = 3.00728e-10, global = 3.37521e-11, cumulative = -4.77922e-06
ExecutionTime = 49.08 s  ClockTime = 52 s

Courant Number mean: 0.166308 max: 0.400641
Interface Courant Number mean: 0.00182646 max: 0.400641
deltaT = 0.000409727
Time = 0.0346735

PIMPLE: iteration 1
smoothSolver:  Solving for alpha.water, Initial residual = 0.0260679, Final residual = 9.31015e-10, No Iterations 3
Phase-1 volume fraction = 0.997786  Min(alpha.water) = 0.268529  Max(alpha.water) = 1.00001
MULES: Correcting alpha.water
MULES: Correcting alpha.water
Phase-1 volume fraction = 0.997786  Min(alpha.water) = 0.268529  Max(alpha.water) = 1.00001
DICPCG:  Solving for p_rgh, Initial residual = 0.0743917, Final residual = 0.00244662, No Iterations 3
DICPCG:  Solving for p_rgh, Initial residual = 0.00243843, Final residual = 0.000105646, No Iterations 10
time step continuity errors : sum local = 3.21666e-07, global = -4.76381e-08, cumulative = -4.82686e-06
DICPCG:  Solving for p_rgh, Initial residual = 0.00217805, Final residual = 9.8111e-05, No Iterations 3
DICPCG:  Solving for p_rgh, Initial residual = 9.80985e-05, Final residual = 4.66993e-06, No Iterations 70
time step continuity errors : sum local = 1.42165e-08, global = -1.16268e-09, cumulative = -4.82802e-06
DICPCG:  Solving for p_rgh, Initial residual = 0.000300864, Final residual = 1.47274e-05, No Iterations 95
DICPCG:  Solving for p_rgh, Initial residual = 1.47492e-05, Final residual = 8.35936e-08, No Iterations 117
time step continuity errors : sum local = 2.54128e-10, global = 7.74726e-13, cumulative = -4.82802e-06
ExecutionTime = 49.62 s  ClockTime = 53 s

Courant Number mean: 0.166314 max: 0.403778
Interface Courant Number mean: 0.0018777 max: 0.403778
deltaT = 0.000409727
Time = 0.0350833

PIMPLE: iteration 1
smoothSolver:  Solving for alpha.water, Initial residual = 0.0260127, Final residual = 8.73775e-10, No Iterations 3
Phase-1 volume fraction = 0.997786  Min(alpha.water) = 0.269592  Max(alpha.water) = 1.00001
MULES: Correcting alpha.water
MULES: Correcting alpha.water
Phase-1 volume fraction = 0.997786  Min(alpha.water) = 0.269592  Max(alpha.water) = 1.00001
DICPCG:  Solving for p_rgh, Initial residual = 0.071782, Final residual = 0.00226314, No Iterations 3
DICPCG:  Solving for p_rgh, Initial residual = 0.00226169, Final residual = 9.29837e-05, No Iterations 91
time step continuity errors : sum local = 2.82954e-07, global = 9.74491e-09, cumulative = -4.81828e-06
DICPCG:  Solving for p_rgh, Initial residual = 0.00203696, Final residual = 9.75672e-05, No Iterations 3
DICPCG:  Solving for p_rgh, Initial residual = 9.75541e-05, Final residual = 4.8163e-06, No Iterations 108
time step continuity errors : sum local = 1.47392e-08, global = 3.82875e-10, cumulative = -4.81789e-06
DICPCG:  Solving for p_rgh, Initial residual = 0.000288339, Final residual = 1.29596e-05, No Iterations 4
DICPCG:  Solving for p_rgh, Initial residual = 1.29599e-05, Final residual = 8.28271e-08, No Iterations 118
time step continuity errors : sum local = 2.52157e-10, global = -1.2644e-12, cumulative = -4.81789e-06
ExecutionTime = 50.22 s  ClockTime = 53 s

Courant Number mean: 0.166318 max: 0.398255
Interface Courant Number mean: 0.00191102 max: 0.398255
deltaT = 0.000409727
Time = 0.035493

PIMPLE: iteration 1
smoothSolver:  Solving for alpha.water, Initial residual = 0.0256689, Final residual = 8.34353e-10, No Iterations 3
Phase-1 volume fraction = 0.997786  Min(alpha.water) = 0.271044  Max(alpha.water) = 1.00001
MULES: Correcting alpha.water
MULES: Correcting alpha.water
Phase-1 volume fraction = 0.997786  Min(alpha.water) = 0.271044  Max(alpha.water) = 1.00001
DICPCG:  Solving for p_rgh, Initial residual = 0.0769412, Final residual = 0.00226742, No Iterations 3
DICPCG:  Solving for p_rgh, Initial residual = 0.00226325, Final residual = 0.000106819, No Iterations 9
time step continuity errors : sum local = 3.26064e-07, global = -4.70726e-08, cumulative = -4.86497e-06
DICPCG:  Solving for p_rgh, Initial residual = 0.00199886, Final residual = 9.09075e-05, No Iterations 3
DICPCG:  Solving for p_rgh, Initial residual = 9.08984e-05, Final residual = 4.53593e-06, No Iterations 108
time step continuity errors : sum local = 1.38425e-08, global = 1.94917e-10, cumulative = -4.86477e-06
DICPCG:  Solving for p_rgh, Initial residual = 0.000284372, Final residual = 1.40447e-05, No Iterations 98
DICPCG:  Solving for p_rgh, Initial residual = 1.40695e-05, Final residual = 9.88454e-08, No Iterations 89
time step continuity errors : sum local = 3.01541e-10, global = 2.79139e-11, cumulative = -4.86474e-06
ExecutionTime = 50.72 s  ClockTime = 54 s

Courant Number mean: 0.166323 max: 0.383124
Interface Courant Number mean: 0.00189112 max: 0.383124
deltaT = 0.000409727
Time = 0.0359027

PIMPLE: iteration 1
smoothSolver:  Solving for alpha.water, Initial residual = 0.025694, Final residual = 8.22084e-10, No Iterations 3
Phase-1 volume fraction = 0.997786  Min(alpha.water) = 0.272985  Max(alpha.water) = 1.00001
MULES: Correcting alpha.water
MULES: Correcting alpha.water
Phase-1 volume fraction = 0.997786  Min(alpha.water) = 0.272985  Max(alpha.water) = 1.00001
DICPCG:  Solving for p_rgh, Initial residual = 0.0740218, Final residual = 0.00231804, No Iterations 3
DICPCG:  Solving for p_rgh, Initial residual = 0.00231424, Final residual = 0.000106642, No Iterations 10
time step continuity errors : sum local = 3.26388e-07, global = -4.65365e-08, cumulative = -4.91128e-06
DICPCG:  Solving for p_rgh, Initial residual = 0.00207151, Final residual = 9.67253e-05, No Iterations 3
DICPCG:  Solving for p_rgh, Initial residual = 9.67154e-05, Final residual = 4.76018e-06, No Iterations 108
time step continuity errors : sum local = 1.45655e-08, global = -4.10954e-11, cumulative = -4.91132e-06
DICPCG:  Solving for p_rgh, Initial residual = 0.000291052, Final residual = 1.40062e-05, No Iterations 90
DICPCG:  Solving for p_rgh, Initial residual = 1.40288e-05, Final residual = 9.35683e-08, No Iterations 87
time step continuity errors : sum local = 2.85989e-10, global = 2.98809e-11, cumulative = -4.91129e-06
ExecutionTime = 51.29 s  ClockTime = 54 s

Courant Number mean: 0.166326 max: 0.374612
Interface Courant Number mean: 0.00187103 max: 0.374612
deltaT = 0.000455253
Time = 0.036358

PIMPLE: iteration 1
smoothSolver:  Solving for alpha.water, Initial residual = 0.0285726, Final residual = 1.60513e-09, No Iterations 3
Phase-1 volume fraction = 0.997786  Min(alpha.water) = 0.275918  Max(alpha.water) = 1.00001
MULES: Correcting alpha.water
MULES: Correcting alpha.water
Phase-1 volume fraction = 0.997786  Min(alpha.water) = 0.275918  Max(alpha.water) = 1.00001
DICPCG:  Solving for p_rgh, Initial residual = 0.083295, Final residual = 0.00258567, No Iterations 3
DICPCG:  Solving for p_rgh, Initial residual = 0.00260412, Final residual = 0.000125594, No Iterations 9
time step continuity errors : sum local = 4.56858e-07, global = -6.11313e-08, cumulative = -4.97242e-06
DICPCG:  Solving for p_rgh, Initial residual = 0.00247725, Final residual = 0.000105669, No Iterations 3
DICPCG:  Solving for p_rgh, Initial residual = 0.000105657, Final residual = 4.53789e-06, No Iterations 110
time step continuity errors : sum local = 1.65027e-08, global = -3.2771e-11, cumulative = -4.97246e-06
DICPCG:  Solving for p_rgh, Initial residual = 0.000362907, Final residual = 1.7401e-05, No Iterations 94
DICPCG:  Solving for p_rgh, Initial residual = 1.7435e-05, Final residual = 8.82557e-08, No Iterations 115
time step continuity errors : sum local = 3.20588e-10, global = -5.26456e-12, cumulative = -4.97246e-06
ExecutionTime = 51.84 s  ClockTime = 55 s

Courant Number mean: 0.184811 max: 0.419847
Interface Courant Number mean: 0.00206929 max: 0.419847
deltaT = 0.000455253
Time = 0.0368132

PIMPLE: iteration 1
smoothSolver:  Solving for alpha.water, Initial residual = 0.0284824, Final residual = 1.59098e-09, No Iterations 3
Phase-1 volume fraction = 0.997786  Min(alpha.water) = 0.277273  Max(alpha.water) = 1
MULES: Correcting alpha.water
MULES: Correcting alpha.water
Phase-1 volume fraction = 0.997786  Min(alpha.water) = 0.277273  Max(alpha.water) = 1.00001
DICPCG:  Solving for p_rgh, Initial residual = 0.0879632, Final residual = 0.00262222, No Iterations 3
DICPCG:  Solving for p_rgh, Initial residual = 0.00263629, Final residual = 0.00012323, No Iterations 8
time step continuity errors : sum local = 4.42837e-07, global = -6.02327e-08, cumulative = -5.03269e-06
DICPCG:  Solving for p_rgh, Initial residual = 0.00258497, Final residual = 0.000100811, No Iterations 3
DICPCG:  Solving for p_rgh, Initial residual = 0.000100806, Final residual = 4.35926e-06, No Iterations 109
time step continuity errors : sum local = 1.56594e-08, global = -4.06375e-11, cumulative = -5.03273e-06
DICPCG:  Solving for p_rgh, Initial residual = 0.00037416, Final residual = 1.65622e-05, No Iterations 97
DICPCG:  Solving for p_rgh, Initial residual = 1.65957e-05, Final residual = 8.98133e-08, No Iterations 93
time step continuity errors : sum local = 3.224e-10, global = 4.1869e-11, cumulative = -5.03269e-06
ExecutionTime = 52.42 s  ClockTime = 56 s

Courant Number mean: 0.184818 max: 0.419779
Interface Courant Number mean: 0.00211284 max: 0.419779
deltaT = 0.000455253
Time = 0.0372685

PIMPLE: iteration 1
smoothSolver:  Solving for alpha.water, Initial residual = 0.0282935, Final residual = 1.53601e-09, No Iterations 3
Phase-1 volume fraction = 0.997786  Min(alpha.water) = 0.277828  Max(alpha.water) = 1
MULES: Correcting alpha.water
MULES: Correcting alpha.water
Phase-1 volume fraction = 0.997786  Min(alpha.water) = 0.277828  Max(alpha.water) = 1.00001
DICPCG:  Solving for p_rgh, Initial residual = 0.0925832, Final residual = 0.00266834, No Iterations 3
DICPCG:  Solving for p_rgh, Initial residual = 0.00267723, Final residual = 0.000129611, No Iterations 10
time step continuity errors : sum local = 4.61998e-07, global = -5.9576e-08, cumulative = -5.09227e-06
DICPCG:  Solving for p_rgh, Initial residual = 0.00251233, Final residual = 0.000108873, No Iterations 3
DICPCG:  Solving for p_rgh, Initial residual = 0.000108859, Final residual = 5.14307e-06, No Iterations 107
time step continuity errors : sum local = 1.83273e-08, global = 3.69998e-10, cumulative = -5.0919e-06
DICPCG:  Solving for p_rgh, Initial residual = 0.000369291, Final residual = 1.56393e-05, No Iterations 94
DICPCG:  Solving for p_rgh, Initial residual = 1.56718e-05, Final residual = 8.71274e-08, No Iterations 117
time step continuity errors : sum local = 3.10387e-10, global = 1.31247e-12, cumulative = -5.0919e-06
ExecutionTime = 52.99 s  ClockTime = 56 s

Courant Number mean: 0.184834 max: 0.411334
Interface Courant Number mean: 0.0021202 max: 0.411334
deltaT = 0.000455253
Time = 0.0377237

PIMPLE: iteration 1
smoothSolver:  Solving for alpha.water, Initial residual = 0.0284715, Final residual = 1.60012e-09, No Iterations 3
Phase-1 volume fraction = 0.997786  Min(alpha.water) = 0.278451  Max(alpha.water) = 1
MULES: Correcting alpha.water
MULES: Correcting alpha.water
Phase-1 volume fraction = 0.997786  Min(alpha.water) = 0.278451  Max(alpha.water) = 1.00001
DICPCG:  Solving for p_rgh, Initial residual = 0.0897484, Final residual = 0.00280269, No Iterations 3
DICPCG:  Solving for p_rgh, Initial residual = 0.00279194, Final residual = 0.000127935, No Iterations 10
time step continuity errors : sum local = 4.58973e-07, global = -5.91972e-08, cumulative = -5.15109e-06
DICPCG:  Solving for p_rgh, Initial residual = 0.00242235, Final residual = 0.000115336, No Iterations 3
DICPCG:  Solving for p_rgh, Initial residual = 0.000115315, Final residual = 5.67262e-06, No Iterations 70
time step continuity errors : sum local = 2.03459e-08, global = 8.12528e-10, cumulative = -5.15028e-06
DICPCG:  Solving for p_rgh, Initial residual = 0.000356654, Final residual = 1.6657e-05, No Iterations 92
DICPCG:  Solving for p_rgh, Initial residual = 1.66872e-05, Final residual = 7.73278e-08, No Iterations 116
time step continuity errors : sum local = 2.76876e-10, global = -4.74807e-12, cumulative = -5.15029e-06
ExecutionTime = 53.54 s  ClockTime = 57 s

Courant Number mean: 0.18485 max: 0.392216
Interface Courant Number mean: 0.00209529 max: 0.392216
deltaT = 0.000455253
Time = 0.038179

PIMPLE: iteration 1
smoothSolver:  Solving for alpha.water, Initial residual = 0.0286771, Final residual = 1.72899e-09, No Iterations 3
Phase-1 volume fraction = 0.997786  Min(alpha.water) = 0.279334  Max(alpha.water) = 1.00001
MULES: Correcting alpha.water
MULES: Correcting alpha.water
Phase-1 volume fraction = 0.997786  Min(alpha.water) = 0.279334  Max(alpha.water) = 1.00001
DICPCG:  Solving for p_rgh, Initial residual = 0.0809459, Final residual = 0.00271173, No Iterations 3
DICPCG:  Solving for p_rgh, Initial residual = 0.00269849, Final residual = 0.000132885, No Iterations 10
time step continuity errors : sum local = 4.80166e-07, global = -5.88022e-08, cumulative = -5.20909e-06
DICPCG:  Solving for p_rgh, Initial residual = 0.00233805, Final residual = 0.000101216, No Iterations 4
DICPCG:  Solving for p_rgh, Initial residual = 0.000101192, Final residual = 5.0335e-06, No Iterations 70
time step continuity errors : sum local = 1.81856e-08, global = 4.49404e-09, cumulative = -5.20459e-06
DICPCG:  Solving for p_rgh, Initial residual = 0.000340023, Final residual = 1.68466e-05, No Iterations 94
DICPCG:  Solving for p_rgh, Initial residual = 1.68814e-05, Final residual = 8.73162e-08, No Iterations 116
time step continuity errors : sum local = 3.1482e-10, global = 8.87124e-13, cumulative = -5.20459e-06
ExecutionTime = 54.05 s  ClockTime = 57 s

Courant Number mean: 0.184859 max: 0.39758
Interface Courant Number mean: 0.00207411 max: 0.39758
deltaT = 0.000455253
Time = 0.0386342

PIMPLE: iteration 1
smoothSolver:  Solving for alpha.water, Initial residual = 0.0289024, Final residual = 1.82206e-09, No Iterations 3
Phase-1 volume fraction = 0.997786  Min(alpha.water) = 0.280656  Max(alpha.water) = 1
MULES: Correcting alpha.water
MULES: Correcting alpha.water
Phase-1 volume fraction = 0.997786  Min(alpha.water) = 0.280656  Max(alpha.water) = 1
DICPCG:  Solving for p_rgh, Initial residual = 0.0778242, Final residual = 0.00252469, No Iterations 3
DICPCG:  Solving for p_rgh, Initial residual = 0.00253697, Final residual = 0.00012446, No Iterations 8
time step continuity errors : sum local = 4.44247e-07, global = -5.90278e-08, cumulative = -5.26362e-06
DICPCG:  Solving for p_rgh, Initial residual = 0.00233014, Final residual = 0.000108142, No Iterations 3
DICPCG:  Solving for p_rgh, Initial residual = 0.000108118, Final residual = 4.9627e-06, No Iterations 108
time step continuity errors : sum local = 1.77122e-08, global = -1.28413e-11, cumulative = -5.26363e-06
DICPCG:  Solving for p_rgh, Initial residual = 0.000342938, Final residual = 1.47684e-05, No Iterations 100
DICPCG:  Solving for p_rgh, Initial residual = 1.47986e-05, Final residual = 9.41871e-08, No Iterations 69
time step continuity errors : sum local = 3.36028e-10, global = 4.205e-11, cumulative = -5.26359e-06
ExecutionTime = 54.57 s  ClockTime = 58 s

Courant Number mean: 0.184868 max: 0.406115
Interface Courant Number mean: 0.00204098 max: 0.406115
deltaT = 0.000455253
Time = 0.0390895

PIMPLE: iteration 1
smoothSolver:  Solving for alpha.water, Initial residual = 0.0288119, Final residual = 1.93902e-09, No Iterations 3
Phase-1 volume fraction = 0.997786  Min(alpha.water) = 0.282487  Max(alpha.water) = 1
MULES: Correcting alpha.water
MULES: Correcting alpha.water
Phase-1 volume fraction = 0.997786  Min(alpha.water) = 0.282487  Max(alpha.water) = 1
DICPCG:  Solving for p_rgh, Initial residual = 0.0829539, Final residual = 0.00261517, No Iterations 3
DICPCG:  Solving for p_rgh, Initial residual = 0.00262916, Final residual = 0.000115171, No Iterations 10
time step continuity errors : sum local = 4.06405e-07, global = -5.75834e-08, cumulative = -5.32118e-06
DICPCG:  Solving for p_rgh, Initial residual = 0.00242246, Final residual = 0.000104425, No Iterations 3
DICPCG:  Solving for p_rgh, Initial residual = 0.000104408, Final residual = 4.4157e-06, No Iterations 107
time step continuity errors : sum local = 1.55789e-08, global = 3.12955e-10, cumulative = -5.32086e-06
DICPCG:  Solving for p_rgh, Initial residual = 0.000361681, Final residual = 1.61445e-05, No Iterations 96
DICPCG:  Solving for p_rgh, Initial residual = 1.61775e-05, Final residual = 9.71976e-08, No Iterations 91
time step continuity errors : sum local = 3.42855e-10, global = 3.09891e-11, cumulative = -5.32083e-06
ExecutionTime = 55.11 s  ClockTime = 58 s

Courant Number mean: 0.184878 max: 0.394242
Interface Courant Number mean: 0.00211627 max: 0.394242
deltaT = 0.000455253
Time = 0.0395447

PIMPLE: iteration 1
smoothSolver:  Solving for alpha.water, Initial residual = 0.0287506, Final residual = 1.98657e-09, No Iterations 3
Phase-1 volume fraction = 0.997786  Min(alpha.water) = 0.284973  Max(alpha.water) = 1
MULES: Correcting alpha.water
MULES: Correcting alpha.water
Phase-1 volume fraction = 0.997786  Min(alpha.water) = 0.284973  Max(alpha.water) = 1
DICPCG:  Solving for p_rgh, Initial residual = 0.0894456, Final residual = 0.00276993, No Iterations 3
DICPCG:  Solving for p_rgh, Initial residual = 0.00277591, Final residual = 0.000130778, No Iterations 8
time step continuity errors : sum local = 4.59252e-07, global = -5.71918e-08, cumulative = -5.37802e-06
DICPCG:  Solving for p_rgh, Initial residual = 0.00255572, Final residual = 9.93699e-05, No Iterations 3
DICPCG:  Solving for p_rgh, Initial residual = 9.936e-05, Final residual = 4.61463e-06, No Iterations 96
time step continuity errors : sum local = 1.62004e-08, global = 1.39159e-10, cumulative = -5.37788e-06
DICPCG:  Solving for p_rgh, Initial residual = 0.000372708, Final residual = 1.67517e-05, No Iterations 99
DICPCG:  Solving for p_rgh, Initial residual = 1.67852e-05, Final residual = 9.48971e-08, No Iterations 92
time step continuity errors : sum local = 3.33036e-10, global = 2.66746e-11, cumulative = -5.37786e-06
ExecutionTime = 55.62 s  ClockTime = 59 s

Courant Number mean: 0.184889 max: 0.36748
Interface Courant Number mean: 0.00209617 max: 0.36748
deltaT = 0.000455253
Time = 0.04

PIMPLE: iteration 1
smoothSolver:  Solving for alpha.water, Initial residual = 0.0286366, Final residual = 2.04213e-09, No Iterations 3
Phase-1 volume fraction = 0.997786  Min(alpha.water) = 0.286685  Max(alpha.water) = 1
MULES: Correcting alpha.water
MULES: Correcting alpha.water
Phase-1 volume fraction = 0.997786  Min(alpha.water) = 0.286685  Max(alpha.water) = 1.00001
DICPCG:  Solving for p_rgh, Initial residual = 0.0925011, Final residual = 0.0029052, No Iterations 3
DICPCG:  Solving for p_rgh, Initial residual = 0.00290832, Final residual = 0.000121895, No Iterations 10
time step continuity errors : sum local = 4.2675e-07, global = -5.67055e-08, cumulative = -5.43456e-06
DICPCG:  Solving for p_rgh, Initial residual = 0.00252404, Final residual = 0.000105827, No Iterations 3
DICPCG:  Solving for p_rgh, Initial residual = 0.000105829, Final residual = 5.09557e-06, No Iterations 76
time step continuity errors : sum local = 1.78299e-08, global = -2.81442e-09, cumulative = -5.43738e-06
DICPCG:  Solving for p_rgh, Initial residual = 0.000364978, Final residual = 1.77006e-05, No Iterations 98
DICPCG:  Solving for p_rgh, Initial residual = 1.77266e-05, Final residual = 9.87937e-08, No Iterations 116
time step continuity errors : sum local = 3.45226e-10, global = 5.94312e-13, cumulative = -5.43738e-06
ExecutionTime = 56.38 s  ClockTime = 60 s

Courant Number mean: 0.184902 max: 0.369409
Interface Courant Number mean: 0.0020774 max: 0.369409
deltaT = 0.000487805
Time = 0.0404878

PIMPLE: iteration 1
smoothSolver:  Solving for alpha.water, Initial residual = 0.0308372, Final residual = 3.2706e-09, No Iterations 3
Phase-1 volume fraction = 0.997786  Min(alpha.water) = 0.287396  Max(alpha.water) = 1
MULES: Correcting alpha.water
MULES: Correcting alpha.water
Phase-1 volume fraction = 0.997786  Min(alpha.water) = 0.287396  Max(alpha.water) = 1.00001
DICPCG:  Solving for p_rgh, Initial residual = 0.0945729, Final residual = 0.00302886, No Iterations 3
DICPCG:  Solving for p_rgh, Initial residual = 0.00304219, Final residual = 0.000119147, No Iterations 10
time step continuity errors : sum local = 4.65926e-07, global = -6.69572e-08, cumulative = -5.50433e-06
DICPCG:  Solving for p_rgh, Initial residual = 0.00253319, Final residual = 0.000120794, No Iterations 3
DICPCG:  Solving for p_rgh, Initial residual = 0.000120779, Final residual = 5.96513e-06, No Iterations 110
time step continuity errors : sum local = 2.3317e-08, global = -2.01428e-11, cumulative = -5.50435e-06
DICPCG:  Solving for p_rgh, Initial residual = 0.000378742, Final residual = 1.79926e-05, No Iterations 99
DICPCG:  Solving for p_rgh, Initial residual = 1.80294e-05, Final residual = 9.93616e-08, No Iterations 91
time step continuity errors : sum local = 3.87936e-10, global = 4.59784e-11, cumulative = -5.50431e-06
ExecutionTime = 56.95 s  ClockTime = 61 s

Courant Number mean: 0.198143 max: 0.40352
Interface Courant Number mean: 0.00224169 max: 0.40352
deltaT = 0.000487805
Time = 0.0409756

PIMPLE: iteration 1
smoothSolver:  Solving for alpha.water, Initial residual = 0.031302, Final residual = 3.57926e-09, No Iterations 3
Phase-1 volume fraction = 0.997786  Min(alpha.water) = 0.288012  Max(alpha.water) = 1
MULES: Correcting alpha.water
MULES: Correcting alpha.water
Phase-1 volume fraction = 0.997786  Min(alpha.water) = 0.288012  Max(alpha.water) = 1.00001
DICPCG:  Solving for p_rgh, Initial residual = 0.0901888, Final residual = 0.00295962, No Iterations 3
DICPCG:  Solving for p_rgh, Initial residual = 0.00296839, Final residual = 0.000142497, No Iterations 9
time step continuity errors : sum local = 5.52425e-07, global = -6.64376e-08, cumulative = -5.57075e-06
DICPCG:  Solving for p_rgh, Initial residual = 0.00251372, Final residual = 0.000113154, No Iterations 3
DICPCG:  Solving for p_rgh, Initial residual = 0.000113138, Final residual = 4.89999e-06, No Iterations 107
time step continuity errors : sum local = 1.89882e-08, global = -3.35077e-10, cumulative = -5.57108e-06
DICPCG:  Solving for p_rgh, Initial residual = 0.000375445, Final residual = 1.72449e-05, No Iterations 99
DICPCG:  Solving for p_rgh, Initial residual = 1.72818e-05, Final residual = 9.4814e-08, No Iterations 91
time step continuity errors : sum local = 3.67185e-10, global = 4.03116e-11, cumulative = -5.57104e-06
ExecutionTime = 57.55 s  ClockTime = 61 s

Courant Number mean: 0.198159 max: 0.392202
Interface Courant Number mean: 0.00226925 max: 0.392202
deltaT = 0.000500642
Time = 0.0414763

PIMPLE: iteration 1
smoothSolver:  Solving for alpha.water, Initial residual = 0.0324468, Final residual = 4.45176e-09, No Iterations 3
Phase-1 volume fraction = 0.997786  Min(alpha.water) = 0.288898  Max(alpha.water) = 1
MULES: Correcting alpha.water
MULES: Correcting alpha.water
Phase-1 volume fraction = 0.997786  Min(alpha.water) = 0.288898  Max(alpha.water) = 1
DICPCG:  Solving for p_rgh, Initial residual = 0.0916539, Final residual = 0.00309369, No Iterations 3
DICPCG:  Solving for p_rgh, Initial residual = 0.00310342, Final residual = 0.000150847, No Iterations 13
time step continuity errors : sum local = 6.07353e-07, global = -7.04831e-08, cumulative = -5.64152e-06
DICPCG:  Solving for p_rgh, Initial residual = 0.00262212, Final residual = 0.000128767, No Iterations 3
DICPCG:  Solving for p_rgh, Initial residual = 0.000128732, Final residual = 5.23738e-06, No Iterations 107
time step continuity errors : sum local = 2.10841e-08, global = 1.3982e-10, cumulative = -5.64138e-06
DICPCG:  Solving for p_rgh, Initial residual = 0.000403016, Final residual = 1.95548e-05, No Iterations 90
DICPCG:  Solving for p_rgh, Initial residual = 1.95977e-05, Final residual = 8.47694e-08, No Iterations 116
time step continuity errors : sum local = 3.41021e-10, global = -9.86102e-13, cumulative = -5.64138e-06
ExecutionTime = 58.11 s  ClockTime = 62 s

Courant Number mean: 0.203389 max: 0.37727
Interface Courant Number mean: 0.00234193 max: 0.37727
deltaT = 0.00052925
Time = 0.0420055

PIMPLE: iteration 1
smoothSolver:  Solving for alpha.water, Initial residual = 0.0341156, Final residual = 6.43832e-09, No Iterations 3
Phase-1 volume fraction = 0.997786  Min(alpha.water) = 0.290428  Max(alpha.water) = 1
MULES: Correcting alpha.water
MULES: Correcting alpha.water
Phase-1 volume fraction = 0.997786  Min(alpha.water) = 0.290428  Max(alpha.water) = 1
DICPCG:  Solving for p_rgh, Initial residual = 0.096259, Final residual = 0.00327625, No Iterations 3
DICPCG:  Solving for p_rgh, Initial residual = 0.00329943, Final residual = 0.000157967, No Iterations 10
time step continuity errors : sum local = 6.90582e-07, global = -8.07681e-08, cumulative = -5.72215e-06
DICPCG:  Solving for p_rgh, Initial residual = 0.00278588, Final residual = 0.000136017, No Iterations 3
DICPCG:  Solving for p_rgh, Initial residual = 0.000135979, Final residual = 6.50621e-06, No Iterations 110
time step continuity errors : sum local = 2.84385e-08, global = 1.1647e-10, cumulative = -5.72204e-06
DICPCG:  Solving for p_rgh, Initial residual = 0.000447719, Final residual = 1.96363e-05, No Iterations 99
DICPCG:  Solving for p_rgh, Initial residual = 1.96852e-05, Final residual = 9.82779e-08, No Iterations 94
time step continuity errors : sum local = 4.29374e-10, global = 4.32651e-11, cumulative = -5.72199e-06
ExecutionTime = 58.91 s  ClockTime = 63 s

Courant Number mean: 0.215026 max: 0.381822
Interface Courant Number mean: 0.00239961 max: 0.381822
deltaT = 0.000562328
Time = 0.0425678

PIMPLE: iteration 1
smoothSolver:  Solving for alpha.water, Initial residual = 0.0357367, Final residual = 9.4499e-09, No Iterations 3
Phase-1 volume fraction = 0.997786  Min(alpha.water) = 0.292953  Max(alpha.water) = 1
MULES: Correcting alpha.water
MULES: Correcting alpha.water
Phase-1 volume fraction = 0.997786  Min(alpha.water) = 0.292953  Max(alpha.water) = 1
DICPCG:  Solving for p_rgh, Initial residual = 0.1046, Final residual = 0.00357281, No Iterations 3
DICPCG:  Solving for p_rgh, Initial residual = 0.00357999, Final residual = 0.000155932, No Iterations 9
time step continuity errors : sum local = 7.54019e-07, global = -9.30442e-08, cumulative = -5.81504e-06
DICPCG:  Solving for p_rgh, Initial residual = 0.00293282, Final residual = 0.000126937, No Iterations 3
DICPCG:  Solving for p_rgh, Initial residual = 0.000126907, Final residual = 5.56958e-06, No Iterations 110
time step continuity errors : sum local = 2.69259e-08, global = -1.52317e-10, cumulative = -5.81519e-06
DICPCG:  Solving for p_rgh, Initial residual = 0.000470271, Final residual = 2.31709e-05, No Iterations 99
DICPCG:  Solving for p_rgh, Initial residual = 2.32316e-05, Final residual = 8.88141e-08, No Iterations 95
time step continuity errors : sum local = 4.29047e-10, global = 6.63309e-11, cumulative = -5.81512e-06
ExecutionTime = 59.44 s  ClockTime = 63 s

Courant Number mean: 0.228483 max: 0.412198
Interface Courant Number mean: 0.00256863 max: 0.412198
deltaT = 0.000544755
Time = 0.0431126

PIMPLE: iteration 1
smoothSolver:  Solving for alpha.water, Initial residual = 0.0344284, Final residual = 8.30258e-09, No Iterations 3
Phase-1 volume fraction = 0.997786  Min(alpha.water) = 0.296324  Max(alpha.water) = 1
MULES: Correcting alpha.water
MULES: Correcting alpha.water
Phase-1 volume fraction = 0.997786  Min(alpha.water) = 0.296324  Max(alpha.water) = 1.00002
DICPCG:  Solving for p_rgh, Initial residual = 0.104314, Final residual = 0.00348015, No Iterations 3
DICPCG:  Solving for p_rgh, Initial residual = 0.00348318, Final residual = 0.000167717, No Iterations 9
time step continuity errors : sum local = 7.64973e-07, global = -8.42381e-08, cumulative = -5.89936e-06
DICPCG:  Solving for p_rgh, Initial residual = 0.00289719, Final residual = 0.000119834, No Iterations 4
DICPCG:  Solving for p_rgh, Initial residual = 0.000119816, Final residual = 5.7492e-06, No Iterations 108
time step continuity errors : sum local = 2.62115e-08, global = -1.36512e-10, cumulative = -5.8995e-06
DICPCG:  Solving for p_rgh, Initial residual = 0.000455165, Final residual = 2.05913e-05, No Iterations 100
DICPCG:  Solving for p_rgh, Initial residual = 2.06428e-05, Final residual = 9.57696e-08, No Iterations 95
time step continuity errors : sum local = 4.36387e-10, global = 6.03278e-11, cumulative = -5.89944e-06
ExecutionTime = 59.99 s  ClockTime = 64 s

Courant Number mean: 0.221363 max: 0.39672
Interface Courant Number mean: 0.00255862 max: 0.39672
deltaT = 0.000544755
Time = 0.0436573

PIMPLE: iteration 1
smoothSolver:  Solving for alpha.water, Initial residual = 0.0346145, Final residual = 9.04214e-09, No Iterations 3
Phase-1 volume fraction = 0.997786  Min(alpha.water) = 0.297812  Max(alpha.water) = 1
MULES: Correcting alpha.water
MULES: Correcting alpha.water
Phase-1 volume fraction = 0.997786  Min(alpha.water) = 0.297812  Max(alpha.water) = 1.00001
DICPCG:  Solving for p_rgh, Initial residual = 0.102024, Final residual = 0.00352438, No Iterations 3
DICPCG:  Solving for p_rgh, Initial residual = 0.00355177, Final residual = 0.000164628, No Iterations 9
time step continuity errors : sum local = 7.38296e-07, global = -8.37926e-08, cumulative = -5.98323e-06
DICPCG:  Solving for p_rgh, Initial residual = 0.00288137, Final residual = 0.000120215, No Iterations 4
DICPCG:  Solving for p_rgh, Initial residual = 0.000120191, Final residual = 5.10844e-06, No Iterations 110
time step continuity errors : sum local = 2.29008e-08, global = 5.2142e-11, cumulative = -5.98318e-06
DICPCG:  Solving for p_rgh, Initial residual = 0.000463284, Final residual = 2.07001e-05, No Iterations 99
DICPCG:  Solving for p_rgh, Initial residual = 2.07504e-05, Final residual = 7.35144e-08, No Iterations 118
time step continuity errors : sum local = 3.29269e-10, global = -3.18785e-12, cumulative = -5.98318e-06
ExecutionTime = 60.54 s  ClockTime = 64 s

Courant Number mean: 0.221385 max: 0.399323
Interface Courant Number mean: 0.00253935 max: 0.399323
deltaT = 0.000544755
Time = 0.0442021

PIMPLE: iteration 1
smoothSolver:  Solving for alpha.water, Initial residual = 0.0349201, Final residual = 9.94234e-09, No Iterations 3
Phase-1 volume fraction = 0.997786  Min(alpha.water) = 0.298466  Max(alpha.water) = 1
MULES: Correcting alpha.water
MULES: Correcting alpha.water
Phase-1 volume fraction = 0.997786  Min(alpha.water) = 0.298466  Max(alpha.water) = 1.00001
DICPCG:  Solving for p_rgh, Initial residual = 0.105156, Final residual = 0.00352478, No Iterations 3
DICPCG:  Solving for p_rgh, Initial residual = 0.00354741, Final residual = 0.000168097, No Iterations 10
time step continuity errors : sum local = 7.42859e-07, global = -8.31412e-08, cumulative = -6.06632e-06
DICPCG:  Solving for p_rgh, Initial residual = 0.00278126, Final residual = 0.000117504, No Iterations 4
DICPCG:  Solving for p_rgh, Initial residual = 0.000117478, Final residual = 4.95605e-06, No Iterations 112
time step continuity errors : sum local = 2.18939e-08, global = 1.04624e-10, cumulative = -6.06622e-06
DICPCG:  Solving for p_rgh, Initial residual = 0.000452648, Final residual = 2.10422e-05, No Iterations 99
DICPCG:  Solving for p_rgh, Initial residual = 2.10932e-05, Final residual = 9.56207e-08, No Iterations 118
time step continuity errors : sum local = 4.21967e-10, global = -5.11267e-13, cumulative = -6.06622e-06
ExecutionTime = 61.14 s  ClockTime = 65 s

Courant Number mean: 0.221411 max: 0.410786
Interface Courant Number mean: 0.00257095 max: 0.410786
deltaT = 0.000526597
Time = 0.0447287

PIMPLE: iteration 1
smoothSolver:  Solving for alpha.water, Initial residual = 0.0342153, Final residual = 8.8078e-09, No Iterations 3
Phase-1 volume fraction = 0.997786  Min(alpha.water) = 0.299249  Max(alpha.water) = 1.00001
MULES: Correcting alpha.water
MULES: Correcting alpha.water
Phase-1 volume fraction = 0.997786  Min(alpha.water) = 0.299249  Max(alpha.water) = 1.00001
DICPCG:  Solving for p_rgh, Initial residual = 0.101028, Final residual = 0.00337223, No Iterations 3
DICPCG:  Solving for p_rgh, Initial residual = 0.00340443, Final residual = 0.000158087, No Iterations 13
time step continuity errors : sum local = 6.4514e-07, global = -7.53161e-08, cumulative = -6.14153e-06
DICPCG:  Solving for p_rgh, Initial residual = 0.00269937, Final residual = 0.000116654, No Iterations 4
DICPCG:  Solving for p_rgh, Initial residual = 0.000116613, Final residual = 5.5332e-06, No Iterations 107
time step continuity errors : sum local = 2.25811e-08, global = -8.21988e-11, cumulative = -6.14162e-06
DICPCG:  Solving for p_rgh, Initial residual = 0.000414178, Final residual = 1.96178e-05, No Iterations 99
DICPCG:  Solving for p_rgh, Initial residual = 1.96655e-05, Final residual = 9.91156e-08, No Iterations 93
time step continuity errors : sum local = 4.04309e-10, global = 5.03852e-11, cumulative = -6.14157e-06
ExecutionTime = 62.18 s  ClockTime = 66 s

Courant Number mean: 0.214054 max: 0.404932
Interface Courant Number mean: 0.00249428 max: 0.404932
deltaT = 0.000526597
Time = 0.0452553

PIMPLE: iteration 1
smoothSolver:  Solving for alpha.water, Initial residual = 0.0339255, Final residual = 9.96942e-09, No Iterations 3
Phase-1 volume fraction = 0.997786  Min(alpha.water) = 0.30038  Max(alpha.water) = 1
MULES: Correcting alpha.water
MULES: Correcting alpha.water
Phase-1 volume fraction = 0.997786  Min(alpha.water) = 0.30038  Max(alpha.water) = 1.00001
DICPCG:  Solving for p_rgh, Initial residual = 0.0983074, Final residual = 0.00338525, No Iterations 3
DICPCG:  Solving for p_rgh, Initial residual = 0.00336597, Final residual = 0.000159977, No Iterations 27
time step continuity errors : sum local = 6.59966e-07, global = -7.49291e-08, cumulative = -6.2165e-06
DICPCG:  Solving for p_rgh, Initial residual = 0.00280479, Final residual = 0.000109384, No Iterations 4
DICPCG:  Solving for p_rgh, Initial residual = 0.000109347, Final residual = 5.2055e-06, No Iterations 89
time step continuity errors : sum local = 2.14794e-08, global = -5.35776e-10, cumulative = -6.21703e-06
DICPCG:  Solving for p_rgh, Initial residual = 0.000435147, Final residual = 2.09021e-05, No Iterations 97
DICPCG:  Solving for p_rgh, Initial residual = 2.09499e-05, Final residual = 8.37039e-08, No Iterations 118
time step continuity errors : sum local = 3.45156e-10, global = -4.64801e-12, cumulative = -6.21704e-06
ExecutionTime = 62.79 s  ClockTime = 67 s

Courant Number mean: 0.214081 max: 0.397256
Interface Courant Number mean: 0.00251901 max: 0.397256
deltaT = 0.000526597
Time = 0.0457819

PIMPLE: iteration 1
smoothSolver:  Solving for alpha.water, Initial residual = 0.0335065, Final residual = 5.48864e-11, No Iterations 4
Phase-1 volume fraction = 0.997786  Min(alpha.water) = 0.30212  Max(alpha.water) = 1
MULES: Correcting alpha.water
MULES: Correcting alpha.water
Phase-1 volume fraction = 0.997786  Min(alpha.water) = 0.30212  Max(alpha.water) = 1.00001
DICPCG:  Solving for p_rgh, Initial residual = 0.10245, Final residual = 0.00342143, No Iterations 3
DICPCG:  Solving for p_rgh, Initial residual = 0.00341894, Final residual = 0.000161976, No Iterations 13
time step continuity errors : sum local = 6.68294e-07, global = -7.4069e-08, cumulative = -6.2911e-06
DICPCG:  Solving for p_rgh, Initial residual = 0.0028325, Final residual = 0.000112622, No Iterations 4
DICPCG:  Solving for p_rgh, Initial residual = 0.000112589, Final residual = 5.56484e-06, No Iterations 108
time step continuity errors : sum local = 2.29583e-08, global = 2.99769e-10, cumulative = -6.2908e-06
DICPCG:  Solving for p_rgh, Initial residual = 0.000448408, Final residual = 2.06113e-05, No Iterations 100
DICPCG:  Solving for p_rgh, Initial residual = 2.06572e-05, Final residual = 8.78279e-08, No Iterations 118
time step continuity errors : sum local = 3.61997e-10, global = -3.63696e-12, cumulative = -6.29081e-06
ExecutionTime = 63.4 s  ClockTime = 67 s

Courant Number mean: 0.214118 max: 0.401536
Interface Courant Number mean: 0.00248541 max: 0.401536
deltaT = 0.000526597
Time = 0.0463085

PIMPLE: iteration 1
smoothSolver:  Solving for alpha.water, Initial residual = 0.0335154, Final residual = 7.31785e-11, No Iterations 4
Phase-1 volume fraction = 0.997786  Min(alpha.water) = 0.304638  Max(alpha.water) = 1
MULES: Correcting alpha.water
MULES: Correcting alpha.water
Phase-1 volume fraction = 0.997786  Min(alpha.water) = 0.304638  Max(alpha.water) = 1.00001
DICPCG:  Solving for p_rgh, Initial residual = 0.105367, Final residual = 0.00349609, No Iterations 3
DICPCG:  Solving for p_rgh, Initial residual = 0.00350354, Final residual = 0.000167358, No Iterations 11
time step continuity errors : sum local = 6.85822e-07, global = -7.36974e-08, cumulative = -6.36451e-06
DICPCG:  Solving for p_rgh, Initial residual = 0.00265036, Final residual = 0.000119673, No Iterations 5
DICPCG:  Solving for p_rgh, Initial residual = 0.000119643, Final residual = 5.16705e-06, No Iterations 111
time step continuity errors : sum local = 2.11697e-08, global = 6.66195e-11, cumulative = -6.36444e-06
DICPCG:  Solving for p_rgh, Initial residual = 0.000412747, Final residual = 2.05887e-05, No Iterations 101
DICPCG:  Solving for p_rgh, Initial residual = 2.06328e-05, Final residual = 8.39254e-08, No Iterations 118
time step continuity errors : sum local = 3.43351e-10, global = -1.34994e-12, cumulative = -6.36444e-06
ExecutionTime = 63.96 s  ClockTime = 68 s

Courant Number mean: 0.214154 max: 0.433552
Interface Courant Number mean: 0.00250845 max: 0.433552
deltaT = 0.000488983
Time = 0.0467975

PIMPLE: iteration 1
smoothSolver:  Solving for alpha.water, Initial residual = 0.0315786, Final residual = 9.81283e-09, No Iterations 3
Phase-1 volume fraction = 0.997786  Min(alpha.water) = 0.306769  Max(alpha.water) = 1
MULES: Correcting alpha.water
MULES: Correcting alpha.water
Phase-1 volume fraction = 0.997786  Min(alpha.water) = 0.306769  Max(alpha.water) = 1
DICPCG:  Solving for p_rgh, Initial residual = 0.0954667, Final residual = 0.00318812, No Iterations 3
DICPCG:  Solving for p_rgh, Initial residual = 0.00319668, Final residual = 0.000146905, No Iterations 11
time step continuity errors : sum local = 5.2435e-07, global = -6.01372e-08, cumulative = -6.42458e-06
DICPCG:  Solving for p_rgh, Initial residual = 0.00242222, Final residual = 0.000118179, No Iterations 5
DICPCG:  Solving for p_rgh, Initial residual = 0.00011815, Final residual = 5.23202e-06, No Iterations 109
time step continuity errors : sum local = 1.86728e-08, global = 1.56145e-10, cumulative = -6.42442e-06
DICPCG:  Solving for p_rgh, Initial residual = 0.00035954, Final residual = 1.69695e-05, No Iterations 90
DICPCG:  Solving for p_rgh, Initial residual = 1.70031e-05, Final residual = 8.48113e-08, No Iterations 119
time step continuity errors : sum local = 3.02433e-10, global = 3.32172e-12, cumulative = -6.42442e-06
ExecutionTime = 64.64 s  ClockTime = 68 s

Courant Number mean: 0.198881 max: 0.419614
Interface Courant Number mean: 0.00244601 max: 0.419614
deltaT = 0.000471519
Time = 0.047269

PIMPLE: iteration 1
smoothSolver:  Solving for alpha.water, Initial residual = 0.0304677, Final residual = 9.64001e-09, No Iterations 3
Phase-1 volume fraction = 0.997786  Min(alpha.water) = 0.307585  Max(alpha.water) = 1
MULES: Correcting alpha.water
MULES: Correcting alpha.water
Phase-1 volume fraction = 0.997786  Min(alpha.water) = 0.307585  Max(alpha.water) = 1
DICPCG:  Solving for p_rgh, Initial residual = 0.0876184, Final residual = 0.00300785, No Iterations 3
DICPCG:  Solving for p_rgh, Initial residual = 0.00301673, Final residual = 0.000140485, No Iterations 15
time step continuity errors : sum local = 4.66873e-07, global = -5.46224e-08, cumulative = -6.47904e-06
DICPCG:  Solving for p_rgh, Initial residual = 0.0023597, Final residual = 0.000115981, No Iterations 4
DICPCG:  Solving for p_rgh, Initial residual = 0.000115962, Final residual = 4.8727e-06, No Iterations 108
time step continuity errors : sum local = 1.61906e-08, global = 1.74074e-11, cumulative = -6.47902e-06
DICPCG:  Solving for p_rgh, Initial residual = 0.000347501, Final residual = 1.54123e-05, No Iterations 99
DICPCG:  Solving for p_rgh, Initial residual = 1.54435e-05, Final residual = 9.22797e-08, No Iterations 92
time step continuity errors : sum local = 3.06602e-10, global = 4.01235e-11, cumulative = -6.47898e-06
ExecutionTime = 65.22 s  ClockTime = 69 s

Courant Number mean: 0.191801 max: 0.403591
Interface Courant Number mean: 0.00237092 max: 0.403591
deltaT = 0.000471519
Time = 0.0477405

PIMPLE: iteration 1
smoothSolver:  Solving for alpha.water, Initial residual = 0.0302986, Final residual = 9.26675e-11, No Iterations 4
Phase-1 volume fraction = 0.997786  Min(alpha.water) = 0.308036  Max(alpha.water) = 1
MULES: Correcting alpha.water
MULES: Correcting alpha.water
Phase-1 volume fraction = 0.997786  Min(alpha.water) = 0.308036  Max(alpha.water) = 1.00001
DICPCG:  Solving for p_rgh, Initial residual = 0.0940052, Final residual = 0.003084, No Iterations 3
DICPCG:  Solving for p_rgh, Initial residual = 0.00309893, Final residual = 0.000147894, No Iterations 10
time step continuity errors : sum local = 4.86413e-07, global = -5.43505e-08, cumulative = -6.53333e-06
DICPCG:  Solving for p_rgh, Initial residual = 0.00250954, Final residual = 0.000109693, No Iterations 4
DICPCG:  Solving for p_rgh, Initial residual = 0.00010967, Final residual = 4.40164e-06, No Iterations 112
time step continuity errors : sum local = 1.44747e-08, global = 3.21711e-11, cumulative = -6.5333e-06
DICPCG:  Solving for p_rgh, Initial residual = 0.000373177, Final residual = 1.55262e-05, No Iterations 102
DICPCG:  Solving for p_rgh, Initial residual = 1.55559e-05, Final residual = 9.80599e-08, No Iterations 89
time step continuity errors : sum local = 3.22262e-10, global = 3.63476e-11, cumulative = -6.53327e-06
ExecutionTime = 65.84 s  ClockTime = 70 s

Courant Number mean: 0.191829 max: 0.402892
Interface Courant Number mean: 0.0022864 max: 0.402892
deltaT = 0.000471519
Time = 0.048212

PIMPLE: iteration 1
smoothSolver:  Solving for alpha.water, Initial residual = 0.0303423, Final residual = 1.39268e-10, No Iterations 4
Phase-1 volume fraction = 0.997786  Min(alpha.water) = 0.308612  Max(alpha.water) = 1
MULES: Correcting alpha.water
MULES: Correcting alpha.water
Phase-1 volume fraction = 0.997786  Min(alpha.water) = 0.308612  Max(alpha.water) = 1.00001
DICPCG:  Solving for p_rgh, Initial residual = 0.0998051, Final residual = 0.00310619, No Iterations 3
DICPCG:  Solving for p_rgh, Initial residual = 0.00311189, Final residual = 0.000154907, No Iterations 28
time step continuity errors : sum local = 5.06838e-07, global = -5.42618e-08, cumulative = -6.58753e-06
DICPCG:  Solving for p_rgh, Initial residual = 0.00260603, Final residual = 0.000116553, No Iterations 4
DICPCG:  Solving for p_rgh, Initial residual = 0.000116526, Final residual = 5.1918e-06, No Iterations 107
time step continuity errors : sum local = 1.69892e-08, global = 4.76939e-11, cumulative = -6.58748e-06
DICPCG:  Solving for p_rgh, Initial residual = 0.000382067, Final residual = 1.88834e-05, No Iterations 98
DICPCG:  Solving for p_rgh, Initial residual = 1.89176e-05, Final residual = 7.80447e-08, No Iterations 118
time step continuity errors : sum local = 2.55107e-10, global = -1.84997e-14, cumulative = -6.58748e-06
ExecutionTime = 66.46 s  ClockTime = 70 s

Courant Number mean: 0.191863 max: 0.40357
Interface Courant Number mean: 0.0022596 max: 0.40357
deltaT = 0.000471519
Time = 0.0486835

PIMPLE: iteration 1
smoothSolver:  Solving for alpha.water, Initial residual = 0.0304891, Final residual = 2.13249e-10, No Iterations 4
Phase-1 volume fraction = 0.997786  Min(alpha.water) = 0.309425  Max(alpha.water) = 1
MULES: Correcting alpha.water
MULES: Correcting alpha.water
Phase-1 volume fraction = 0.997786  Min(alpha.water) = 0.309425  Max(alpha.water) = 1.00001
DICPCG:  Solving for p_rgh, Initial residual = 0.0958281, Final residual = 0.0031891, No Iterations 3
DICPCG:  Solving for p_rgh, Initial residual = 0.00319466, Final residual = 0.00015856, No Iterations 21
time step continuity errors : sum local = 5.1595e-07, global = -5.36107e-08, cumulative = -6.64109e-06
DICPCG:  Solving for p_rgh, Initial residual = 0.00244876, Final residual = 0.000113845, No Iterations 5
DICPCG:  Solving for p_rgh, Initial residual = 0.000113818, Final residual = 5.34615e-06, No Iterations 63
time step continuity errors : sum local = 1.73961e-08, global = 6.40027e-10, cumulative = -6.64045e-06
DICPCG:  Solving for p_rgh, Initial residual = 0.000356696, Final residual = 1.58912e-05, No Iterations 96
DICPCG:  Solving for p_rgh, Initial residual = 1.59184e-05, Final residual = 8.60008e-08, No Iterations 117
time step continuity errors : sum local = 2.7939e-10, global = 5.56115e-12, cumulative = -6.64044e-06
ExecutionTime = 67.01 s  ClockTime = 71 s

Courant Number mean: 0.191897 max: 0.413553
Interface Courant Number mean: 0.00234932 max: 0.413553
deltaT = 0.000452658
Time = 0.0491362

PIMPLE: iteration 1
smoothSolver:  Solving for alpha.water, Initial residual = 0.0291269, Final residual = 2.34528e-10, No Iterations 4
Phase-1 volume fraction = 0.997786  Min(alpha.water) = 0.31056  Max(alpha.water) = 1
MULES: Correcting alpha.water
MULES: Correcting alpha.water
Phase-1 volume fraction = 0.997786  Min(alpha.water) = 0.31056  Max(alpha.water) = 1.00001
DICPCG:  Solving for p_rgh, Initial residual = 0.0860427, Final residual = 0.00300209, No Iterations 3
DICPCG:  Solving for p_rgh, Initial residual = 0.00300293, Final residual = 0.000144739, No Iterations 11
time step continuity errors : sum local = 4.3659e-07, global = -4.78771e-08, cumulative = -6.68832e-06
DICPCG:  Solving for p_rgh, Initial residual = 0.00222206, Final residual = 9.93234e-05, No Iterations 6
DICPCG:  Solving for p_rgh, Initial residual = 9.92964e-05, Final residual = 4.45436e-06, No Iterations 108
time step continuity errors : sum local = 1.34365e-08, global = -4.0892e-11, cumulative = -6.68836e-06
DICPCG:  Solving for p_rgh, Initial residual = 0.000323408, Final residual = 1.461e-05, No Iterations 102
DICPCG:  Solving for p_rgh, Initial residual = 1.46363e-05, Final residual = 9.5368e-08, No Iterations 82
time step continuity errors : sum local = 2.8751e-10, global = 3.36194e-11, cumulative = -6.68833e-06
ExecutionTime = 67.54 s  ClockTime = 71 s

Courant Number mean: 0.184251 max: 0.392782
Interface Courant Number mean: 0.00219724 max: 0.392782
deltaT = 0.000452658
Time = 0.0495889

PIMPLE: iteration 1
smoothSolver:  Solving for alpha.water, Initial residual = 0.0288754, Final residual = 3.41034e-10, No Iterations 4
Phase-1 volume fraction = 0.997786  Min(alpha.water) = 0.31217  Max(alpha.water) = 1
MULES: Correcting alpha.water
MULES: Correcting alpha.water
Phase-1 volume fraction = 0.997786  Min(alpha.water) = 0.31217  Max(alpha.water) = 1.00001
DICPCG:  Solving for p_rgh, Initial residual = 0.084737, Final residual = 0.0029523, No Iterations 3
DICPCG:  Solving for p_rgh, Initial residual = 0.00295634, Final residual = 0.000135504, No Iterations 10
time step continuity errors : sum local = 4.0699e-07, global = -4.75762e-08, cumulative = -6.73591e-06
DICPCG:  Solving for p_rgh, Initial residual = 0.00220553, Final residual = 9.38287e-05, No Iterations 5
DICPCG:  Solving for p_rgh, Initial residual = 9.38116e-05, Final residual = 4.34566e-06, No Iterations 111
time step continuity errors : sum local = 1.30501e-08, global = 7.399e-11, cumulative = -6.73583e-06
DICPCG:  Solving for p_rgh, Initial residual = 0.000326591, Final residual = 1.5162e-05, No Iterations 102
DICPCG:  Solving for p_rgh, Initial residual = 1.51892e-05, Final residual = 9.69594e-08, No Iterations 88
time step continuity errors : sum local = 2.91004e-10, global = 3.26929e-11, cumulative = -6.7358e-06
ExecutionTime = 68.08 s  ClockTime = 72 s

Courant Number mean: 0.184278 max: 0.384421
Interface Courant Number mean: 0.00223037 max: 0.384421
deltaT = 0.000473234
Time = 0.0500621

PIMPLE: iteration 1
smoothSolver:  Solving for alpha.water, Initial residual = 0.0299252, Final residual = 6.58968e-10, No Iterations 4
Phase-1 volume fraction = 0.997786  Min(alpha.water) = 0.314597  Max(alpha.water) = 1
MULES: Correcting alpha.water
MULES: Correcting alpha.water
Phase-1 volume fraction = 0.997786  Min(alpha.water) = 0.314597  Max(alpha.water) = 1.00001
DICPCG:  Solving for p_rgh, Initial residual = 0.0910669, Final residual = 0.0029535, No Iterations 3
DICPCG:  Solving for p_rgh, Initial residual = 0.00295065, Final residual = 0.00014338, No Iterations 104
time step continuity errors : sum local = 4.66191e-07, global = -3.16078e-09, cumulative = -6.73896e-06
DICPCG:  Solving for p_rgh, Initial residual = 0.00238062, Final residual = 0.000116836, No Iterations 4
DICPCG:  Solving for p_rgh, Initial residual = 0.000116827, Final residual = 5.26889e-06, No Iterations 111
time step continuity errors : sum local = 1.72287e-08, global = 3.63086e-10, cumulative = -6.7386e-06
DICPCG:  Solving for p_rgh, Initial residual = 0.000367878, Final residual = 1.68152e-05, No Iterations 6
DICPCG:  Solving for p_rgh, Initial residual = 1.68156e-05, Final residual = 9.88417e-08, No Iterations 120
time step continuity errors : sum local = 3.21624e-10, global = -7.53653e-12, cumulative = -6.7386e-06
ExecutionTime = 68.7 s  ClockTime = 73 s

Courant Number mean: 0.192685 max: 0.408232
Interface Courant Number mean: 0.00227742 max: 0.408232
deltaT = 0.000473234
Time = 0.0505353

PIMPLE: iteration 1
smoothSolver:  Solving for alpha.water, Initial residual = 0.0299869, Final residual = 9.50395e-10, No Iterations 4
Phase-1 volume fraction = 0.997786  Min(alpha.water) = 0.316217  Max(alpha.water) = 1
MULES: Correcting alpha.water
MULES: Correcting alpha.water
Phase-1 volume fraction = 0.997786  Min(alpha.water) = 0.316217  Max(alpha.water) = 1
DICPCG:  Solving for p_rgh, Initial residual = 0.0962622, Final residual = 0.00305418, No Iterations 3
DICPCG:  Solving for p_rgh, Initial residual = 0.00306364, Final residual = 0.000145856, No Iterations 10
time step continuity errors : sum local = 4.70999e-07, global = -5.28001e-08, cumulative = -6.7914e-06
DICPCG:  Solving for p_rgh, Initial residual = 0.00239855, Final residual = 9.67208e-05, No Iterations 5
DICPCG:  Solving for p_rgh, Initial residual = 9.67078e-05, Final residual = 4.71037e-06, No Iterations 90
time step continuity errors : sum local = 1.52059e-08, global = -1.29916e-10, cumulative = -6.79153e-06
DICPCG:  Solving for p_rgh, Initial residual = 0.000375503, Final residual = 1.7233e-05, No Iterations 98
DICPCG:  Solving for p_rgh, Initial residual = 1.72648e-05, Final residual = 9.8071e-08, No Iterations 113
time step continuity errors : sum local = 3.16304e-10, global = -4.05415e-14, cumulative = -6.79153e-06
ExecutionTime = 69.24 s  ClockTime = 73 s

Courant Number mean: 0.192712 max: 0.415096
Interface Courant Number mean: 0.00231054 max: 0.415096
deltaT = 0.000450699
Time = 0.050986

PIMPLE: iteration 1
smoothSolver:  Solving for alpha.water, Initial residual = 0.0287986, Final residual = 9.55199e-10, No Iterations 4
Phase-1 volume fraction = 0.997786  Min(alpha.water) = 0.316942  Max(alpha.water) = 1
MULES: Correcting alpha.water
MULES: Correcting alpha.water
Phase-1 volume fraction = 0.997786  Min(alpha.water) = 0.316942  Max(alpha.water) = 1
DICPCG:  Solving for p_rgh, Initial residual = 0.0938481, Final residual = 0.00293961, No Iterations 3
DICPCG:  Solving for p_rgh, Initial residual = 0.00295948, Final residual = 0.00012953, No Iterations 11
time step continuity errors : sum local = 3.77867e-07, global = -4.58907e-08, cumulative = -6.83742e-06
DICPCG:  Solving for p_rgh, Initial residual = 0.00234369, Final residual = 0.000113232, No Iterations 4
DICPCG:  Solving for p_rgh, Initial residual = 0.000113222, Final residual = 4.62879e-06, No Iterations 110
time step continuity errors : sum local = 1.34975e-08, global = 1.67365e-10, cumulative = -6.83726e-06
DICPCG:  Solving for p_rgh, Initial residual = 0.000352302, Final residual = 1.65668e-05, No Iterations 100
DICPCG:  Solving for p_rgh, Initial residual = 1.65949e-05, Final residual = 9.63305e-08, No Iterations 117
time step continuity errors : sum local = 2.806e-10, global = -5.07025e-12, cumulative = -6.83726e-06
ExecutionTime = 69.87 s  ClockTime = 74 s

Courant Number mean: 0.18356 max: 0.407082
Interface Courant Number mean: 0.00223415 max: 0.407082
deltaT = 0.000450699
Time = 0.0514367

PIMPLE: iteration 1
smoothSolver:  Solving for alpha.water, Initial residual = 0.029007, Final residual = 1.27986e-09, No Iterations 4
Phase-1 volume fraction = 0.997786  Min(alpha.water) = 0.317384  Max(alpha.water) = 1
MULES: Correcting alpha.water
MULES: Correcting alpha.water
Phase-1 volume fraction = 0.997786  Min(alpha.water) = 0.317384  Max(alpha.water) = 1
DICPCG:  Solving for p_rgh, Initial residual = 0.0945697, Final residual = 0.0028845, No Iterations 3
DICPCG:  Solving for p_rgh, Initial residual = 0.00289641, Final residual = 0.000143796, No Iterations 10
time step continuity errors : sum local = 4.1517e-07, global = -4.58357e-08, cumulative = -6.8831e-06
DICPCG:  Solving for p_rgh, Initial residual = 0.00241236, Final residual = 0.000114507, No Iterations 4
DICPCG:  Solving for p_rgh, Initial residual = 0.000114486, Final residual = 4.68315e-06, No Iterations 110
time step continuity errors : sum local = 1.35182e-08, global = 1.22714e-10, cumulative = -6.88298e-06
DICPCG:  Solving for p_rgh, Initial residual = 0.000367459, Final residual = 1.82955e-05, No Iterations 97
DICPCG:  Solving for p_rgh, Initial residual = 1.83279e-05, Final residual = 8.67812e-08, No Iterations 117
time step continuity errors : sum local = 2.50355e-10, global = 9.14682e-14, cumulative = -6.88298e-06
ExecutionTime = 70.48 s  ClockTime = 74 s

Courant Number mean: 0.183581 max: 0.434726
Interface Courant Number mean: 0.0022082 max: 0.434726
deltaT = 0.000407775
Time = 0.0518445

PIMPLE: iteration 1
smoothSolver:  Solving for alpha.water, Initial residual = 0.026212, Final residual = 8.12969e-10, No Iterations 4
Phase-1 volume fraction = 0.997786  Min(alpha.water) = 0.317828  Max(alpha.water) = 1
MULES: Correcting alpha.water
MULES: Correcting alpha.water
Phase-1 volume fraction = 0.997786  Min(alpha.water) = 0.317828  Max(alpha.water) = 1
DICPCG:  Solving for p_rgh, Initial residual = 0.0846219, Final residual = 0.0027247, No Iterations 3
DICPCG:  Solving for p_rgh, Initial residual = 0.00271787, Final residual = 0.000135481, No Iterations 20
time step continuity errors : sum local = 3.28416e-07, global = -3.48148e-08, cumulative = -6.91779e-06
DICPCG:  Solving for p_rgh, Initial residual = 0.00218692, Final residual = 0.000105524, No Iterations 4
DICPCG:  Solving for p_rgh, Initial residual = 0.000105491, Final residual = 4.74722e-06, No Iterations 71
time step continuity errors : sum local = 1.15107e-08, global = -5.35283e-10, cumulative = -6.91833e-06
DICPCG:  Solving for p_rgh, Initial residual = 0.000309419, Final residual = 1.28829e-05, No Iterations 92
DICPCG:  Solving for p_rgh, Initial residual = 1.29001e-05, Final residual = 8.9462e-08, No Iterations 93
time step continuity errors : sum local = 2.16652e-10, global = 3.30594e-11, cumulative = -6.91829e-06
ExecutionTime = 71.23 s  ClockTime = 75 s

Courant Number mean: 0.166116 max: 0.411025
Interface Courant Number mean: 0.00196875 max: 0.411025
deltaT = 0.000388357
Time = 0.0522329

PIMPLE: iteration 1
smoothSolver:  Solving for alpha.water, Initial residual = 0.024803, Final residual = 6.4692e-10, No Iterations 4
Phase-1 volume fraction = 0.997786  Min(alpha.water) = 0.318386  Max(alpha.water) = 1
MULES: Correcting alpha.water
MULES: Correcting alpha.water
Phase-1 volume fraction = 0.997786  Min(alpha.water) = 0.318386  Max(alpha.water) = 1
DICPCG:  Solving for p_rgh, Initial residual = 0.0761527, Final residual = 0.00273533, No Iterations 3
DICPCG:  Solving for p_rgh, Initial residual = 0.00271342, Final residual = 0.000112078, No Iterations 10
time step continuity errors : sum local = 2.52552e-07, global = -3.05548e-08, cumulative = -6.94885e-06
DICPCG:  Solving for p_rgh, Initial residual = 0.0020138, Final residual = 9.65605e-05, No Iterations 4
DICPCG:  Solving for p_rgh, Initial residual = 9.65406e-05, Final residual = 4.53775e-06, No Iterations 109
time step continuity errors : sum local = 1.02249e-08, global = 1.93613e-11, cumulative = -6.94883e-06
DICPCG:  Solving for p_rgh, Initial residual = 0.000271403, Final residual = 1.12375e-05, No Iterations 96
DICPCG:  Solving for p_rgh, Initial residual = 1.12526e-05, Final residual = 9.43869e-08, No Iterations 79
time step continuity errors : sum local = 2.1252e-10, global = 2.23221e-11, cumulative = -6.94881e-06
ExecutionTime = 71.96 s  ClockTime = 76 s

Courant Number mean: 0.158221 max: 0.403741
Interface Courant Number mean: 0.00188798 max: 0.403741
deltaT = 0.000388357
Time = 0.0526212

PIMPLE: iteration 1
smoothSolver:  Solving for alpha.water, Initial residual = 0.0247681, Final residual = 6.60795e-10, No Iterations 4
Phase-1 volume fraction = 0.997786  Min(alpha.water) = 0.319195  Max(alpha.water) = 1
MULES: Correcting alpha.water
MULES: Correcting alpha.water
Phase-1 volume fraction = 0.997786  Min(alpha.water) = 0.319195  Max(alpha.water) = 1
DICPCG:  Solving for p_rgh, Initial residual = 0.0742886, Final residual = 0.00271711, No Iterations 3
DICPCG:  Solving for p_rgh, Initial residual = 0.00271102, Final residual = 0.000113739, No Iterations 10
time step continuity errors : sum local = 2.57076e-07, global = -3.05863e-08, cumulative = -6.97939e-06
DICPCG:  Solving for p_rgh, Initial residual = 0.00201711, Final residual = 8.18097e-05, No Iterations 5
DICPCG:  Solving for p_rgh, Initial residual = 8.18033e-05, Final residual = 3.98009e-06, No Iterations 107
time step continuity errors : sum local = 8.99326e-09, global = -1.1333e-12, cumulative = -6.97939e-06
DICPCG:  Solving for p_rgh, Initial residual = 0.000272325, Final residual = 1.30631e-05, No Iterations 93
DICPCG:  Solving for p_rgh, Initial residual = 1.30811e-05, Final residual = 8.51151e-08, No Iterations 116
time step continuity errors : sum local = 1.9221e-10, global = 4.92298e-13, cumulative = -6.97939e-06
ExecutionTime = 72.88 s  ClockTime = 77 s

Courant Number mean: 0.158231 max: 0.412628
Interface Courant Number mean: 0.00186141 max: 0.412628
deltaT = 0.000368939
Time = 0.0529902

PIMPLE: iteration 1
smoothSolver:  Solving for alpha.water, Initial residual = 0.0233953, Final residual = 4.36722e-10, No Iterations 4
Phase-1 volume fraction = 0.997786  Min(alpha.water) = 0.320192  Max(alpha.water) = 1
MULES: Correcting alpha.water
MULES: Correcting alpha.water
Phase-1 volume fraction = 0.997786  Min(alpha.water) = 0.320192  Max(alpha.water) = 1
DICPCG:  Solving for p_rgh, Initial residual = 0.074635, Final residual = 0.00252502, No Iterations 3
DICPCG:  Solving for p_rgh, Initial residual = 0.00253271, Final residual = 0.000126037, No Iterations 43
time step continuity errors : sum local = 2.57733e-07, global = -1.78033e-08, cumulative = -6.9972e-06
DICPCG:  Solving for p_rgh, Initial residual = 0.001912, Final residual = 9.34002e-05, No Iterations 5
DICPCG:  Solving for p_rgh, Initial residual = 9.33931e-05, Final residual = 4.12639e-06, No Iterations 108
time step continuity errors : sum local = 8.43985e-09, global = -7.20232e-11, cumulative = -6.99727e-06
DICPCG:  Solving for p_rgh, Initial residual = 0.00024914, Final residual = 1.09131e-05, No Iterations 101
DICPCG:  Solving for p_rgh, Initial residual = 1.09275e-05, Final residual = 9.84498e-08, No Iterations 80
time step continuity errors : sum local = 2.01285e-10, global = 2.99554e-11, cumulative = -6.99724e-06
ExecutionTime = 73.98 s  ClockTime = 78 s

Courant Number mean: 0.150325 max: 0.397751
Interface Courant Number mean: 0.00175207 max: 0.397751
deltaT = 0.000368939
Time = 0.0533591

PIMPLE: iteration 1
smoothSolver:  Solving for alpha.water, Initial residual = 0.023331, Final residual = 3.86053e-10, No Iterations 4
Phase-1 volume fraction = 0.997786  Min(alpha.water) = 0.321521  Max(alpha.water) = 1
MULES: Correcting alpha.water
MULES: Correcting alpha.water
Phase-1 volume fraction = 0.997786  Min(alpha.water) = 0.321521  Max(alpha.water) = 1
DICPCG:  Solving for p_rgh, Initial residual = 0.0739408, Final residual = 0.0024938, No Iterations 3
DICPCG:  Solving for p_rgh, Initial residual = 0.00248872, Final residual = 0.000118258, No Iterations 11
time step continuity errors : sum local = 2.42733e-07, global = -2.64047e-08, cumulative = -7.02364e-06
DICPCG:  Solving for p_rgh, Initial residual = 0.0019588, Final residual = 8.15353e-05, No Iterations 5
DICPCG:  Solving for p_rgh, Initial residual = 8.15366e-05, Final residual = 3.33471e-06, No Iterations 110
time step continuity errors : sum local = 6.84188e-09, global = 9.12869e-11, cumulative = -7.02355e-06
DICPCG:  Solving for p_rgh, Initial residual = 0.000257631, Final residual = 1.2836e-05, No Iterations 97
DICPCG:  Solving for p_rgh, Initial residual = 1.28527e-05, Final residual = 9.89438e-08, No Iterations 90
time step continuity errors : sum local = 2.02929e-10, global = 3.75245e-11, cumulative = -7.02351e-06
ExecutionTime = 74.82 s  ClockTime = 79 s

Courant Number mean: 0.150328 max: 0.406419
Interface Courant Number mean: 0.00172864 max: 0.406419
deltaT = 0.000368939
Time = 0.053728

PIMPLE: iteration 1
smoothSolver:  Solving for alpha.water, Initial residual = 0.0232147, Final residual = 3.2016e-10, No Iterations 4
Phase-1 volume fraction = 0.997786  Min(alpha.water) = 0.323207  Max(alpha.water) = 1
MULES: Correcting alpha.water
MULES: Correcting alpha.water
Phase-1 volume fraction = 0.997786  Min(alpha.water) = 0.323207  Max(alpha.water) = 1
DICPCG:  Solving for p_rgh, Initial residual = 0.076314, Final residual = 0.00248902, No Iterations 3
DICPCG:  Solving for p_rgh, Initial residual = 0.00249067, Final residual = 0.000105509, No Iterations 10
time step continuity errors : sum local = 2.16113e-07, global = -2.62766e-08, cumulative = -7.04979e-06
DICPCG:  Solving for p_rgh, Initial residual = 0.00192918, Final residual = 7.9859e-05, No Iterations 5
DICPCG:  Solving for p_rgh, Initial residual = 7.98605e-05, Final residual = 3.55792e-06, No Iterations 109
time step continuity errors : sum local = 7.28498e-09, global = 9.74031e-11, cumulative = -7.04969e-06
DICPCG:  Solving for p_rgh, Initial residual = 0.000256908, Final residual = 1.05735e-05, No Iterations 94
DICPCG:  Solving for p_rgh, Initial residual = 1.0587e-05, Final residual = 9.63433e-08, No Iterations 84
time step continuity errors : sum local = 1.9718e-10, global = 2.8694e-11, cumulative = -7.04966e-06
ExecutionTime = 75.47 s  ClockTime = 80 s

Courant Number mean: 0.150323 max: 0.410134
Interface Courant Number mean: 0.00173864 max: 0.410134
deltaT = 0.000368939
Time = 0.054097

PIMPLE: iteration 1
smoothSolver:  Solving for alpha.water, Initial residual = 0.0231181, Final residual = 2.45669e-10, No Iterations 4
Phase-1 volume fraction = 0.997786  Min(alpha.water) = 0.324133  Max(alpha.water) = 1
MULES: Correcting alpha.water
MULES: Correcting alpha.water
Phase-1 volume fraction = 0.997786  Min(alpha.water) = 0.324133  Max(alpha.water) = 1
DICPCG:  Solving for p_rgh, Initial residual = 0.0746424, Final residual = 0.0026151, No Iterations 3
DICPCG:  Solving for p_rgh, Initial residual = 0.00261387, Final residual = 0.00010781, No Iterations 10
time step continuity errors : sum local = 2.20938e-07, global = -2.61713e-08, cumulative = -7.07584e-06
DICPCG:  Solving for p_rgh, Initial residual = 0.00188837, Final residual = 8.41097e-05, No Iterations 5
DICPCG:  Solving for p_rgh, Initial residual = 8.41153e-05, Final residual = 4.18122e-06, No Iterations 109
time step continuity errors : sum local = 8.56484e-09, global = 5.59562e-11, cumulative = -7.07578e-06
DICPCG:  Solving for p_rgh, Initial residual = 0.000253575, Final residual = 1.18993e-05, No Iterations 95
DICPCG:  Solving for p_rgh, Initial residual = 1.19143e-05, Final residual = 8.6136e-08, No Iterations 115
time step continuity errors : sum local = 1.76355e-10, global = 1.6254e-12, cumulative = -7.07578e-06
ExecutionTime = 76.2 s  ClockTime = 80 s

Courant Number mean: 0.150313 max: 0.407746
Interface Courant Number mean: 0.00173702 max: 0.407746
deltaT = 0.000368939
Time = 0.0544659

PIMPLE: iteration 1
smoothSolver:  Solving for alpha.water, Initial residual = 0.0229319, Final residual = 1.74015e-10, No Iterations 4
Phase-1 volume fraction = 0.997786  Min(alpha.water) = 0.324643  Max(alpha.water) = 1
MULES: Correcting alpha.water
MULES: Correcting alpha.water
Phase-1 volume fraction = 0.997786  Min(alpha.water) = 0.324643  Max(alpha.water) = 1
DICPCG:  Solving for p_rgh, Initial residual = 0.0735898, Final residual = 0.00262802, No Iterations 3
DICPCG:  Solving for p_rgh, Initial residual = 0.00262612, Final residual = 0.000110844, No Iterations 10
time step continuity errors : sum local = 2.27375e-07, global = -2.60703e-08, cumulative = -7.10185e-06
DICPCG:  Solving for p_rgh, Initial residual = 0.00190995, Final residual = 8.8569e-05, No Iterations 5
DICPCG:  Solving for p_rgh, Initial residual = 8.85826e-05, Final residual = 4.1236e-06, No Iterations 108
time step continuity errors : sum local = 8.4532e-09, global = 6.1285e-11, cumulative = -7.10179e-06
DICPCG:  Solving for p_rgh, Initial residual = 0.000257209, Final residual = 1.21688e-05, No Iterations 85
DICPCG:  Solving for p_rgh, Initial residual = 1.21839e-05, Final residual = 8.43812e-08, No Iterations 117
time step continuity errors : sum local = 1.72884e-10, global = -1.93601e-12, cumulative = -7.10179e-06
ExecutionTime = 76.81 s  ClockTime = 81 s

Courant Number mean: 0.150303 max: 0.39857
Interface Courant Number mean: 0.00175308 max: 0.39857
deltaT = 0.000368939
Time = 0.0548348

PIMPLE: iteration 1
smoothSolver:  Solving for alpha.water, Initial residual = 0.0227789, Final residual = 1.19393e-10, No Iterations 4
Phase-1 volume fraction = 0.997786  Min(alpha.water) = 0.32495  Max(alpha.water) = 1
MULES: Correcting alpha.water
MULES: Correcting alpha.water
Phase-1 volume fraction = 0.997786  Min(alpha.water) = 0.32495  Max(alpha.water) = 1
DICPCG:  Solving for p_rgh, Initial residual = 0.0746458, Final residual = 0.00257557, No Iterations 3
DICPCG:  Solving for p_rgh, Initial residual = 0.00257867, Final residual = 0.000120162, No Iterations 10
time step continuity errors : sum local = 2.45633e-07, global = -2.59196e-08, cumulative = -7.12771e-06
DICPCG:  Solving for p_rgh, Initial residual = 0.00187183, Final residual = 7.8149e-05, No Iterations 6
DICPCG:  Solving for p_rgh, Initial residual = 7.81586e-05, Final residual = 3.80304e-06, No Iterations 110
time step continuity errors : sum local = 7.76874e-09, global = 1.0781e-10, cumulative = -7.1276e-06
DICPCG:  Solving for p_rgh, Initial residual = 0.000256087, Final residual = 1.28039e-05, No Iterations 87
DICPCG:  Solving for p_rgh, Initial residual = 1.28197e-05, Final residual = 9.07679e-08, No Iterations 115
time step continuity errors : sum local = 1.85306e-10, global = 4.85167e-12, cumulative = -7.1276e-06
ExecutionTime = 77.49 s  ClockTime = 82 s

Courant Number mean: 0.150291 max: 0.381176
Interface Courant Number mean: 0.00168798 max: 0.381176
deltaT = 0.000397319
Time = 0.0552322

PIMPLE: iteration 1
smoothSolver:  Solving for alpha.water, Initial residual = 0.0241331, Final residual = 1.33173e-10, No Iterations 4
Phase-1 volume fraction = 0.997786  Min(alpha.water) = 0.32533  Max(alpha.water) = 1
MULES: Correcting alpha.water
MULES: Correcting alpha.water
Phase-1 volume fraction = 0.997786  Min(alpha.water) = 0.32533  Max(alpha.water) = 1
DICPCG:  Solving for p_rgh, Initial residual = 0.0762436, Final residual = 0.00275979, No Iterations 3
DICPCG:  Solving for p_rgh, Initial residual = 0.00277119, Final residual = 0.000131561, No Iterations 14
time step continuity errors : sum local = 3.04549e-07, global = -3.1455e-08, cumulative = -7.15905e-06
DICPCG:  Solving for p_rgh, Initial residual = 0.00202676, Final residual = 8.94036e-05, No Iterations 6
DICPCG:  Solving for p_rgh, Initial residual = 8.9408e-05, Final residual = 4.34957e-06, No Iterations 69
time step continuity errors : sum local = 1.00624e-08, global = -5.12491e-10, cumulative = -7.15956e-06
DICPCG:  Solving for p_rgh, Initial residual = 0.000297266, Final residual = 1.32313e-05, No Iterations 100
DICPCG:  Solving for p_rgh, Initial residual = 1.3248e-05, Final residual = 9.08478e-08, No Iterations 118
time step continuity errors : sum local = 2.09915e-10, global = 1.91788e-12, cumulative = -7.15956e-06
ExecutionTime = 78.17 s  ClockTime = 82 s

Courant Number mean: 0.161834 max: 0.386727
Interface Courant Number mean: 0.00177707 max: 0.386727
deltaT = 0.000397319
Time = 0.0556295

PIMPLE: iteration 1
smoothSolver:  Solving for alpha.water, Initial residual = 0.0236458, Final residual = 8.41665e-11, No Iterations 4
Phase-1 volume fraction = 0.997786  Min(alpha.water) = 0.325858  Max(alpha.water) = 1
MULES: Correcting alpha.water
MULES: Correcting alpha.water
Phase-1 volume fraction = 0.997786  Min(alpha.water) = 0.325858  Max(alpha.water) = 1
DICPCG:  Solving for p_rgh, Initial residual = 0.0749345, Final residual = 0.00267854, No Iterations 3
DICPCG:  Solving for p_rgh, Initial residual = 0.00266808, Final residual = 0.000127018, No Iterations 15
time step continuity errors : sum local = 2.95874e-07, global = -3.10604e-08, cumulative = -7.19062e-06
DICPCG:  Solving for p_rgh, Initial residual = 0.0019859, Final residual = 9.04855e-05, No Iterations 6
DICPCG:  Solving for p_rgh, Initial residual = 9.04831e-05, Final residual = 3.86008e-06, No Iterations 107
time step continuity errors : sum local = 8.98837e-09, global = 5.71181e-11, cumulative = -7.19056e-06
DICPCG:  Solving for p_rgh, Initial residual = 0.000286804, Final residual = 1.38256e-05, No Iterations 7
DICPCG:  Solving for p_rgh, Initial residual = 1.38265e-05, Final residual = 9.48975e-08, No Iterations 115
time step continuity errors : sum local = 2.21348e-10, global = -3.93726e-12, cumulative = -7.19057e-06
ExecutionTime = 78.76 s  ClockTime = 83 s

Courant Number mean: 0.161813 max: 0.364722
Interface Courant Number mean: 0.00176999 max: 0.364722
deltaT = 0.000437051
Time = 0.0560665

PIMPLE: iteration 1
smoothSolver:  Solving for alpha.water, Initial residual = 0.025276, Final residual = 9.1362e-11, No Iterations 4
Phase-1 volume fraction = 0.997786  Min(alpha.water) = 0.326836  Max(alpha.water) = 1
MULES: Correcting alpha.water
MULES: Correcting alpha.water
Phase-1 volume fraction = 0.997786  Min(alpha.water) = 0.326836  Max(alpha.water) = 1
DICPCG:  Solving for p_rgh, Initial residual = 0.0790628, Final residual = 0.00290798, No Iterations 3
DICPCG:  Solving for p_rgh, Initial residual = 0.00289245, Final residual = 0.000128711, No Iterations 10
time step continuity errors : sum local = 3.59667e-07, global = -3.99373e-08, cumulative = -7.23051e-06
DICPCG:  Solving for p_rgh, Initial residual = 0.00213786, Final residual = 0.000100738, No Iterations 5
DICPCG:  Solving for p_rgh, Initial residual = 0.000100743, Final residual = 4.19563e-06, No Iterations 110
time step continuity errors : sum local = 1.17185e-08, global = 3.22029e-10, cumulative = -7.23018e-06
DICPCG:  Solving for p_rgh, Initial residual = 0.000327258, Final residual = 1.62851e-05, No Iterations 11
DICPCG:  Solving for p_rgh, Initial residual = 1.62862e-05, Final residual = 8.88353e-08, No Iterations 117
time step continuity errors : sum local = 2.48542e-10, global = -9.6398e-16, cumulative = -7.23018e-06
ExecutionTime = 79.25 s  ClockTime = 83 s

Courant Number mean: 0.177969 max: 0.365363
Interface Courant Number mean: 0.00190602 max: 0.365363
deltaT = 0.000491683
Time = 0.0565582

PIMPLE: iteration 1
smoothSolver:  Solving for alpha.water, Initial residual = 0.0279101, Final residual = 1.02173e-10, No Iterations 4
Phase-1 volume fraction = 0.997786  Min(alpha.water) = 0.328643  Max(alpha.water) = 1
MULES: Correcting alpha.water
MULES: Correcting alpha.water
Phase-1 volume fraction = 0.997786  Min(alpha.water) = 0.328643  Max(alpha.water) = 1
DICPCG:  Solving for p_rgh, Initial residual = 0.0955031, Final residual = 0.00328939, No Iterations 3
DICPCG:  Solving for p_rgh, Initial residual = 0.00327604, Final residual = 0.000148137, No Iterations 11
time step continuity errors : sum local = 5.1439e-07, global = -5.37647e-08, cumulative = -7.28395e-06
DICPCG:  Solving for p_rgh, Initial residual = 0.00228916, Final residual = 9.08891e-05, No Iterations 6
DICPCG:  Solving for p_rgh, Initial residual = 9.08938e-05, Final residual = 3.9624e-06, No Iterations 111
time step continuity errors : sum local = 1.37491e-08, global = 1.0041e-10, cumulative = -7.28385e-06
DICPCG:  Solving for p_rgh, Initial residual = 0.000374173, Final residual = 1.80077e-05, No Iterations 11
DICPCG:  Solving for p_rgh, Initial residual = 1.8009e-05, Final residual = 8.79374e-08, No Iterations 118
time step continuity errors : sum local = 3.0546e-10, global = 5.4571e-13, cumulative = -7.28385e-06
ExecutionTime = 79.76 s  ClockTime = 84 s

Courant Number mean: 0.200181 max: 0.357768
Interface Courant Number mean: 0.0021465 max: 0.357768
deltaT = 0.00057363
Time = 0.0571319

PIMPLE: iteration 1
smoothSolver:  Solving for alpha.water, Initial residual = 0.0319985, Final residual = 1.40039e-10, No Iterations 4
Phase-1 volume fraction = 0.997786  Min(alpha.water) = 0.332086  Max(alpha.water) = 1
MULES: Correcting alpha.water
MULES: Correcting alpha.water
Phase-1 volume fraction = 0.997786  Min(alpha.water) = 0.332086  Max(alpha.water) = 1
DICPCG:  Solving for p_rgh, Initial residual = 0.10699, Final residual = 0.0038077, No Iterations 3
DICPCG:  Solving for p_rgh, Initial residual = 0.00380692, Final residual = 0.000180566, No Iterations 10
time step continuity errors : sum local = 8.21143e-07, global = -7.88541e-08, cumulative = -7.3627e-06
DICPCG:  Solving for p_rgh, Initial residual = 0.00259007, Final residual = 0.000107031, No Iterations 6
DICPCG:  Solving for p_rgh, Initial residual = 0.000107034, Final residual = 5.27975e-06, No Iterations 95
time step continuity errors : sum local = 2.39915e-08, global = 7.08401e-10, cumulative = -7.36199e-06
DICPCG:  Solving for p_rgh, Initial residual = 0.000454119, Final residual = 2.03352e-05, No Iterations 98
DICPCG:  Solving for p_rgh, Initial residual = 2.03825e-05, Final residual = 9.94071e-08, No Iterations 119
time step continuity errors : sum local = 4.51414e-10, global = 4.41611e-12, cumulative = -7.36199e-06
ExecutionTime = 80.48 s  ClockTime = 85 s

Courant Number mean: 0.233495 max: 0.388019
Interface Courant Number mean: 0.00242168 max: 0.371301
deltaT = 0.00057363
Time = 0.0577055

PIMPLE: iteration 1
smoothSolver:  Solving for alpha.water, Initial residual = 0.0313208, Final residual = 7.2194e-11, No Iterations 4
Phase-1 volume fraction = 0.997786  Min(alpha.water) = 0.333533  Max(alpha.water) = 1
MULES: Correcting alpha.water
MULES: Correcting alpha.water
Phase-1 volume fraction = 0.997786  Min(alpha.water) = 0.333533  Max(alpha.water) = 1.00001
DICPCG:  Solving for p_rgh, Initial residual = 0.0998172, Final residual = 0.00375893, No Iterations 3
DICPCG:  Solving for p_rgh, Initial residual = 0.00377042, Final residual = 0.000167849, No Iterations 10
time step continuity errors : sum local = 7.58432e-07, global = -7.71025e-08, cumulative = -7.43909e-06
DICPCG:  Solving for p_rgh, Initial residual = 0.00268336, Final residual = 0.000105019, No Iterations 6
DICPCG:  Solving for p_rgh, Initial residual = 0.000105023, Final residual = 4.43236e-06, No Iterations 109
time step continuity errors : sum local = 2.001e-08, global = 2.59734e-10, cumulative = -7.43883e-06
DICPCG:  Solving for p_rgh, Initial residual = 0.000474774, Final residual = 2.15831e-05, No Iterations 98
DICPCG:  Solving for p_rgh, Initial residual = 2.16327e-05, Final residual = 9.10712e-08, No Iterations 118
time step continuity errors : sum local = 4.10853e-10, global = -2.29063e-12, cumulative = -7.43883e-06
ExecutionTime = 81.15 s  ClockTime = 85 s

Courant Number mean: 0.233446 max: 0.386066
Interface Courant Number mean: 0.00236058 max: 0.369159
deltaT = 0.00057363
Time = 0.0582791

PIMPLE: iteration 1
smoothSolver:  Solving for alpha.water, Initial residual = 0.030446, Final residual = 4.55872e-11, No Iterations 4
Phase-1 volume fraction = 0.997786  Min(alpha.water) = 0.334285  Max(alpha.water) = 1
MULES: Correcting alpha.water
MULES: Correcting alpha.water
Phase-1 volume fraction = 0.997786  Min(alpha.water) = 0.334285  Max(alpha.water) = 1.00001
DICPCG:  Solving for p_rgh, Initial residual = 0.105462, Final residual = 0.00372314, No Iterations 3
DICPCG:  Solving for p_rgh, Initial residual = 0.00373076, Final residual = 0.000159616, No Iterations 10
time step continuity errors : sum local = 7.18215e-07, global = -7.63505e-08, cumulative = -7.51518e-06
DICPCG:  Solving for p_rgh, Initial residual = 0.00258707, Final residual = 0.00011087, No Iterations 6
DICPCG:  Solving for p_rgh, Initial residual = 0.00011087, Final residual = 4.98241e-06, No Iterations 109
time step continuity errors : sum local = 2.24017e-08, global = 2.89139e-10, cumulative = -7.5149e-06
DICPCG:  Solving for p_rgh, Initial residual = 0.000452317, Final residual = 2.07942e-05, No Iterations 94
DICPCG:  Solving for p_rgh, Initial residual = 2.08442e-05, Final residual = 7.86224e-08, No Iterations 118
time step continuity errors : sum local = 3.53492e-10, global = 3.93913e-12, cumulative = -7.51489e-06
ExecutionTime = 81.76 s  ClockTime = 86 s

Courant Number mean: 0.233421 max: 0.382714
Interface Courant Number mean: 0.0022923 max: 0.372205
deltaT = 0.00057363
Time = 0.0588527

PIMPLE: iteration 1
smoothSolver:  Solving for alpha.water, Initial residual = 0.0299052, Final residual = 4.14223e-11, No Iterations 4
Phase-1 volume fraction = 0.997786  Min(alpha.water) = 0.335279  Max(alpha.water) = 1
MULES: Correcting alpha.water
MULES: Correcting alpha.water
Phase-1 volume fraction = 0.997786  Min(alpha.water) = 0.335279  Max(alpha.water) = 1
DICPCG:  Solving for p_rgh, Initial residual = 0.11469, Final residual = 0.00381742, No Iterations 3
DICPCG:  Solving for p_rgh, Initial residual = 0.00383177, Final residual = 0.000175339, No Iterations 12
time step continuity errors : sum local = 7.83021e-07, global = -7.57278e-08, cumulative = -7.59062e-06
DICPCG:  Solving for p_rgh, Initial residual = 0.00253251, Final residual = 0.000111689, No Iterations 7
DICPCG:  Solving for p_rgh, Initial residual = 0.000111678, Final residual = 4.2462e-06, No Iterations 108
time step continuity errors : sum local = 1.89511e-08, global = 2.75038e-10, cumulative = -7.59034e-06
DICPCG:  Solving for p_rgh, Initial residual = 0.000434788, Final residual = 2.17031e-05, No Iterations 103
DICPCG:  Solving for p_rgh, Initial residual = 2.17491e-05, Final residual = 9.0554e-08, No Iterations 119
time step continuity errors : sum local = 4.03568e-10, global = 4.11575e-12, cumulative = -7.59034e-06
ExecutionTime = 82.35 s  ClockTime = 87 s

Courant Number mean: 0.233406 max: 0.380058
Interface Courant Number mean: 0.00234114 max: 0.368114
deltaT = 0.00057363
Time = 0.0594264

PIMPLE: iteration 1
smoothSolver:  Solving for alpha.water, Initial residual = 0.0295448, Final residual = 5.07824e-11, No Iterations 4
Phase-1 volume fraction = 0.997786  Min(alpha.water) = 0.336778  Max(alpha.water) = 1
MULES: Correcting alpha.water
MULES: Correcting alpha.water
Phase-1 volume fraction = 0.997786  Min(alpha.water) = 0.336778  Max(alpha.water) = 1
DICPCG:  Solving for p_rgh, Initial residual = 0.0997842, Final residual = 0.00383191, No Iterations 3
DICPCG:  Solving for p_rgh, Initial residual = 0.0038172, Final residual = 0.000175315, No Iterations 11
time step continuity errors : sum local = 7.87656e-07, global = -7.51743e-08, cumulative = -7.66551e-06
DICPCG:  Solving for p_rgh, Initial residual = 0.0024676, Final residual = 0.000111059, No Iterations 7
DICPCG:  Solving for p_rgh, Initial residual = 0.000111052, Final residual = 5.21527e-06, No Iterations 110
time step continuity errors : sum local = 2.34159e-08, global = -1.53034e-11, cumulative = -7.66553e-06
DICPCG:  Solving for p_rgh, Initial residual = 0.000415192, Final residual = 2.02194e-05, No Iterations 103
DICPCG:  Solving for p_rgh, Initial residual = 2.02635e-05, Final residual = 8.65678e-08, No Iterations 119
time step continuity errors : sum local = 3.88244e-10, global = 2.68517e-13, cumulative = -7.66553e-06
ExecutionTime = 82.98 s  ClockTime = 87 s

Courant Number mean: 0.233406 max: 0.375037
Interface Courant Number mean: 0.00227547 max: 0.371123
deltaT = 0.00057363
Time = 0.06

PIMPLE: iteration 1
smoothSolver:  Solving for alpha.water, Initial residual = 0.0297296, Final residual = 6.04089e-11, No Iterations 4
Phase-1 volume fraction = 0.997786  Min(alpha.water) = 0.339046  Max(alpha.water) = 1
MULES: Correcting alpha.water
MULES: Correcting alpha.water
Phase-1 volume fraction = 0.997786  Min(alpha.water) = 0.339046  Max(alpha.water) = 1.00001
DICPCG:  Solving for p_rgh, Initial residual = 0.101316, Final residual = 0.0039242, No Iterations 3
DICPCG:  Solving for p_rgh, Initial residual = 0.00391026, Final residual = 0.00016053, No Iterations 10
time step continuity errors : sum local = 7.24935e-07, global = -7.46251e-08, cumulative = -7.74015e-06
DICPCG:  Solving for p_rgh, Initial residual = 0.00254182, Final residual = 0.000110683, No Iterations 7
DICPCG:  Solving for p_rgh, Initial residual = 0.000110676, Final residual = 4.93541e-06, No Iterations 109
time step continuity errors : sum local = 2.22748e-08, global = 4.55208e-10, cumulative = -7.7397e-06
DICPCG:  Solving for p_rgh, Initial residual = 0.000431502, Final residual = 1.86038e-05, No Iterations 97
DICPCG:  Solving for p_rgh, Initial residual = 1.86464e-05, Final residual = 8.33762e-08, No Iterations 117
time step continuity errors : sum local = 3.76151e-10, global = 8.98137e-12, cumulative = -7.73969e-06
ExecutionTime = 83.81 s  ClockTime = 88 s

Courant Number mean: 0.233424 max: 0.37371
Interface Courant Number mean: 0.00234085 max: 0.372565
deltaT = 0.000606061
Time = 0.0606061

PIMPLE: iteration 1
smoothSolver:  Solving for alpha.water, Initial residual = 0.0318901, Final residual = 9.65447e-11, No Iterations 4
Phase-1 volume fraction = 0.997786  Min(alpha.water) = 0.341402  Max(alpha.water) = 1
MULES: Correcting alpha.water
MULES: Correcting alpha.water
Phase-1 volume fraction = 0.997786  Min(alpha.water) = 0.341402  Max(alpha.water) = 1.00002
DICPCG:  Solving for p_rgh, Initial residual = 0.115175, Final residual = 0.00420636, No Iterations 3
DICPCG:  Solving for p_rgh, Initial residual = 0.00420366, Final residual = 0.000172286, No Iterations 10
time step continuity errors : sum local = 8.55638e-07, global = -8.53724e-08, cumulative = -7.82506e-06
DICPCG:  Solving for p_rgh, Initial residual = 0.00259536, Final residual = 0.000119647, No Iterations 8
DICPCG:  Solving for p_rgh, Initial residual = 0.000119646, Final residual = 5.48292e-06, No Iterations 110
time step continuity errors : sum local = 2.72082e-08, global = -1.50573e-10, cumulative = -7.82521e-06
DICPCG:  Solving for p_rgh, Initial residual = 0.000458789, Final residual = 2.14967e-05, No Iterations 94
DICPCG:  Solving for p_rgh, Initial residual = 2.15486e-05, Final residual = 9.93377e-08, No Iterations 118
time step continuity errors : sum local = 4.92665e-10, global = 3.95832e-12, cumulative = -7.82521e-06
ExecutionTime = 84.43 s  ClockTime = 89 s

Courant Number mean: 0.24665 max: 0.397629
Interface Courant Number mean: 0.00250143 max: 0.397629
deltaT = 0.000606061
Time = 0.0612121

PIMPLE: iteration 1
smoothSolver:  Solving for alpha.water, Initial residual = 0.0323193, Final residual = 1.04137e-10, No Iterations 4
Phase-1 volume fraction = 0.997786  Min(alpha.water) = 0.342108  Max(alpha.water) = 1.00001
MULES: Correcting alpha.water
MULES: Correcting alpha.water
Phase-1 volume fraction = 0.997786  Min(alpha.water) = 0.342108  Max(alpha.water) = 1.00001
DICPCG:  Solving for p_rgh, Initial residual = 0.114369, Final residual = 0.00409628, No Iterations 3
DICPCG:  Solving for p_rgh, Initial residual = 0.00411902, Final residual = 0.000179424, No Iterations 10
time step continuity errors : sum local = 8.79655e-07, global = -8.40441e-08, cumulative = -7.90925e-06
DICPCG:  Solving for p_rgh, Initial residual = 0.00260842, Final residual = 0.000118446, No Iterations 7
DICPCG:  Solving for p_rgh, Initial residual = 0.000118442, Final residual = 5.76538e-06, No Iterations 110
time step continuity errors : sum local = 2.82467e-08, global = 3.16555e-10, cumulative = -7.90894e-06
DICPCG:  Solving for p_rgh, Initial residual = 0.000458587, Final residual = 2.19009e-05, No Iterations 98
DICPCG:  Solving for p_rgh, Initial residual = 2.19521e-05, Final residual = 8.93279e-08, No Iterations 117
time step continuity errors : sum local = 4.37278e-10, global = -3.46213e-12, cumulative = -7.90894e-06
ExecutionTime = 85.06 s  ClockTime = 90 s

Courant Number mean: 0.246676 max: 0.396409
Interface Courant Number mean: 0.0025401 max: 0.393364
deltaT = 0.000606061
Time = 0.0618182

PIMPLE: iteration 1
smoothSolver:  Solving for alpha.water, Initial residual = 0.0327038, Final residual = 1.15562e-10, No Iterations 4
Phase-1 volume fraction = 0.997786  Min(alpha.water) = 0.342995  Max(alpha.water) = 1.00001
MULES: Correcting alpha.water
MULES: Correcting alpha.water
Phase-1 volume fraction = 0.997786  Min(alpha.water) = 0.342995  Max(alpha.water) = 1.00001
DICPCG:  Solving for p_rgh, Initial residual = 0.110032, Final residual = 0.00418463, No Iterations 3
DICPCG:  Solving for p_rgh, Initial residual = 0.0042232, Final residual = 0.000195897, No Iterations 10
time step continuity errors : sum local = 9.41078e-07, global = -8.34175e-08, cumulative = -7.99236e-06
DICPCG:  Solving for p_rgh, Initial residual = 0.00265564, Final residual = 0.000115932, No Iterations 7
DICPCG:  Solving for p_rgh, Initial residual = 0.000115917, Final residual = 4.90857e-06, No Iterations 111
time step continuity errors : sum local = 2.35673e-08, global = -4.09222e-11, cumulative = -7.9924e-06
DICPCG:  Solving for p_rgh, Initial residual = 0.000467499, Final residual = 2.11326e-05, No Iterations 95
DICPCG:  Solving for p_rgh, Initial residual = 2.11821e-05, Final residual = 9.26834e-08, No Iterations 96
time step continuity errors : sum local = 4.44614e-10, global = 5.69051e-11, cumulative = -7.99234e-06
ExecutionTime = 85.64 s  ClockTime = 90 s

Courant Number mean: 0.246702 max: 0.39885
Interface Courant Number mean: 0.00253506 max: 0.391448
deltaT = 0.000606061
Time = 0.0624242

PIMPLE: iteration 1
smoothSolver:  Solving for alpha.water, Initial residual = 0.0331514, Final residual = 1.24808e-10, No Iterations 4
Phase-1 volume fraction = 0.997786  Min(alpha.water) = 0.344199  Max(alpha.water) = 1.00001
MULES: Correcting alpha.water
MULES: Correcting alpha.water
Phase-1 volume fraction = 0.997786  Min(alpha.water) = 0.344199  Max(alpha.water) = 1.00002
DICPCG:  Solving for p_rgh, Initial residual = 0.121483, Final residual = 0.00418182, No Iterations 3
DICPCG:  Solving for p_rgh, Initial residual = 0.00420806, Final residual = 0.000200796, No Iterations 12
time step continuity errors : sum local = 9.50809e-07, global = -8.25629e-08, cumulative = -8.0749e-06
DICPCG:  Solving for p_rgh, Initial residual = 0.00274338, Final residual = 0.000133021, No Iterations 6
DICPCG:  Solving for p_rgh, Initial residual = 0.000132983, Final residual = 5.77709e-06, No Iterations 93
time step continuity errors : sum local = 2.73472e-08, global = -9.56773e-10, cumulative = -8.07586e-06
DICPCG:  Solving for p_rgh, Initial residual = 0.00048312, Final residual = 2.39297e-05, No Iterations 100
DICPCG:  Solving for p_rgh, Initial residual = 2.39845e-05, Final residual = 9.09934e-08, No Iterations 118
time step continuity errors : sum local = 4.30328e-10, global = 7.38107e-12, cumulative = -8.07585e-06
ExecutionTime = 86.3 s  ClockTime = 91 s

Courant Number mean: 0.246734 max: 0.399573
Interface Courant Number mean: 0.00256281 max: 0.395614
deltaT = 0.000606061
Time = 0.0630303

PIMPLE: iteration 1
smoothSolver:  Solving for alpha.water, Initial residual = 0.0335945, Final residual = 1.24907e-10, No Iterations 4
Phase-1 volume fraction = 0.997786  Min(alpha.water) = 0.346102  Max(alpha.water) = 1.00001
MULES: Correcting alpha.water
MULES: Correcting alpha.water
Phase-1 volume fraction = 0.997786  Min(alpha.water) = 0.346102  Max(alpha.water) = 1.00004
DICPCG:  Solving for p_rgh, Initial residual = 0.120249, Final residual = 0.00411585, No Iterations 3
DICPCG:  Solving for p_rgh, Initial residual = 0.00411053, Final residual = 0.000203884, No Iterations 10
time step continuity errors : sum local = 9.65314e-07, global = -8.19921e-08, cumulative = -8.15785e-06
DICPCG:  Solving for p_rgh, Initial residual = 0.00258637, Final residual = 0.000116044, No Iterations 6
DICPCG:  Solving for p_rgh, Initial residual = 0.00011601, Final residual = 5.48808e-06, No Iterations 109
time step continuity errors : sum local = 2.59772e-08, global = 1.14661e-10, cumulative = -8.15773e-06
DICPCG:  Solving for p_rgh, Initial residual = 0.00045253, Final residual = 2.08965e-05, No Iterations 94
DICPCG:  Solving for p_rgh, Initial residual = 2.09446e-05, Final residual = 7.33188e-08, No Iterations 118
time step continuity errors : sum local = 3.46765e-10, global = 2.31665e-12, cumulative = -8.15773e-06
ExecutionTime = 86.9 s  ClockTime = 92 s

Courant Number mean: 0.246755 max: 0.399208
Interface Courant Number mean: 0.00257581 max: 0.396938
deltaT = 0.000606061
Time = 0.0636364

PIMPLE: iteration 1
smoothSolver:  Solving for alpha.water, Initial residual = 0.033549, Final residual = 1.16564e-10, No Iterations 4
Phase-1 volume fraction = 0.997786  Min(alpha.water) = 0.349026  Max(alpha.water) = 1
MULES: Correcting alpha.water
MULES: Correcting alpha.water
Phase-1 volume fraction = 0.997786  Min(alpha.water) = 0.349026  Max(alpha.water) = 1.00001
DICPCG:  Solving for p_rgh, Initial residual = 0.112159, Final residual = 0.00396036, No Iterations 3
DICPCG:  Solving for p_rgh, Initial residual = 0.00392453, Final residual = 0.000168742, No Iterations 10
time step continuity errors : sum local = 8.12176e-07, global = -8.15009e-08, cumulative = -8.23923e-06
DICPCG:  Solving for p_rgh, Initial residual = 0.00246017, Final residual = 0.000117471, No Iterations 5
DICPCG:  Solving for p_rgh, Initial residual = 0.000117441, Final residual = 4.51589e-06, No Iterations 108
time step continuity errors : sum local = 2.17329e-08, global = -6.43262e-12, cumulative = -8.23924e-06
DICPCG:  Solving for p_rgh, Initial residual = 0.000423573, Final residual = 2.01139e-05, No Iterations 93
DICPCG:  Solving for p_rgh, Initial residual = 2.01609e-05, Final residual = 8.85644e-08, No Iterations 117
time step continuity errors : sum local = 4.26007e-10, global = 5.73762e-12, cumulative = -8.23923e-06
ExecutionTime = 87.62 s  ClockTime = 92 s

Courant Number mean: 0.24676 max: 0.403979
Interface Courant Number mean: 0.00260071 max: 0.392864
deltaT = 0.000606061
Time = 0.0642424

PIMPLE: iteration 1
smoothSolver:  Solving for alpha.water, Initial residual = 0.033517, Final residual = 1.04089e-10, No Iterations 4
Phase-1 volume fraction = 0.997786  Min(alpha.water) = 0.350594  Max(alpha.water) = 1
MULES: Correcting alpha.water
MULES: Correcting alpha.water
Phase-1 volume fraction = 0.997786  Min(alpha.water) = 0.350594  Max(alpha.water) = 1.00001
DICPCG:  Solving for p_rgh, Initial residual = 0.112314, Final residual = 0.00394036, No Iterations 3
DICPCG:  Solving for p_rgh, Initial residual = 0.00394612, Final residual = 0.000170981, No Iterations 9
time step continuity errors : sum local = 8.20356e-07, global = -8.09131e-08, cumulative = -8.32014e-06
DICPCG:  Solving for p_rgh, Initial residual = 0.00248817, Final residual = 0.000115323, No Iterations 4
DICPCG:  Solving for p_rgh, Initial residual = 0.000115298, Final residual = 5.58526e-06, No Iterations 107
time step continuity errors : sum local = 2.67925e-08, global = 2.21073e-10, cumulative = -8.31992e-06
DICPCG:  Solving for p_rgh, Initial residual = 0.000442444, Final residual = 2.19585e-05, No Iterations 91
DICPCG:  Solving for p_rgh, Initial residual = 2.20133e-05, Final residual = 8.79112e-08, No Iterations 117
time step continuity errors : sum local = 4.21912e-10, global = 2.22291e-12, cumulative = -8.31992e-06
ExecutionTime = 88.22 s  ClockTime = 93 s

Courant Number mean: 0.24676 max: 0.408418
Interface Courant Number mean: 0.00262884 max: 0.408418
deltaT = 0.000583614
Time = 0.064826

PIMPLE: iteration 1
smoothSolver:  Solving for alpha.water, Initial residual = 0.0324259, Final residual = 6.94704e-11, No Iterations 4
Phase-1 volume fraction = 0.997786  Min(alpha.water) = 0.351247  Max(alpha.water) = 1
MULES: Correcting alpha.water
MULES: Correcting alpha.water
Phase-1 volume fraction = 0.997786  Min(alpha.water) = 0.351247  Max(alpha.water) = 1.00002
DICPCG:  Solving for p_rgh, Initial residual = 0.123033, Final residual = 0.00383848, No Iterations 3
DICPCG:  Solving for p_rgh, Initial residual = 0.00387738, Final residual = 0.000163764, No Iterations 10
time step continuity errors : sum local = 7.22171e-07, global = -7.28897e-08, cumulative = -8.39281e-06
DICPCG:  Solving for p_rgh, Initial residual = 0.0024633, Final residual = 0.000111301, No Iterations 5
DICPCG:  Solving for p_rgh, Initial residual = 0.000111277, Final residual = 5.49494e-06, No Iterations 110
time step continuity errors : sum local = 2.42284e-08, global = 2.29664e-10, cumulative = -8.39258e-06
DICPCG:  Solving for p_rgh, Initial residual = 0.000427366, Final residual = 1.94636e-05, No Iterations 93
DICPCG:  Solving for p_rgh, Initial residual = 1.95054e-05, Final residual = 9.14147e-08, No Iterations 117
time step continuity errors : sum local = 4.02809e-10, global = 2.70956e-12, cumulative = -8.39258e-06
ExecutionTime = 88.81 s  ClockTime = 94 s

Courant Number mean: 0.237623 max: 0.395045
Interface Courant Number mean: 0.00252495 max: 0.395045
deltaT = 0.000583614
Time = 0.0654097

PIMPLE: iteration 1
smoothSolver:  Solving for alpha.water, Initial residual = 0.0328562, Final residual = 5.91899e-11, No Iterations 4
Phase-1 volume fraction = 0.997786  Min(alpha.water) = 0.352159  Max(alpha.water) = 1
MULES: Correcting alpha.water
MULES: Correcting alpha.water
Phase-1 volume fraction = 0.997786  Min(alpha.water) = 0.352159  Max(alpha.water) = 1.00002
DICPCG:  Solving for p_rgh, Initial residual = 0.114951, Final residual = 0.00392734, No Iterations 3
DICPCG:  Solving for p_rgh, Initial residual = 0.00392698, Final residual = 0.000177073, No Iterations 10
time step continuity errors : sum local = 7.80722e-07, global = -7.27471e-08, cumulative = -8.46532e-06
DICPCG:  Solving for p_rgh, Initial residual = 0.0023964, Final residual = 0.000112574, No Iterations 6
DICPCG:  Solving for p_rgh, Initial residual = 0.000112547, Final residual = 5.51161e-06, No Iterations 108
time step continuity errors : sum local = 2.42977e-08, global = 2.18657e-10, cumulative = -8.46511e-06
DICPCG:  Solving for p_rgh, Initial residual = 0.000408695, Final residual = 2.03228e-05, No Iterations 91
DICPCG:  Solving for p_rgh, Initial residual = 2.03641e-05, Final residual = 9.46605e-08, No Iterations 118
time step continuity errors : sum local = 4.16875e-10, global = 1.03153e-11, cumulative = -8.4651e-06
ExecutionTime = 89.36 s  ClockTime = 94 s

Courant Number mean: 0.237621 max: 0.393334
Interface Courant Number mean: 0.00254753 max: 0.391068
deltaT = 0.000583614
Time = 0.0659933

PIMPLE: iteration 1
smoothSolver:  Solving for alpha.water, Initial residual = 0.0328263, Final residual = 4.82646e-11, No Iterations 4
Phase-1 volume fraction = 0.997786  Min(alpha.water) = 0.353452  Max(alpha.water) = 1
MULES: Correcting alpha.water
MULES: Correcting alpha.water
Phase-1 volume fraction = 0.997786  Min(alpha.water) = 0.353452  Max(alpha.water) = 1.00002
DICPCG:  Solving for p_rgh, Initial residual = 0.109597, Final residual = 0.00387212, No Iterations 3
DICPCG:  Solving for p_rgh, Initial residual = 0.0038556, Final residual = 0.000169268, No Iterations 10
time step continuity errors : sum local = 7.51995e-07, global = -7.22577e-08, cumulative = -8.53735e-06
DICPCG:  Solving for p_rgh, Initial residual = 0.00232961, Final residual = 0.000105408, No Iterations 6
DICPCG:  Solving for p_rgh, Initial residual = 0.000105369, Final residual = 4.48277e-06, No Iterations 109
time step continuity errors : sum local = 1.99154e-08, global = 1.59613e-10, cumulative = -8.53719e-06
DICPCG:  Solving for p_rgh, Initial residual = 0.000402142, Final residual = 1.99911e-05, No Iterations 98
DICPCG:  Solving for p_rgh, Initial residual = 2.00339e-05, Final residual = 9.35005e-08, No Iterations 117
time step continuity errors : sum local = 4.15131e-10, global = 1.25697e-12, cumulative = -8.53719e-06
ExecutionTime = 90.1 s  ClockTime = 95 s

Courant Number mean: 0.23762 max: 0.395516
Interface Courant Number mean: 0.00255329 max: 0.382727
deltaT = 0.000583614
Time = 0.0665769

PIMPLE: iteration 1
smoothSolver:  Solving for alpha.water, Initial residual = 0.0325417, Final residual = 4.26275e-11, No Iterations 4
Phase-1 volume fraction = 0.997786  Min(alpha.water) = 0.355414  Max(alpha.water) = 1
MULES: Correcting alpha.water
MULES: Correcting alpha.water
Phase-1 volume fraction = 0.997786  Min(alpha.water) = 0.355414  Max(alpha.water) = 1.00002
DICPCG:  Solving for p_rgh, Initial residual = 0.114036, Final residual = 0.00375299, No Iterations 3
DICPCG:  Solving for p_rgh, Initial residual = 0.00372799, Final residual = 0.000159191, No Iterations 10
time step continuity errors : sum local = 7.16226e-07, global = -7.17526e-08, cumulative = -8.60895e-06
DICPCG:  Solving for p_rgh, Initial residual = 0.00231433, Final residual = 0.000100252, No Iterations 6
DICPCG:  Solving for p_rgh, Initial residual = 0.000100229, Final residual = 4.49003e-06, No Iterations 110
time step continuity errors : sum local = 2.01993e-08, global = -1.13232e-10, cumulative = -8.60906e-06
DICPCG:  Solving for p_rgh, Initial residual = 0.000402954, Final residual = 1.64091e-05, No Iterations 92
DICPCG:  Solving for p_rgh, Initial residual = 1.64463e-05, Final residual = 9.91744e-08, No Iterations 116
time step continuity errors : sum local = 4.46255e-10, global = -5.54597e-12, cumulative = -8.60906e-06
ExecutionTime = 90.66 s  ClockTime = 96 s

Courant Number mean: 0.237615 max: 0.39669
Interface Courant Number mean: 0.00248382 max: 0.395384
deltaT = 0.000583614
Time = 0.0671605

PIMPLE: iteration 1
smoothSolver:  Solving for alpha.water, Initial residual = 0.0325984, Final residual = 3.85117e-11, No Iterations 4
Phase-1 volume fraction = 0.997786  Min(alpha.water) = 0.35839  Max(alpha.water) = 1
MULES: Correcting alpha.water
MULES: Correcting alpha.water
Phase-1 volume fraction = 0.997786  Min(alpha.water) = 0.35839  Max(alpha.water) = 1.00001
DICPCG:  Solving for p_rgh, Initial residual = 0.113873, Final residual = 0.0038474, No Iterations 3
DICPCG:  Solving for p_rgh, Initial residual = 0.00383515, Final residual = 0.000166821, No Iterations 10
time step continuity errors : sum local = 7.55856e-07, global = -7.1237e-08, cumulative = -8.6803e-06
DICPCG:  Solving for p_rgh, Initial residual = 0.00226829, Final residual = 0.000106987, No Iterations 7
DICPCG:  Solving for p_rgh, Initial residual = 0.000106972, Final residual = 4.93699e-06, No Iterations 108
time step continuity errors : sum local = 2.23648e-08, global = 2.83511e-10, cumulative = -8.68002e-06
DICPCG:  Solving for p_rgh, Initial residual = 0.000383238, Final residual = 1.78919e-05, No Iterations 96
DICPCG:  Solving for p_rgh, Initial residual = 1.79277e-05, Final residual = 9.90267e-08, No Iterations 115
time step continuity errors : sum local = 4.48222e-10, global = -1.28163e-12, cumulative = -8.68002e-06
ExecutionTime = 91.57 s  ClockTime = 96 s

Courant Number mean: 0.237608 max: 0.396109
Interface Courant Number mean: 0.00256449 max: 0.39518
deltaT = 0.000583614
Time = 0.0677441

PIMPLE: iteration 1
smoothSolver:  Solving for alpha.water, Initial residual = 0.0327279, Final residual = 3.46375e-11, No Iterations 4
Phase-1 volume fraction = 0.997786  Min(alpha.water) = 0.360064  Max(alpha.water) = 1
MULES: Correcting alpha.water
MULES: Correcting alpha.water
Phase-1 volume fraction = 0.997786  Min(alpha.water) = 0.360064  Max(alpha.water) = 1.00001
DICPCG:  Solving for p_rgh, Initial residual = 0.104519, Final residual = 0.00391255, No Iterations 3
DICPCG:  Solving for p_rgh, Initial residual = 0.00392576, Final residual = 0.000190338, No Iterations 9
time step continuity errors : sum local = 8.56497e-07, global = -7.07803e-08, cumulative = -8.7508e-06
DICPCG:  Solving for p_rgh, Initial residual = 0.00225067, Final residual = 9.93636e-05, No Iterations 6
DICPCG:  Solving for p_rgh, Initial residual = 9.93515e-05, Final residual = 4.29279e-06, No Iterations 111
time step continuity errors : sum local = 1.93122e-08, global = 4.54327e-10, cumulative = -8.75035e-06
DICPCG:  Solving for p_rgh, Initial residual = 0.000385209, Final residual = 1.73078e-05, No Iterations 85
DICPCG:  Solving for p_rgh, Initial residual = 1.73442e-05, Final residual = 8.68099e-08, No Iterations 118
time step continuity errors : sum local = 3.90336e-10, global = -8.63886e-13, cumulative = -8.75035e-06
ExecutionTime = 92.24 s  ClockTime = 97 s

Courant Number mean: 0.237603 max: 0.399657
Interface Courant Number mean: 0.00254945 max: 0.39227
deltaT = 0.000583614
Time = 0.0683277

PIMPLE: iteration 1
smoothSolver:  Solving for alpha.water, Initial residual = 0.0326428, Final residual = 9.32115e-09, No Iterations 3
Phase-1 volume fraction = 0.997786  Min(alpha.water) = 0.360941  Max(alpha.water) = 1
MULES: Correcting alpha.water
MULES: Correcting alpha.water
Phase-1 volume fraction = 0.997786  Min(alpha.water) = 0.360941  Max(alpha.water) = 1.00002
DICPCG:  Solving for p_rgh, Initial residual = 0.11019, Final residual = 0.00399255, No Iterations 3
DICPCG:  Solving for p_rgh, Initial residual = 0.00402512, Final residual = 0.000188641, No Iterations 9
time step continuity errors : sum local = 8.35091e-07, global = -7.03395e-08, cumulative = -8.82069e-06
DICPCG:  Solving for p_rgh, Initial residual = 0.00234068, Final residual = 0.000104643, No Iterations 6
DICPCG:  Solving for p_rgh, Initial residual = 0.000104627, Final residual = 5.20179e-06, No Iterations 109
time step continuity errors : sum local = 2.30215e-08, global = 3.49751e-10, cumulative = -8.82034e-06
DICPCG:  Solving for p_rgh, Initial residual = 0.000405932, Final residual = 1.86121e-05, No Iterations 102
DICPCG:  Solving for p_rgh, Initial residual = 1.86538e-05, Final residual = 9.18001e-08, No Iterations 92
time step continuity errors : sum local = 4.06272e-10, global = 6.77716e-11, cumulative = -8.82027e-06
ExecutionTime = 92.96 s  ClockTime = 98 s

Courant Number mean: 0.237603 max: 0.401885
Interface Courant Number mean: 0.00253525 max: 0.388226
deltaT = 0.000583614
Time = 0.0689113

PIMPLE: iteration 1
smoothSolver:  Solving for alpha.water, Initial residual = 0.0325581, Final residual = 9.44302e-09, No Iterations 3
Phase-1 volume fraction = 0.997786  Min(alpha.water) = 0.361907  Max(alpha.water) = 1
MULES: Correcting alpha.water
MULES: Correcting alpha.water
Phase-1 volume fraction = 0.997786  Min(alpha.water) = 0.361907  Max(alpha.water) = 1.00001
DICPCG:  Solving for p_rgh, Initial residual = 0.11665, Final residual = 0.00409899, No Iterations 3
DICPCG:  Solving for p_rgh, Initial residual = 0.00412193, Final residual = 0.000160961, No Iterations 10
time step continuity errors : sum local = 7.04748e-07, global = -6.96949e-08, cumulative = -8.88996e-06
DICPCG:  Solving for p_rgh, Initial residual = 0.00231359, Final residual = 9.87473e-05, No Iterations 6
DICPCG:  Solving for p_rgh, Initial residual = 9.87254e-05, Final residual = 4.87447e-06, No Iterations 90
time step continuity errors : sum local = 2.13426e-08, global = 7.46695e-10, cumulative = -8.88922e-06
DICPCG:  Solving for p_rgh, Initial residual = 0.000399993, Final residual = 1.93261e-05, No Iterations 93
DICPCG:  Solving for p_rgh, Initial residual = 1.93646e-05, Final residual = 8.66193e-08, No Iterations 117
time step continuity errors : sum local = 3.78873e-10, global = -1.64503e-12, cumulative = -8.88922e-06
ExecutionTime = 93.47 s  ClockTime = 98 s

Courant Number mean: 0.237611 max: 0.402305
Interface Courant Number mean: 0.00250887 max: 0.395504
deltaT = 0.000583614
Time = 0.0694949

PIMPLE: iteration 1
smoothSolver:  Solving for alpha.water, Initial residual = 0.0325821, Final residual = 9.79381e-09, No Iterations 3
Phase-1 volume fraction = 0.997786  Min(alpha.water) = 0.363291  Max(alpha.water) = 1
MULES: Correcting alpha.water
MULES: Correcting alpha.water
Phase-1 volume fraction = 0.997786  Min(alpha.water) = 0.363291  Max(alpha.water) = 1.00002
DICPCG:  Solving for p_rgh, Initial residual = 0.111986, Final residual = 0.00415214, No Iterations 3
DICPCG:  Solving for p_rgh, Initial residual = 0.0041332, Final residual = 0.000172014, No Iterations 10
time step continuity errors : sum local = 7.59238e-07, global = -6.95757e-08, cumulative = -8.95879e-06
DICPCG:  Solving for p_rgh, Initial residual = 0.00217491, Final residual = 0.000100754, No Iterations 6
DICPCG:  Solving for p_rgh, Initial residual = 0.000100731, Final residual = 4.63275e-06, No Iterations 108
time step continuity errors : sum local = 2.0448e-08, global = -2.43858e-10, cumulative = -8.95904e-06
DICPCG:  Solving for p_rgh, Initial residual = 0.000373587, Final residual = 1.79617e-05, No Iterations 102
DICPCG:  Solving for p_rgh, Initial residual = 1.80003e-05, Final residual = 9.3496e-08, No Iterations 90
time step continuity errors : sum local = 4.12524e-10, global = 5.37489e-11, cumulative = -8.95898e-06
ExecutionTime = 94.06 s  ClockTime = 99 s

Courant Number mean: 0.237623 max: 0.403678
Interface Courant Number mean: 0.00253129 max: 0.382075
deltaT = 0.000583614
Time = 0.0700786

PIMPLE: iteration 1
smoothSolver:  Solving for alpha.water, Initial residual = 0.0325514, Final residual = 3.85931e-11, No Iterations 4
Phase-1 volume fraction = 0.997786  Min(alpha.water) = 0.365373  Max(alpha.water) = 1
MULES: Correcting alpha.water
MULES: Correcting alpha.water
Phase-1 volume fraction = 0.997786  Min(alpha.water) = 0.365373  Max(alpha.water) = 1.00001
DICPCG:  Solving for p_rgh, Initial residual = 0.113549, Final residual = 0.00434813, No Iterations 3
DICPCG:  Solving for p_rgh, Initial residual = 0.00432132, Final residual = 0.000164697, No Iterations 10
time step continuity errors : sum local = 7.35321e-07, global = -6.87718e-08, cumulative = -9.02776e-06
DICPCG:  Solving for p_rgh, Initial residual = 0.00215266, Final residual = 9.70619e-05, No Iterations 6
DICPCG:  Solving for p_rgh, Initial residual = 9.70422e-05, Final residual = 4.67022e-06, No Iterations 86
time step continuity errors : sum local = 2.08501e-08, global = 1.68427e-09, cumulative = -9.02607e-06
DICPCG:  Solving for p_rgh, Initial residual = 0.000366135, Final residual = 1.73463e-05, No Iterations 103
DICPCG:  Solving for p_rgh, Initial residual = 1.73816e-05, Final residual = 9.28489e-08, No Iterations 88
time step continuity errors : sum local = 4.14268e-10, global = 6.41978e-11, cumulative = -9.02601e-06
ExecutionTime = 94.61 s  ClockTime = 100 s

Courant Number mean: 0.237635 max: 0.403321
Interface Courant Number mean: 0.00253666 max: 0.385588
deltaT = 0.000583614
Time = 0.0706622

PIMPLE: iteration 1
smoothSolver:  Solving for alpha.water, Initial residual = 0.0328776, Final residual = 9.56833e-09, No Iterations 3
Phase-1 volume fraction = 0.997786  Min(alpha.water) = 0.368497  Max(alpha.water) = 1
MULES: Correcting alpha.water
MULES: Correcting alpha.water
Phase-1 volume fraction = 0.997786  Min(alpha.water) = 0.368497  Max(alpha.water) = 1.00001
DICPCG:  Solving for p_rgh, Initial residual = 0.110157, Final residual = 0.00435273, No Iterations 3
DICPCG:  Solving for p_rgh, Initial residual = 0.00434843, Final residual = 0.000180741, No Iterations 10
time step continuity errors : sum local = 8.07695e-07, global = -6.87284e-08, cumulative = -9.09474e-06
DICPCG:  Solving for p_rgh, Initial residual = 0.00215877, Final residual = 8.93015e-05, No Iterations 6
DICPCG:  Solving for p_rgh, Initial residual = 8.92876e-05, Final residual = 3.78953e-06, No Iterations 110
time step continuity errors : sum local = 1.69316e-08, global = 8.64328e-11, cumulative = -9.09465e-06
DICPCG:  Solving for p_rgh, Initial residual = 0.000366889, Final residual = 1.70611e-05, No Iterations 92
DICPCG:  Solving for p_rgh, Initial residual = 1.70976e-05, Final residual = 8.52324e-08, No Iterations 117
time step continuity errors : sum local = 3.80781e-10, global = -1.47331e-12, cumulative = -9.09465e-06
ExecutionTime = 95.19 s  ClockTime = 100 s

Courant Number mean: 0.237652 max: 0.397001
Interface Courant Number mean: 0.0024977 max: 0.38576
deltaT = 0.000583614
Time = 0.0712458

PIMPLE: iteration 1
smoothSolver:  Solving for alpha.water, Initial residual = 0.0330827, Final residual = 8.13592e-09, No Iterations 3
Phase-1 volume fraction = 0.997786  Min(alpha.water) = 0.369919  Max(alpha.water) = 1
MULES: Correcting alpha.water
MULES: Correcting alpha.water
Phase-1 volume fraction = 0.997786  Min(alpha.water) = 0.369919  Max(alpha.water) = 1.00002
DICPCG:  Solving for p_rgh, Initial residual = 0.105327, Final residual = 0.0044841, No Iterations 3
DICPCG:  Solving for p_rgh, Initial residual = 0.00447138, Final residual = 0.000183296, No Iterations 10
time step continuity errors : sum local = 8.23338e-07, global = -6.80395e-08, cumulative = -9.16269e-06
DICPCG:  Solving for p_rgh, Initial residual = 0.00207462, Final residual = 8.91576e-05, No Iterations 6
DICPCG:  Solving for p_rgh, Initial residual = 8.91461e-05, Final residual = 4.24937e-06, No Iterations 109
time step continuity errors : sum local = 1.90835e-08, global = 1.24648e-10, cumulative = -9.16257e-06
DICPCG:  Solving for p_rgh, Initial residual = 0.000359936, Final residual = 1.48335e-05, No Iterations 103
DICPCG:  Solving for p_rgh, Initial residual = 1.48632e-05, Final residual = 9.88942e-08, No Iterations 72
time step continuity errors : sum local = 4.43791e-10, global = 4.49205e-11, cumulative = -9.16252e-06
ExecutionTime = 95.71 s  ClockTime = 101 s

Courant Number mean: 0.237667 max: 0.397208
Interface Courant Number mean: 0.00253088 max: 0.393784
deltaT = 0.000583614
Time = 0.0718294

PIMPLE: iteration 1
smoothSolver:  Solving for alpha.water, Initial residual = 0.0331524, Final residual = 6.7794e-09, No Iterations 3
Phase-1 volume fraction = 0.997786  Min(alpha.water) = 0.370756  Max(alpha.water) = 1
MULES: Correcting alpha.water
MULES: Correcting alpha.water
Phase-1 volume fraction = 0.997786  Min(alpha.water) = 0.370756  Max(alpha.water) = 1.00002
DICPCG:  Solving for p_rgh, Initial residual = 0.107926, Final residual = 0.00454973, No Iterations 3
DICPCG:  Solving for p_rgh, Initial residual = 0.00458334, Final residual = 0.000198969, No Iterations 10
time step continuity errors : sum local = 8.79618e-07, global = -6.74521e-08, cumulative = -9.22997e-06
DICPCG:  Solving for p_rgh, Initial residual = 0.00213506, Final residual = 0.000101964, No Iterations 6
DICPCG:  Solving for p_rgh, Initial residual = 0.000101951, Final residual = 4.87377e-06, No Iterations 108
time step continuity errors : sum local = 2.15406e-08, global = -1.55194e-10, cumulative = -9.23013e-06
DICPCG:  Solving for p_rgh, Initial residual = 0.000368843, Final residual = 1.76285e-05, No Iterations 96
DICPCG:  Solving for p_rgh, Initial residual = 1.76684e-05, Final residual = 8.46657e-08, No Iterations 118
time step continuity errors : sum local = 3.74342e-10, global = 1.00542e-12, cumulative = -9.23013e-06
ExecutionTime = 96.3 s  ClockTime = 101 s

Courant Number mean: 0.237685 max: 0.400812
Interface Courant Number mean: 0.00260153 max: 0.382135
deltaT = 0.000583614
Time = 0.072413

PIMPLE: iteration 1
smoothSolver:  Solving for alpha.water, Initial residual = 0.0330695, Final residual = 5.98272e-09, No Iterations 3
Phase-1 volume fraction = 0.997786  Min(alpha.water) = 0.371762  Max(alpha.water) = 1
MULES: Correcting alpha.water
MULES: Correcting alpha.water
Phase-1 volume fraction = 0.997786  Min(alpha.water) = 0.371762  Max(alpha.water) = 1.00001
DICPCG:  Solving for p_rgh, Initial residual = 0.117426, Final residual = 0.00472326, No Iterations 3
DICPCG:  Solving for p_rgh, Initial residual = 0.00476442, Final residual = 0.000210804, No Iterations 10
time step continuity errors : sum local = 9.15707e-07, global = -6.71373e-08, cumulative = -9.29726e-06
DICPCG:  Solving for p_rgh, Initial residual = 0.00224565, Final residual = 0.000105765, No Iterations 6
DICPCG:  Solving for p_rgh, Initial residual = 0.000105749, Final residual = 4.79099e-06, No Iterations 108
time step continuity errors : sum local = 2.08052e-08, global = 1.50117e-10, cumulative = -9.29711e-06
DICPCG:  Solving for p_rgh, Initial residual = 0.000385302, Final residual = 1.73091e-05, No Iterations 103
DICPCG:  Solving for p_rgh, Initial residual = 1.73445e-05, Final residual = 9.75758e-08, No Iterations 87
time step continuity errors : sum local = 4.23481e-10, global = 5.6771e-11, cumulative = -9.29706e-06
ExecutionTime = 96.89 s  ClockTime = 102 s

Courant Number mean: 0.237702 max: 0.400411
Interface Courant Number mean: 0.00256915 max: 0.388789
deltaT = 0.000583614
Time = 0.0729966

PIMPLE: iteration 1
smoothSolver:  Solving for alpha.water, Initial residual = 0.033109, Final residual = 5.47717e-09, No Iterations 3
Phase-1 volume fraction = 0.997786  Min(alpha.water) = 0.373248  Max(alpha.water) = 1
MULES: Correcting alpha.water
MULES: Correcting alpha.water
Phase-1 volume fraction = 0.997786  Min(alpha.water) = 0.373248  Max(alpha.water) = 1.00001
DICPCG:  Solving for p_rgh, Initial residual = 0.114001, Final residual = 0.00459151, No Iterations 3
DICPCG:  Solving for p_rgh, Initial residual = 0.00457773, Final residual = 0.000202942, No Iterations 10
time step continuity errors : sum local = 8.85602e-07, global = -6.65964e-08, cumulative = -9.36365e-06
DICPCG:  Solving for p_rgh, Initial residual = 0.00219856, Final residual = 0.000106316, No Iterations 6
DICPCG:  Solving for p_rgh, Initial residual = 0.000106301, Final residual = 4.47048e-06, No Iterations 106
time step continuity errors : sum local = 1.95036e-08, global = 1.23897e-10, cumulative = -9.36353e-06
DICPCG:  Solving for p_rgh, Initial residual = 0.00037244, Final residual = 1.50891e-05, No Iterations 103
DICPCG:  Solving for p_rgh, Initial residual = 1.51175e-05, Final residual = 9.94795e-08, No Iterations 73
time step continuity errors : sum local = 4.33432e-10, global = 4.77595e-11, cumulative = -9.36348e-06
ExecutionTime = 97.56 s  ClockTime = 103 s

Courant Number mean: 0.23772 max: 0.392929
Interface Courant Number mean: 0.00251197 max: 0.392528
deltaT = 0.000583614
Time = 0.0735802

PIMPLE: iteration 1
smoothSolver:  Solving for alpha.water, Initial residual = 0.0330822, Final residual = 4.86939e-09, No Iterations 3
Phase-1 volume fraction = 0.997786  Min(alpha.water) = 0.375518  Max(alpha.water) = 1
MULES: Correcting alpha.water
MULES: Correcting alpha.water
Phase-1 volume fraction = 0.997786  Min(alpha.water) = 0.375518  Max(alpha.water) = 1.00004
DICPCG:  Solving for p_rgh, Initial residual = 0.110593, Final residual = 0.0044184, No Iterations 3
DICPCG:  Solving for p_rgh, Initial residual = 0.00438685, Final residual = 0.000176402, No Iterations 10
time step continuity errors : sum local = 7.78899e-07, global = -6.62494e-08, cumulative = -9.42973e-06
DICPCG:  Solving for p_rgh, Initial residual = 0.00208976, Final residual = 9.11068e-05, No Iterations 6
DICPCG:  Solving for p_rgh, Initial residual = 9.11e-05, Final residual = 4.35797e-06, No Iterations 93
time step continuity errors : sum local = 1.92359e-08, global = 3.49235e-10, cumulative = -9.42938e-06
DICPCG:  Solving for p_rgh, Initial residual = 0.000346427, Final residual = 1.57378e-05, No Iterations 102
DICPCG:  Solving for p_rgh, Initial residual = 1.57699e-05, Final residual = 9.96361e-08, No Iterations 87
time step continuity errors : sum local = 4.39569e-10, global = 4.81152e-11, cumulative = -9.42933e-06
ExecutionTime = 98.08 s  ClockTime = 103 s

Courant Number mean: 0.237731 max: 0.39182
Interface Courant Number mean: 0.00267665 max: 0.39182
deltaT = 0.000583614
Time = 0.0741639

PIMPLE: iteration 1
smoothSolver:  Solving for alpha.water, Initial residual = 0.0331438, Final residual = 4.44528e-09, No Iterations 3
Phase-1 volume fraction = 0.997786  Min(alpha.water) = 0.377647  Max(alpha.water) = 1
MULES: Correcting alpha.water
MULES: Correcting alpha.water
Phase-1 volume fraction = 0.997786  Min(alpha.water) = 0.377647  Max(alpha.water) = 1.00003
DICPCG:  Solving for p_rgh, Initial residual = 0.111423, Final residual = 0.00433334, No Iterations 3
DICPCG:  Solving for p_rgh, Initial residual = 0.00432512, Final residual = 0.000165187, No Iterations 10
time step continuity errors : sum local = 7.31068e-07, global = -6.5883e-08, cumulative = -9.49522e-06
DICPCG:  Solving for p_rgh, Initial residual = 0.00213686, Final residual = 9.87389e-05, No Iterations 5
DICPCG:  Solving for p_rgh, Initial residual = 9.87312e-05, Final residual = 4.58347e-06, No Iterations 108
time step continuity errors : sum local = 2.02779e-08, global = -2.50488e-10, cumulative = -9.49547e-06
DICPCG:  Solving for p_rgh, Initial residual = 0.000357623, Final residual = 1.78438e-05, No Iterations 95
DICPCG:  Solving for p_rgh, Initial residual = 1.78827e-05, Final residual = 8.39775e-08, No Iterations 117
time step continuity errors : sum local = 3.71626e-10, global = 6.92969e-14, cumulative = -9.49547e-06
ExecutionTime = 98.68 s  ClockTime = 104 s

Courant Number mean: 0.237739 max: 0.395139
Interface Courant Number mean: 0.00269268 max: 0.390927
deltaT = 0.000583614
Time = 0.0747475

PIMPLE: iteration 1
smoothSolver:  Solving for alpha.water, Initial residual = 0.0330375, Final residual = 4.3458e-09, No Iterations 3
Phase-1 volume fraction = 0.997786  Min(alpha.water) = 0.378622  Max(alpha.water) = 1.00002
MULES: Correcting alpha.water
MULES: Correcting alpha.water
Phase-1 volume fraction = 0.997786  Min(alpha.water) = 0.378622  Max(alpha.water) = 1.00002
DICPCG:  Solving for p_rgh, Initial residual = 0.114495, Final residual = 0.00419828, No Iterations 3
DICPCG:  Solving for p_rgh, Initial residual = 0.00422431, Final residual = 0.000202731, No Iterations 10
time step continuity errors : sum local = 8.86144e-07, global = -6.54505e-08, cumulative = -9.56092e-06
DICPCG:  Solving for p_rgh, Initial residual = 0.00221249, Final residual = 0.000101803, No Iterations 8
DICPCG:  Solving for p_rgh, Initial residual = 0.000101791, Final residual = 4.33445e-06, No Iterations 106
time step continuity errors : sum local = 1.89437e-08, global = -1.21365e-10, cumulative = -9.56104e-06
DICPCG:  Solving for p_rgh, Initial residual = 0.000381508, Final residual = 1.8853e-05, No Iterations 98
DICPCG:  Solving for p_rgh, Initial residual = 1.88915e-05, Final residual = 7.98829e-08, No Iterations 117
time step continuity errors : sum local = 3.48955e-10, global = -2.14283e-12, cumulative = -9.56104e-06
ExecutionTime = 99.26 s  ClockTime = 104 s

Courant Number mean: 0.237745 max: 0.399727
Interface Courant Number mean: 0.00266257 max: 0.395076
deltaT = 0.000583614
Time = 0.0753311

PIMPLE: iteration 1
smoothSolver:  Solving for alpha.water, Initial residual = 0.0328926, Final residual = 4.46891e-09, No Iterations 3
Phase-1 volume fraction = 0.997786  Min(alpha.water) = 0.379445  Max(alpha.water) = 1.00001
MULES: Correcting alpha.water
MULES: Correcting alpha.water
Phase-1 volume fraction = 0.997786  Min(alpha.water) = 0.379445  Max(alpha.water) = 1.00001
DICPCG:  Solving for p_rgh, Initial residual = 0.113137, Final residual = 0.00408243, No Iterations 3
DICPCG:  Solving for p_rgh, Initial residual = 0.00409354, Final residual = 0.000191618, No Iterations 10
time step continuity errors : sum local = 8.32423e-07, global = -6.50291e-08, cumulative = -9.62607e-06
DICPCG:  Solving for p_rgh, Initial residual = 0.00222976, Final residual = 0.000107728, No Iterations 6
DICPCG:  Solving for p_rgh, Initial residual = 0.000107718, Final residual = 4.8174e-06, No Iterations 110
time step continuity errors : sum local = 2.09193e-08, global = 2.51512e-10, cumulative = -9.62582e-06
DICPCG:  Solving for p_rgh, Initial residual = 0.000380464, Final residual = 1.88038e-05, No Iterations 102
DICPCG:  Solving for p_rgh, Initial residual = 1.88407e-05, Final residual = 8.3077e-08, No Iterations 117
time step continuity errors : sum local = 3.60492e-10, global = 2.12169e-12, cumulative = -9.62582e-06
ExecutionTime = 99.83 s  ClockTime = 105 s

Courant Number mean: 0.237748 max: 0.400534
Interface Courant Number mean: 0.00262547 max: 0.395481
deltaT = 0.000583614
Time = 0.0759147

PIMPLE: iteration 1
smoothSolver:  Solving for alpha.water, Initial residual = 0.0328063, Final residual = 4.53739e-09, No Iterations 3
Phase-1 volume fraction = 0.997786  Min(alpha.water) = 0.380563  Max(alpha.water) = 1
MULES: Correcting alpha.water
MULES: Correcting alpha.water
Phase-1 volume fraction = 0.997786  Min(alpha.water) = 0.380563  Max(alpha.water) = 1.00001
DICPCG:  Solving for p_rgh, Initial residual = 0.112126, Final residual = 0.0039891, No Iterations 3
DICPCG:  Solving for p_rgh, Initial residual = 0.0040158, Final residual = 0.000198257, No Iterations 10
time step continuity errors : sum local = 8.48914e-07, global = -6.46677e-08, cumulative = -9.69048e-06
DICPCG:  Solving for p_rgh, Initial residual = 0.00224781, Final residual = 0.000109141, No Iterations 7
DICPCG:  Solving for p_rgh, Initial residual = 0.000109136, Final residual = 5.31747e-06, No Iterations 105
time step continuity errors : sum local = 2.27567e-08, global = -9.28438e-11, cumulative = -9.69058e-06
DICPCG:  Solving for p_rgh, Initial residual = 0.000382613, Final residual = 1.79888e-05, No Iterations 102
DICPCG:  Solving for p_rgh, Initial residual = 1.80242e-05, Final residual = 9.75721e-08, No Iterations 83
time step continuity errors : sum local = 4.17286e-10, global = 6.47108e-11, cumulative = -9.69051e-06
ExecutionTime = 100.42 s  ClockTime = 106 s

Courant Number mean: 0.23775 max: 0.397423
Interface Courant Number mean: 0.00265102 max: 0.39572
deltaT = 0.000583614
Time = 0.0764983

PIMPLE: iteration 1
smoothSolver:  Solving for alpha.water, Initial residual = 0.0325592, Final residual = 4.69436e-09, No Iterations 3
Phase-1 volume fraction = 0.997786  Min(alpha.water) = 0.382266  Max(alpha.water) = 1
MULES: Correcting alpha.water
MULES: Correcting alpha.water
Phase-1 volume fraction = 0.997786  Min(alpha.water) = 0.382266  Max(alpha.water) = 1.00007
DICPCG:  Solving for p_rgh, Initial residual = 0.115113, Final residual = 0.00379013, No Iterations 3
DICPCG:  Solving for p_rgh, Initial residual = 0.00377616, Final residual = 0.000180682, No Iterations 10
time step continuity errors : sum local = 7.78302e-07, global = -6.41018e-08, cumulative = -9.75461e-06
DICPCG:  Solving for p_rgh, Initial residual = 0.00226378, Final residual = 0.000111602, No Iterations 4
DICPCG:  Solving for p_rgh, Initial residual = 0.000111592, Final residual = 5.41138e-06, No Iterations 109
time step continuity errors : sum local = 2.3304e-08, global = 1.54181e-10, cumulative = -9.75446e-06
DICPCG:  Solving for p_rgh, Initial residual = 0.00038642, Final residual = 1.74771e-05, No Iterations 102
DICPCG:  Solving for p_rgh, Initial residual = 1.75111e-05, Final residual = 9.80695e-08, No Iterations 92
time step continuity errors : sum local = 4.21999e-10, global = 6.02323e-11, cumulative = -9.7544e-06
ExecutionTime = 100.98 s  ClockTime = 106 s

Courant Number mean: 0.237749 max: 0.400186
Interface Courant Number mean: 0.0026635 max: 0.394288
deltaT = 0.000583614
Time = 0.0770819

PIMPLE: iteration 1
smoothSolver:  Solving for alpha.water, Initial residual = 0.0324444, Final residual = 5.0702e-09, No Iterations 3
Phase-1 volume fraction = 0.997786  Min(alpha.water) = 0.383904  Max(alpha.water) = 1
MULES: Correcting alpha.water
MULES: Correcting alpha.water
Phase-1 volume fraction = 0.997786  Min(alpha.water) = 0.383037  Max(alpha.water) = 1.00001
DICPCG:  Solving for p_rgh, Initial residual = 0.113724, Final residual = 0.00353813, No Iterations 3
DICPCG:  Solving for p_rgh, Initial residual = 0.00350389, Final residual = 0.000153482, No Iterations 11
time step continuity errors : sum local = 6.73559e-07, global = -6.37707e-08, cumulative = -9.81817e-06
DICPCG:  Solving for p_rgh, Initial residual = 0.00219347, Final residual = 0.000107641, No Iterations 7
DICPCG:  Solving for p_rgh, Initial residual = 0.000107626, Final residual = 4.59699e-06, No Iterations 107
time step continuity errors : sum local = 2.01735e-08, global = -7.07919e-11, cumulative = -9.81824e-06
DICPCG:  Solving for p_rgh, Initial residual = 0.000371, Final residual = 1.67612e-05, No Iterations 101
DICPCG:  Solving for p_rgh, Initial residual = 1.67967e-05, Final residual = 9.85023e-08, No Iterations 93
time step continuity errors : sum local = 4.32338e-10, global = 4.23881e-11, cumulative = -9.8182e-06
ExecutionTime = 101.56 s  ClockTime = 107 s

Courant Number mean: 0.237752 max: 0.405705
Interface Courant Number mean: 0.00264691 max: 0.390891
deltaT = 0.000583614
Time = 0.0776655

PIMPLE: iteration 1
smoothSolver:  Solving for alpha.water, Initial residual = 0.0321818, Final residual = 5.75036e-09, No Iterations 3
Phase-1 volume fraction = 0.997786  Min(alpha.water) = 0.384362  Max(alpha.water) = 1
MULES: Correcting alpha.water
MULES: Correcting alpha.water
Phase-1 volume fraction = 0.997786  Min(alpha.water) = 0.38386  Max(alpha.water) = 1.00001
DICPCG:  Solving for p_rgh, Initial residual = 0.109089, Final residual = 0.00362375, No Iterations 3
DICPCG:  Solving for p_rgh, Initial residual = 0.0036186, Final residual = 0.000164935, No Iterations 10
time step continuity errors : sum local = 7.26146e-07, global = -6.34267e-08, cumulative = -9.88163e-06
DICPCG:  Solving for p_rgh, Initial residual = 0.00214373, Final residual = 9.93161e-05, No Iterations 5
DICPCG:  Solving for p_rgh, Initial residual = 9.93121e-05, Final residual = 4.45498e-06, No Iterations 109
time step continuity errors : sum local = 1.96096e-08, global = 1.81581e-11, cumulative = -9.88161e-06
DICPCG:  Solving for p_rgh, Initial residual = 0.000366818, Final residual = 1.78736e-05, No Iterations 93
DICPCG:  Solving for p_rgh, Initial residual = 1.79077e-05, Final residual = 9.45161e-08, No Iterations 116
time step continuity errors : sum local = 4.15863e-10, global = -8.8573e-13, cumulative = -9.88161e-06
ExecutionTime = 102.09 s  ClockTime = 107 s

Courant Number mean: 0.237756 max: 0.407543
Interface Courant Number mean: 0.00264534 max: 0.393007
deltaT = 0.000583614
Time = 0.0782492

PIMPLE: iteration 1
smoothSolver:  Solving for alpha.water, Initial residual = 0.0320505, Final residual = 6.48999e-09, No Iterations 3
Phase-1 volume fraction = 0.997786  Min(alpha.water) = 0.384779  Max(alpha.water) = 1
MULES: Correcting alpha.water
MULES: Correcting alpha.water
Phase-1 volume fraction = 0.997786  Min(alpha.water) = 0.384602  Max(alpha.water) = 1.00001
DICPCG:  Solving for p_rgh, Initial residual = 0.106204, Final residual = 0.00363009, No Iterations 3
DICPCG:  Solving for p_rgh, Initial residual = 0.00366027, Final residual = 0.0001744, No Iterations 10
time step continuity errors : sum local = 7.55058e-07, global = -6.30992e-08, cumulative = -9.94471e-06
DICPCG:  Solving for p_rgh, Initial residual = 0.00222915, Final residual = 0.000109579, No Iterations 5
DICPCG:  Solving for p_rgh, Initial residual = 0.000109575, Final residual = 5.36747e-06, No Iterations 108
time step continuity errors : sum local = 2.32314e-08, global = 1.61706e-10, cumulative = -9.94455e-06
DICPCG:  Solving for p_rgh, Initial residual = 0.000384857, Final residual = 1.84874e-05, No Iterations 102
DICPCG:  Solving for p_rgh, Initial residual = 1.85221e-05, Final residual = 9.83889e-08, No Iterations 88
time step continuity errors : sum local = 4.25557e-10, global = 7.36018e-11, cumulative = -9.94447e-06
ExecutionTime = 102.64 s  ClockTime = 108 s

Courant Number mean: 0.23776 max: 0.405662
Interface Courant Number mean: 0.00262828 max: 0.396117
deltaT = 0.000583614
Time = 0.0788328

PIMPLE: iteration 1
smoothSolver:  Solving for alpha.water, Initial residual = 0.0319253, Final residual = 7.08893e-09, No Iterations 3
Phase-1 volume fraction = 0.997786  Min(alpha.water) = 0.38517  Max(alpha.water) = 1
MULES: Correcting alpha.water
MULES: Correcting alpha.water
Phase-1 volume fraction = 0.997786  Min(alpha.water) = 0.38516  Max(alpha.water) = 1.00001
DICPCG:  Solving for p_rgh, Initial residual = 0.113525, Final residual = 0.00354282, No Iterations 3
DICPCG:  Solving for p_rgh, Initial residual = 0.00357818, Final residual = 0.000171849, No Iterations 10
time step continuity errors : sum local = 7.28956e-07, global = -6.2569e-08, cumulative = -1.0007e-05
DICPCG:  Solving for p_rgh, Initial residual = 0.00227999, Final residual = 9.94392e-05, No Iterations 6
DICPCG:  Solving for p_rgh, Initial residual = 9.94319e-05, Final residual = 4.36747e-06, No Iterations 108
time step continuity errors : sum local = 1.85196e-08, global = 3.03432e-12, cumulative = -1.0007e-05
DICPCG:  Solving for p_rgh, Initial residual = 0.00039076, Final residual = 1.58047e-05, No Iterations 103
DICPCG:  Solving for p_rgh, Initial residual = 1.58351e-05, Final residual = 9.88608e-08, No Iterations 86
time step continuity errors : sum local = 4.18936e-10, global = 4.57804e-11, cumulative = -1.0007e-05
ExecutionTime = 103.2 s  ClockTime = 108 s

Courant Number mean: 0.237764 max: 0.403015
Interface Courant Number mean: 0.00265634 max: 0.395722
deltaT = 0.000583614
Time = 0.0794164

PIMPLE: iteration 1
smoothSolver:  Solving for alpha.water, Initial residual = 0.0317552, Final residual = 7.60396e-09, No Iterations 3
Phase-1 volume fraction = 0.997786  Min(alpha.water) = 0.385391  Max(alpha.water) = 1
MULES: Correcting alpha.water
MULES: Correcting alpha.water
Phase-1 volume fraction = 0.997786  Min(alpha.water) = 0.385391  Max(alpha.water) = 1.00003
DICPCG:  Solving for p_rgh, Initial residual = 0.112684, Final residual = 0.0035316, No Iterations 3
DICPCG:  Solving for p_rgh, Initial residual = 0.00352361, Final residual = 0.000144939, No Iterations 11
time step continuity errors : sum local = 6.17084e-07, global = -6.22957e-08, cumulative = -1.00693e-05
DICPCG:  Solving for p_rgh, Initial residual = 0.00221374, Final residual = 0.000100599, No Iterations 5
DICPCG:  Solving for p_rgh, Initial residual = 0.000100583, Final residual = 4.42035e-06, No Iterations 108
time step continuity errors : sum local = 1.8816e-08, global = 2.72354e-10, cumulative = -1.0069e-05
DICPCG:  Solving for p_rgh, Initial residual = 0.000378729, Final residual = 1.73599e-05, No Iterations 100
DICPCG:  Solving for p_rgh, Initial residual = 1.73926e-05, Final residual = 9.33113e-08, No Iterations 118
time step continuity errors : sum local = 3.96911e-10, global = 7.21067e-12, cumulative = -1.0069e-05
ExecutionTime = 103.75 s  ClockTime = 109 s

Courant Number mean: 0.237773 max: 0.408654
Interface Courant Number mean: 0.00268595 max: 0.391515
deltaT = 0.000583614
Time = 0.08

PIMPLE: iteration 1
smoothSolver:  Solving for alpha.water, Initial residual = 0.0315799, Final residual = 8.40643e-09, No Iterations 3
Phase-1 volume fraction = 0.997786  Min(alpha.water) = 0.385579  Max(alpha.water) = 1
MULES: Correcting alpha.water
MULES: Correcting alpha.water
Phase-1 volume fraction = 0.997786  Min(alpha.water) = 0.385561  Max(alpha.water) = 1.00002
DICPCG:  Solving for p_rgh, Initial residual = 0.114987, Final residual = 0.00343223, No Iterations 3
DICPCG:  Solving for p_rgh, Initial residual = 0.00340713, Final residual = 0.000161607, No Iterations 10
time step continuity errors : sum local = 6.97176e-07, global = -6.20271e-08, cumulative = -1.0131e-05
DICPCG:  Solving for p_rgh, Initial residual = 0.00222757, Final residual = 0.000104847, No Iterations 5
DICPCG:  Solving for p_rgh, Initial residual = 0.000104837, Final residual = 5.02381e-06, No Iterations 110
time step continuity errors : sum local = 2.16676e-08, global = -2.24694e-10, cumulative = -1.01313e-05
DICPCG:  Solving for p_rgh, Initial residual = 0.000378499, Final residual = 1.76232e-05, No Iterations 102
DICPCG:  Solving for p_rgh, Initial residual = 1.76596e-05, Final residual = 9.8084e-08, No Iterations 84
time step continuity errors : sum local = 4.23185e-10, global = 5.25556e-11, cumulative = -1.01312e-05
ExecutionTime = 104.66 s  ClockTime = 110 s

End

Finalising parallel run
