/*---------------------------------------------------------------------------*\
| =========                 |                                                 |
| \\      /  F ield         | OpenFOAM: The Open Source CFD Toolbox           |
|  \\    /   O peration     | Version:  2212                                  |
|   \\  /    A nd           | Website:  www.openfoam.com                      |
|    \\/     M anipulation  |                                                 |
\*---------------------------------------------------------------------------*/
Build  : _70874860-20230612 OPENFOAM=2212 patch=230612 version=2212
Arch   : "LSB;label=32;scalar=64"
Exec   : interFoam -parallel
Date   : Sep 08 2026
Time   : 17:11:40
Host   : d24a6d2e1d65
PID    : 241
I/O    : uncollated
Case   : /data/phaseforge_channel_3d
nProcs : 4
Hosts  :
(
    (d24a6d2e1d65 4)
)
Pstream initialized with:
    floatTransfer      : 0
    nProcsSimpleSum    : 0
    commsType          : nonBlocking
    polling iterations : 0
trapFpe: Floating point exception trapping enabled (FOAM_SIGFPE).
fileModificationChecking : Monitoring run-time modified files using timeStampMaster (fileModificationSkew 5, maxFileModificationPolls 20)
allowSystemOperations : Allowing user-supplied system call operations

// * * * * * * * * * * * * * * * * * * * * * * * * * * * * * * * * * * * * * //
Create time

Create mesh for time = 0


PIMPLE: Operating solver in PISO mode

Reading field p_rgh

Reading field U

Reading/calculating face flux field phi

Reading transportProperties

Selecting incompressible transport model Newtonian
Selecting incompressible transport model Newtonian
Selecting turbulence model type laminar
Selecting laminar stress model Stokes

Reading g

Reading hRef
Calculating field g.h

No MRF models present

No finite volume options present
DICPCG:  Solving for pcorr, Initial residual = 0.00769514, Final residual = 9.20951e-08, No Iterations 301
DICPCG:  Solving for pcorr, Initial residual = 4.29374e-08, Final residual = 4.29374e-08, No Iterations 0
time step continuity errors : sum local = 8.82225e-20, global = -4.75166e-20, cumulative = -4.75166e-20
Courant Number mean: 0.016 max: 0.016

Starting time loop

Courant Number mean: 0.016 max: 0.016
Interface Courant Number mean: 0 max: 0
deltaT = 2.40096e-05
Time = 2.40096e-05

PIMPLE: iteration 1
smoothSolver:  Solving for alpha.water, Initial residual = 0.00171446, Final residual = 4.44295e-15, No Iterations 2
Phase-1 volume fraction = 0.997811  Min(alpha.water) = 1.5911e-14  Max(alpha.water) = 1
MULES: Correcting alpha.water
MULES: Correcting alpha.water
Phase-1 volume fraction = 0.997811  Min(alpha.water) = 1.5911e-14  Max(alpha.water) = 1
DICPCG:  Solving for p_rgh, Initial residual = 1, Final residual = 0.0431701, No Iterations 8
DICPCG:  Solving for p_rgh, Initial residual = 0.0211694, Final residual = 0.000956596, No Iterations 212
time step continuity errors : sum local = 3.51453e-08, global = -2.56633e-10, cumulative = -2.56633e-10
DICPCG:  Solving for p_rgh, Initial residual = 0.00114207, Final residual = 5.48779e-05, No Iterations 24
DICPCG:  Solving for p_rgh, Initial residual = 5.48916e-05, Final residual = 2.54785e-06, No Iterations 214
time step continuity errors : sum local = 1.41946e-10, global = -4.63192e-13, cumulative = -2.57096e-10
DICPCG:  Solving for p_rgh, Initial residual = 2.06637e-05, Final residual = 1.0124e-06, No Iterations 30
DICPCG:  Solving for p_rgh, Initial residual = 1.01241e-06, Final residual = 9.90564e-08, No Iterations 191
time step continuity errors : sum local = 5.51438e-12, global = 2.80927e-14, cumulative = -2.57068e-10
ExecutionTime = 16.18 s  ClockTime = 17 s

Courant Number mean: 0.0192118 max: 0.0238518
Interface Courant Number mean: 1.58229e-05 max: 0.0238518
deltaT = 2.88254e-05
Time = 5.2835e-05

PIMPLE: iteration 1
smoothSolver:  Solving for alpha.water, Initial residual = 0.00222171, Final residual = 7.02883e-11, No Iterations 2
Phase-1 volume fraction = 0.997811  Min(alpha.water) = 5.45745e-12  Max(alpha.water) = 1
MULES: Correcting alpha.water
MULES: Correcting alpha.water
Phase-1 volume fraction = 0.997811  Min(alpha.water) = 5.45494e-12  Max(alpha.water) = 1
DICPCG:  Solving for p_rgh, Initial residual = 0.02419, Final residual = 0.000915082, No Iterations 2
DICPCG:  Solving for p_rgh, Initial residual = 0.000913061, Final residual = 4.49332e-05, No Iterations 20
time step continuity errors : sum local = 3.59408e-09, global = 1.14306e-10, cumulative = -1.42762e-10
DICPCG:  Solving for p_rgh, Initial residual = 0.000575826, Final residual = 2.71276e-05, No Iterations 4
DICPCG:  Solving for p_rgh, Initial residual = 2.71232e-05, Final residual = 1.26979e-06, No Iterations 223
time step continuity errors : sum local = 1.01597e-10, global = 6.37266e-13, cumulative = -1.42125e-10
DICPCG:  Solving for p_rgh, Initial residual = 1.22297e-05, Final residual = 6.01791e-07, No Iterations 113
DICPCG:  Solving for p_rgh, Initial residual = 6.01791e-07, Final residual = 9.79702e-08, No Iterations 180
time step continuity errors : sum local = 7.83066e-12, global = 2.74092e-13, cumulative = -1.41851e-10
ExecutionTime = 23.9 s  ClockTime = 25 s

Courant Number mean: 0.0230706 max: 0.0339829
Interface Courant Number mean: 1.99771e-05 max: 0.0339829
deltaT = 3.45705e-05
Time = 8.74055e-05

PIMPLE: iteration 1
smoothSolver:  Solving for alpha.water, Initial residual = 0.00285187, Final residual = 3.63621e-10, No Iterations 2
Phase-1 volume fraction = 0.997811  Min(alpha.water) = 3.10606e-11  Max(alpha.water) = 1
MULES: Correcting alpha.water
MULES: Correcting alpha.water
Phase-1 volume fraction = 0.997811  Min(alpha.water) = 3.10156e-11  Max(alpha.water) = 1
DICPCG:  Solving for p_rgh, Initial residual = 0.0186309, Final residual = 0.000587169, No Iterations 3
DICPCG:  Solving for p_rgh, Initial residual = 0.000588588, Final residual = 2.83381e-05, No Iterations 74
time step continuity errors : sum local = 3.21271e-09, global = 1.82384e-10, cumulative = 4.05334e-11
DICPCG:  Solving for p_rgh, Initial residual = 0.000625395, Final residual = 3.1081e-05, No Iterations 3
DICPCG:  Solving for p_rgh, Initial residual = 3.10748e-05, Final residual = 1.54963e-06, No Iterations 215
time step continuity errors : sum local = 1.75722e-10, global = -1.88745e-14, cumulative = 4.05145e-11
DICPCG:  Solving for p_rgh, Initial residual = 1.56778e-05, Final residual = 7.48674e-07, No Iterations 87
DICPCG:  Solving for p_rgh, Initial residual = 7.48677e-07, Final residual = 9.11848e-08, No Iterations 201
time step continuity errors : sum local = 1.03261e-11, global = 2.77182e-14, cumulative = 4.05423e-11
ExecutionTime = 32.66 s  ClockTime = 34 s

Courant Number mean: 0.027676 max: 0.0472983
Interface Courant Number mean: 2.51668e-05 max: 0.0472983
deltaT = 4.14846e-05
Time = 0.00012889

PIMPLE: iteration 1
smoothSolver:  Solving for alpha.water, Initial residual = 0.00364217, Final residual = 1.37419e-09, No Iterations 2
Phase-1 volume fraction = 0.997811  Min(alpha.water) = 1.50233e-10  Max(alpha.water) = 1
MULES: Correcting alpha.water
MULES: Correcting alpha.water
Phase-1 volume fraction = 0.997811  Min(alpha.water) = 1.49687e-10  Max(alpha.water) = 1
DICPCG:  Solving for p_rgh, Initial residual = 0.0201716, Final residual = 0.000645773, No Iterations 3
DICPCG:  Solving for p_rgh, Initial residual = 0.000649494, Final residual = 3.15488e-05, No Iterations 22
time step continuity errors : sum local = 5.03007e-09, global = 2.88768e-10, cumulative = 3.2931e-10
DICPCG:  Solving for p_rgh, Initial residual = 0.000710748, Final residual = 3.53791e-05, No Iterations 4
DICPCG:  Solving for p_rgh, Initial residual = 3.53709e-05, Final residual = 1.71325e-06, No Iterations 211
time step continuity errors : sum local = 2.73252e-10, global = 5.95261e-12, cumulative = 3.35263e-10
DICPCG:  Solving for p_rgh, Initial residual = 2.15325e-05, Final residual = 1.0697e-06, No Iterations 104
DICPCG:  Solving for p_rgh, Initial residual = 1.0697e-06, Final residual = 8.97414e-08, No Iterations 208
time step continuity errors : sum local = 1.4284e-11, global = 2.80661e-13, cumulative = 3.35543e-10
ExecutionTime = 40.44 s  ClockTime = 42 s

Courant Number mean: 0.0332207 max: 0.064553
Interface Courant Number mean: 3.63455e-05 max: 0.064553
deltaT = 4.98023e-05
Time = 0.000178692

PIMPLE: iteration 1
smoothSolver:  Solving for alpha.water, Initial residual = 0.00462335, Final residual = 4.48615e-09, No Iterations 2
Phase-1 volume fraction = 0.997811  Min(alpha.water) = 6.32579e-10  Max(alpha.water) = 1
MULES: Correcting alpha.water
MULES: Correcting alpha.water
Phase-1 volume fraction = 0.997811  Min(alpha.water) = 6.2875e-10  Max(alpha.water) = 1
DICPCG:  Solving for p_rgh, Initial residual = 0.0242418, Final residual = 0.00071915, No Iterations 3
DICPCG:  Solving for p_rgh, Initial residual = 0.000726123, Final residual = 3.55383e-05, No Iterations 15
time step continuity errors : sum local = 7.89116e-09, global = 4.47537e-10, cumulative = 7.8308e-10
DICPCG:  Solving for p_rgh, Initial residual = 0.000814798, Final residual = 3.63469e-05, No Iterations 6
DICPCG:  Solving for p_rgh, Initial residual = 3.63373e-05, Final residual = 1.71617e-06, No Iterations 220
time step continuity errors : sum local = 3.8122e-10, global = 7.4465e-13, cumulative = 7.83825e-10
DICPCG:  Solving for p_rgh, Initial residual = 2.99618e-05, Final residual = 1.44543e-06, No Iterations 78
DICPCG:  Solving for p_rgh, Initial residual = 1.44543e-06, Final residual = 9.49289e-08, No Iterations 206
time step continuity errors : sum local = 2.10259e-11, global = 9.78919e-15, cumulative = 7.83835e-10
ExecutionTime = 47.53 s  ClockTime = 49 s

Courant Number mean: 0.0398939 max: 0.0861346
Interface Courant Number mean: 5.30329e-05 max: 0.0861346
deltaT = 5.97027e-05
Time = 0.000238395

PIMPLE: iteration 1
smoothSolver:  Solving for alpha.water, Initial residual = 0.00580515, Final residual = 4.35697e-12, No Iterations 3
Phase-1 volume fraction = 0.997811  Min(alpha.water) = 2.51818e-09  Max(alpha.water) = 1
MULES: Correcting alpha.water
MULES: Correcting alpha.water
Phase-1 volume fraction = 0.997811  Min(alpha.water) = 2.49842e-09  Max(alpha.water) = 1
DICPCG:  Solving for p_rgh, Initial residual = 0.0306336, Final residual = 0.00082583, No Iterations 3
DICPCG:  Solving for p_rgh, Initial residual = 0.000837514, Final residual = 4.17612e-05, No Iterations 13
time step continuity errors : sum local = 1.27243e-08, global = 6.70612e-10, cumulative = 1.45445e-09
DICPCG:  Solving for p_rgh, Initial residual = 0.000907709, Final residual = 4.31609e-05, No Iterations 6
DICPCG:  Solving for p_rgh, Initial residual = 4.31491e-05, Final residual = 2.05963e-06, No Iterations 222
time step continuity errors : sum local = 6.27798e-10, global = -2.36973e-12, cumulative = 1.45208e-09
DICPCG:  Solving for p_rgh, Initial residual = 4.08428e-05, Final residual = 1.98617e-06, No Iterations 18
DICPCG:  Solving for p_rgh, Initial residual = 1.98616e-06, Final residual = 9.83131e-08, No Iterations 199
time step continuity errors : sum local = 2.9846e-11, global = -6.30084e-13, cumulative = 1.45145e-09
ExecutionTime = 53.73 s  ClockTime = 55 s

Courant Number mean: 0.0478399 max: 0.111611
Interface Courant Number mean: 7.29268e-05 max: 0.111611
deltaT = 7.16e-05
Time = 0.000309995

PIMPLE: iteration 1
smoothSolver:  Solving for alpha.water, Initial residual = 0.0071998, Final residual = 1.91723e-11, No Iterations 3
Phase-1 volume fraction = 0.997811  Min(alpha.water) = 9.68901e-09  Max(alpha.water) = 1
MULES: Correcting alpha.water
MULES: Correcting alpha.water
Phase-1 volume fraction = 0.997811  Min(alpha.water) = 9.60589e-09  Max(alpha.water) = 1
DICPCG:  Solving for p_rgh, Initial residual = 0.0390376, Final residual = 0.00180949, No Iterations 2
DICPCG:  Solving for p_rgh, Initial residual = 0.00184506, Final residual = 8.84929e-05, No Iterations 12
time step continuity errors : sum local = 3.64958e-08, global = 9.67661e-10, cumulative = 2.41911e-09
DICPCG:  Solving for p_rgh, Initial residual = 0.000984111, Final residual = 4.53181e-05, No Iterations 202
DICPCG:  Solving for p_rgh, Initial residual = 4.55511e-05, Final residual = 2.20941e-06, No Iterations 54
time step continuity errors : sum local = 9.06734e-10, global = 5.05877e-11, cumulative = 2.4697e-09
DICPCG:  Solving for p_rgh, Initial residual = 5.40775e-05, Final residual = 2.66591e-06, No Iterations 49
DICPCG:  Solving for p_rgh, Initial residual = 2.66592e-06, Final residual = 9.26147e-08, No Iterations 164
time step continuity errors : sum local = 3.80074e-11, global = -2.55603e-13, cumulative = 2.46944e-09
ExecutionTime = 60.15 s  ClockTime = 62 s

Courant Number mean: 0.0573907 max: 0.14027
Interface Courant Number mean: 9.80798e-05 max: 0.14027
deltaT = 8.59826e-05
Time = 0.000395978

PIMPLE: iteration 1
smoothSolver:  Solving for alpha.water, Initial residual = 0.00880296, Final residual = 7.38022e-11, No Iterations 3
Phase-1 volume fraction = 0.997811  Min(alpha.water) = 3.6697e-08  Max(alpha.water) = 1
MULES: Correcting alpha.water
MULES: Correcting alpha.water
Phase-1 volume fraction = 0.997811  Min(alpha.water) = 3.6379e-08  Max(alpha.water) = 1
DICPCG:  Solving for p_rgh, Initial residual = 0.0481884, Final residual = 0.00207363, No Iterations 2
DICPCG:  Solving for p_rgh, Initial residual = 0.00212282, Final residual = 9.24796e-05, No Iterations 15
time step continuity errors : sum local = 5.11293e-08, global = 1.32326e-09, cumulative = 3.7927e-09
DICPCG:  Solving for p_rgh, Initial residual = 0.000966919, Final residual = 4.21189e-05, No Iterations 203
DICPCG:  Solving for p_rgh, Initial residual = 4.24021e-05, Final residual = 2.1102e-06, No Iterations 35
time step continuity errors : sum local = 1.15904e-09, global = 9.09544e-11, cumulative = 3.88365e-09
DICPCG:  Solving for p_rgh, Initial residual = 6.50864e-05, Final residual = 3.07048e-06, No Iterations 18
DICPCG:  Solving for p_rgh, Initial residual = 3.07048e-06, Final residual = 9.25614e-08, No Iterations 220
time step continuity errors : sum local = 5.08385e-11, global = 6.55556e-13, cumulative = 3.88431e-09
ExecutionTime = 66.56 s  ClockTime = 68 s

Courant Number mean: 0.068937 max: 0.170478
Interface Courant Number mean: 0.000128023 max: 0.170478
deltaT = 0.000103179
Time = 0.000499157

PIMPLE: iteration 1
smoothSolver:  Solving for alpha.water, Initial residual = 0.0105513, Final residual = 2.45704e-10, No Iterations 3
Phase-1 volume fraction = 0.997811  Min(alpha.water) = 1.37234e-07  Max(alpha.water) = 1
MULES: Correcting alpha.water
MULES: Correcting alpha.water
Phase-1 volume fraction = 0.997811  Min(alpha.water) = 1.36071e-07  Max(alpha.water) = 1
DICPCG:  Solving for p_rgh, Initial residual = 0.0563572, Final residual = 0.00236496, No Iterations 2
DICPCG:  Solving for p_rgh, Initial residual = 0.00241454, Final residual = 0.000120173, No Iterations 16
time step continuity errors : sum local = 8.89815e-08, global = 1.65953e-09, cumulative = 5.54384e-09
DICPCG:  Solving for p_rgh, Initial residual = 0.00101385, Final residual = 4.71924e-05, No Iterations 204
DICPCG:  Solving for p_rgh, Initial residual = 4.75977e-05, Final residual = 2.25928e-06, No Iterations 35
time step continuity errors : sum local = 1.65859e-09, global = 1.33661e-10, cumulative = 5.6775e-09
DICPCG:  Solving for p_rgh, Initial residual = 8.66224e-05, Final residual = 4.25413e-06, No Iterations 26
DICPCG:  Solving for p_rgh, Initial residual = 4.25419e-06, Final residual = 9.31222e-08, No Iterations 216
time step continuity errors : sum local = 6.83591e-11, global = 4.58483e-13, cumulative = 5.67796e-09
ExecutionTime = 72.74 s  ClockTime = 74 s

Courant Number mean: 0.0827394 max: 0.202519
Interface Courant Number mean: 0.000179105 max: 0.202519
deltaT = 0.000123423
Time = 0.00062258

PIMPLE: iteration 1
smoothSolver:  Solving for alpha.water, Initial residual = 0.0122784, Final residual = 6.89714e-10, No Iterations 3
Phase-1 volume fraction = 0.997811  Min(alpha.water) = 5.04392e-07  Max(alpha.water) = 1
MULES: Correcting alpha.water
MULES: Correcting alpha.water
Phase-1 volume fraction = 0.997811  Min(alpha.water) = 4.9966e-07  Max(alpha.water) = 1.00005
DICPCG:  Solving for p_rgh, Initial residual = 0.0623666, Final residual = 0.00273087, No Iterations 2
DICPCG:  Solving for p_rgh, Initial residual = 0.00277162, Final residual = 0.000131576, No Iterations 14
time step continuity errors : sum local = 1.30528e-07, global = 1.75555e-09, cumulative = 7.43351e-09
DICPCG:  Solving for p_rgh, Initial residual = 0.00134644, Final residual = 6.09888e-05, No Iterations 203
DICPCG:  Solving for p_rgh, Initial residual = 6.15871e-05, Final residual = 2.99716e-06, No Iterations 35
time step continuity errors : sum local = 2.94358e-09, global = 2.61028e-10, cumulative = 7.69454e-09
DICPCG:  Solving for p_rgh, Initial residual = 0.000132709, Final residual = 6.28504e-06, No Iterations 25
DICPCG:  Solving for p_rgh, Initial residual = 6.28524e-06, Final residual = 9.1585e-08, No Iterations 220
time step continuity errors : sum local = 8.99384e-11, global = 5.29679e-13, cumulative = 7.69507e-09
ExecutionTime = 79.31 s  ClockTime = 81 s

Courant Number mean: 0.0989808 max: 0.234822
Interface Courant Number mean: 0.00023035 max: 0.225668
deltaT = 0.000144608
Time = 0.000767187

PIMPLE: iteration 1
smoothSolver:  Solving for alpha.water, Initial residual = 0.0135912, Final residual = 1.50524e-09, No Iterations 3
Phase-1 volume fraction = 0.997811  Min(alpha.water) = 9.2316e-07  Max(alpha.water) = 1
MULES: Correcting alpha.water
MULES: Correcting alpha.water
Phase-1 volume fraction = 0.997811  Min(alpha.water) = 9.2316e-07  Max(alpha.water) = 1.00001
DICPCG:  Solving for p_rgh, Initial residual = 0.0650126, Final residual = 0.00214987, No Iterations 3
DICPCG:  Solving for p_rgh, Initial residual = 0.00216442, Final residual = 9.94442e-05, No Iterations 14
time step continuity errors : sum local = 1.28687e-07, global = 1.12875e-09, cumulative = 8.82382e-09
DICPCG:  Solving for p_rgh, Initial residual = 0.00182063, Final residual = 8.24373e-05, No Iterations 202
DICPCG:  Solving for p_rgh, Initial residual = 8.32864e-05, Final residual = 4.04065e-06, No Iterations 34
time step continuity errors : sum local = 5.17263e-09, global = 4.07662e-10, cumulative = 9.23149e-09
DICPCG:  Solving for p_rgh, Initial residual = 0.000190592, Final residual = 9.49525e-06, No Iterations 156
DICPCG:  Solving for p_rgh, Initial residual = 9.50423e-06, Final residual = 8.86973e-08, No Iterations 228
time step continuity errors : sum local = 1.13427e-10, global = 2.78199e-13, cumulative = 9.23176e-09
ExecutionTime = 88 s  ClockTime = 89 s

Courant Number mean: 0.11597 max: 0.275174
Interface Courant Number mean: 0.00027964 max: 0.253806
deltaT = 0.0001658
Time = 0.000932987

PIMPLE: iteration 1
smoothSolver:  Solving for alpha.water, Initial residual = 0.014529, Final residual = 2.65454e-09, No Iterations 3
Phase-1 volume fraction = 0.997811  Min(alpha.water) = 1.54369e-06  Max(alpha.water) = 1
MULES: Correcting alpha.water
MULES: Correcting alpha.water
Phase-1 volume fraction = 0.997811  Min(alpha.water) = 1.54369e-06  Max(alpha.water) = 1.00005
DICPCG:  Solving for p_rgh, Initial residual = 0.065261, Final residual = 0.00247941, No Iterations 3
DICPCG:  Solving for p_rgh, Initial residual = 0.00249522, Final residual = 0.000121646, No Iterations 13
time step continuity errors : sum local = 1.96845e-07, global = -6.84701e-10, cumulative = 8.54706e-09
DICPCG:  Solving for p_rgh, Initial residual = 0.00211478, Final residual = 9.78113e-05, No Iterations 7
DICPCG:  Solving for p_rgh, Initial residual = 9.78431e-05, Final residual = 4.77955e-06, No Iterations 219
time step continuity errors : sum local = 7.72536e-09, global = -1.51087e-11, cumulative = 8.53196e-09
DICPCG:  Solving for p_rgh, Initial residual = 0.000244231, Final residual = 1.13144e-05, No Iterations 203
DICPCG:  Solving for p_rgh, Initial residual = 1.13327e-05, Final residual = 9.74053e-08, No Iterations 180
time step continuity errors : sum local = 1.55546e-10, global = 1.37545e-11, cumulative = 8.54571e-09
ExecutionTime = 95.69 s  ClockTime = 97 s

Courant Number mean: 0.132963 max: 0.304787
Interface Courant Number mean: 0.00033114 max: 0.284891
deltaT = 0.000186931
Time = 0.00111992

PIMPLE: iteration 1
smoothSolver:  Solving for alpha.water, Initial residual = 0.0156192, Final residual = 4.05761e-09, No Iterations 3
Phase-1 volume fraction = 0.997811  Min(alpha.water) = 3.09415e-06  Max(alpha.water) = 1
MULES: Correcting alpha.water
MULES: Correcting alpha.water
Phase-1 volume fraction = 0.997811  Min(alpha.water) = 3.09275e-06  Max(alpha.water) = 1.00004
DICPCG:  Solving for p_rgh, Initial residual = 0.0669156, Final residual = 0.00278978, No Iterations 3
DICPCG:  Solving for p_rgh, Initial residual = 0.00280082, Final residual = 0.000123858, No Iterations 14
time step continuity errors : sum local = 2.43353e-07, global = -3.89674e-09, cumulative = 4.64897e-09
DICPCG:  Solving for p_rgh, Initial residual = 0.00207926, Final residual = 0.00010174, No Iterations 201
DICPCG:  Solving for p_rgh, Initial residual = 0.000102858, Final residual = 4.80252e-06, No Iterations 32
time step continuity errors : sum local = 9.32654e-09, global = 7.12055e-10, cumulative = 5.36102e-09
DICPCG:  Solving for p_rgh, Initial residual = 0.000260158, Final residual = 1.15684e-05, No Iterations 204
DICPCG:  Solving for p_rgh, Initial residual = 1.15952e-05, Final residual = 9.89284e-08, No Iterations 153
time step continuity errors : sum local = 1.91655e-10, global = 1.33355e-11, cumulative = 5.37436e-09
ExecutionTime = 103.08 s  ClockTime = 105 s

Courant Number mean: 0.149912 max: 0.316183
Interface Courant Number mean: 0.000387739 max: 0.315738
deltaT = 0.000209779
Time = 0.0013297

PIMPLE: iteration 1
smoothSolver:  Solving for alpha.water, Initial residual = 0.0172416, Final residual = 6.09222e-09, No Iterations 3
Phase-1 volume fraction = 0.997811  Min(alpha.water) = 6.07452e-06  Max(alpha.water) = 1
MULES: Correcting alpha.water
MULES: Correcting alpha.water
Phase-1 volume fraction = 0.997811  Min(alpha.water) = 6.07182e-06  Max(alpha.water) = 1.00009
DICPCG:  Solving for p_rgh, Initial residual = 0.0697688, Final residual = 0.00322095, No Iterations 3
DICPCG:  Solving for p_rgh, Initial residual = 0.00323709, Final residual = 0.000139533, No Iterations 14
time step continuity errors : sum local = 3.27988e-07, global = -9.4637e-09, cumulative = -4.08934e-09
DICPCG:  Solving for p_rgh, Initial residual = 0.00197223, Final residual = 9.10435e-05, No Iterations 202
DICPCG:  Solving for p_rgh, Initial residual = 9.2063e-05, Final residual = 4.32542e-06, No Iterations 26
time step continuity errors : sum local = 1.00478e-08, global = 7.61976e-10, cumulative = -3.32736e-09
DICPCG:  Solving for p_rgh, Initial residual = 0.000272426, Final residual = 1.2603e-05, No Iterations 204
DICPCG:  Solving for p_rgh, Initial residual = 1.26422e-05, Final residual = 9.79668e-08, No Iterations 117
time step continuity errors : sum local = 2.26852e-10, global = 2.0578e-11, cumulative = -3.30678e-09
ExecutionTime = 109.92 s  ClockTime = 111 s

Courant Number mean: 0.168245 max: 0.344774
Interface Courant Number mean: 0.000470959 max: 0.339239
deltaT = 0.000233379
Time = 0.00156308

PIMPLE: iteration 1
smoothSolver:  Solving for alpha.water, Initial residual = 0.0189997, Final residual = 9.66661e-09, No Iterations 3
Phase-1 volume fraction = 0.997811  Min(alpha.water) = 1.35611e-05  Max(alpha.water) = 1.00001
MULES: Correcting alpha.water
MULES: Correcting alpha.water
Phase-1 volume fraction = 0.997811  Min(alpha.water) = 1.35478e-05  Max(alpha.water) = 1.00006
DICPCG:  Solving for p_rgh, Initial residual = 0.0769565, Final residual = 0.00373606, No Iterations 3
DICPCG:  Solving for p_rgh, Initial residual = 0.00374976, Final residual = 0.000174187, No Iterations 13
time step continuity errors : sum local = 4.81851e-07, global = -1.7231e-08, cumulative = -2.05378e-08
DICPCG:  Solving for p_rgh, Initial residual = 0.00190003, Final residual = 8.24795e-05, No Iterations 203
DICPCG:  Solving for p_rgh, Initial residual = 8.34153e-05, Final residual = 3.9511e-06, No Iterations 32
time step continuity errors : sum local = 1.07993e-08, global = 7.60968e-10, cumulative = -1.97768e-08
DICPCG:  Solving for p_rgh, Initial residual = 0.00028439, Final residual = 1.28567e-05, No Iterations 205
DICPCG:  Solving for p_rgh, Initial residual = 1.29088e-05, Final residual = 9.99564e-08, No Iterations 114
time step continuity errors : sum local = 2.72088e-10, global = 2.02891e-11, cumulative = -1.97565e-08
ExecutionTime = 117.26 s  ClockTime = 119 s

Courant Number mean: 0.187189 max: 0.38312
Interface Courant Number mean: 0.000549601 max: 0.38312
deltaT = 0.000242591
Time = 0.00180567

PIMPLE: iteration 1
smoothSolver:  Solving for alpha.water, Initial residual = 0.019616, Final residual = 5.17331e-11, No Iterations 4
Phase-1 volume fraction = 0.997811  Min(alpha.water) = 2.38011e-05  Max(alpha.water) = 1
MULES: Correcting alpha.water
MULES: Correcting alpha.water
Phase-1 volume fraction = 0.997811  Min(alpha.water) = 2.38011e-05  Max(alpha.water) = 1.00004
DICPCG:  Solving for p_rgh, Initial residual = 0.0764701, Final residual = 0.00250639, No Iterations 4
DICPCG:  Solving for p_rgh, Initial residual = 0.00250539, Final residual = 0.000101479, No Iterations 14
time step continuity errors : sum local = 2.95418e-07, global = -2.37047e-08, cumulative = -4.34612e-08
DICPCG:  Solving for p_rgh, Initial residual = 0.00183339, Final residual = 8.84185e-05, No Iterations 202
DICPCG:  Solving for p_rgh, Initial residual = 8.9309e-05, Final residual = 4.36825e-06, No Iterations 34
time step continuity errors : sum local = 1.258e-08, global = 1.02493e-09, cumulative = -4.24363e-08
DICPCG:  Solving for p_rgh, Initial residual = 0.000267936, Final residual = 1.16782e-05, No Iterations 205
DICPCG:  Solving for p_rgh, Initial residual = 1.1734e-05, Final residual = 9.63754e-08, No Iterations 74
time step continuity errors : sum local = 2.76213e-10, global = 1.74296e-11, cumulative = -4.24188e-08
ExecutionTime = 123.82 s  ClockTime = 125 s

Courant Number mean: 0.194598 max: 0.37574
Interface Courant Number mean: 0.00058929 max: 0.362003
deltaT = 0.000259919
Time = 0.00206559

PIMPLE: iteration 1
smoothSolver:  Solving for alpha.water, Initial residual = 0.0209107, Final residual = 7.97529e-11, No Iterations 4
Phase-1 volume fraction = 0.997811  Min(alpha.water) = 4.32819e-05  Max(alpha.water) = 1
MULES: Correcting alpha.water
MULES: Correcting alpha.water
Phase-1 volume fraction = 0.997811  Min(alpha.water) = 4.32819e-05  Max(alpha.water) = 1.00003
DICPCG:  Solving for p_rgh, Initial residual = 0.0794808, Final residual = 0.00272718, No Iterations 4
DICPCG:  Solving for p_rgh, Initial residual = 0.00273676, Final residual = 0.000117285, No Iterations 14
time step continuity errors : sum local = 3.75914e-07, global = -3.33384e-08, cumulative = -7.57572e-08
DICPCG:  Solving for p_rgh, Initial residual = 0.00188632, Final residual = 9.24651e-05, No Iterations 10
DICPCG:  Solving for p_rgh, Initial residual = 9.24727e-05, Final residual = 4.47649e-06, No Iterations 220
time step continuity errors : sum local = 1.4332e-08, global = -4.26399e-12, cumulative = -7.57615e-08
DICPCG:  Solving for p_rgh, Initial residual = 0.000283379, Final residual = 1.30731e-05, No Iterations 205
DICPCG:  Solving for p_rgh, Initial residual = 1.31465e-05, Final residual = 9.87117e-08, No Iterations 88
time step continuity errors : sum local = 3.11306e-10, global = 2.37874e-11, cumulative = -7.57377e-08
ExecutionTime = 131.54 s  ClockTime = 133 s

Courant Number mean: 0.208527 max: 0.432523
Interface Courant Number mean: 0.000643284 max: 0.370375
deltaT = 0.000239126
Time = 0.00230471

PIMPLE: iteration 1
smoothSolver:  Solving for alpha.water, Initial residual = 0.019307, Final residual = 9.85861e-09, No Iterations 3
Phase-1 volume fraction = 0.997811  Min(alpha.water) = 6.40385e-05  Max(alpha.water) = 1
MULES: Correcting alpha.water
MULES: Correcting alpha.water
Phase-1 volume fraction = 0.997811  Min(alpha.water) = 6.40393e-05  Max(alpha.water) = 1.00011
DICPCG:  Solving for p_rgh, Initial residual = 0.0731424, Final residual = 0.00264371, No Iterations 4
DICPCG:  Solving for p_rgh, Initial residual = 0.00265346, Final residual = 0.000129294, No Iterations 14
time step continuity errors : sum local = 3.50562e-07, global = -2.98003e-08, cumulative = -1.05538e-07
DICPCG:  Solving for p_rgh, Initial residual = 0.00160069, Final residual = 7.93058e-05, No Iterations 202
DICPCG:  Solving for p_rgh, Initial residual = 7.9999e-05, Final residual = 3.95995e-06, No Iterations 38
time step continuity errors : sum local = 1.06344e-08, global = 7.43449e-10, cumulative = -1.04795e-07
DICPCG:  Solving for p_rgh, Initial residual = 0.000225697, Final residual = 1.09718e-05, No Iterations 205
DICPCG:  Solving for p_rgh, Initial residual = 1.10287e-05, Final residual = 9.53949e-08, No Iterations 54
time step continuity errors : sum local = 2.54844e-10, global = 2.38258e-11, cumulative = -1.04771e-07
ExecutionTime = 139 s  ClockTime = 141 s

Courant Number mean: 0.191872 max: 0.413449
Interface Courant Number mean: 0.000626003 max: 0.338208
deltaT = 0.000232833
Time = 0.00253754

PIMPLE: iteration 1
smoothSolver:  Solving for alpha.water, Initial residual = 0.0187903, Final residual = 8.11115e-09, No Iterations 3
Phase-1 volume fraction = 0.997811  Min(alpha.water) = 9.17703e-05  Max(alpha.water) = 1
MULES: Correcting alpha.water
MULES: Correcting alpha.water
Phase-1 volume fraction = 0.997811  Min(alpha.water) = 9.17215e-05  Max(alpha.water) = 1.00025
DICPCG:  Solving for p_rgh, Initial residual = 0.0711487, Final residual = 0.0027195, No Iterations 4
DICPCG:  Solving for p_rgh, Initial residual = 0.00271741, Final residual = 0.000120319, No Iterations 16
time step continuity errors : sum local = 3.0708e-07, global = -3.10065e-08, cumulative = -1.35777e-07
DICPCG:  Solving for p_rgh, Initial residual = 0.0013834, Final residual = 6.12119e-05, No Iterations 203
DICPCG:  Solving for p_rgh, Initial residual = 6.16837e-05, Final residual = 2.95541e-06, No Iterations 35
time step continuity errors : sum local = 7.47806e-09, global = 6.31025e-10, cumulative = -1.35146e-07
DICPCG:  Solving for p_rgh, Initial residual = 0.000192243, Final residual = 8.58065e-06, No Iterations 206
DICPCG:  Solving for p_rgh, Initial residual = 8.62506e-06, Final residual = 9.98387e-08, No Iterations 39
time step continuity errors : sum local = 2.51308e-10, global = 2.26586e-11, cumulative = -1.35124e-07
ExecutionTime = 146.13 s  ClockTime = 148 s

Courant Number mean: 0.186843 max: 0.398957
Interface Courant Number mean: 0.000612676 max: 0.324877
deltaT = 0.000232833
Time = 0.00277038

PIMPLE: iteration 1
smoothSolver:  Solving for alpha.water, Initial residual = 0.0189032, Final residual = 6.91199e-09, No Iterations 3
Phase-1 volume fraction = 0.997811  Min(alpha.water) = 9.78909e-05  Max(alpha.water) = 1
MULES: Correcting alpha.water
MULES: Correcting alpha.water
Phase-1 volume fraction = 0.997811  Min(alpha.water) = 9.79476e-05  Max(alpha.water) = 1.00005
DICPCG:  Solving for p_rgh, Initial residual = 0.0717433, Final residual = 0.00279371, No Iterations 4
DICPCG:  Solving for p_rgh, Initial residual = 0.00279426, Final residual = 0.000139167, No Iterations 14
time step continuity errors : sum local = 3.49806e-07, global = -3.30315e-08, cumulative = -1.68155e-07
DICPCG:  Solving for p_rgh, Initial residual = 0.00136629, Final residual = 6.54018e-05, No Iterations 203
DICPCG:  Solving for p_rgh, Initial residual = 6.58467e-05, Final residual = 3.27922e-06, No Iterations 39
time step continuity errors : sum local = 8.1787e-09, global = 6.58625e-10, cumulative = -1.67496e-07
DICPCG:  Solving for p_rgh, Initial residual = 0.000191898, Final residual = 9.2593e-06, No Iterations 206
DICPCG:  Solving for p_rgh, Initial residual = 9.30903e-06, Final residual = 9.61075e-08, No Iterations 44
time step continuity errors : sum local = 2.38406e-10, global = 1.95653e-11, cumulative = -1.67477e-07
ExecutionTime = 152.53 s  ClockTime = 154 s

Courant Number mean: 0.186859 max: 0.368891
Interface Courant Number mean: 0.000602286 max: 0.327274
deltaT = 0.000253377
Time = 0.00302375

PIMPLE: iteration 1
smoothSolver:  Solving for alpha.water, Initial residual = 0.0206856, Final residual = 8.62182e-09, No Iterations 3
Phase-1 volume fraction = 0.997811  Min(alpha.water) = 0.00011396  Max(alpha.water) = 1
MULES: Correcting alpha.water
MULES: Correcting alpha.water
Phase-1 volume fraction = 0.997811  Min(alpha.water) = 0.00011396  Max(alpha.water) = 1.00006
DICPCG:  Solving for p_rgh, Initial residual = 0.0793999, Final residual = 0.00317358, No Iterations 4
DICPCG:  Solving for p_rgh, Initial residual = 0.00317449, Final residual = 0.000153413, No Iterations 14
time step continuity errors : sum local = 4.39677e-07, global = -4.28188e-08, cumulative = -2.10296e-07
DICPCG:  Solving for p_rgh, Initial residual = 0.00148867, Final residual = 6.71448e-05, No Iterations 203
DICPCG:  Solving for p_rgh, Initial residual = 6.7557e-05, Final residual = 3.17826e-06, No Iterations 38
time step continuity errors : sum local = 9.04154e-09, global = 8.34431e-10, cumulative = -2.09461e-07
DICPCG:  Solving for p_rgh, Initial residual = 0.000221556, Final residual = 1.05692e-05, No Iterations 206
DICPCG:  Solving for p_rgh, Initial residual = 1.06355e-05, Final residual = 9.83467e-08, No Iterations 52
time step continuity errors : sum local = 2.78008e-10, global = 2.21503e-11, cumulative = -2.09439e-07
ExecutionTime = 159.27 s  ClockTime = 161 s

Courant Number mean: 0.203361 max: 0.39092
Interface Courant Number mean: 0.000668524 max: 0.345149
deltaT = 0.000261173
Time = 0.00328493

PIMPLE: iteration 1
smoothSolver:  Solving for alpha.water, Initial residual = 0.0214654, Final residual = 7.12854e-09, No Iterations 3
Phase-1 volume fraction = 0.997811  Min(alpha.water) = 0.000143139  Max(alpha.water) = 1
MULES: Correcting alpha.water
MULES: Correcting alpha.water
Phase-1 volume fraction = 0.997811  Min(alpha.water) = 0.000143139  Max(alpha.water) = 1.00004
DICPCG:  Solving for p_rgh, Initial residual = 0.082526, Final residual = 0.00337676, No Iterations 4
DICPCG:  Solving for p_rgh, Initial residual = 0.00337263, Final residual = 0.000153333, No Iterations 14
time step continuity errors : sum local = 4.57044e-07, global = -4.71747e-08, cumulative = -2.56614e-07
DICPCG:  Solving for p_rgh, Initial residual = 0.00147281, Final residual = 7.26272e-05, No Iterations 19
DICPCG:  Solving for p_rgh, Initial residual = 7.26471e-05, Final residual = 3.47501e-06, No Iterations 210
time step continuity errors : sum local = 1.03392e-08, global = 5.82404e-12, cumulative = -2.56608e-07
DICPCG:  Solving for p_rgh, Initial residual = 0.000219454, Final residual = 1.01024e-05, No Iterations 206
DICPCG:  Solving for p_rgh, Initial residual = 1.01688e-05, Final residual = 9.86894e-08, No Iterations 45
time step continuity errors : sum local = 2.90138e-10, global = 2.82241e-11, cumulative = -2.5658e-07
ExecutionTime = 166.01 s  ClockTime = 168 s

Courant Number mean: 0.20963 max: 0.389881
Interface Courant Number mean: 0.000682709 max: 0.339167
deltaT = 0.000269598
Time = 0.00355453

PIMPLE: iteration 1
smoothSolver:  Solving for alpha.water, Initial residual = 0.0223656, Final residual = 5.09903e-09, No Iterations 3
Phase-1 volume fraction = 0.997811  Min(alpha.water) = 0.000189204  Max(alpha.water) = 1
MULES: Correcting alpha.water
MULES: Correcting alpha.water
Phase-1 volume fraction = 0.997811  Min(alpha.water) = 0.000189199  Max(alpha.water) = 1.00002
DICPCG:  Solving for p_rgh, Initial residual = 0.0849173, Final residual = 0.00354323, No Iterations 4
DICPCG:  Solving for p_rgh, Initial residual = 0.00353131, Final residual = 0.000163414, No Iterations 14
time step continuity errors : sum local = 5.0987e-07, global = -5.18284e-08, cumulative = -3.08408e-07
DICPCG:  Solving for p_rgh, Initial residual = 0.00144523, Final residual = 7.09726e-05, No Iterations 15
DICPCG:  Solving for p_rgh, Initial residual = 7.09903e-05, Final residual = 3.21089e-06, No Iterations 218
time step continuity errors : sum local = 9.9995e-09, global = 1.70265e-11, cumulative = -3.08391e-07
DICPCG:  Solving for p_rgh, Initial residual = 0.000219159, Final residual = 1.06672e-05, No Iterations 206
DICPCG:  Solving for p_rgh, Initial residual = 1.07408e-05, Final residual = 9.98901e-08, No Iterations 53
time step continuity errors : sum local = 3.0748e-10, global = 2.77283e-11, cumulative = -3.08363e-07
ExecutionTime = 172.68 s  ClockTime = 174 s

Courant Number mean: 0.216404 max: 0.384724
Interface Courant Number mean: 0.000722025 max: 0.384724
deltaT = 0.000278737
Time = 0.00383326

PIMPLE: iteration 1
smoothSolver:  Solving for alpha.water, Initial residual = 0.0231951, Final residual = 3.62019e-09, No Iterations 3
Phase-1 volume fraction = 0.997811  Min(alpha.water) = 0.000251731  Max(alpha.water) = 1.00001
MULES: Correcting alpha.water
MULES: Correcting alpha.water
Phase-1 volume fraction = 0.997811  Min(alpha.water) = 0.000251731  Max(alpha.water) = 1.00003
DICPCG:  Solving for p_rgh, Initial residual = 0.0876883, Final residual = 0.00372894, No Iterations 4
DICPCG:  Solving for p_rgh, Initial residual = 0.00372322, Final residual = 0.00018284, No Iterations 14
time step continuity errors : sum local = 5.96666e-07, global = -5.69439e-08, cumulative = -3.65307e-07
DICPCG:  Solving for p_rgh, Initial residual = 0.00150488, Final residual = 7.38756e-05, No Iterations 27
DICPCG:  Solving for p_rgh, Initial residual = 7.3889e-05, Final residual = 3.42943e-06, No Iterations 212
time step continuity errors : sum local = 1.11709e-08, global = 4.73066e-11, cumulative = -3.6526e-07
DICPCG:  Solving for p_rgh, Initial residual = 0.000239468, Final residual = 1.13999e-05, No Iterations 206
DICPCG:  Solving for p_rgh, Initial residual = 1.1482e-05, Final residual = 9.78166e-08, No Iterations 52
time step continuity errors : sum local = 3.14982e-10, global = 2.76751e-11, cumulative = -3.65232e-07
ExecutionTime = 179.07 s  ClockTime = 181 s

Courant Number mean: 0.22376 max: 0.421009
Interface Courant Number mean: 0.000750438 max: 0.381102
deltaT = 0.000265028
Time = 0.00409829

PIMPLE: iteration 1
smoothSolver:  Solving for alpha.water, Initial residual = 0.0219513, Final residual = 1.90637e-09, No Iterations 3
Phase-1 volume fraction = 0.997811  Min(alpha.water) = 0.00026614  Max(alpha.water) = 1.00001
MULES: Correcting alpha.water
MULES: Correcting alpha.water
Phase-1 volume fraction = 0.997811  Min(alpha.water) = 0.000266139  Max(alpha.water) = 1.00001
DICPCG:  Solving for p_rgh, Initial residual = 0.0850356, Final residual = 0.0035859, No Iterations 4
DICPCG:  Solving for p_rgh, Initial residual = 0.0035873, Final residual = 0.000176853, No Iterations 15
time step continuity errors : sum local = 5.20939e-07, global = -5.02454e-08, cumulative = -4.15478e-07
DICPCG:  Solving for p_rgh, Initial residual = 0.00144551, Final residual = 6.98994e-05, No Iterations 49
DICPCG:  Solving for p_rgh, Initial residual = 6.992e-05, Final residual = 3.47588e-06, No Iterations 212
time step continuity errors : sum local = 1.02196e-08, global = 8.8435e-12, cumulative = -4.15469e-07
DICPCG:  Solving for p_rgh, Initial residual = 0.000219771, Final residual = 1.08113e-05, No Iterations 206
DICPCG:  Solving for p_rgh, Initial residual = 1.0883e-05, Final residual = 9.93186e-08, No Iterations 52
time step continuity errors : sum local = 2.88947e-10, global = 2.66692e-11, cumulative = -4.15442e-07
ExecutionTime = 186.21 s  ClockTime = 188 s

Courant Number mean: 0.212777 max: 0.406947
Interface Courant Number mean: 0.000726887 max: 0.370237
deltaT = 0.000260684
Time = 0.00435897

PIMPLE: iteration 1
smoothSolver:  Solving for alpha.water, Initial residual = 0.0216797, Final residual = 1.25046e-09, No Iterations 3
Phase-1 volume fraction = 0.997811  Min(alpha.water) = 0.000287357  Max(alpha.water) = 1.00001
MULES: Correcting alpha.water
MULES: Correcting alpha.water
Phase-1 volume fraction = 0.997811  Min(alpha.water) = 0.000287349  Max(alpha.water) = 1.00002
DICPCG:  Solving for p_rgh, Initial residual = 0.0844599, Final residual = 0.00352759, No Iterations 4
DICPCG:  Solving for p_rgh, Initial residual = 0.00351708, Final residual = 0.000166356, No Iterations 14
time step continuity errors : sum local = 4.71925e-07, global = -4.87269e-08, cumulative = -4.64169e-07
DICPCG:  Solving for p_rgh, Initial residual = 0.00138399, Final residual = 6.60745e-05, No Iterations 11
DICPCG:  Solving for p_rgh, Initial residual = 6.60836e-05, Final residual = 3.0889e-06, No Iterations 217
time step continuity errors : sum local = 8.74807e-09, global = 1.16561e-12, cumulative = -4.64168e-07
DICPCG:  Solving for p_rgh, Initial residual = 0.000205789, Final residual = 9.55974e-06, No Iterations 206
DICPCG:  Solving for p_rgh, Initial residual = 9.62183e-06, Final residual = 9.80721e-08, No Iterations 44
time step continuity errors : sum local = 2.75091e-10, global = 2.09025e-11, cumulative = -4.64147e-07
ExecutionTime = 193.92 s  ClockTime = 196 s

Courant Number mean: 0.209312 max: 0.385852
Interface Courant Number mean: 0.00072576 max: 0.359038
deltaT = 0.000269673
Time = 0.00462865

PIMPLE: iteration 1
smoothSolver:  Solving for alpha.water, Initial residual = 0.0224901, Final residual = 1.08676e-09, No Iterations 3
Phase-1 volume fraction = 0.997811  Min(alpha.water) = 0.000320918  Max(alpha.water) = 1.00001
MULES: Correcting alpha.water
MULES: Correcting alpha.water
Phase-1 volume fraction = 0.997811  Min(alpha.water) = 0.000320917  Max(alpha.water) = 1.00001
DICPCG:  Solving for p_rgh, Initial residual = 0.0863549, Final residual = 0.00360656, No Iterations 4
DICPCG:  Solving for p_rgh, Initial residual = 0.00360477, Final residual = 0.000171298, No Iterations 14
time step continuity errors : sum local = 5.08329e-07, global = -5.31507e-08, cumulative = -5.17298e-07
DICPCG:  Solving for p_rgh, Initial residual = 0.00139637, Final residual = 6.53404e-05, No Iterations 11
DICPCG:  Solving for p_rgh, Initial residual = 6.53441e-05, Final residual = 3.22419e-06, No Iterations 219
time step continuity errors : sum local = 9.5527e-09, global = 1.57475e-11, cumulative = -5.17282e-07
DICPCG:  Solving for p_rgh, Initial residual = 0.000207236, Final residual = 9.70791e-06, No Iterations 206
DICPCG:  Solving for p_rgh, Initial residual = 9.77396e-06, Final residual = 9.50532e-08, No Iterations 43
time step continuity errors : sum local = 2.79036e-10, global = 2.04433e-11, cumulative = -5.17262e-07
ExecutionTime = 201.5 s  ClockTime = 203 s

Courant Number mean: 0.216552 max: 0.368464
Interface Courant Number mean: 0.000755829 max: 0.368464
deltaT = 0.000290026
Time = 0.00491867

PIMPLE: iteration 1
smoothSolver:  Solving for alpha.water, Initial residual = 0.0239992, Final residual = 1.25291e-09, No Iterations 3
Phase-1 volume fraction = 0.997811  Min(alpha.water) = 0.000384528  Max(alpha.water) = 1.00001
MULES: Correcting alpha.water
MULES: Correcting alpha.water
Phase-1 volume fraction = 0.997811  Min(alpha.water) = 0.000384528  Max(alpha.water) = 1.00001
DICPCG:  Solving for p_rgh, Initial residual = 0.0950213, Final residual = 0.0038973, No Iterations 4
DICPCG:  Solving for p_rgh, Initial residual = 0.00390932, Final residual = 0.000190916, No Iterations 14
time step continuity errors : sum local = 6.28902e-07, global = -6.31264e-08, cumulative = -5.80388e-07
DICPCG:  Solving for p_rgh, Initial residual = 0.00146211, Final residual = 6.97472e-05, No Iterations 10
DICPCG:  Solving for p_rgh, Initial residual = 6.97442e-05, Final residual = 3.19091e-06, No Iterations 216
time step continuity errors : sum local = 1.04952e-08, global = 7.48782e-11, cumulative = -5.80313e-07
DICPCG:  Solving for p_rgh, Initial residual = 0.00023175, Final residual = 1.0628e-05, No Iterations 207
DICPCG:  Solving for p_rgh, Initial residual = 1.07078e-05, Final residual = 9.28179e-08, No Iterations 45
time step continuity errors : sum local = 3.02415e-10, global = 2.29662e-11, cumulative = -5.8029e-07
ExecutionTime = 208.32 s  ClockTime = 210 s

Courant Number mean: 0.232924 max: 0.405352
Interface Courant Number mean: 0.000830118 max: 0.397088
deltaT = 0.000284553
Time = 0.00520323

PIMPLE: iteration 1
smoothSolver:  Solving for alpha.water, Initial residual = 0.0230783, Final residual = 8.30371e-10, No Iterations 3
Phase-1 volume fraction = 0.997811  Min(alpha.water) = 0.000428418  Max(alpha.water) = 1
MULES: Correcting alpha.water
MULES: Correcting alpha.water
Phase-1 volume fraction = 0.997811  Min(alpha.water) = 0.000428305  Max(alpha.water) = 1.00001
DICPCG:  Solving for p_rgh, Initial residual = 0.0948658, Final residual = 0.00382938, No Iterations 4
DICPCG:  Solving for p_rgh, Initial residual = 0.00382619, Final residual = 0.000186627, No Iterations 15
time step continuity errors : sum local = 5.88824e-07, global = -5.89112e-08, cumulative = -6.39201e-07
DICPCG:  Solving for p_rgh, Initial residual = 0.00141798, Final residual = 6.60695e-05, No Iterations 10
DICPCG:  Solving for p_rgh, Initial residual = 6.6064e-05, Final residual = 3.11796e-06, No Iterations 222
time step continuity errors : sum local = 9.82356e-09, global = -4.92837e-11, cumulative = -6.39251e-07
DICPCG:  Solving for p_rgh, Initial residual = 0.000224691, Final residual = 1.0956e-05, No Iterations 206
DICPCG:  Solving for p_rgh, Initial residual = 1.1034e-05, Final residual = 9.93943e-08, No Iterations 57
time step continuity errors : sum local = 3.10329e-10, global = 2.70171e-11, cumulative = -6.39224e-07
ExecutionTime = 215.88 s  ClockTime = 218 s

Courant Number mean: 0.228561 max: 0.401144
Interface Courant Number mean: 0.000818227 max: 0.377088
deltaT = 0.000284553
Time = 0.00548778

PIMPLE: iteration 1
smoothSolver:  Solving for alpha.water, Initial residual = 0.0226952, Final residual = 7.16162e-10, No Iterations 3
Phase-1 volume fraction = 0.997811  Min(alpha.water) = 0.000446033  Max(alpha.water) = 1
MULES: Correcting alpha.water
MULES: Correcting alpha.water
Phase-1 volume fraction = 0.997811  Min(alpha.water) = 0.000446028  Max(alpha.water) = 1.00001
DICPCG:  Solving for p_rgh, Initial residual = 0.0933668, Final residual = 0.00372924, No Iterations 4
DICPCG:  Solving for p_rgh, Initial residual = 0.00371179, Final residual = 0.000165929, No Iterations 16
time step continuity errors : sum local = 5.21919e-07, global = -5.84154e-08, cumulative = -6.97639e-07
DICPCG:  Solving for p_rgh, Initial residual = 0.00142397, Final residual = 6.93052e-05, No Iterations 9
DICPCG:  Solving for p_rgh, Initial residual = 6.9298e-05, Final residual = 3.04599e-06, No Iterations 216
time step continuity errors : sum local = 9.56804e-09, global = 6.277e-12, cumulative = -6.97633e-07
DICPCG:  Solving for p_rgh, Initial residual = 0.000226279, Final residual = 1.00106e-05, No Iterations 206
DICPCG:  Solving for p_rgh, Initial residual = 1.00802e-05, Final residual = 9.7525e-08, No Iterations 46
time step continuity errors : sum local = 3.0374e-10, global = 2.13786e-11, cumulative = -6.97611e-07
ExecutionTime = 223.64 s  ClockTime = 225 s

Courant Number mean: 0.228594 max: 0.380088
Interface Courant Number mean: 0.000818197 max: 0.356526
deltaT = 0.000302338
Time = 0.00579012

PIMPLE: iteration 1
smoothSolver:  Solving for alpha.water, Initial residual = 0.0238744, Final residual = 9.93714e-10, No Iterations 3
Phase-1 volume fraction = 0.997811  Min(alpha.water) = 0.000476042  Max(alpha.water) = 1.00001
MULES: Correcting alpha.water
MULES: Correcting alpha.water
Phase-1 volume fraction = 0.997811  Min(alpha.water) = 0.00047603  Max(alpha.water) = 1.00002
DICPCG:  Solving for p_rgh, Initial residual = 0.0959787, Final residual = 0.0037575, No Iterations 4
DICPCG:  Solving for p_rgh, Initial residual = 0.00374951, Final residual = 0.000175237, No Iterations 16
time step continuity errors : sum local = 6.05718e-07, global = -6.70724e-08, cumulative = -7.64684e-07
DICPCG:  Solving for p_rgh, Initial residual = 0.00144722, Final residual = 6.84693e-05, No Iterations 9
DICPCG:  Solving for p_rgh, Initial residual = 6.84637e-05, Final residual = 3.14756e-06, No Iterations 216
time step continuity errors : sum local = 1.08636e-08, global = 7.19748e-12, cumulative = -7.64677e-07
DICPCG:  Solving for p_rgh, Initial residual = 0.000237447, Final residual = 1.17465e-05, No Iterations 205
DICPCG:  Solving for p_rgh, Initial residual = 1.18341e-05, Final residual = 9.89651e-08, No Iterations 49
time step continuity errors : sum local = 3.38685e-10, global = 2.53342e-11, cumulative = -7.64651e-07
ExecutionTime = 230.57 s  ClockTime = 232 s

Courant Number mean: 0.242916 max: 0.398612
Interface Courant Number mean: 0.000887074 max: 0.398612
deltaT = 0.000302338
Time = 0.00609246

PIMPLE: iteration 1
smoothSolver:  Solving for alpha.water, Initial residual = 0.0236764, Final residual = 1.03821e-09, No Iterations 3
Phase-1 volume fraction = 0.997811  Min(alpha.water) = 0.000517772  Max(alpha.water) = 1
MULES: Correcting alpha.water
MULES: Correcting alpha.water
Phase-1 volume fraction = 0.997811  Min(alpha.water) = 0.000517754  Max(alpha.water) = 1.00004
DICPCG:  Solving for p_rgh, Initial residual = 0.0976185, Final residual = 0.00359852, No Iterations 4
DICPCG:  Solving for p_rgh, Initial residual = 0.0036062, Final residual = 0.000159162, No Iterations 17
time step continuity errors : sum local = 5.41022e-07, global = -6.53315e-08, cumulative = -8.29983e-07
DICPCG:  Solving for p_rgh, Initial residual = 0.00133591, Final residual = 6.13867e-05, No Iterations 10
DICPCG:  Solving for p_rgh, Initial residual = 6.13809e-05, Final residual = 2.96621e-06, No Iterations 216
time step continuity errors : sum local = 1.00675e-08, global = -3.77925e-11, cumulative = -8.30021e-07
DICPCG:  Solving for p_rgh, Initial residual = 0.000216065, Final residual = 9.46e-06, No Iterations 206
DICPCG:  Solving for p_rgh, Initial residual = 9.52933e-06, Final residual = 9.55657e-08, No Iterations 43
time step continuity errors : sum local = 3.21662e-10, global = 2.46873e-11, cumulative = -8.29996e-07
ExecutionTime = 236.96 s  ClockTime = 239 s

Courant Number mean: 0.242946 max: 0.408771
Interface Courant Number mean: 0.00088518 max: 0.384097
deltaT = 0.000295905
Time = 0.00638836

PIMPLE: iteration 1
smoothSolver:  Solving for alpha.water, Initial residual = 0.022893, Final residual = 9.50286e-10, No Iterations 3
Phase-1 volume fraction = 0.997811  Min(alpha.water) = 0.000568512  Max(alpha.water) = 1
MULES: Correcting alpha.water
MULES: Correcting alpha.water
Phase-1 volume fraction = 0.997811  Min(alpha.water) = 0.000568346  Max(alpha.water) = 1.00002
DICPCG:  Solving for p_rgh, Initial residual = 0.0981411, Final residual = 0.00346927, No Iterations 4
DICPCG:  Solving for p_rgh, Initial residual = 0.00346829, Final residual = 0.0001702, No Iterations 15
time step continuity errors : sum local = 5.51591e-07, global = -6.08716e-08, cumulative = -8.90868e-07
DICPCG:  Solving for p_rgh, Initial residual = 0.00133707, Final residual = 5.56524e-05, No Iterations 9
DICPCG:  Solving for p_rgh, Initial residual = 5.5651e-05, Final residual = 2.71678e-06, No Iterations 183
time step continuity errors : sum local = 8.79063e-09, global = 8.24356e-10, cumulative = -8.90043e-07
DICPCG:  Solving for p_rgh, Initial residual = 0.00021315, Final residual = 9.4966e-06, No Iterations 206
DICPCG:  Solving for p_rgh, Initial residual = 9.56575e-06, Final residual = 9.94661e-08, No Iterations 42
time step continuity errors : sum local = 3.1946e-10, global = 2.01468e-11, cumulative = -8.90023e-07
ExecutionTime = 242.94 s  ClockTime = 245 s

Courant Number mean: 0.237805 max: 0.396245
Interface Courant Number mean: 0.000874844 max: 0.388499
deltaT = 0.000295905
Time = 0.00668427

PIMPLE: iteration 1
smoothSolver:  Solving for alpha.water, Initial residual = 0.0226352, Final residual = 9.70107e-10, No Iterations 3
Phase-1 volume fraction = 0.997811  Min(alpha.water) = 0.000583777  Max(alpha.water) = 1
MULES: Correcting alpha.water
MULES: Correcting alpha.water
Phase-1 volume fraction = 0.997811  Min(alpha.water) = 0.000583777  Max(alpha.water) = 1.00001
DICPCG:  Solving for p_rgh, Initial residual = 0.097706, Final residual = 0.00346847, No Iterations 4
DICPCG:  Solving for p_rgh, Initial residual = 0.00345225, Final residual = 0.000167327, No Iterations 15
time step continuity errors : sum local = 5.41132e-07, global = -6.0246e-08, cumulative = -9.50269e-07
DICPCG:  Solving for p_rgh, Initial residual = 0.00142828, Final residual = 6.51616e-05, No Iterations 8
DICPCG:  Solving for p_rgh, Initial residual = 6.51629e-05, Final residual = 3.20328e-06, No Iterations 217
time step continuity errors : sum local = 1.03417e-08, global = -1.16675e-11, cumulative = -9.50281e-07
DICPCG:  Solving for p_rgh, Initial residual = 0.000225397, Final residual = 1.01504e-05, No Iterations 205
DICPCG:  Solving for p_rgh, Initial residual = 1.02218e-05, Final residual = 9.80948e-08, No Iterations 44
time step continuity errors : sum local = 3.14581e-10, global = 2.25412e-11, cumulative = -9.50258e-07
ExecutionTime = 249.33 s  ClockTime = 251 s

Courant Number mean: 0.237833 max: 0.386933
Interface Courant Number mean: 0.000852452 max: 0.364921
deltaT = 0.00030263
Time = 0.0069869

PIMPLE: iteration 1
smoothSolver:  Solving for alpha.water, Initial residual = 0.0230222, Final residual = 1.15686e-09, No Iterations 3
Phase-1 volume fraction = 0.997811  Min(alpha.water) = 0.000611516  Max(alpha.water) = 1
MULES: Correcting alpha.water
MULES: Correcting alpha.water
Phase-1 volume fraction = 0.997811  Min(alpha.water) = 0.000611514  Max(alpha.water) = 1.00003
DICPCG:  Solving for p_rgh, Initial residual = 0.0968291, Final residual = 0.00349289, No Iterations 4
DICPCG:  Solving for p_rgh, Initial residual = 0.00348038, Final residual = 0.000156176, No Iterations 17
time step continuity errors : sum local = 5.22533e-07, global = -6.2299e-08, cumulative = -1.01256e-06
DICPCG:  Solving for p_rgh, Initial residual = 0.0014371, Final residual = 6.20347e-05, No Iterations 9
DICPCG:  Solving for p_rgh, Initial residual = 6.20359e-05, Final residual = 2.80621e-06, No Iterations 220
time step continuity errors : sum local = 9.37223e-09, global = 2.78748e-11, cumulative = -1.01253e-06
DICPCG:  Solving for p_rgh, Initial residual = 0.000230171, Final residual = 1.04099e-05, No Iterations 206
DICPCG:  Solving for p_rgh, Initial residual = 1.04819e-05, Final residual = 9.89371e-08, No Iterations 53
time step continuity errors : sum local = 3.28077e-10, global = 3.30009e-11, cumulative = -1.0125e-06
ExecutionTime = 255.85 s  ClockTime = 258 s

Courant Number mean: 0.243269 max: 0.391613
Interface Courant Number mean: 0.000893928 max: 0.376672
deltaT = 0.000309836
Time = 0.00729673

PIMPLE: iteration 1
smoothSolver:  Solving for alpha.water, Initial residual = 0.0235671, Final residual = 1.39543e-09, No Iterations 3
Phase-1 volume fraction = 0.997811  Min(alpha.water) = 0.000663541  Max(alpha.water) = 1
MULES: Correcting alpha.water
MULES: Correcting alpha.water
Phase-1 volume fraction = 0.997811  Min(alpha.water) = 0.00066354  Max(alpha.water) = 1.00005
DICPCG:  Solving for p_rgh, Initial residual = 0.0996523, Final residual = 0.00350283, No Iterations 4
DICPCG:  Solving for p_rgh, Initial residual = 0.00350543, Final residual = 0.000161661, No Iterations 17
time step continuity errors : sum local = 5.55241e-07, global = -6.45311e-08, cumulative = -1.07703e-06
DICPCG:  Solving for p_rgh, Initial residual = 0.00137705, Final residual = 6.26645e-05, No Iterations 9
DICPCG:  Solving for p_rgh, Initial residual = 6.26639e-05, Final residual = 2.94835e-06, No Iterations 135
time step continuity errors : sum local = 1.01083e-08, global = 1.32441e-09, cumulative = -1.0757e-06
DICPCG:  Solving for p_rgh, Initial residual = 0.000225344, Final residual = 9.89389e-06, No Iterations 206
DICPCG:  Solving for p_rgh, Initial residual = 9.96554e-06, Final residual = 9.48619e-08, No Iterations 41
time step continuity errors : sum local = 3.22896e-10, global = 2.83593e-11, cumulative = -1.07567e-06
ExecutionTime = 262.44 s  ClockTime = 264 s

Courant Number mean: 0.249094 max: 0.408462
Interface Courant Number mean: 0.00092477 max: 0.39872
deltaT = 0.000302459
Time = 0.00759919

PIMPLE: iteration 1
smoothSolver:  Solving for alpha.water, Initial residual = 0.0230664, Final residual = 1.33737e-09, No Iterations 3
Phase-1 volume fraction = 0.997811  Min(alpha.water) = 0.000678087  Max(alpha.water) = 1
MULES: Correcting alpha.water
MULES: Correcting alpha.water
Phase-1 volume fraction = 0.997811  Min(alpha.water) = 0.000677886  Max(alpha.water) = 1.00003
DICPCG:  Solving for p_rgh, Initial residual = 0.100683, Final residual = 0.00361528, No Iterations 4
DICPCG:  Solving for p_rgh, Initial residual = 0.00362117, Final residual = 0.000177395, No Iterations 14
time step continuity errors : sum local = 5.76008e-07, global = -5.97264e-08, cumulative = -1.1354e-06
DICPCG:  Solving for p_rgh, Initial residual = 0.00137551, Final residual = 5.93377e-05, No Iterations 9
DICPCG:  Solving for p_rgh, Initial residual = 5.93378e-05, Final residual = 2.71341e-06, No Iterations 216
time step continuity errors : sum local = 8.79457e-09, global = 1.72056e-11, cumulative = -1.13538e-06
DICPCG:  Solving for p_rgh, Initial residual = 0.000221707, Final residual = 1.09341e-05, No Iterations 205
DICPCG:  Solving for p_rgh, Initial residual = 1.101e-05, Final residual = 9.42818e-08, No Iterations 44
time step continuity errors : sum local = 3.03772e-10, global = 2.89285e-11, cumulative = -1.13535e-06
ExecutionTime = 272.25 s  ClockTime = 274 s

Courant Number mean: 0.243197 max: 0.420207
Interface Courant Number mean: 0.000915279 max: 0.395202
deltaT = 0.000288391
Time = 0.00788758

PIMPLE: iteration 1
smoothSolver:  Solving for alpha.water, Initial residual = 0.0219875, Final residual = 1.18862e-09, No Iterations 3
Phase-1 volume fraction = 0.997811  Min(alpha.water) = 0.000698063  Max(alpha.water) = 1
MULES: Correcting alpha.water
MULES: Correcting alpha.water
Phase-1 volume fraction = 0.997811  Min(alpha.water) = 0.000698062  Max(alpha.water) = 1.00002
DICPCG:  Solving for p_rgh, Initial residual = 0.0979512, Final residual = 0.00349737, No Iterations 4
DICPCG:  Solving for p_rgh, Initial residual = 0.00347614, Final residual = 0.000166476, No Iterations 14
time step continuity errors : sum local = 4.99387e-07, global = -5.1846e-08, cumulative = -1.1872e-06
DICPCG:  Solving for p_rgh, Initial residual = 0.00140009, Final residual = 6.57568e-05, No Iterations 8
DICPCG:  Solving for p_rgh, Initial residual = 6.57573e-05, Final residual = 3.27291e-06, No Iterations 191
time step continuity errors : sum local = 9.80083e-09, global = -1.31572e-10, cumulative = -1.18733e-06
DICPCG:  Solving for p_rgh, Initial residual = 0.00021585, Final residual = 9.16459e-06, No Iterations 205
DICPCG:  Solving for p_rgh, Initial residual = 9.22287e-06, Final residual = 9.77994e-08, No Iterations 41
time step continuity errors : sum local = 2.91342e-10, global = 1.50761e-11, cumulative = -1.18732e-06
ExecutionTime = 279.9 s  ClockTime = 282 s

Courant Number mean: 0.231915 max: 0.420425
Interface Courant Number mean: 0.00084773 max: 0.374567
deltaT = 0.000275282
Time = 0.00816286

PIMPLE: iteration 1
smoothSolver:  Solving for alpha.water, Initial residual = 0.0210123, Final residual = 1.02237e-09, No Iterations 3
Phase-1 volume fraction = 0.997811  Min(alpha.water) = 0.000722646  Max(alpha.water) = 1.00001
MULES: Correcting alpha.water
MULES: Correcting alpha.water
Phase-1 volume fraction = 0.997811  Min(alpha.water) = 0.000722623  Max(alpha.water) = 1.00004
DICPCG:  Solving for p_rgh, Initial residual = 0.0930657, Final residual = 0.00335616, No Iterations 4
DICPCG:  Solving for p_rgh, Initial residual = 0.00334019, Final residual = 0.000158181, No Iterations 15
time step continuity errors : sum local = 4.38462e-07, global = -4.55772e-08, cumulative = -1.23289e-06
DICPCG:  Solving for p_rgh, Initial residual = 0.00135775, Final residual = 6.50563e-05, No Iterations 8
DICPCG:  Solving for p_rgh, Initial residual = 6.50531e-05, Final residual = 2.98817e-06, No Iterations 216
time step continuity errors : sum local = 8.27027e-09, global = 3.25582e-11, cumulative = -1.23286e-06
DICPCG:  Solving for p_rgh, Initial residual = 0.000203194, Final residual = 9.25614e-06, No Iterations 205
DICPCG:  Solving for p_rgh, Initial residual = 9.30844e-06, Final residual = 9.71441e-08, No Iterations 46
time step continuity errors : sum local = 2.67446e-10, global = 2.0718e-11, cumulative = -1.23284e-06
ExecutionTime = 287.5 s  ClockTime = 289 s

Courant Number mean: 0.221397 max: 0.401268
Interface Courant Number mean: 0.000817179 max: 0.369577
deltaT = 0.000275282
Time = 0.00843815

PIMPLE: iteration 1
smoothSolver:  Solving for alpha.water, Initial residual = 0.0211449, Final residual = 1.08763e-09, No Iterations 3
Phase-1 volume fraction = 0.997811  Min(alpha.water) = 0.000758732  Max(alpha.water) = 1.00001
MULES: Correcting alpha.water
MULES: Correcting alpha.water
Phase-1 volume fraction = 0.997811  Min(alpha.water) = 0.000758706  Max(alpha.water) = 1.00005
DICPCG:  Solving for p_rgh, Initial residual = 0.0915001, Final residual = 0.00343343, No Iterations 4
DICPCG:  Solving for p_rgh, Initial residual = 0.00343155, Final residual = 0.000162085, No Iterations 16
time step continuity errors : sum local = 4.45729e-07, global = -4.51104e-08, cumulative = -1.27795e-06
DICPCG:  Solving for p_rgh, Initial residual = 0.00129257, Final residual = 5.90064e-05, No Iterations 9
DICPCG:  Solving for p_rgh, Initial residual = 5.9002e-05, Final residual = 2.92453e-06, No Iterations 131
time step continuity errors : sum local = 8.0306e-09, global = -2.59781e-10, cumulative = -1.27821e-06
DICPCG:  Solving for p_rgh, Initial residual = 0.000195066, Final residual = 9.65466e-06, No Iterations 205
DICPCG:  Solving for p_rgh, Initial residual = 9.70736e-06, Final residual = 9.98617e-08, No Iterations 43
time step continuity errors : sum local = 2.72749e-10, global = 2.59953e-11, cumulative = -1.27819e-06
ExecutionTime = 293.98 s  ClockTime = 296 s

Courant Number mean: 0.221417 max: 0.40121
Interface Courant Number mean: 0.000815948 max: 0.40121
deltaT = 0.000275282
Time = 0.00871343

PIMPLE: iteration 1
smoothSolver:  Solving for alpha.water, Initial residual = 0.0212803, Final residual = 1.11856e-09, No Iterations 3
Phase-1 volume fraction = 0.997811  Min(alpha.water) = 0.000817173  Max(alpha.water) = 1.00001
MULES: Correcting alpha.water
MULES: Correcting alpha.water
Phase-1 volume fraction = 0.997811  Min(alpha.water) = 0.000817122  Max(alpha.water) = 1.00002
DICPCG:  Solving for p_rgh, Initial residual = 0.0956005, Final residual = 0.00345574, No Iterations 4
DICPCG:  Solving for p_rgh, Initial residual = 0.00346927, Final residual = 0.000170677, No Iterations 14
time step continuity errors : sum local = 4.61441e-07, global = -4.42491e-08, cumulative = -1.32243e-06
DICPCG:  Solving for p_rgh, Initial residual = 0.00127849, Final residual = 5.98885e-05, No Iterations 9
DICPCG:  Solving for p_rgh, Initial residual = 5.9881e-05, Final residual = 2.77671e-06, No Iterations 214
time step continuity errors : sum local = 7.49693e-09, global = -4.01959e-11, cumulative = -1.32247e-06
DICPCG:  Solving for p_rgh, Initial residual = 0.000194429, Final residual = 8.93096e-06, No Iterations 205
DICPCG:  Solving for p_rgh, Initial residual = 8.98102e-06, Final residual = 9.46496e-08, No Iterations 42
time step continuity errors : sum local = 2.54363e-10, global = 1.73248e-11, cumulative = -1.32246e-06
ExecutionTime = 300.63 s  ClockTime = 303 s

Courant Number mean: 0.221439 max: 0.427741
Interface Courant Number mean: 0.000823772 max: 0.35555
deltaT = 0.000256513
Time = 0.00896994

PIMPLE: iteration 1
smoothSolver:  Solving for alpha.water, Initial residual = 0.0198908, Final residual = 7.32874e-10, No Iterations 3
Phase-1 volume fraction = 0.997811  Min(alpha.water) = 0.000826711  Max(alpha.water) = 1
MULES: Correcting alpha.water
MULES: Correcting alpha.water
Phase-1 volume fraction = 0.997811  Min(alpha.water) = 0.000826524  Max(alpha.water) = 1.00001
DICPCG:  Solving for p_rgh, Initial residual = 0.0902077, Final residual = 0.00326613, No Iterations 4
DICPCG:  Solving for p_rgh, Initial residual = 0.00325601, Final residual = 0.000147552, No Iterations 14
time step continuity errors : sum local = 3.52996e-07, global = -3.63802e-08, cumulative = -1.35884e-06
DICPCG:  Solving for p_rgh, Initial residual = 0.00126629, Final residual = 6.01795e-05, No Iterations 8
DICPCG:  Solving for p_rgh, Initial residual = 6.01735e-05, Final residual = 2.98793e-06, No Iterations 214
time step continuity errors : sum local = 7.13857e-09, global = -4.7862e-11, cumulative = -1.35889e-06
DICPCG:  Solving for p_rgh, Initial residual = 0.000183566, Final residual = 8.73062e-06, No Iterations 204
DICPCG:  Solving for p_rgh, Initial residual = 8.77466e-06, Final residual = 9.34263e-08, No Iterations 43
time step continuity errors : sum local = 2.22353e-10, global = 1.7902e-11, cumulative = -1.35887e-06
ExecutionTime = 307.22 s  ClockTime = 309 s

Courant Number mean: 0.206359 max: 0.40826
Interface Courant Number mean: 0.000761021 max: 0.33406
deltaT = 0.000250683
Time = 0.00922062

PIMPLE: iteration 1
smoothSolver:  Solving for alpha.water, Initial residual = 0.019418, Final residual = 6.46566e-10, No Iterations 3
Phase-1 volume fraction = 0.997811  Min(alpha.water) = 0.000839628  Max(alpha.water) = 1
MULES: Correcting alpha.water
MULES: Correcting alpha.water
Phase-1 volume fraction = 0.997811  Min(alpha.water) = 0.000839628  Max(alpha.water) = 1.00001
DICPCG:  Solving for p_rgh, Initial residual = 0.0892643, Final residual = 0.00319936, No Iterations 4
DICPCG:  Solving for p_rgh, Initial residual = 0.00316913, Final residual = 0.000147555, No Iterations 14
time step continuity errors : sum local = 3.43413e-07, global = -3.40866e-08, cumulative = -1.39295e-06
DICPCG:  Solving for p_rgh, Initial residual = 0.00128005, Final residual = 6.12199e-05, No Iterations 8
DICPCG:  Solving for p_rgh, Initial residual = 6.12138e-05, Final residual = 2.88514e-06, No Iterations 186
time step continuity errors : sum local = 6.70618e-09, global = 7.60666e-11, cumulative = -1.39288e-06
DICPCG:  Solving for p_rgh, Initial residual = 0.000181403, Final residual = 8.96801e-06, No Iterations 204
DICPCG:  Solving for p_rgh, Initial residual = 9.01018e-06, Final residual = 9.0707e-08, No Iterations 43
time step continuity errors : sum local = 2.10069e-10, global = 1.61719e-11, cumulative = -1.39286e-06
ExecutionTime = 313.71 s  ClockTime = 316 s

Courant Number mean: 0.201686 max: 0.389169
Interface Courant Number mean: 0.000726018 max: 0.341429
deltaT = 0.000256652
Time = 0.00947728

PIMPLE: iteration 1
smoothSolver:  Solving for alpha.water, Initial residual = 0.0200385, Final residual = 8.10021e-10, No Iterations 3
Phase-1 volume fraction = 0.997811  Min(alpha.water) = 0.00086031  Max(alpha.water) = 1
MULES: Correcting alpha.water
MULES: Correcting alpha.water
Phase-1 volume fraction = 0.997811  Min(alpha.water) = 0.00086031  Max(alpha.water) = 1.00004
DICPCG:  Solving for p_rgh, Initial residual = 0.0881284, Final residual = 0.00328312, No Iterations 4
DICPCG:  Solving for p_rgh, Initial residual = 0.00326959, Final residual = 0.000152219, No Iterations 15
time step continuity errors : sum local = 3.69325e-07, global = -3.57535e-08, cumulative = -1.42862e-06
DICPCG:  Solving for p_rgh, Initial residual = 0.00125664, Final residual = 5.8611e-05, No Iterations 9
DICPCG:  Solving for p_rgh, Initial residual = 5.86047e-05, Final residual = 2.8034e-06, No Iterations 217
time step continuity errors : sum local = 6.79293e-09, global = -6.25422e-12, cumulative = -1.42862e-06
DICPCG:  Solving for p_rgh, Initial residual = 0.000181742, Final residual = 8.35319e-06, No Iterations 205
DICPCG:  Solving for p_rgh, Initial residual = 8.39203e-06, Final residual = 9.30093e-08, No Iterations 47
time step continuity errors : sum local = 2.24459e-10, global = 1.78866e-11, cumulative = -1.4286e-06
ExecutionTime = 320.52 s  ClockTime = 323 s

Courant Number mean: 0.206504 max: 0.377035
Interface Courant Number mean: 0.00074646 max: 0.376007
deltaT = 0.000269813
Time = 0.00974709

PIMPLE: iteration 1
smoothSolver:  Solving for alpha.water, Initial residual = 0.0213348, Final residual = 1.18806e-09, No Iterations 3
Phase-1 volume fraction = 0.997811  Min(alpha.water) = 0.000899663  Max(alpha.water) = 1
MULES: Correcting alpha.water
MULES: Correcting alpha.water
Phase-1 volume fraction = 0.997811  Min(alpha.water) = 0.000899661  Max(alpha.water) = 1.00009
DICPCG:  Solving for p_rgh, Initial residual = 0.0947107, Final residual = 0.00348932, No Iterations 4
DICPCG:  Solving for p_rgh, Initial residual = 0.00350651, Final residual = 0.000161554, No Iterations 14
time step continuity errors : sum local = 4.19587e-07, global = -3.97879e-08, cumulative = -1.46839e-06
DICPCG:  Solving for p_rgh, Initial residual = 0.00124152, Final residual = 5.5997e-05, No Iterations 10
DICPCG:  Solving for p_rgh, Initial residual = 5.59924e-05, Final residual = 2.59203e-06, No Iterations 213
time step continuity errors : sum local = 6.72203e-09, global = -3.01285e-11, cumulative = -1.46842e-06
DICPCG:  Solving for p_rgh, Initial residual = 0.000181214, Final residual = 8.95507e-06, No Iterations 205
DICPCG:  Solving for p_rgh, Initial residual = 9.00018e-06, Final residual = 9.66449e-08, No Iterations 43
time step continuity errors : sum local = 2.49637e-10, global = 1.82658e-11, cumulative = -1.4684e-06
ExecutionTime = 327.05 s  ClockTime = 329 s

Courant Number mean: 0.21711 max: 0.421108
Interface Courant Number mean: 0.00080073 max: 0.343965
deltaT = 0.000256323
Time = 0.0100034

PIMPLE: iteration 1
smoothSolver:  Solving for alpha.water, Initial residual = 0.0204558, Final residual = 8.97156e-10, No Iterations 3
Phase-1 volume fraction = 0.997811  Min(alpha.water) = 0.000948035  Max(alpha.water) = 1
MULES: Correcting alpha.water
MULES: Correcting alpha.water
Phase-1 volume fraction = 0.997811  Min(alpha.water) = 0.000948029  Max(alpha.water) = 1.00002
DICPCG:  Solving for p_rgh, Initial residual = 0.093073, Final residual = 0.00336889, No Iterations 4
DICPCG:  Solving for p_rgh, Initial residual = 0.00336772, Final residual = 0.000149337, No Iterations 14
time step continuity errors : sum local = 3.5296e-07, global = -3.4112e-08, cumulative = -1.50252e-06
DICPCG:  Solving for p_rgh, Initial residual = 0.00117509, Final residual = 5.81881e-05, No Iterations 9
DICPCG:  Solving for p_rgh, Initial residual = 5.81837e-05, Final residual = 2.8797e-06, No Iterations 217
time step continuity errors : sum local = 6.79678e-09, global = -5.97225e-12, cumulative = -1.50252e-06
DICPCG:  Solving for p_rgh, Initial residual = 0.000168808, Final residual = 8.15512e-06, No Iterations 205
DICPCG:  Solving for p_rgh, Initial residual = 8.19324e-06, Final residual = 9.48561e-08, No Iterations 43
time step continuity errors : sum local = 2.23094e-10, global = 1.46752e-11, cumulative = -1.50251e-06
ExecutionTime = 333.87 s  ClockTime = 336 s

Courant Number mean: 0.206269 max: 0.41047
Interface Courant Number mean: 0.000758505 max: 0.334253
deltaT = 0.000249915
Time = 0.0102533

PIMPLE: iteration 1
smoothSolver:  Solving for alpha.water, Initial residual = 0.0200127, Final residual = 7.36289e-10, No Iterations 3
Phase-1 volume fraction = 0.997811  Min(alpha.water) = 0.000958943  Max(alpha.water) = 1
MULES: Correcting alpha.water
MULES: Correcting alpha.water
Phase-1 volume fraction = 0.997811  Min(alpha.water) = 0.000958903  Max(alpha.water) = 1.00001
DICPCG:  Solving for p_rgh, Initial residual = 0.0922854, Final residual = 0.00330753, No Iterations 4
DICPCG:  Solving for p_rgh, Initial residual = 0.00329566, Final residual = 0.000141862, No Iterations 14
time step continuity errors : sum local = 3.21116e-07, global = -3.17224e-08, cumulative = -1.53423e-06
DICPCG:  Solving for p_rgh, Initial residual = 0.00126433, Final residual = 6.01323e-05, No Iterations 8
DICPCG:  Solving for p_rgh, Initial residual = 6.01321e-05, Final residual = 2.94671e-06, No Iterations 214
time step continuity errors : sum local = 6.66029e-09, global = 7.0983e-11, cumulative = -1.53416e-06
DICPCG:  Solving for p_rgh, Initial residual = 0.000179877, Final residual = 8.51711e-06, No Iterations 204
DICPCG:  Solving for p_rgh, Initial residual = 8.55538e-06, Final residual = 9.26302e-08, No Iterations 43
time step continuity errors : sum local = 2.08727e-10, global = 1.46028e-11, cumulative = -1.53414e-06
ExecutionTime = 340.69 s  ClockTime = 343 s

Courant Number mean: 0.201125 max: 0.395758
Interface Courant Number mean: 0.000721236 max: 0.329805
deltaT = 0.000249915
Time = 0.0105032

PIMPLE: iteration 1
smoothSolver:  Solving for alpha.water, Initial residual = 0.0200838, Final residual = 7.25278e-10, No Iterations 3
Phase-1 volume fraction = 0.997811  Min(alpha.water) = 0.000970864  Max(alpha.water) = 1
MULES: Correcting alpha.water
MULES: Correcting alpha.water
Phase-1 volume fraction = 0.997811  Min(alpha.water) = 0.000970866  Max(alpha.water) = 1.00002
DICPCG:  Solving for p_rgh, Initial residual = 0.0914387, Final residual = 0.00331369, No Iterations 4
DICPCG:  Solving for p_rgh, Initial residual = 0.00328275, Final residual = 0.000145726, No Iterations 14
time step continuity errors : sum local = 3.33881e-07, global = -3.13722e-08, cumulative = -1.56552e-06
DICPCG:  Solving for p_rgh, Initial residual = 0.00129654, Final residual = 6.143e-05, No Iterations 8
DICPCG:  Solving for p_rgh, Initial residual = 6.143e-05, Final residual = 2.9476e-06, No Iterations 197
time step continuity errors : sum local = 6.74349e-09, global = -1.60126e-10, cumulative = -1.56568e-06
DICPCG:  Solving for p_rgh, Initial residual = 0.000184989, Final residual = 8.73332e-06, No Iterations 204
DICPCG:  Solving for p_rgh, Initial residual = 8.77105e-06, Final residual = 9.80442e-08, No Iterations 42
time step continuity errors : sum local = 2.23614e-10, global = 1.86696e-11, cumulative = -1.56566e-06
ExecutionTime = 347.08 s  ClockTime = 349 s

Courant Number mean: 0.201135 max: 0.377656
Interface Courant Number mean: 0.000721488 max: 0.347872
deltaT = 0.000263799
Time = 0.010767

PIMPLE: iteration 1
smoothSolver:  Solving for alpha.water, Initial residual = 0.0213939, Final residual = 1.00727e-09, No Iterations 3
Phase-1 volume fraction = 0.997811  Min(alpha.water) = 0.00099324  Max(alpha.water) = 1
MULES: Correcting alpha.water
MULES: Correcting alpha.water
Phase-1 volume fraction = 0.997811  Min(alpha.water) = 0.000993243  Max(alpha.water) = 1.00009
DICPCG:  Solving for p_rgh, Initial residual = 0.0928017, Final residual = 0.00349027, No Iterations 4
DICPCG:  Solving for p_rgh, Initial residual = 0.0034873, Final residual = 0.000148588, No Iterations 14
time step continuity errors : sum local = 3.71529e-07, global = -3.54142e-08, cumulative = -1.60107e-06
DICPCG:  Solving for p_rgh, Initial residual = 0.0013225, Final residual = 6.51368e-05, No Iterations 8
DICPCG:  Solving for p_rgh, Initial residual = 6.51358e-05, Final residual = 3.12195e-06, No Iterations 215
time step continuity errors : sum local = 7.79374e-09, global = -6.13222e-11, cumulative = -1.60113e-06
DICPCG:  Solving for p_rgh, Initial residual = 0.000189463, Final residual = 8.85128e-06, No Iterations 204
DICPCG:  Solving for p_rgh, Initial residual = 8.89214e-06, Final residual = 9.39224e-08, No Iterations 43
time step continuity errors : sum local = 2.33742e-10, global = 1.9963e-11, cumulative = -1.60111e-06
ExecutionTime = 354.36 s  ClockTime = 356 s

Courant Number mean: 0.212318 max: 0.390799
Interface Courant Number mean: 0.000764601 max: 0.349848
deltaT = 0.000271558
Time = 0.0110386

PIMPLE: iteration 1
smoothSolver:  Solving for alpha.water, Initial residual = 0.0222038, Final residual = 1.1513e-09, No Iterations 3
Phase-1 volume fraction = 0.997811  Min(alpha.water) = 0.00103305  Max(alpha.water) = 1
MULES: Correcting alpha.water
MULES: Correcting alpha.water
Phase-1 volume fraction = 0.997811  Min(alpha.water) = 0.00103288  Max(alpha.water) = 1.00005
DICPCG:  Solving for p_rgh, Initial residual = 0.0984213, Final residual = 0.00363535, No Iterations 4
DICPCG:  Solving for p_rgh, Initial residual = 0.00364098, Final residual = 0.000175262, No Iterations 13
time step continuity errors : sum local = 4.558e-07, global = -3.7297e-08, cumulative = -1.63841e-06
DICPCG:  Solving for p_rgh, Initial residual = 0.00125981, Final residual = 5.41837e-05, No Iterations 10
DICPCG:  Solving for p_rgh, Initial residual = 5.41841e-05, Final residual = 2.47107e-06, No Iterations 214
time step continuity errors : sum local = 6.41569e-09, global = 3.1133e-11, cumulative = -1.63838e-06
DICPCG:  Solving for p_rgh, Initial residual = 0.000188677, Final residual = 8.48666e-06, No Iterations 205
DICPCG:  Solving for p_rgh, Initial residual = 8.52728e-06, Final residual = 9.43289e-08, No Iterations 43
time step continuity errors : sum local = 2.44145e-10, global = 1.45486e-11, cumulative = -1.63836e-06
ExecutionTime = 360.97 s  ClockTime = 363 s

Courant Number mean: 0.218574 max: 0.423125
Interface Courant Number mean: 0.000801584 max: 0.35849
deltaT = 0.00025604
Time = 0.0112946

PIMPLE: iteration 1
smoothSolver:  Solving for alpha.water, Initial residual = 0.0209962, Final residual = 7.22396e-10, No Iterations 3
Phase-1 volume fraction = 0.997811  Min(alpha.water) = 0.00108003  Max(alpha.water) = 1.00001
MULES: Correcting alpha.water
MULES: Correcting alpha.water
Phase-1 volume fraction = 0.997811  Min(alpha.water) = 0.00108002  Max(alpha.water) = 1.00002
DICPCG:  Solving for p_rgh, Initial residual = 0.0950726, Final residual = 0.00347247, No Iterations 4
DICPCG:  Solving for p_rgh, Initial residual = 0.00347152, Final residual = 0.000168114, No Iterations 13
time step continuity errors : sum local = 3.9308e-07, global = -3.15162e-08, cumulative = -1.66988e-06
DICPCG:  Solving for p_rgh, Initial residual = 0.00124381, Final residual = 5.23081e-05, No Iterations 10
DICPCG:  Solving for p_rgh, Initial residual = 5.2308e-05, Final residual = 2.38335e-06, No Iterations 217
time step continuity errors : sum local = 5.56419e-09, global = 4.41738e-11, cumulative = -1.66984e-06
DICPCG:  Solving for p_rgh, Initial residual = 0.000184755, Final residual = 8.65436e-06, No Iterations 205
DICPCG:  Solving for p_rgh, Initial residual = 8.69184e-06, Final residual = 9.65049e-08, No Iterations 44
time step continuity errors : sum local = 2.2464e-10, global = 2.07076e-11, cumulative = -1.66982e-06
ExecutionTime = 368.69 s  ClockTime = 371 s

Courant Number mean: 0.206097 max: 0.401914
Interface Courant Number mean: 0.000758912 max: 0.345007
deltaT = 0.00025604
Time = 0.0115507

PIMPLE: iteration 1
smoothSolver:  Solving for alpha.water, Initial residual = 0.0209507, Final residual = 6.50281e-10, No Iterations 3
Phase-1 volume fraction = 0.997811  Min(alpha.water) = 0.00109636  Max(alpha.water) = 1.00001
MULES: Correcting alpha.water
MULES: Correcting alpha.water
Phase-1 volume fraction = 0.997811  Min(alpha.water) = 0.00109579  Max(alpha.water) = 1.00001
DICPCG:  Solving for p_rgh, Initial residual = 0.0964915, Final residual = 0.00347282, No Iterations 4
DICPCG:  Solving for p_rgh, Initial residual = 0.00345348, Final residual = 0.000168626, No Iterations 13
time step continuity errors : sum local = 3.96018e-07, global = -3.1328e-08, cumulative = -1.70114e-06
DICPCG:  Solving for p_rgh, Initial residual = 0.00134767, Final residual = 6.52251e-05, No Iterations 9
DICPCG:  Solving for p_rgh, Initial residual = 6.52257e-05, Final residual = 3.19175e-06, No Iterations 215
time step continuity errors : sum local = 7.48423e-09, global = 2.68452e-11, cumulative = -1.70112e-06
DICPCG:  Solving for p_rgh, Initial residual = 0.000201274, Final residual = 8.77577e-06, No Iterations 205
DICPCG:  Solving for p_rgh, Initial residual = 8.81324e-06, Final residual = 9.99627e-08, No Iterations 51
time step continuity errors : sum local = 2.33756e-10, global = 2.15975e-11, cumulative = -1.7011e-06
ExecutionTime = 376.15 s  ClockTime = 378 s

Courant Number mean: 0.20611 max: 0.391957
Interface Courant Number mean: 0.000750278 max: 0.346154
deltaT = 0.000264041
Time = 0.0118147

PIMPLE: iteration 1
smoothSolver:  Solving for alpha.water, Initial residual = 0.0216651, Final residual = 7.59071e-10, No Iterations 3
Phase-1 volume fraction = 0.997811  Min(alpha.water) = 0.00111558  Max(alpha.water) = 1.00001
MULES: Correcting alpha.water
MULES: Correcting alpha.water
Phase-1 volume fraction = 0.997811  Min(alpha.water) = 0.00111558  Max(alpha.water) = 1.00006
DICPCG:  Solving for p_rgh, Initial residual = 0.0965488, Final residual = 0.00356549, No Iterations 4
DICPCG:  Solving for p_rgh, Initial residual = 0.00354657, Final residual = 0.000163302, No Iterations 13
time step continuity errors : sum local = 4.05652e-07, global = -3.34103e-08, cumulative = -1.73451e-06
DICPCG:  Solving for p_rgh, Initial residual = 0.00138269, Final residual = 6.18797e-05, No Iterations 9
DICPCG:  Solving for p_rgh, Initial residual = 6.18799e-05, Final residual = 2.84651e-06, No Iterations 196
time step continuity errors : sum local = 7.05951e-09, global = -4.30277e-12, cumulative = -1.73451e-06
DICPCG:  Solving for p_rgh, Initial residual = 0.000207162, Final residual = 9.99487e-06, No Iterations 204
DICPCG:  Solving for p_rgh, Initial residual = 1.00387e-05, Final residual = 9.46209e-08, No Iterations 54
time step continuity errors : sum local = 2.34052e-10, global = 2.08272e-11, cumulative = -1.73449e-06
ExecutionTime = 383.08 s  ClockTime = 385 s

Courant Number mean: 0.212563 max: 0.380522
Interface Courant Number mean: 0.000780804 max: 0.37235
deltaT = 0.000282251
Time = 0.012097

PIMPLE: iteration 1
smoothSolver:  Solving for alpha.water, Initial residual = 0.0232355, Final residual = 1.0996e-09, No Iterations 3
Phase-1 volume fraction = 0.997811  Min(alpha.water) = 0.00115133  Max(alpha.water) = 1
MULES: Correcting alpha.water
MULES: Correcting alpha.water
Phase-1 volume fraction = 0.997811  Min(alpha.water) = 0.0011513  Max(alpha.water) = 1.00006
DICPCG:  Solving for p_rgh, Initial residual = 0.100924, Final residual = 0.00381797, No Iterations 4
DICPCG:  Solving for p_rgh, Initial residual = 0.00381862, Final residual = 0.000169572, No Iterations 13
time step continuity errors : sum local = 4.68308e-07, global = -3.88113e-08, cumulative = -1.7733e-06
DICPCG:  Solving for p_rgh, Initial residual = 0.00138509, Final residual = 6.81696e-05, No Iterations 9
DICPCG:  Solving for p_rgh, Initial residual = 6.81678e-05, Final residual = 3.33849e-06, No Iterations 217
time step continuity errors : sum local = 9.20388e-09, global = 1.82017e-11, cumulative = -1.77328e-06
DICPCG:  Solving for p_rgh, Initial residual = 0.000211265, Final residual = 1.04722e-05, No Iterations 204
DICPCG:  Solving for p_rgh, Initial residual = 1.05221e-05, Final residual = 9.90649e-08, No Iterations 54
time step continuity errors : sum local = 2.7238e-10, global = 2.70398e-11, cumulative = -1.77325e-06
ExecutionTime = 389.6 s  ClockTime = 392 s

Courant Number mean: 0.227236 max: 0.425606
Interface Courant Number mean: 0.00082859 max: 0.365119
deltaT = 0.000263434
Time = 0.0123604

PIMPLE: iteration 1
smoothSolver:  Solving for alpha.water, Initial residual = 0.0216937, Final residual = 6.77328e-10, No Iterations 3
Phase-1 volume fraction = 0.997811  Min(alpha.water) = 0.00119327  Max(alpha.water) = 1
MULES: Correcting alpha.water
MULES: Correcting alpha.water
Phase-1 volume fraction = 0.997811  Min(alpha.water) = 0.00119279  Max(alpha.water) = 1.00003
DICPCG:  Solving for p_rgh, Initial residual = 0.0976606, Final residual = 0.00360676, No Iterations 4
DICPCG:  Solving for p_rgh, Initial residual = 0.00361087, Final residual = 0.00016659, No Iterations 13
time step continuity errors : sum local = 4.05578e-07, global = -3.17981e-08, cumulative = -1.80505e-06
DICPCG:  Solving for p_rgh, Initial residual = 0.00123407, Final residual = 5.35291e-05, No Iterations 10
DICPCG:  Solving for p_rgh, Initial residual = 5.35278e-05, Final residual = 2.5548e-06, No Iterations 213
time step continuity errors : sum local = 6.21e-09, global = 5.11297e-11, cumulative = -1.805e-06
DICPCG:  Solving for p_rgh, Initial residual = 0.000185135, Final residual = 8.39829e-06, No Iterations 205
DICPCG:  Solving for p_rgh, Initial residual = 8.43384e-06, Final residual = 9.57424e-08, No Iterations 43
time step continuity errors : sum local = 2.32102e-10, global = 1.64409e-11, cumulative = -1.80499e-06
ExecutionTime = 396.42 s  ClockTime = 399 s

Courant Number mean: 0.212102 max: 0.405962
Interface Courant Number mean: 0.000785982 max: 0.351104
deltaT = 0.000263434
Time = 0.0126238

PIMPLE: iteration 1
smoothSolver:  Solving for alpha.water, Initial residual = 0.0215608, Final residual = 6.18931e-10, No Iterations 3
Phase-1 volume fraction = 0.997811  Min(alpha.water) = 0.00125266  Max(alpha.water) = 1
MULES: Correcting alpha.water
MULES: Correcting alpha.water
Phase-1 volume fraction = 0.997811  Min(alpha.water) = 0.00125133  Max(alpha.water) = 1.00001
DICPCG:  Solving for p_rgh, Initial residual = 0.100298, Final residual = 0.00362202, No Iterations 4
DICPCG:  Solving for p_rgh, Initial residual = 0.00361814, Final residual = 0.000173235, No Iterations 13
time step continuity errors : sum local = 4.19943e-07, global = -3.1731e-08, cumulative = -1.83672e-06
DICPCG:  Solving for p_rgh, Initial residual = 0.00134646, Final residual = 6.3444e-05, No Iterations 9
DICPCG:  Solving for p_rgh, Initial residual = 6.34428e-05, Final residual = 3.15752e-06, No Iterations 216
time step continuity errors : sum local = 7.64196e-09, global = -8.96097e-12, cumulative = -1.83673e-06
DICPCG:  Solving for p_rgh, Initial residual = 0.00020318, Final residual = 9.92579e-06, No Iterations 204
DICPCG:  Solving for p_rgh, Initial residual = 9.96797e-06, Final residual = 9.86733e-08, No Iterations 66
time step continuity errors : sum local = 2.3825e-10, global = 1.25087e-11, cumulative = -1.83671e-06
ExecutionTime = 402.78 s  ClockTime = 405 s

Courant Number mean: 0.212117 max: 0.39763
Interface Courant Number mean: 0.000780777 max: 0.35454
deltaT = 0.000263434
Time = 0.0128873

PIMPLE: iteration 1
smoothSolver:  Solving for alpha.water, Initial residual = 0.0214206, Final residual = 5.95085e-10, No Iterations 3
Phase-1 volume fraction = 0.997811  Min(alpha.water) = 0.00126646  Max(alpha.water) = 1
MULES: Correcting alpha.water
MULES: Correcting alpha.water
Phase-1 volume fraction = 0.997811  Min(alpha.water) = 0.00126642  Max(alpha.water) = 1.00004
DICPCG:  Solving for p_rgh, Initial residual = 0.099053, Final residual = 0.00361145, No Iterations 4
DICPCG:  Solving for p_rgh, Initial residual = 0.00359037, Final residual = 0.000177598, No Iterations 13
time step continuity errors : sum local = 4.32767e-07, global = -3.13071e-08, cumulative = -1.86802e-06
DICPCG:  Solving for p_rgh, Initial residual = 0.00140714, Final residual = 6.23108e-05, No Iterations 9
DICPCG:  Solving for p_rgh, Initial residual = 6.23098e-05, Final residual = 2.92833e-06, No Iterations 216
time step continuity errors : sum local = 7.12445e-09, global = 1.13274e-11, cumulative = -1.86801e-06
DICPCG:  Solving for p_rgh, Initial residual = 0.000212513, Final residual = 1.00523e-05, No Iterations 204
DICPCG:  Solving for p_rgh, Initial residual = 1.0094e-05, Final residual = 9.92517e-08, No Iterations 56
time step continuity errors : sum local = 2.40922e-10, global = 2.32391e-11, cumulative = -1.86799e-06
ExecutionTime = 409.27 s  ClockTime = 411 s

Courant Number mean: 0.212132 max: 0.374144
Interface Courant Number mean: 0.000786127 max: 0.36016
deltaT = 0.000284509
Time = 0.0131718

PIMPLE: iteration 1
smoothSolver:  Solving for alpha.water, Initial residual = 0.0230793, Final residual = 9.28298e-10, No Iterations 3
Phase-1 volume fraction = 0.997811  Min(alpha.water) = 0.00129371  Max(alpha.water) = 1
MULES: Correcting alpha.water
MULES: Correcting alpha.water
Phase-1 volume fraction = 0.997811  Min(alpha.water) = 0.00129371  Max(alpha.water) = 1.00004
DICPCG:  Solving for p_rgh, Initial residual = 0.102866, Final residual = 0.00389453, No Iterations 4
DICPCG:  Solving for p_rgh, Initial residual = 0.00388952, Final residual = 0.000191865, No Iterations 13
time step continuity errors : sum local = 5.30685e-07, global = -3.75091e-08, cumulative = -1.90549e-06
DICPCG:  Solving for p_rgh, Initial residual = 0.00148548, Final residual = 6.75337e-05, No Iterations 9
DICPCG:  Solving for p_rgh, Initial residual = 6.75307e-05, Final residual = 3.31486e-06, No Iterations 215
time step continuity errors : sum local = 9.15284e-09, global = 4.33822e-11, cumulative = -1.90545e-06
DICPCG:  Solving for p_rgh, Initial residual = 0.000231762, Final residual = 1.13105e-05, No Iterations 204
DICPCG:  Solving for p_rgh, Initial residual = 1.13617e-05, Final residual = 9.56234e-08, No Iterations 66
time step continuity errors : sum local = 2.63367e-10, global = 1.68745e-11, cumulative = -1.90543e-06
ExecutionTime = 415.62 s  ClockTime = 418 s

Courant Number mean: 0.229117 max: 0.41636
Interface Courant Number mean: 0.000850454 max: 0.382109
deltaT = 0.000273129
Time = 0.0134449

PIMPLE: iteration 1
smoothSolver:  Solving for alpha.water, Initial residual = 0.0220974, Final residual = 7.05802e-10, No Iterations 3
Phase-1 volume fraction = 0.997811  Min(alpha.water) = 0.00132904  Max(alpha.water) = 1
MULES: Correcting alpha.water
MULES: Correcting alpha.water
Phase-1 volume fraction = 0.997811  Min(alpha.water) = 0.00132904  Max(alpha.water) = 1.00005
DICPCG:  Solving for p_rgh, Initial residual = 0.100151, Final residual = 0.00376051, No Iterations 4
DICPCG:  Solving for p_rgh, Initial residual = 0.00376627, Final residual = 0.000187413, No Iterations 13
time step continuity errors : sum local = 4.79067e-07, global = -3.30251e-08, cumulative = -1.93846e-06
DICPCG:  Solving for p_rgh, Initial residual = 0.00131797, Final residual = 5.9363e-05, No Iterations 10
DICPCG:  Solving for p_rgh, Initial residual = 5.93587e-05, Final residual = 2.74496e-06, No Iterations 214
time step continuity errors : sum local = 7.00563e-09, global = 3.51794e-11, cumulative = -1.93842e-06
DICPCG:  Solving for p_rgh, Initial residual = 0.000200596, Final residual = 9.67495e-06, No Iterations 205
DICPCG:  Solving for p_rgh, Initial residual = 9.71553e-06, Final residual = 9.83405e-08, No Iterations 50
time step continuity errors : sum local = 2.50334e-10, global = 2.1652e-11, cumulative = -1.9384e-06
ExecutionTime = 421.91 s  ClockTime = 424 s

Courant Number mean: 0.219967 max: 0.412791
Interface Courant Number mean: 0.000829182 max: 0.354822
deltaT = 0.000262204
Time = 0.0137071

PIMPLE: iteration 1
smoothSolver:  Solving for alpha.water, Initial residual = 0.0210761, Final residual = 5.39765e-10, No Iterations 3
Phase-1 volume fraction = 0.997811  Min(alpha.water) = 0.00137259  Max(alpha.water) = 1
MULES: Correcting alpha.water
MULES: Correcting alpha.water
Phase-1 volume fraction = 0.997811  Min(alpha.water) = 0.00137259  Max(alpha.water) = 1.00002
DICPCG:  Solving for p_rgh, Initial residual = 0.0995219, Final residual = 0.00362213, No Iterations 4
DICPCG:  Solving for p_rgh, Initial residual = 0.00362217, Final residual = 0.000174681, No Iterations 13
time step continuity errors : sum local = 4.13879e-07, global = -2.95798e-08, cumulative = -1.96798e-06
DICPCG:  Solving for p_rgh, Initial residual = 0.00126942, Final residual = 5.77539e-05, No Iterations 9
DICPCG:  Solving for p_rgh, Initial residual = 5.77509e-05, Final residual = 2.5896e-06, No Iterations 214
time step continuity errors : sum local = 6.12627e-09, global = -7.44737e-12, cumulative = -1.96799e-06
DICPCG:  Solving for p_rgh, Initial residual = 0.000191393, Final residual = 8.69532e-06, No Iterations 205
DICPCG:  Solving for p_rgh, Initial residual = 8.73019e-06, Final residual = 9.82601e-08, No Iterations 48
time step continuity errors : sum local = 2.31957e-10, global = 1.84234e-11, cumulative = -1.96797e-06
ExecutionTime = 428.04 s  ClockTime = 430 s

Courant Number mean: 0.211184 max: 0.390365
Interface Courant Number mean: 0.00078171 max: 0.347926
deltaT = 0.000273604
Time = 0.0139807

PIMPLE: iteration 1
smoothSolver:  Solving for alpha.water, Initial residual = 0.0218145, Final residual = 6.83753e-10, No Iterations 3
Phase-1 volume fraction = 0.997811  Min(alpha.water) = 0.00138478  Max(alpha.water) = 1.00001
MULES: Correcting alpha.water
MULES: Correcting alpha.water
Phase-1 volume fraction = 0.997811  Min(alpha.water) = 0.00138423  Max(alpha.water) = 1.00002
DICPCG:  Solving for p_rgh, Initial residual = 0.104372, Final residual = 0.00376326, No Iterations 4
DICPCG:  Solving for p_rgh, Initial residual = 0.00374432, Final residual = 0.000176696, No Iterations 13
time step continuity errors : sum local = 4.51903e-07, global = -3.27478e-08, cumulative = -2.00072e-06
DICPCG:  Solving for p_rgh, Initial residual = 0.00143409, Final residual = 6.64394e-05, No Iterations 8
DICPCG:  Solving for p_rgh, Initial residual = 6.64378e-05, Final residual = 3.07463e-06, No Iterations 214
time step continuity errors : sum local = 7.85035e-09, global = -6.81739e-12, cumulative = -2.00073e-06
DICPCG:  Solving for p_rgh, Initial residual = 0.000221607, Final residual = 1.00836e-05, No Iterations 204
DICPCG:  Solving for p_rgh, Initial residual = 1.01269e-05, Final residual = 9.95606e-08, No Iterations 64
time step continuity errors : sum local = 2.53763e-10, global = 1.37146e-11, cumulative = -2.00071e-06
ExecutionTime = 434.26 s  ClockTime = 436 s

Courant Number mean: 0.220382 max: 0.384817
Interface Courant Number mean: 0.000809718 max: 0.371425
deltaT = 0.000286632
Time = 0.0142674

PIMPLE: iteration 1
smoothSolver:  Solving for alpha.water, Initial residual = 0.0227417, Final residual = 9.05812e-10, No Iterations 3
Phase-1 volume fraction = 0.997811  Min(alpha.water) = 0.00140663  Max(alpha.water) = 1.00001
MULES: Correcting alpha.water
MULES: Correcting alpha.water
Phase-1 volume fraction = 0.997811  Min(alpha.water) = 0.00140663  Max(alpha.water) = 1.00002
DICPCG:  Solving for p_rgh, Initial residual = 0.105189, Final residual = 0.00393821, No Iterations 4
DICPCG:  Solving for p_rgh, Initial residual = 0.00392844, Final residual = 0.000195281, No Iterations 13
time step continuity errors : sum local = 5.39731e-07, global = -3.61421e-08, cumulative = -2.03685e-06
DICPCG:  Solving for p_rgh, Initial residual = 0.00154169, Final residual = 7.42946e-05, No Iterations 8
DICPCG:  Solving for p_rgh, Initial residual = 7.42916e-05, Final residual = 3.43112e-06, No Iterations 201
time step continuity errors : sum local = 9.46654e-09, global = -9.65729e-11, cumulative = -2.03695e-06
DICPCG:  Solving for p_rgh, Initial residual = 0.000243526, Final residual = 1.19282e-05, No Iterations 204
DICPCG:  Solving for p_rgh, Initial residual = 1.19807e-05, Final residual = 9.96647e-08, No Iterations 75
time step continuity errors : sum local = 2.74375e-10, global = 1.50934e-11, cumulative = -2.03694e-06
ExecutionTime = 440.53 s  ClockTime = 443 s

Courant Number mean: 0.230894 max: 0.419716
Interface Courant Number mean: 0.000862607 max: 0.37994
deltaT = 0.000272983
Time = 0.0145403

PIMPLE: iteration 1
smoothSolver:  Solving for alpha.water, Initial residual = 0.0216566, Final residual = 7.00419e-10, No Iterations 3
Phase-1 volume fraction = 0.997811  Min(alpha.water) = 0.00143375  Max(alpha.water) = 1
MULES: Correcting alpha.water
MULES: Correcting alpha.water
Phase-1 volume fraction = 0.997811  Min(alpha.water) = 0.00143375  Max(alpha.water) = 1.00004
DICPCG:  Solving for p_rgh, Initial residual = 0.100098, Final residual = 0.00377535, No Iterations 4
DICPCG:  Solving for p_rgh, Initial residual = 0.00377619, Final residual = 0.000169413, No Iterations 14
time step continuity errors : sum local = 4.28109e-07, global = -3.13082e-08, cumulative = -2.06824e-06
DICPCG:  Solving for p_rgh, Initial residual = 0.00133038, Final residual = 6.41555e-05, No Iterations 9
DICPCG:  Solving for p_rgh, Initial residual = 6.41489e-05, Final residual = 3.14312e-06, No Iterations 216
time step continuity errors : sum local = 7.93026e-09, global = 6.92999e-11, cumulative = -2.06817e-06
DICPCG:  Solving for p_rgh, Initial residual = 0.000200798, Final residual = 9.196e-06, No Iterations 206
DICPCG:  Solving for p_rgh, Initial residual = 9.23212e-06, Final residual = 9.89695e-08, No Iterations 58
time step continuity errors : sum local = 2.49053e-10, global = 2.1008e-11, cumulative = -2.06815e-06
ExecutionTime = 447.35 s  ClockTime = 450 s

Courant Number mean: 0.219914 max: 0.417726
Interface Courant Number mean: 0.000833649 max: 0.353863
deltaT = 0.000259984
Time = 0.0148003

PIMPLE: iteration 1
smoothSolver:  Solving for alpha.water, Initial residual = 0.0205809, Final residual = 5.45452e-10, No Iterations 3
Phase-1 volume fraction = 0.997811  Min(alpha.water) = 0.00146737  Max(alpha.water) = 1
MULES: Correcting alpha.water
MULES: Correcting alpha.water
Phase-1 volume fraction = 0.997811  Min(alpha.water) = 0.00146631  Max(alpha.water) = 1.00002
DICPCG:  Solving for p_rgh, Initial residual = 0.0980164, Final residual = 0.00359983, No Iterations 4
DICPCG:  Solving for p_rgh, Initial residual = 0.00360206, Final residual = 0.00016753, No Iterations 13
time step continuity errors : sum local = 3.86528e-07, global = -2.75816e-08, cumulative = -2.09574e-06
DICPCG:  Solving for p_rgh, Initial residual = 0.00121306, Final residual = 5.94094e-05, No Iterations 10
DICPCG:  Solving for p_rgh, Initial residual = 5.94062e-05, Final residual = 2.73089e-06, No Iterations 214
time step continuity errors : sum local = 6.29131e-09, global = 7.71323e-11, cumulative = -2.09566e-06
DICPCG:  Solving for p_rgh, Initial residual = 0.000180051, Final residual = 8.87151e-06, No Iterations 205
DICPCG:  Solving for p_rgh, Initial residual = 8.90471e-06, Final residual = 9.96988e-08, No Iterations 49
time step continuity errors : sum local = 2.29195e-10, global = 1.93495e-11, cumulative = -2.09564e-06
ExecutionTime = 453.7 s  ClockTime = 456 s

Courant Number mean: 0.209456 max: 0.397125
Interface Courant Number mean: 0.000786577 max: 0.341429
deltaT = 0.000259984
Time = 0.0150603

PIMPLE: iteration 1
smoothSolver:  Solving for alpha.water, Initial residual = 0.0204996, Final residual = 5.60836e-10, No Iterations 3
Phase-1 volume fraction = 0.997811  Min(alpha.water) = 0.00151287  Max(alpha.water) = 1
MULES: Correcting alpha.water
MULES: Correcting alpha.water
Phase-1 volume fraction = 0.997811  Min(alpha.water) = 0.0015117  Max(alpha.water) = 1.00002
DICPCG:  Solving for p_rgh, Initial residual = 0.100733, Final residual = 0.00359423, No Iterations 4
DICPCG:  Solving for p_rgh, Initial residual = 0.00358066, Final residual = 0.000148587, No Iterations 13
time step continuity errors : sum local = 3.43353e-07, global = -2.74806e-08, cumulative = -2.12312e-06
DICPCG:  Solving for p_rgh, Initial residual = 0.001289, Final residual = 5.68325e-05, No Iterations 8
DICPCG:  Solving for p_rgh, Initial residual = 5.68307e-05, Final residual = 2.75613e-06, No Iterations 217
time step continuity errors : sum local = 6.35901e-09, global = 4.36722e-14, cumulative = -2.12312e-06
DICPCG:  Solving for p_rgh, Initial residual = 0.000192057, Final residual = 8.90567e-06, No Iterations 204
DICPCG:  Solving for p_rgh, Initial residual = 8.93993e-06, Final residual = 9.97674e-08, No Iterations 53
time step continuity errors : sum local = 2.29855e-10, global = 2.11122e-11, cumulative = -2.1231e-06
ExecutionTime = 460.58 s  ClockTime = 463 s

Courant Number mean: 0.209472 max: 0.381884
Interface Courant Number mean: 0.00077378 max: 0.355031
deltaT = 0.000274428
Time = 0.0153347

PIMPLE: iteration 1
smoothSolver:  Solving for alpha.water, Initial residual = 0.0215814, Final residual = 8.00524e-10, No Iterations 3
Phase-1 volume fraction = 0.997811  Min(alpha.water) = 0.00152738  Max(alpha.water) = 1
MULES: Correcting alpha.water
MULES: Correcting alpha.water
Phase-1 volume fraction = 0.997811  Min(alpha.water) = 0.00152738  Max(alpha.water) = 1.00004
DICPCG:  Solving for p_rgh, Initial residual = 0.103921, Final residual = 0.00379859, No Iterations 4
DICPCG:  Solving for p_rgh, Initial residual = 0.00378557, Final residual = 0.000165946, No Iterations 13
time step continuity errors : sum local = 4.20946e-07, global = -3.11561e-08, cumulative = -2.15425e-06
DICPCG:  Solving for p_rgh, Initial residual = 0.00147201, Final residual = 6.74537e-05, No Iterations 8
DICPCG:  Solving for p_rgh, Initial residual = 6.74504e-05, Final residual = 3.03348e-06, No Iterations 215
time step continuity errors : sum local = 7.68222e-09, global = -2.76435e-11, cumulative = -2.15428e-06
DICPCG:  Solving for p_rgh, Initial residual = 0.000227079, Final residual = 1.13523e-05, No Iterations 203
DICPCG:  Solving for p_rgh, Initial residual = 1.13989e-05, Final residual = 9.96847e-08, No Iterations 74
time step continuity errors : sum local = 2.52077e-10, global = 1.36364e-11, cumulative = -2.15427e-06
ExecutionTime = 467.1 s  ClockTime = 469 s

Courant Number mean: 0.221127 max: 0.404932
Interface Courant Number mean: 0.000822172 max: 0.362134
deltaT = 0.000274428
Time = 0.0156092

PIMPLE: iteration 1
smoothSolver:  Solving for alpha.water, Initial residual = 0.0216159, Final residual = 8.31212e-10, No Iterations 3
Phase-1 volume fraction = 0.997811  Min(alpha.water) = 0.00155005  Max(alpha.water) = 1
MULES: Correcting alpha.water
MULES: Correcting alpha.water
Phase-1 volume fraction = 0.997811  Min(alpha.water) = 0.00155005  Max(alpha.water) = 1.00007
DICPCG:  Solving for p_rgh, Initial residual = 0.101636, Final residual = 0.00381063, No Iterations 4
DICPCG:  Solving for p_rgh, Initial residual = 0.00380306, Final residual = 0.000179957, No Iterations 13
time step continuity errors : sum local = 4.557e-07, global = -3.05726e-08, cumulative = -2.18484e-06
DICPCG:  Solving for p_rgh, Initial residual = 0.001412, Final residual = 6.7488e-05, No Iterations 9
DICPCG:  Solving for p_rgh, Initial residual = 6.74812e-05, Final residual = 3.33614e-06, No Iterations 214
time step continuity errors : sum local = 8.4349e-09, global = 5.73998e-11, cumulative = -2.18478e-06
DICPCG:  Solving for p_rgh, Initial residual = 0.000216076, Final residual = 1.06375e-05, No Iterations 205
DICPCG:  Solving for p_rgh, Initial residual = 1.06786e-05, Final residual = 9.83068e-08, No Iterations 70
time step continuity errors : sum local = 2.48014e-10, global = 1.43318e-11, cumulative = -2.18477e-06
ExecutionTime = 473.7 s  ClockTime = 476 s

Courant Number mean: 0.221141 max: 0.42808
Interface Courant Number mean: 0.000832732 max: 0.350504
deltaT = 0.000258285
Time = 0.0158674

PIMPLE: iteration 1
smoothSolver:  Solving for alpha.water, Initial residual = 0.0203996, Final residual = 6.20239e-10, No Iterations 3
Phase-1 volume fraction = 0.997811  Min(alpha.water) = 0.00157688  Max(alpha.water) = 1
MULES: Correcting alpha.water
MULES: Correcting alpha.water
Phase-1 volume fraction = 0.997811  Min(alpha.water) = 0.00157685  Max(alpha.water) = 1.00005
DICPCG:  Solving for p_rgh, Initial residual = 0.0971197, Final residual = 0.00360515, No Iterations 4
DICPCG:  Solving for p_rgh, Initial residual = 0.00361166, Final residual = 0.00016992, No Iterations 13
time step continuity errors : sum local = 3.84334e-07, global = -2.59369e-08, cumulative = -2.21071e-06
DICPCG:  Solving for p_rgh, Initial residual = 0.00121974, Final residual = 5.76112e-05, No Iterations 11
DICPCG:  Solving for p_rgh, Initial residual = 5.76056e-05, Final residual = 2.70353e-06, No Iterations 178
time step continuity errors : sum local = 6.10638e-09, global = -3.60311e-11, cumulative = -2.21074e-06
DICPCG:  Solving for p_rgh, Initial residual = 0.0001777, Final residual = 8.43438e-06, No Iterations 206
DICPCG:  Solving for p_rgh, Initial residual = 8.4639e-06, Final residual = 9.98113e-08, No Iterations 47
time step continuity errors : sum local = 2.24954e-10, global = 1.83381e-11, cumulative = -2.21072e-06
ExecutionTime = 479.88 s  ClockTime = 482 s

Courant Number mean: 0.208146 max: 0.407128
Interface Courant Number mean: 0.000783319 max: 0.338322
deltaT = 0.000258285
Time = 0.0161257

PIMPLE: iteration 1
smoothSolver:  Solving for alpha.water, Initial residual = 0.0204148, Final residual = 6.57228e-10, No Iterations 3
Phase-1 volume fraction = 0.997811  Min(alpha.water) = 0.00161833  Max(alpha.water) = 1.00001
MULES: Correcting alpha.water
MULES: Correcting alpha.water
Phase-1 volume fraction = 0.997811  Min(alpha.water) = 0.00161759  Max(alpha.water) = 1.00006
DICPCG:  Solving for p_rgh, Initial residual = 0.101104, Final residual = 0.00360715, No Iterations 4
DICPCG:  Solving for p_rgh, Initial residual = 0.00360195, Final residual = 0.000154731, No Iterations 13
time step continuity errors : sum local = 3.48898e-07, global = -2.58863e-08, cumulative = -2.23661e-06
DICPCG:  Solving for p_rgh, Initial residual = 0.00121891, Final residual = 5.89634e-05, No Iterations 9
DICPCG:  Solving for p_rgh, Initial residual = 5.89606e-05, Final residual = 2.76121e-06, No Iterations 208
time step continuity errors : sum local = 6.21687e-09, global = 4.65687e-11, cumulative = -2.23656e-06
DICPCG:  Solving for p_rgh, Initial residual = 0.000181242, Final residual = 9.00143e-06, No Iterations 204
DICPCG:  Solving for p_rgh, Initial residual = 9.03401e-06, Final residual = 9.89129e-08, No Iterations 54
time step continuity errors : sum local = 2.22362e-10, global = 2.05978e-11, cumulative = -2.23654e-06
ExecutionTime = 486.05 s  ClockTime = 488 s

Courant Number mean: 0.208161 max: 0.398071
Interface Courant Number mean: 0.000766671 max: 0.350206
deltaT = 0.000258285
Time = 0.016384

PIMPLE: iteration 1
smoothSolver:  Solving for alpha.water, Initial residual = 0.0204188, Final residual = 6.74916e-10, No Iterations 3
Phase-1 volume fraction = 0.997811  Min(alpha.water) = 0.00162648  Max(alpha.water) = 1.00001
MULES: Correcting alpha.water
MULES: Correcting alpha.water
Phase-1 volume fraction = 0.997811  Min(alpha.water) = 0.00162621  Max(alpha.water) = 1.00003
DICPCG:  Solving for p_rgh, Initial residual = 0.101418, Final residual = 0.00363238, No Iterations 4
DICPCG:  Solving for p_rgh, Initial residual = 0.00362003, Final residual = 0.000147918, No Iterations 13
time step continuity errors : sum local = 3.33975e-07, global = -2.56631e-08, cumulative = -2.26221e-06
DICPCG:  Solving for p_rgh, Initial residual = 0.00133636, Final residual = 6.02004e-05, No Iterations 8
DICPCG:  Solving for p_rgh, Initial residual = 6.01975e-05, Final residual = 2.78266e-06, No Iterations 217
time step continuity errors : sum local = 6.27322e-09, global = 5.80792e-12, cumulative = -2.2622e-06
DICPCG:  Solving for p_rgh, Initial residual = 0.00019845, Final residual = 9.66011e-06, No Iterations 203
DICPCG:  Solving for p_rgh, Initial residual = 9.69559e-06, Final residual = 9.86977e-08, No Iterations 68
time step continuity errors : sum local = 2.22254e-10, global = 1.2177e-11, cumulative = -2.26219e-06
ExecutionTime = 492.63 s  ClockTime = 495 s

Courant Number mean: 0.208176 max: 0.381485
Interface Courant Number mean: 0.0007565 max: 0.348479
deltaT = 0.000278153
Time = 0.0166622

PIMPLE: iteration 1
smoothSolver:  Solving for alpha.water, Initial residual = 0.0220199, Final residual = 1.06404e-09, No Iterations 3
Phase-1 volume fraction = 0.997811  Min(alpha.water) = 0.00164593  Max(alpha.water) = 1.00001
MULES: Correcting alpha.water
MULES: Correcting alpha.water
Phase-1 volume fraction = 0.997811  Min(alpha.water) = 0.00164593  Max(alpha.water) = 1.00002
DICPCG:  Solving for p_rgh, Initial residual = 0.10602, Final residual = 0.00391241, No Iterations 4
DICPCG:  Solving for p_rgh, Initial residual = 0.00389838, Final residual = 0.000175477, No Iterations 13
time step continuity errors : sum local = 4.50364e-07, global = -3.06383e-08, cumulative = -2.29283e-06
DICPCG:  Solving for p_rgh, Initial residual = 0.00148488, Final residual = 7.25569e-05, No Iterations 8
DICPCG:  Solving for p_rgh, Initial residual = 7.25506e-05, Final residual = 3.61516e-06, No Iterations 215
time step continuity errors : sum local = 9.26337e-09, global = 9.40099e-11, cumulative = -2.29273e-06
DICPCG:  Solving for p_rgh, Initial residual = 0.000229102, Final residual = 1.05275e-05, No Iterations 204
DICPCG:  Solving for p_rgh, Initial residual = 1.05691e-05, Final residual = 9.91477e-08, No Iterations 72
time step continuity errors : sum local = 2.53679e-10, global = 1.22673e-11, cumulative = -2.29272e-06
ExecutionTime = 499.77 s  ClockTime = 502 s

Courant Number mean: 0.224204 max: 0.433556
Interface Courant Number mean: 0.000845343 max: 0.367431
deltaT = 0.000256757
Time = 0.0169189

PIMPLE: iteration 1
smoothSolver:  Solving for alpha.water, Initial residual = 0.0204435, Final residual = 6.91972e-10, No Iterations 3
Phase-1 volume fraction = 0.997811  Min(alpha.water) = 0.00166712  Max(alpha.water) = 1.00001
MULES: Correcting alpha.water
MULES: Correcting alpha.water
Phase-1 volume fraction = 0.997811  Min(alpha.water) = 0.00166712  Max(alpha.water) = 1.00003
DICPCG:  Solving for p_rgh, Initial residual = 0.0977401, Final residual = 0.00363281, No Iterations 4
DICPCG:  Solving for p_rgh, Initial residual = 0.00363769, Final residual = 0.000169094, No Iterations 13
time step continuity errors : sum local = 3.75776e-07, global = -2.44939e-08, cumulative = -2.31721e-06
DICPCG:  Solving for p_rgh, Initial residual = 0.00129503, Final residual = 5.69553e-05, No Iterations 11
DICPCG:  Solving for p_rgh, Initial residual = 5.69488e-05, Final residual = 2.74243e-06, No Iterations 218
time step continuity errors : sum local = 6.086e-09, global = 5.6329e-11, cumulative = -2.31716e-06
DICPCG:  Solving for p_rgh, Initial residual = 0.000188069, Final residual = 8.91334e-06, No Iterations 206
DICPCG:  Solving for p_rgh, Initial residual = 8.94321e-06, Final residual = 9.70136e-08, No Iterations 61
time step continuity errors : sum local = 2.14861e-10, global = 1.67871e-11, cumulative = -2.31714e-06
ExecutionTime = 506.52 s  ClockTime = 509 s

Courant Number mean: 0.206969 max: 0.405756
Interface Courant Number mean: 0.00078879 max: 0.336956
deltaT = 0.000256757
Time = 0.0171757

PIMPLE: iteration 1
smoothSolver:  Solving for alpha.water, Initial residual = 0.0205607, Final residual = 7.38757e-10, No Iterations 3
Phase-1 volume fraction = 0.997811  Min(alpha.water) = 0.00169882  Max(alpha.water) = 1.00001
MULES: Correcting alpha.water
MULES: Correcting alpha.water
Phase-1 volume fraction = 0.997811  Min(alpha.water) = 0.00169882  Max(alpha.water) = 1.00003
DICPCG:  Solving for p_rgh, Initial residual = 0.100159, Final residual = 0.00366112, No Iterations 4
DICPCG:  Solving for p_rgh, Initial residual = 0.00366589, Final residual = 0.000168526, No Iterations 13
time step continuity errors : sum local = 3.71383e-07, global = -2.45647e-08, cumulative = -2.34171e-06
DICPCG:  Solving for p_rgh, Initial residual = 0.00120671, Final residual = 5.6464e-05, No Iterations 11
DICPCG:  Solving for p_rgh, Initial residual = 5.64608e-05, Final residual = 2.56013e-06, No Iterations 216
time step continuity errors : sum local = 5.63354e-09, global = 1.3309e-11, cumulative = -2.34169e-06
DICPCG:  Solving for p_rgh, Initial residual = 0.000176181, Final residual = 8.80804e-06, No Iterations 205
DICPCG:  Solving for p_rgh, Initial residual = 8.83804e-06, Final residual = 9.80896e-08, No Iterations 53
time step continuity errors : sum local = 2.15469e-10, global = 2.02527e-11, cumulative = -2.34167e-06
ExecutionTime = 512.84 s  ClockTime = 515 s

Courant Number mean: 0.20698 max: 0.400953
Interface Courant Number mean: 0.000782665 max: 0.347697
deltaT = 0.000256757
Time = 0.0174324

PIMPLE: iteration 1
smoothSolver:  Solving for alpha.water, Initial residual = 0.0206205, Final residual = 7.42407e-10, No Iterations 3
Phase-1 volume fraction = 0.997811  Min(alpha.water) = 0.0017467  Max(alpha.water) = 1.00001
MULES: Correcting alpha.water
MULES: Correcting alpha.water
Phase-1 volume fraction = 0.997811  Min(alpha.water) = 0.0017467  Max(alpha.water) = 1.00001
DICPCG:  Solving for p_rgh, Initial residual = 0.103559, Final residual = 0.00367853, No Iterations 4
DICPCG:  Solving for p_rgh, Initial residual = 0.00366934, Final residual = 0.000154644, No Iterations 13
time step continuity errors : sum local = 3.40629e-07, global = -2.43294e-08, cumulative = -2.366e-06
DICPCG:  Solving for p_rgh, Initial residual = 0.00125032, Final residual = 5.82463e-05, No Iterations 9
DICPCG:  Solving for p_rgh, Initial residual = 5.82437e-05, Final residual = 2.79779e-06, No Iterations 215
time step continuity errors : sum local = 6.15305e-09, global = 2.9678e-11, cumulative = -2.36597e-06
DICPCG:  Solving for p_rgh, Initial residual = 0.00018639, Final residual = 9.14145e-06, No Iterations 203
DICPCG:  Solving for p_rgh, Initial residual = 9.17342e-06, Final residual = 9.94471e-08, No Iterations 64
time step continuity errors : sum local = 2.1844e-10, global = 1.44319e-11, cumulative = -2.36596e-06
ExecutionTime = 519.35 s  ClockTime = 522 s

Courant Number mean: 0.206992 max: 0.388558
Interface Courant Number mean: 0.000768007 max: 0.362208
deltaT = 0.000256757
Time = 0.0176892

PIMPLE: iteration 1
smoothSolver:  Solving for alpha.water, Initial residual = 0.0206831, Final residual = 7.15648e-10, No Iterations 3
Phase-1 volume fraction = 0.997811  Min(alpha.water) = 0.00175679  Max(alpha.water) = 1.00001
MULES: Correcting alpha.water
MULES: Correcting alpha.water
Phase-1 volume fraction = 0.997811  Min(alpha.water) = 0.00175664  Max(alpha.water) = 1.00001
DICPCG:  Solving for p_rgh, Initial residual = 0.102027, Final residual = 0.00368598, No Iterations 4
DICPCG:  Solving for p_rgh, Initial residual = 0.00366305, Final residual = 0.000149325, No Iterations 13
time step continuity errors : sum local = 3.31383e-07, global = -2.4116e-08, cumulative = -2.39007e-06
DICPCG:  Solving for p_rgh, Initial residual = 0.00136296, Final residual = 6.49035e-05, No Iterations 8
DICPCG:  Solving for p_rgh, Initial residual = 6.49016e-05, Final residual = 3.01765e-06, No Iterations 216
time step continuity errors : sum local = 6.68626e-09, global = 1.17528e-11, cumulative = -2.39006e-06
DICPCG:  Solving for p_rgh, Initial residual = 0.000200926, Final residual = 9.97385e-06, No Iterations 203
DICPCG:  Solving for p_rgh, Initial residual = 1.00085e-05, Final residual = 9.99309e-08, No Iterations 74
time step continuity errors : sum local = 2.21184e-10, global = 1.14276e-11, cumulative = -2.39005e-06
ExecutionTime = 525.92 s  ClockTime = 528 s

Courant Number mean: 0.207002 max: 0.383992
Interface Courant Number mean: 0.00077199 max: 0.351003
deltaT = 0.000256757
Time = 0.0179459

PIMPLE: iteration 1
smoothSolver:  Solving for alpha.water, Initial residual = 0.0207749, Final residual = 6.95376e-10, No Iterations 3
Phase-1 volume fraction = 0.997811  Min(alpha.water) = 0.00177138  Max(alpha.water) = 1
MULES: Correcting alpha.water
MULES: Correcting alpha.water
Phase-1 volume fraction = 0.997811  Min(alpha.water) = 0.00177138  Max(alpha.water) = 1.00001
DICPCG:  Solving for p_rgh, Initial residual = 0.0996929, Final residual = 0.00367644, No Iterations 4
DICPCG:  Solving for p_rgh, Initial residual = 0.00366895, Final residual = 0.000160712, No Iterations 13
time step continuity errors : sum local = 3.56462e-07, global = -2.39009e-08, cumulative = -2.41395e-06
DICPCG:  Solving for p_rgh, Initial residual = 0.00136414, Final residual = 6.48844e-05, No Iterations 8
DICPCG:  Solving for p_rgh, Initial residual = 6.48789e-05, Final residual = 2.96983e-06, No Iterations 215
time step continuity errors : sum local = 6.57751e-09, global = 1.37611e-10, cumulative = -2.41381e-06
DICPCG:  Solving for p_rgh, Initial residual = 0.00019918, Final residual = 9.63421e-06, No Iterations 204
DICPCG:  Solving for p_rgh, Initial residual = 9.66662e-06, Final residual = 9.61413e-08, No Iterations 66
time step continuity errors : sum local = 2.12646e-10, global = 1.42918e-11, cumulative = -2.4138e-06
ExecutionTime = 532.31 s  ClockTime = 535 s

Courant Number mean: 0.207012 max: 0.391482
Interface Courant Number mean: 0.000777737 max: 0.34156
deltaT = 0.000256757
Time = 0.0182027

PIMPLE: iteration 1
smoothSolver:  Solving for alpha.water, Initial residual = 0.0208789, Final residual = 6.99688e-10, No Iterations 3
Phase-1 volume fraction = 0.997811  Min(alpha.water) = 0.00179316  Max(alpha.water) = 1
MULES: Correcting alpha.water
MULES: Correcting alpha.water
Phase-1 volume fraction = 0.997811  Min(alpha.water) = 0.00179316  Max(alpha.water) = 1.00004
DICPCG:  Solving for p_rgh, Initial residual = 0.0998202, Final residual = 0.00370153, No Iterations 4
DICPCG:  Solving for p_rgh, Initial residual = 0.00371021, Final residual = 0.000164271, No Iterations 13
time step continuity errors : sum local = 3.60837e-07, global = -2.37093e-08, cumulative = -2.43751e-06
DICPCG:  Solving for p_rgh, Initial residual = 0.00126918, Final residual = 5.75002e-05, No Iterations 11
DICPCG:  Solving for p_rgh, Initial residual = 5.74956e-05, Final residual = 2.82911e-06, No Iterations 220
time step continuity errors : sum local = 6.20521e-09, global = 3.57202e-11, cumulative = -2.43747e-06
DICPCG:  Solving for p_rgh, Initial residual = 0.000185214, Final residual = 9.08818e-06, No Iterations 205
DICPCG:  Solving for p_rgh, Initial residual = 9.11795e-06, Final residual = 9.65816e-08, No Iterations 64
time step continuity errors : sum local = 2.11483e-10, global = 1.49806e-11, cumulative = -2.43746e-06
ExecutionTime = 538.73 s  ClockTime = 541 s

Courant Number mean: 0.207021 max: 0.388017
Interface Courant Number mean: 0.000796915 max: 0.345549
deltaT = 0.000256757
Time = 0.0184595

PIMPLE: iteration 1
smoothSolver:  Solving for alpha.water, Initial residual = 0.0209478, Final residual = 7.08725e-10, No Iterations 3
Phase-1 volume fraction = 0.997811  Min(alpha.water) = 0.00182659  Max(alpha.water) = 1.00001
MULES: Correcting alpha.water
MULES: Correcting alpha.water
Phase-1 volume fraction = 0.997811  Min(alpha.water) = 0.00182451  Max(alpha.water) = 1.00004
DICPCG:  Solving for p_rgh, Initial residual = 0.102389, Final residual = 0.00371914, No Iterations 4
DICPCG:  Solving for p_rgh, Initial residual = 0.00371838, Final residual = 0.000159386, No Iterations 13
time step continuity errors : sum local = 3.48356e-07, global = -2.34872e-08, cumulative = -2.46094e-06
DICPCG:  Solving for p_rgh, Initial residual = 0.00121801, Final residual = 5.92186e-05, No Iterations 10
DICPCG:  Solving for p_rgh, Initial residual = 5.92169e-05, Final residual = 2.91812e-06, No Iterations 202
time step continuity errors : sum local = 6.36787e-09, global = -2.71844e-11, cumulative = -2.46097e-06
DICPCG:  Solving for p_rgh, Initial residual = 0.000179988, Final residual = 8.64124e-06, No Iterations 204
DICPCG:  Solving for p_rgh, Initial residual = 8.66991e-06, Final residual = 9.97558e-08, No Iterations 54
time step continuity errors : sum local = 2.17372e-10, global = 1.72886e-11, cumulative = -2.46095e-06
ExecutionTime = 544.82 s  ClockTime = 547 s

Courant Number mean: 0.207029 max: 0.378836
Interface Courant Number mean: 0.000778246 max: 0.355151
deltaT = 0.000256757
Time = 0.0187162

PIMPLE: iteration 1
smoothSolver:  Solving for alpha.water, Initial residual = 0.0209574, Final residual = 6.83938e-10, No Iterations 3
Phase-1 volume fraction = 0.997811  Min(alpha.water) = 0.0018759  Max(alpha.water) = 1.00001
MULES: Correcting alpha.water
MULES: Correcting alpha.water
Phase-1 volume fraction = 0.997811  Min(alpha.water) = 0.0018759  Max(alpha.water) = 1.00001
DICPCG:  Solving for p_rgh, Initial residual = 0.104736, Final residual = 0.00373416, No Iterations 4
DICPCG:  Solving for p_rgh, Initial residual = 0.00371665, Final residual = 0.00015899, No Iterations 13
time step continuity errors : sum local = 3.48979e-07, global = -2.32852e-08, cumulative = -2.48424e-06
DICPCG:  Solving for p_rgh, Initial residual = 0.00131268, Final residual = 6.32505e-05, No Iterations 8
DICPCG:  Solving for p_rgh, Initial residual = 6.32491e-05, Final residual = 2.92339e-06, No Iterations 216
time step continuity errors : sum local = 6.40648e-09, global = 3.08467e-11, cumulative = -2.48421e-06
DICPCG:  Solving for p_rgh, Initial residual = 0.000192643, Final residual = 9.29212e-06, No Iterations 203
DICPCG:  Solving for p_rgh, Initial residual = 9.32335e-06, Final residual = 9.67258e-08, No Iterations 67
time step continuity errors : sum local = 2.11743e-10, global = 1.22353e-11, cumulative = -2.4842e-06
ExecutionTime = 551.22 s  ClockTime = 554 s

Courant Number mean: 0.207038 max: 0.365929
Interface Courant Number mean: 0.000767207 max: 0.357328
deltaT = 0.000256757
Time = 0.018973

PIMPLE: iteration 1
smoothSolver:  Solving for alpha.water, Initial residual = 0.0210188, Final residual = 6.47195e-10, No Iterations 3
Phase-1 volume fraction = 0.997811  Min(alpha.water) = 0.00188647  Max(alpha.water) = 1.00001
MULES: Correcting alpha.water
MULES: Correcting alpha.water
Phase-1 volume fraction = 0.997811  Min(alpha.water) = 0.00188642  Max(alpha.water) = 1.00002
DICPCG:  Solving for p_rgh, Initial residual = 0.101718, Final residual = 0.0037189, No Iterations 4
DICPCG:  Solving for p_rgh, Initial residual = 0.00369823, Final residual = 0.00015693, No Iterations 13
time step continuity errors : sum local = 3.46677e-07, global = -2.3097e-08, cumulative = -2.50729e-06
DICPCG:  Solving for p_rgh, Initial residual = 0.00138504, Final residual = 6.395e-05, No Iterations 8
DICPCG:  Solving for p_rgh, Initial residual = 6.3947e-05, Final residual = 2.87056e-06, No Iterations 216
time step continuity errors : sum local = 6.33165e-09, global = 6.76026e-11, cumulative = -2.50723e-06
DICPCG:  Solving for p_rgh, Initial residual = 0.000202342, Final residual = 1.00239e-05, No Iterations 203
DICPCG:  Solving for p_rgh, Initial residual = 1.00572e-05, Final residual = 9.77365e-08, No Iterations 75
time step continuity errors : sum local = 2.15364e-10, global = 1.16262e-11, cumulative = -2.50721e-06
ExecutionTime = 557.65 s  ClockTime = 560 s

Courant Number mean: 0.207047 max: 0.366285
Interface Courant Number mean: 0.00076586 max: 0.351135
deltaT = 0.000256757
Time = 0.0192297

PIMPLE: iteration 1
smoothSolver:  Solving for alpha.water, Initial residual = 0.0210528, Final residual = 6.24718e-10, No Iterations 3
Phase-1 volume fraction = 0.997811  Min(alpha.water) = 0.00190188  Max(alpha.water) = 1
MULES: Correcting alpha.water
MULES: Correcting alpha.water
Phase-1 volume fraction = 0.997811  Min(alpha.water) = 0.00190188  Max(alpha.water) = 1.00001
DICPCG:  Solving for p_rgh, Initial residual = 0.0997951, Final residual = 0.00371535, No Iterations 4
DICPCG:  Solving for p_rgh, Initial residual = 0.003716, Final residual = 0.000156758, No Iterations 13
time step continuity errors : sum local = 3.44596e-07, global = -2.29169e-08, cumulative = -2.53013e-06
DICPCG:  Solving for p_rgh, Initial residual = 0.00133616, Final residual = 6.37002e-05, No Iterations 8
DICPCG:  Solving for p_rgh, Initial residual = 6.36948e-05, Final residual = 2.76963e-06, No Iterations 215
time step continuity errors : sum local = 6.07932e-09, global = 1.95462e-11, cumulative = -2.53011e-06
DICPCG:  Solving for p_rgh, Initial residual = 0.000195602, Final residual = 9.69097e-06, No Iterations 203
DICPCG:  Solving for p_rgh, Initial residual = 9.72233e-06, Final residual = 9.67174e-08, No Iterations 68
time step continuity errors : sum local = 2.12035e-10, global = 1.54249e-11, cumulative = -2.5301e-06
ExecutionTime = 564.4 s  ClockTime = 567 s

Courant Number mean: 0.207056 max: 0.366967
Interface Courant Number mean: 0.000782406 max: 0.342464
deltaT = 0.000256757
Time = 0.0194865

PIMPLE: iteration 1
smoothSolver:  Solving for alpha.water, Initial residual = 0.021092, Final residual = 6.16798e-10, No Iterations 3
Phase-1 volume fraction = 0.997811  Min(alpha.water) = 0.00192492  Max(alpha.water) = 1
MULES: Correcting alpha.water
MULES: Correcting alpha.water
Phase-1 volume fraction = 0.997811  Min(alpha.water) = 0.00192492  Max(alpha.water) = 1.00005
DICPCG:  Solving for p_rgh, Initial residual = 0.100889, Final residual = 0.00373471, No Iterations 4
DICPCG:  Solving for p_rgh, Initial residual = 0.00373755, Final residual = 0.000158608, No Iterations 13
time step continuity errors : sum local = 3.46376e-07, global = -2.27098e-08, cumulative = -2.55281e-06
DICPCG:  Solving for p_rgh, Initial residual = 0.00126856, Final residual = 5.96838e-05, No Iterations 10
DICPCG:  Solving for p_rgh, Initial residual = 5.96817e-05, Final residual = 2.97508e-06, No Iterations 215
time step continuity errors : sum local = 6.48688e-09, global = 6.49418e-11, cumulative = -2.55274e-06
DICPCG:  Solving for p_rgh, Initial residual = 0.000186932, Final residual = 9.33313e-06, No Iterations 204
DICPCG:  Solving for p_rgh, Initial residual = 9.36272e-06, Final residual = 9.59914e-08, No Iterations 65
time step continuity errors : sum local = 2.09001e-10, global = 1.48365e-11, cumulative = -2.55273e-06
ExecutionTime = 571.48 s  ClockTime = 574 s

Courant Number mean: 0.207065 max: 0.360598
Interface Courant Number mean: 0.000791053 max: 0.347852
deltaT = 0.000256757
Time = 0.0197432

PIMPLE: iteration 1
smoothSolver:  Solving for alpha.water, Initial residual = 0.0210402, Final residual = 6.0472e-10, No Iterations 3
Phase-1 volume fraction = 0.997811  Min(alpha.water) = 0.00195967  Max(alpha.water) = 1.00001
MULES: Correcting alpha.water
MULES: Correcting alpha.water
Phase-1 volume fraction = 0.997811  Min(alpha.water) = 0.00195909  Max(alpha.water) = 1.00004
DICPCG:  Solving for p_rgh, Initial residual = 0.103782, Final residual = 0.0037356, No Iterations 4
DICPCG:  Solving for p_rgh, Initial residual = 0.00372722, Final residual = 0.000158329, No Iterations 13
time step continuity errors : sum local = 3.45489e-07, global = -2.25432e-08, cumulative = -2.57527e-06
DICPCG:  Solving for p_rgh, Initial residual = 0.00126217, Final residual = 5.73203e-05, No Iterations 10
DICPCG:  Solving for p_rgh, Initial residual = 5.73173e-05, Final residual = 2.60943e-06, No Iterations 214
time step continuity errors : sum local = 5.6853e-09, global = 5.17898e-11, cumulative = -2.57522e-06
DICPCG:  Solving for p_rgh, Initial residual = 0.000186254, Final residual = 9.14675e-06, No Iterations 204
DICPCG:  Solving for p_rgh, Initial residual = 9.17591e-06, Final residual = 9.99436e-08, No Iterations 65
time step continuity errors : sum local = 2.17477e-10, global = 1.39648e-11, cumulative = -2.5752e-06
ExecutionTime = 578.08 s  ClockTime = 581 s

Courant Number mean: 0.207074 max: 0.352173
Interface Courant Number mean: 0.00077343 max: 0.352173
deltaT = 0.000256757
Time = 0.02

PIMPLE: iteration 1
smoothSolver:  Solving for alpha.water, Initial residual = 0.0210021, Final residual = 5.81376e-10, No Iterations 3
Phase-1 volume fraction = 0.997811  Min(alpha.water) = 0.0020095  Max(alpha.water) = 1.00001
MULES: Correcting alpha.water
MULES: Correcting alpha.water
Phase-1 volume fraction = 0.997811  Min(alpha.water) = 0.00200907  Max(alpha.water) = 1.00001
DICPCG:  Solving for p_rgh, Initial residual = 0.1035, Final residual = 0.00373393, No Iterations 4
DICPCG:  Solving for p_rgh, Initial residual = 0.00371778, Final residual = 0.000157338, No Iterations 13
time step continuity errors : sum local = 3.44611e-07, global = -2.23622e-08, cumulative = -2.59757e-06
DICPCG:  Solving for p_rgh, Initial residual = 0.00134796, Final residual = 6.34354e-05, No Iterations 8
DICPCG:  Solving for p_rgh, Initial residual = 6.34321e-05, Final residual = 3.01363e-06, No Iterations 215
time step continuity errors : sum local = 6.59058e-09, global = 2.55415e-11, cumulative = -2.59754e-06
DICPCG:  Solving for p_rgh, Initial residual = 0.000198707, Final residual = 9.20736e-06, No Iterations 203
DICPCG:  Solving for p_rgh, Initial residual = 9.23705e-06, Final residual = 9.79492e-08, No Iterations 67
time step continuity errors : sum local = 2.14011e-10, global = 1.17087e-11, cumulative = -2.59753e-06
ExecutionTime = 585.69 s  ClockTime = 589 s

Courant Number mean: 0.207083 max: 0.352153
Interface Courant Number mean: 0.000774165 max: 0.352153
deltaT = 0.000285714
Time = 0.0202857

PIMPLE: iteration 1
smoothSolver:  Solving for alpha.water, Initial residual = 0.0233088, Final residual = 1.06539e-09, No Iterations 3
Phase-1 volume fraction = 0.997811  Min(alpha.water) = 0.00202712  Max(alpha.water) = 1.00001
MULES: Correcting alpha.water
MULES: Correcting alpha.water
Phase-1 volume fraction = 0.997811  Min(alpha.water) = 0.00202712  Max(alpha.water) = 1.00002
DICPCG:  Solving for p_rgh, Initial residual = 0.11058, Final residual = 0.00415268, No Iterations 4
DICPCG:  Solving for p_rgh, Initial residual = 0.00414274, Final residual = 0.000170452, No Iterations 13
time step continuity errors : sum local = 4.47573e-07, global = -2.90484e-08, cumulative = -2.62658e-06
DICPCG:  Solving for p_rgh, Initial residual = 0.00151167, Final residual = 7.33063e-05, No Iterations 8
DICPCG:  Solving for p_rgh, Initial residual = 7.33009e-05, Final residual = 3.35852e-06, No Iterations 217
time step continuity errors : sum local = 8.80339e-09, global = 6.15936e-11, cumulative = -2.62652e-06
DICPCG:  Solving for p_rgh, Initial residual = 0.000237272, Final residual = 1.10109e-05, No Iterations 204
DICPCG:  Solving for p_rgh, Initial residual = 1.10519e-05, Final residual = 9.79299e-08, No Iterations 80
time step continuity errors : sum local = 2.56466e-10, global = 1.41484e-11, cumulative = -2.6265e-06
ExecutionTime = 592.33 s  ClockTime = 596 s

Courant Number mean: 0.23045 max: 0.388844
Interface Courant Number mean: 0.00088231 max: 0.381291
deltaT = 0.000294243
Time = 0.02058

PIMPLE: iteration 1
smoothSolver:  Solving for alpha.water, Initial residual = 0.0239904, Final residual = 1.22116e-09, No Iterations 3
Phase-1 volume fraction = 0.997811  Min(alpha.water) = 0.0020584  Max(alpha.water) = 1.00001
MULES: Correcting alpha.water
MULES: Correcting alpha.water
Phase-1 volume fraction = 0.997811  Min(alpha.water) = 0.0020584  Max(alpha.water) = 1.00005
DICPCG:  Solving for p_rgh, Initial residual = 0.113856, Final residual = 0.00429377, No Iterations 4
DICPCG:  Solving for p_rgh, Initial residual = 0.00430726, Final residual = 0.000187271, No Iterations 13
time step continuity errors : sum local = 5.10713e-07, global = -3.05127e-08, cumulative = -2.65701e-06
DICPCG:  Solving for p_rgh, Initial residual = 0.00147514, Final residual = 7.10888e-05, No Iterations 9
DICPCG:  Solving for p_rgh, Initial residual = 7.10851e-05, Final residual = 3.52169e-06, No Iterations 199
time step continuity errors : sum local = 9.58597e-09, global = 9.21351e-11, cumulative = -2.65692e-06
DICPCG:  Solving for p_rgh, Initial residual = 0.000239074, Final residual = 1.11038e-05, No Iterations 204
DICPCG:  Solving for p_rgh, Initial residual = 1.11454e-05, Final residual = 9.48263e-08, No Iterations 80
time step continuity errors : sum local = 2.57763e-10, global = 1.71167e-11, cumulative = -2.65691e-06
ExecutionTime = 598.87 s  ClockTime = 602 s

Courant Number mean: 0.237342 max: 0.396255
Interface Courant Number mean: 0.000928474 max: 0.388108
deltaT = 0.00029877
Time = 0.0208787

PIMPLE: iteration 1
smoothSolver:  Solving for alpha.water, Initial residual = 0.024263, Final residual = 1.30826e-09, No Iterations 3
Phase-1 volume fraction = 0.997811  Min(alpha.water) = 0.00211028  Max(alpha.water) = 1.00001
MULES: Correcting alpha.water
MULES: Correcting alpha.water
Phase-1 volume fraction = 0.997811  Min(alpha.water) = 0.00210852  Max(alpha.water) = 1.00009
DICPCG:  Solving for p_rgh, Initial residual = 0.118421, Final residual = 0.00435926, No Iterations 4
DICPCG:  Solving for p_rgh, Initial residual = 0.00434489, Final residual = 0.000188442, No Iterations 13
time step continuity errors : sum local = 5.27546e-07, global = -3.1279e-08, cumulative = -2.68818e-06
DICPCG:  Solving for p_rgh, Initial residual = 0.00147857, Final residual = 6.95875e-05, No Iterations 10
DICPCG:  Solving for p_rgh, Initial residual = 6.95839e-05, Final residual = 3.3016e-06, No Iterations 215
time step continuity errors : sum local = 9.22527e-09, global = 9.83705e-11, cumulative = -2.68809e-06
DICPCG:  Solving for p_rgh, Initial residual = 0.000240899, Final residual = 1.16325e-05, No Iterations 203
DICPCG:  Solving for p_rgh, Initial residual = 1.16767e-05, Final residual = 9.73298e-08, No Iterations 93
time step continuity errors : sum local = 2.71595e-10, global = 1.61617e-11, cumulative = -2.68807e-06
ExecutionTime = 605.27 s  ClockTime = 609 s

Courant Number mean: 0.241008 max: 0.401949
Interface Courant Number mean: 0.000934296 max: 0.401949
deltaT = 0.00029877
Time = 0.0211775

PIMPLE: iteration 1
smoothSolver:  Solving for alpha.water, Initial residual = 0.0241344, Final residual = 1.28495e-09, No Iterations 3
Phase-1 volume fraction = 0.997811  Min(alpha.water) = 0.00218815  Max(alpha.water) = 1.00001
MULES: Correcting alpha.water
MULES: Correcting alpha.water
Phase-1 volume fraction = 0.997811  Min(alpha.water) = 0.00218815  Max(alpha.water) = 1.00003
DICPCG:  Solving for p_rgh, Initial residual = 0.117476, Final residual = 0.00434948, No Iterations 4
DICPCG:  Solving for p_rgh, Initial residual = 0.00433232, Final residual = 0.000194441, No Iterations 13
time step continuity errors : sum local = 5.45383e-07, global = -3.09102e-08, cumulative = -2.71898e-06
DICPCG:  Solving for p_rgh, Initial residual = 0.00153611, Final residual = 7.59276e-05, No Iterations 8
DICPCG:  Solving for p_rgh, Initial residual = 7.59215e-05, Final residual = 3.45804e-06, No Iterations 216
time step continuity errors : sum local = 9.68153e-09, global = 3.47981e-11, cumulative = -2.71895e-06
DICPCG:  Solving for p_rgh, Initial residual = 0.000249479, Final residual = 1.15329e-05, No Iterations 204
DICPCG:  Solving for p_rgh, Initial residual = 1.15767e-05, Final residual = 9.84476e-08, No Iterations 80
time step continuity errors : sum local = 2.75308e-10, global = 1.71465e-11, cumulative = -2.71893e-06
ExecutionTime = 611.74 s  ClockTime = 615 s

Courant Number mean: 0.241022 max: 0.400769
Interface Courant Number mean: 0.000930172 max: 0.400769
deltaT = 0.00029877
Time = 0.0214763

PIMPLE: iteration 1
smoothSolver:  Solving for alpha.water, Initial residual = 0.0240333, Final residual = 1.27986e-09, No Iterations 3
Phase-1 volume fraction = 0.997811  Min(alpha.water) = 0.00220797  Max(alpha.water) = 1.00001
MULES: Correcting alpha.water
MULES: Correcting alpha.water
Phase-1 volume fraction = 0.997811  Min(alpha.water) = 0.00220795  Max(alpha.water) = 1.00002
DICPCG:  Solving for p_rgh, Initial residual = 0.114957, Final residual = 0.0043584, No Iterations 4
DICPCG:  Solving for p_rgh, Initial residual = 0.00435723, Final residual = 0.000199221, No Iterations 13
time step continuity errors : sum local = 5.5592e-07, global = -3.06407e-08, cumulative = -2.74957e-06
DICPCG:  Solving for p_rgh, Initial residual = 0.00152604, Final residual = 6.86664e-05, No Iterations 10
DICPCG:  Solving for p_rgh, Initial residual = 6.86612e-05, Final residual = 3.29554e-06, No Iterations 217
time step continuity errors : sum local = 9.17885e-09, global = 3.53699e-11, cumulative = -2.74953e-06
DICPCG:  Solving for p_rgh, Initial residual = 0.000246793, Final residual = 1.146e-05, No Iterations 205
DICPCG:  Solving for p_rgh, Initial residual = 1.15033e-05, Final residual = 9.84191e-08, No Iterations 82
time step continuity errors : sum local = 2.73822e-10, global = 1.6477e-11, cumulative = -2.74952e-06
ExecutionTime = 618.17 s  ClockTime = 622 s

Courant Number mean: 0.241036 max: 0.39478
Interface Courant Number mean: 0.00094754 max: 0.391501
deltaT = 0.000303668
Time = 0.0217799

PIMPLE: iteration 1
smoothSolver:  Solving for alpha.water, Initial residual = 0.0243816, Final residual = 1.38392e-09, No Iterations 3
Phase-1 volume fraction = 0.997811  Min(alpha.water) = 0.00224009  Max(alpha.water) = 1.00001
MULES: Correcting alpha.water
MULES: Correcting alpha.water
Phase-1 volume fraction = 0.997811  Min(alpha.water) = 0.00224009  Max(alpha.water) = 1.00007
DICPCG:  Solving for p_rgh, Initial residual = 0.117452, Final residual = 0.00445817, No Iterations 4
DICPCG:  Solving for p_rgh, Initial residual = 0.00446197, Final residual = 0.000196486, No Iterations 13
time step continuity errors : sum local = 5.59191e-07, global = -3.16426e-08, cumulative = -2.78116e-06
DICPCG:  Solving for p_rgh, Initial residual = 0.0014955, Final residual = 7.18148e-05, No Iterations 9
DICPCG:  Solving for p_rgh, Initial residual = 7.18116e-05, Final residual = 3.58027e-06, No Iterations 209
time step continuity errors : sum local = 1.01691e-08, global = -2.2535e-10, cumulative = -2.78138e-06
DICPCG:  Solving for p_rgh, Initial residual = 0.000246409, Final residual = 1.14727e-05, No Iterations 204
DICPCG:  Solving for p_rgh, Initial residual = 1.15162e-05, Final residual = 9.87248e-08, No Iterations 82
time step continuity errors : sum local = 2.80038e-10, global = 1.99796e-11, cumulative = -2.78136e-06
ExecutionTime = 624.53 s  ClockTime = 628 s

Courant Number mean: 0.245004 max: 0.398194
Interface Courant Number mean: 0.000972623 max: 0.385845
deltaT = 0.000303668
Time = 0.0220836

PIMPLE: iteration 1
smoothSolver:  Solving for alpha.water, Initial residual = 0.0243458, Final residual = 1.38942e-09, No Iterations 3
Phase-1 volume fraction = 0.997811  Min(alpha.water) = 0.00229026  Max(alpha.water) = 1.00001
MULES: Correcting alpha.water
MULES: Correcting alpha.water
Phase-1 volume fraction = 0.997811  Min(alpha.water) = 0.00228782  Max(alpha.water) = 1.00009
DICPCG:  Solving for p_rgh, Initial residual = 0.120185, Final residual = 0.00445557, No Iterations 4
DICPCG:  Solving for p_rgh, Initial residual = 0.00444148, Final residual = 0.000195715, No Iterations 13
time step continuity errors : sum local = 5.57023e-07, global = -3.12415e-08, cumulative = -2.81261e-06
DICPCG:  Solving for p_rgh, Initial residual = 0.00151725, Final residual = 7.46609e-05, No Iterations 10
DICPCG:  Solving for p_rgh, Initial residual = 7.46549e-05, Final residual = 3.48216e-06, No Iterations 215
time step continuity errors : sum local = 9.89163e-09, global = 1.13141e-10, cumulative = -2.81249e-06
DICPCG:  Solving for p_rgh, Initial residual = 0.00024959, Final residual = 1.23997e-05, No Iterations 203
DICPCG:  Solving for p_rgh, Initial residual = 1.24462e-05, Final residual = 9.98419e-08, No Iterations 112
time step continuity errors : sum local = 2.83236e-10, global = 1.66263e-11, cumulative = -2.81248e-06
ExecutionTime = 632.04 s  ClockTime = 636 s

Courant Number mean: 0.245019 max: 0.399398
Interface Courant Number mean: 0.000955195 max: 0.395778
deltaT = 0.000303668
Time = 0.0223873

PIMPLE: iteration 1
smoothSolver:  Solving for alpha.water, Initial residual = 0.0242499, Final residual = 1.41049e-09, No Iterations 3
Phase-1 volume fraction = 0.997811  Min(alpha.water) = 0.00236859  Max(alpha.water) = 1.00001
MULES: Correcting alpha.water
MULES: Correcting alpha.water
Phase-1 volume fraction = 0.997811  Min(alpha.water) = 0.00236859  Max(alpha.water) = 1.00003
DICPCG:  Solving for p_rgh, Initial residual = 0.118044, Final residual = 0.00443997, No Iterations 4
DICPCG:  Solving for p_rgh, Initial residual = 0.00441722, Final residual = 0.000196436, No Iterations 13
time step continuity errors : sum local = 5.61484e-07, global = -3.1033e-08, cumulative = -2.84351e-06
DICPCG:  Solving for p_rgh, Initial residual = 0.00153511, Final residual = 7.38505e-05, No Iterations 9
DICPCG:  Solving for p_rgh, Initial residual = 7.38422e-05, Final residual = 3.49001e-06, No Iterations 214
time step continuity errors : sum local = 9.95733e-09, global = 1.80258e-11, cumulative = -2.84349e-06
DICPCG:  Solving for p_rgh, Initial residual = 0.000252625, Final residual = 1.25163e-05, No Iterations 203
DICPCG:  Solving for p_rgh, Initial residual = 1.25632e-05, Final residual = 9.50689e-08, No Iterations 100
time step continuity errors : sum local = 2.70928e-10, global = 2.1264e-11, cumulative = -2.84347e-06
ExecutionTime = 639.2 s  ClockTime = 643 s

Courant Number mean: 0.245034 max: 0.400307
Interface Courant Number mean: 0.000979406 max: 0.40019
deltaT = 0.000303668
Time = 0.0226909

PIMPLE: iteration 1
smoothSolver:  Solving for alpha.water, Initial residual = 0.0241381, Final residual = 1.45778e-09, No Iterations 3
Phase-1 volume fraction = 0.997811  Min(alpha.water) = 0.00238921  Max(alpha.water) = 1
MULES: Correcting alpha.water
MULES: Correcting alpha.water
Phase-1 volume fraction = 0.997811  Min(alpha.water) = 0.00238918  Max(alpha.water) = 1.00002
DICPCG:  Solving for p_rgh, Initial residual = 0.116773, Final residual = 0.00444206, No Iterations 4
DICPCG:  Solving for p_rgh, Initial residual = 0.00444385, Final residual = 0.000203141, No Iterations 13
time step continuity errors : sum local = 5.76813e-07, global = -3.07517e-08, cumulative = -2.87422e-06
DICPCG:  Solving for p_rgh, Initial residual = 0.00149515, Final residual = 7.44615e-05, No Iterations 10
DICPCG:  Solving for p_rgh, Initial residual = 7.44555e-05, Final residual = 3.45654e-06, No Iterations 218
time step continuity errors : sum local = 9.79612e-09, global = 6.64508e-11, cumulative = -2.87416e-06
DICPCG:  Solving for p_rgh, Initial residual = 0.000242493, Final residual = 1.18101e-05, No Iterations 205
DICPCG:  Solving for p_rgh, Initial residual = 1.18547e-05, Final residual = 9.93244e-08, No Iterations 82
time step continuity errors : sum local = 2.81215e-10, global = 1.69811e-11, cumulative = -2.87414e-06
ExecutionTime = 646.18 s  ClockTime = 650 s

Courant Number mean: 0.24505 max: 0.396709
Interface Courant Number mean: 0.000971164 max: 0.392173
deltaT = 0.000303668
Time = 0.0229946

PIMPLE: iteration 1
smoothSolver:  Solving for alpha.water, Initial residual = 0.0241507, Final residual = 1.46934e-09, No Iterations 3
Phase-1 volume fraction = 0.997811  Min(alpha.water) = 0.00242181  Max(alpha.water) = 1.00001
MULES: Correcting alpha.water
MULES: Correcting alpha.water
Phase-1 volume fraction = 0.997811  Min(alpha.water) = 0.00242181  Max(alpha.water) = 1.00003
DICPCG:  Solving for p_rgh, Initial residual = 0.118532, Final residual = 0.00446731, No Iterations 4
DICPCG:  Solving for p_rgh, Initial residual = 0.0044635, Final residual = 0.000194909, No Iterations 13
time step continuity errors : sum local = 5.51183e-07, global = -3.05271e-08, cumulative = -2.90467e-06
DICPCG:  Solving for p_rgh, Initial residual = 0.00148867, Final residual = 7.1044e-05, No Iterations 9
DICPCG:  Solving for p_rgh, Initial residual = 7.10407e-05, Final residual = 3.37698e-06, No Iterations 212
time step continuity errors : sum local = 9.53086e-09, global = -1.04939e-10, cumulative = -2.90477e-06
DICPCG:  Solving for p_rgh, Initial residual = 0.000243494, Final residual = 1.15796e-05, No Iterations 204
DICPCG:  Solving for p_rgh, Initial residual = 1.16224e-05, Final residual = 9.58006e-08, No Iterations 94
time step continuity errors : sum local = 2.7006e-10, global = 1.51564e-11, cumulative = -2.90476e-06
ExecutionTime = 652.65 s  ClockTime = 656 s

Courant Number mean: 0.245065 max: 0.398691
Interface Courant Number mean: 0.000964965 max: 0.381998
deltaT = 0.000303668
Time = 0.0232983

PIMPLE: iteration 1
smoothSolver:  Solving for alpha.water, Initial residual = 0.0241972, Final residual = 1.49564e-09, No Iterations 3
Phase-1 volume fraction = 0.997811  Min(alpha.water) = 0.0024735  Max(alpha.water) = 1.00002
MULES: Correcting alpha.water
MULES: Correcting alpha.water
Phase-1 volume fraction = 0.997811  Min(alpha.water) = 0.00247149  Max(alpha.water) = 1.00011
DICPCG:  Solving for p_rgh, Initial residual = 0.120027, Final residual = 0.00446966, No Iterations 4
DICPCG:  Solving for p_rgh, Initial residual = 0.00445285, Final residual = 0.000191696, No Iterations 13
time step continuity errors : sum local = 5.42942e-07, global = -3.02485e-08, cumulative = -2.935e-06
DICPCG:  Solving for p_rgh, Initial residual = 0.00154113, Final residual = 7.29924e-05, No Iterations 10
DICPCG:  Solving for p_rgh, Initial residual = 7.29837e-05, Final residual = 3.58653e-06, No Iterations 215
time step continuity errors : sum local = 1.01395e-08, global = 1.46496e-10, cumulative = -2.93486e-06
DICPCG:  Solving for p_rgh, Initial residual = 0.00025222, Final residual = 1.23931e-05, No Iterations 203
DICPCG:  Solving for p_rgh, Initial residual = 1.24384e-05, Final residual = 9.9184e-08, No Iterations 114
time step continuity errors : sum local = 2.80062e-10, global = 1.47594e-11, cumulative = -2.93484e-06
ExecutionTime = 659.39 s  ClockTime = 663 s

Courant Number mean: 0.24508 max: 0.401448
Interface Courant Number mean: 0.000962761 max: 0.384674
deltaT = 0.000303668
Time = 0.0236019

PIMPLE: iteration 1
smoothSolver:  Solving for alpha.water, Initial residual = 0.0241684, Final residual = 1.56964e-09, No Iterations 3
Phase-1 volume fraction = 0.997811  Min(alpha.water) = 0.00255593  Max(alpha.water) = 1.00002
MULES: Correcting alpha.water
MULES: Correcting alpha.water
Phase-1 volume fraction = 0.997811  Min(alpha.water) = 0.00255593  Max(alpha.water) = 1.00003
DICPCG:  Solving for p_rgh, Initial residual = 0.11736, Final residual = 0.00445883, No Iterations 4
DICPCG:  Solving for p_rgh, Initial residual = 0.00444143, Final residual = 0.000200235, No Iterations 13
time step continuity errors : sum local = 5.68296e-07, global = -3.00522e-08, cumulative = -2.96489e-06
DICPCG:  Solving for p_rgh, Initial residual = 0.00152716, Final residual = 6.99165e-05, No Iterations 10
DICPCG:  Solving for p_rgh, Initial residual = 6.99079e-05, Final residual = 3.48258e-06, No Iterations 213
time step continuity errors : sum local = 9.86612e-09, global = 8.99429e-11, cumulative = -2.9648e-06
DICPCG:  Solving for p_rgh, Initial residual = 0.000251213, Final residual = 1.22906e-05, No Iterations 203
DICPCG:  Solving for p_rgh, Initial residual = 1.23353e-05, Final residual = 9.57349e-08, No Iterations 99
time step continuity errors : sum local = 2.70914e-10, global = 2.29761e-11, cumulative = -2.96478e-06
ExecutionTime = 666.54 s  ClockTime = 670 s

Courant Number mean: 0.245095 max: 0.395781
Interface Courant Number mean: 0.000993072 max: 0.392426
deltaT = 0.000309397
Time = 0.0239113

PIMPLE: iteration 1
smoothSolver:  Solving for alpha.water, Initial residual = 0.0245633, Final residual = 1.84085e-09, No Iterations 3
Phase-1 volume fraction = 0.997811  Min(alpha.water) = 0.00257917  Max(alpha.water) = 1.00001
MULES: Correcting alpha.water
MULES: Correcting alpha.water
Phase-1 volume fraction = 0.997811  Min(alpha.water) = 0.00257913  Max(alpha.water) = 1.00002
DICPCG:  Solving for p_rgh, Initial residual = 0.119547, Final residual = 0.00454714, No Iterations 4
DICPCG:  Solving for p_rgh, Initial residual = 0.00454422, Final residual = 0.000198858, No Iterations 13
time step continuity errors : sum local = 5.79542e-07, global = -3.12111e-08, cumulative = -2.99599e-06
DICPCG:  Solving for p_rgh, Initial residual = 0.00150277, Final residual = 6.84609e-05, No Iterations 11
DICPCG:  Solving for p_rgh, Initial residual = 6.84555e-05, Final residual = 3.291e-06, No Iterations 218
time step continuity errors : sum local = 9.57247e-09, global = 4.55114e-11, cumulative = -2.99595e-06
DICPCG:  Solving for p_rgh, Initial residual = 0.000245428, Final residual = 1.20245e-05, No Iterations 204
DICPCG:  Solving for p_rgh, Initial residual = 1.20699e-05, Final residual = 9.91042e-08, No Iterations 97
time step continuity errors : sum local = 2.88006e-10, global = 1.97039e-11, cumulative = -2.99593e-06
ExecutionTime = 673.19 s  ClockTime = 677 s

Courant Number mean: 0.249734 max: 0.409993
Interface Courant Number mean: 0.00100579 max: 0.405377
deltaT = 0.00030356
Time = 0.0242149

PIMPLE: iteration 1
smoothSolver:  Solving for alpha.water, Initial residual = 0.024149, Final residual = 1.63915e-09, No Iterations 3
Phase-1 volume fraction = 0.997811  Min(alpha.water) = 0.00261341  Max(alpha.water) = 1.00001
MULES: Correcting alpha.water
MULES: Correcting alpha.water
Phase-1 volume fraction = 0.997811  Min(alpha.water) = 0.00261341  Max(alpha.water) = 1.00003
DICPCG:  Solving for p_rgh, Initial residual = 0.11914, Final residual = 0.0044814, No Iterations 4
DICPCG:  Solving for p_rgh, Initial residual = 0.00447215, Final residual = 0.000185688, No Iterations 13
time step continuity errors : sum local = 5.23527e-07, global = -2.94475e-08, cumulative = -3.02538e-06
DICPCG:  Solving for p_rgh, Initial residual = 0.00151688, Final residual = 7.21687e-05, No Iterations 9
DICPCG:  Solving for p_rgh, Initial residual = 7.21629e-05, Final residual = 3.43881e-06, No Iterations 215
time step continuity errors : sum local = 9.67685e-09, global = 2.05953e-12, cumulative = -3.02537e-06
DICPCG:  Solving for p_rgh, Initial residual = 0.000246517, Final residual = 1.14616e-05, No Iterations 203
DICPCG:  Solving for p_rgh, Initial residual = 1.15029e-05, Final residual = 9.99311e-08, No Iterations 97
time step continuity errors : sum local = 2.80913e-10, global = 1.87642e-11, cumulative = -3.02535e-06
ExecutionTime = 680.03 s  ClockTime = 684 s

Courant Number mean: 0.245036 max: 0.403965
Interface Courant Number mean: 0.0009631 max: 0.381153
deltaT = 0.000297832
Time = 0.0245127

PIMPLE: iteration 1
smoothSolver:  Solving for alpha.water, Initial residual = 0.0238037, Final residual = 1.47851e-09, No Iterations 3
Phase-1 volume fraction = 0.997811  Min(alpha.water) = 0.00266291  Max(alpha.water) = 1.00001
MULES: Correcting alpha.water
MULES: Correcting alpha.water
Phase-1 volume fraction = 0.997811  Min(alpha.water) = 0.00266291  Max(alpha.water) = 1.00012
DICPCG:  Solving for p_rgh, Initial residual = 0.11752, Final residual = 0.00440201, No Iterations 4
DICPCG:  Solving for p_rgh, Initial residual = 0.00439244, Final residual = 0.000188784, No Iterations 13
time step continuity errors : sum local = 5.14905e-07, global = -2.79503e-08, cumulative = -3.0533e-06
DICPCG:  Solving for p_rgh, Initial residual = 0.00153877, Final residual = 7.69141e-05, No Iterations 9
DICPCG:  Solving for p_rgh, Initial residual = 7.69057e-05, Final residual = 3.44213e-06, No Iterations 216
time step continuity errors : sum local = 9.37153e-09, global = 1.26959e-10, cumulative = -3.05318e-06
DICPCG:  Solving for p_rgh, Initial residual = 0.000248531, Final residual = 1.16973e-05, No Iterations 203
DICPCG:  Solving for p_rgh, Initial residual = 1.1738e-05, Final residual = 9.90391e-08, No Iterations 112
time step continuity errors : sum local = 2.69341e-10, global = 1.46277e-11, cumulative = -3.05316e-06
ExecutionTime = 687.05 s  ClockTime = 691 s

Courant Number mean: 0.240425 max: 0.39763
Interface Courant Number mean: 0.000952902 max: 0.3798
deltaT = 0.000297832
Time = 0.0248106

PIMPLE: iteration 1
smoothSolver:  Solving for alpha.water, Initial residual = 0.0238363, Final residual = 1.53883e-09, No Iterations 3
Phase-1 volume fraction = 0.997811  Min(alpha.water) = 0.00274113  Max(alpha.water) = 1.00001
MULES: Correcting alpha.water
MULES: Correcting alpha.water
Phase-1 volume fraction = 0.997811  Min(alpha.water) = 0.00274113  Max(alpha.water) = 1.00003
DICPCG:  Solving for p_rgh, Initial residual = 0.11538, Final residual = 0.0044195, No Iterations 4
DICPCG:  Solving for p_rgh, Initial residual = 0.00440784, Final residual = 0.000200213, No Iterations 13
time step continuity errors : sum local = 5.45971e-07, global = -2.78812e-08, cumulative = -3.08104e-06
DICPCG:  Solving for p_rgh, Initial residual = 0.00151719, Final residual = 7.14393e-05, No Iterations 10
DICPCG:  Solving for p_rgh, Initial residual = 7.1432e-05, Final residual = 3.19671e-06, No Iterations 213
time step continuity errors : sum local = 8.70171e-09, global = -1.15274e-11, cumulative = -3.08106e-06
DICPCG:  Solving for p_rgh, Initial residual = 0.000245895, Final residual = 1.20723e-05, No Iterations 203
DICPCG:  Solving for p_rgh, Initial residual = 1.21139e-05, Final residual = 9.68901e-08, No Iterations 98
time step continuity errors : sum local = 2.63454e-10, global = 2.1069e-11, cumulative = -3.08103e-06
ExecutionTime = 693.89 s  ClockTime = 698 s

Courant Number mean: 0.240438 max: 0.395519
Interface Courant Number mean: 0.00096044 max: 0.381333
deltaT = 0.000303789
Time = 0.0251144

PIMPLE: iteration 1
smoothSolver:  Solving for alpha.water, Initial residual = 0.0243277, Final residual = 1.79761e-09, No Iterations 3
Phase-1 volume fraction = 0.997811  Min(alpha.water) = 0.00276606  Max(alpha.water) = 1.00001
MULES: Correcting alpha.water
MULES: Correcting alpha.water
Phase-1 volume fraction = 0.997811  Min(alpha.water) = 0.00276602  Max(alpha.water) = 1.00005
DICPCG:  Solving for p_rgh, Initial residual = 0.119045, Final residual = 0.00450592, No Iterations 4
DICPCG:  Solving for p_rgh, Initial residual = 0.00449855, Final residual = 0.000192704, No Iterations 13
time step continuity errors : sum local = 5.41852e-07, global = -2.90221e-08, cumulative = -3.11006e-06
DICPCG:  Solving for p_rgh, Initial residual = 0.00151334, Final residual = 7.16357e-05, No Iterations 10
DICPCG:  Solving for p_rgh, Initial residual = 7.1629e-05, Final residual = 3.26247e-06, No Iterations 193
time step continuity errors : sum local = 9.15639e-09, global = 6.46726e-11, cumulative = -3.10999e-06
DICPCG:  Solving for p_rgh, Initial residual = 0.000246099, Final residual = 1.20882e-05, No Iterations 203
DICPCG:  Solving for p_rgh, Initial residual = 1.21317e-05, Final residual = 9.65614e-08, No Iterations 99
time step continuity errors : sum local = 2.70788e-10, global = 2.16697e-11, cumulative = -3.10997e-06
ExecutionTime = 701.58 s  ClockTime = 705 s

Courant Number mean: 0.245258 max: 0.410205
Interface Courant Number mean: 0.000982668 max: 0.388383
deltaT = 0.000297713
Time = 0.0254121

PIMPLE: iteration 1
smoothSolver:  Solving for alpha.water, Initial residual = 0.0239333, Final residual = 1.53022e-09, No Iterations 3
Phase-1 volume fraction = 0.997811  Min(alpha.water) = 0.0027963  Max(alpha.water) = 1.00002
MULES: Correcting alpha.water
MULES: Correcting alpha.water
Phase-1 volume fraction = 0.997811  Min(alpha.water) = 0.0027963  Max(alpha.water) = 1.00004
DICPCG:  Solving for p_rgh, Initial residual = 0.118135, Final residual = 0.00443556, No Iterations 4
DICPCG:  Solving for p_rgh, Initial residual = 0.00442616, Final residual = 0.000186306, No Iterations 13
time step continuity errors : sum local = 5.06057e-07, global = -2.73311e-08, cumulative = -3.1373e-06
DICPCG:  Solving for p_rgh, Initial residual = 0.00152664, Final residual = 7.21659e-05, No Iterations 9
DICPCG:  Solving for p_rgh, Initial residual = 7.21601e-05, Final residual = 3.36895e-06, No Iterations 212
time step continuity errors : sum local = 9.13412e-09, global = -1.17585e-10, cumulative = -3.13742e-06
DICPCG:  Solving for p_rgh, Initial residual = 0.000246088, Final residual = 1.21135e-05, No Iterations 202
DICPCG:  Solving for p_rgh, Initial residual = 1.21553e-05, Final residual = 9.63995e-08, No Iterations 99
time step continuity errors : sum local = 2.61129e-10, global = 1.9605e-11, cumulative = -3.1374e-06
ExecutionTime = 709.09 s  ClockTime = 713 s

Courant Number mean: 0.240365 max: 0.400145
Interface Courant Number mean: 0.000947237 max: 0.379487
deltaT = 0.000297713
Time = 0.0257098

PIMPLE: iteration 1
smoothSolver:  Solving for alpha.water, Initial residual = 0.0240291, Final residual = 1.49268e-09, No Iterations 3
Phase-1 volume fraction = 0.997811  Min(alpha.water) = 0.00284315  Max(alpha.water) = 1.00002
MULES: Correcting alpha.water
MULES: Correcting alpha.water
Phase-1 volume fraction = 0.997811  Min(alpha.water) = 0.00284315  Max(alpha.water) = 1.00003
DICPCG:  Solving for p_rgh, Initial residual = 0.117218, Final residual = 0.00445175, No Iterations 4
DICPCG:  Solving for p_rgh, Initial residual = 0.00444514, Final residual = 0.000186135, No Iterations 13
time step continuity errors : sum local = 5.04349e-07, global = -2.72069e-08, cumulative = -3.16461e-06
DICPCG:  Solving for p_rgh, Initial residual = 0.00155815, Final residual = 7.49961e-05, No Iterations 9
DICPCG:  Solving for p_rgh, Initial residual = 7.49906e-05, Final residual = 3.71134e-06, No Iterations 214
time step continuity errors : sum local = 1.00374e-08, global = 1.15404e-10, cumulative = -3.16449e-06
DICPCG:  Solving for p_rgh, Initial residual = 0.000253245, Final residual = 1.17076e-05, No Iterations 202
DICPCG:  Solving for p_rgh, Initial residual = 1.17475e-05, Final residual = 9.57596e-08, No Iterations 112
time step continuity errors : sum local = 2.58728e-10, global = 1.32307e-11, cumulative = -3.16448e-06
ExecutionTime = 716.91 s  ClockTime = 721 s

Courant Number mean: 0.240376 max: 0.399717
Interface Courant Number mean: 0.000957652 max: 0.39644
deltaT = 0.000297713
Time = 0.0260075

PIMPLE: iteration 1
smoothSolver:  Solving for alpha.water, Initial residual = 0.0240854, Final residual = 1.53267e-09, No Iterations 3
Phase-1 volume fraction = 0.997811  Min(alpha.water) = 0.00291715  Max(alpha.water) = 1.00002
MULES: Correcting alpha.water
MULES: Correcting alpha.water
Phase-1 volume fraction = 0.997811  Min(alpha.water) = 0.00291715  Max(alpha.water) = 1.00003
DICPCG:  Solving for p_rgh, Initial residual = 0.116219, Final residual = 0.00446913, No Iterations 4
DICPCG:  Solving for p_rgh, Initial residual = 0.0044558, Final residual = 0.000196731, No Iterations 13
time step continuity errors : sum local = 5.33354e-07, global = -2.70713e-08, cumulative = -3.19155e-06
DICPCG:  Solving for p_rgh, Initial residual = 0.00153934, Final residual = 6.87188e-05, No Iterations 10
DICPCG:  Solving for p_rgh, Initial residual = 6.87125e-05, Final residual = 2.93649e-06, No Iterations 214
time step continuity errors : sum local = 7.94661e-09, global = 5.64208e-11, cumulative = -3.19149e-06
DICPCG:  Solving for p_rgh, Initial residual = 0.00024857, Final residual = 1.1192e-05, No Iterations 203
DICPCG:  Solving for p_rgh, Initial residual = 1.12297e-05, Final residual = 9.97427e-08, No Iterations 96
time step continuity errors : sum local = 2.69637e-10, global = 1.90515e-11, cumulative = -3.19147e-06
ExecutionTime = 724.07 s  ClockTime = 728 s

Courant Number mean: 0.240388 max: 0.408498
Interface Courant Number mean: 0.000970086 max: 0.379993
deltaT = 0.000291511
Time = 0.026299

PIMPLE: iteration 1
smoothSolver:  Solving for alpha.water, Initial residual = 0.0236628, Final residual = 1.38078e-09, No Iterations 3
Phase-1 volume fraction = 0.997811  Min(alpha.water) = 0.00295178  Max(alpha.water) = 1.00001
MULES: Correcting alpha.water
MULES: Correcting alpha.water
Phase-1 volume fraction = 0.997811  Min(alpha.water) = 0.00295157  Max(alpha.water) = 1.00005
DICPCG:  Solving for p_rgh, Initial residual = 0.115972, Final residual = 0.0043738, No Iterations 4
DICPCG:  Solving for p_rgh, Initial residual = 0.00437061, Final residual = 0.000187105, No Iterations 13
time step continuity errors : sum local = 4.87694e-07, global = -2.54703e-08, cumulative = -3.21694e-06
DICPCG:  Solving for p_rgh, Initial residual = 0.0015005, Final residual = 7.4403e-05, No Iterations 9
DICPCG:  Solving for p_rgh, Initial residual = 7.4397e-05, Final residual = 3.46716e-06, No Iterations 214
time step continuity errors : sum local = 9.02103e-09, global = 4.3158e-11, cumulative = -3.2169e-06
DICPCG:  Solving for p_rgh, Initial residual = 0.000238296, Final residual = 1.12071e-05, No Iterations 202
DICPCG:  Solving for p_rgh, Initial residual = 1.12443e-05, Final residual = 9.71867e-08, No Iterations 97
time step continuity errors : sum local = 2.52662e-10, global = 1.86665e-11, cumulative = -3.21688e-06
ExecutionTime = 731.15 s  ClockTime = 735 s

Courant Number mean: 0.23539 max: 0.401713
Interface Courant Number mean: 0.000933302 max: 0.383754
deltaT = 0.000291511
Time = 0.0265905

PIMPLE: iteration 1
smoothSolver:  Solving for alpha.water, Initial residual = 0.0237121, Final residual = 1.30769e-09, No Iterations 3
Phase-1 volume fraction = 0.997811  Min(alpha.water) = 0.00297614  Max(alpha.water) = 1.00002
MULES: Correcting alpha.water
MULES: Correcting alpha.water
Phase-1 volume fraction = 0.997811  Min(alpha.water) = 0.00297614  Max(alpha.water) = 1.00003
DICPCG:  Solving for p_rgh, Initial residual = 0.116899, Final residual = 0.00438476, No Iterations 4
DICPCG:  Solving for p_rgh, Initial residual = 0.00436666, Final residual = 0.000183071, No Iterations 13
time step continuity errors : sum local = 4.78836e-07, global = -2.54073e-08, cumulative = -3.24229e-06
DICPCG:  Solving for p_rgh, Initial residual = 0.0015185, Final residual = 7.49088e-05, No Iterations 8
DICPCG:  Solving for p_rgh, Initial residual = 7.49062e-05, Final residual = 3.70645e-06, No Iterations 215
time step continuity errors : sum local = 9.67628e-09, global = -7.38993e-12, cumulative = -3.2423e-06
DICPCG:  Solving for p_rgh, Initial residual = 0.000240894, Final residual = 1.0629e-05, No Iterations 202
DICPCG:  Solving for p_rgh, Initial residual = 1.0664e-05, Final residual = 9.86118e-08, No Iterations 95
time step continuity errors : sum local = 2.57242e-10, global = 1.58351e-11, cumulative = -3.24228e-06
ExecutionTime = 739.12 s  ClockTime = 743 s

Courant Number mean: 0.235401 max: 0.400571
Interface Courant Number mean: 0.000936264 max: 0.400571
deltaT = 0.000291511
Time = 0.026882

PIMPLE: iteration 1
smoothSolver:  Solving for alpha.water, Initial residual = 0.0237567, Final residual = 1.2772e-09, No Iterations 3
Phase-1 volume fraction = 0.997811  Min(alpha.water) = 0.00301388  Max(alpha.water) = 1.00002
MULES: Correcting alpha.water
MULES: Correcting alpha.water
Phase-1 volume fraction = 0.997811  Min(alpha.water) = 0.00301388  Max(alpha.water) = 1.00002
DICPCG:  Solving for p_rgh, Initial residual = 0.115663, Final residual = 0.00439294, No Iterations 4
DICPCG:  Solving for p_rgh, Initial residual = 0.00437912, Final residual = 0.000183479, No Iterations 13
time step continuity errors : sum local = 4.80341e-07, global = -2.52377e-08, cumulative = -3.26752e-06
DICPCG:  Solving for p_rgh, Initial residual = 0.00154282, Final residual = 7.61526e-05, No Iterations 8
DICPCG:  Solving for p_rgh, Initial residual = 7.61499e-05, Final residual = 3.57933e-06, No Iterations 213
time step continuity errors : sum local = 9.35284e-09, global = -8.89421e-11, cumulative = -3.26761e-06
DICPCG:  Solving for p_rgh, Initial residual = 0.000247766, Final residual = 1.16714e-05, No Iterations 201
DICPCG:  Solving for p_rgh, Initial residual = 1.17091e-05, Final residual = 9.70632e-08, No Iterations 96
time step continuity errors : sum local = 2.53406e-10, global = 1.62746e-11, cumulative = -3.26759e-06
ExecutionTime = 747.44 s  ClockTime = 751 s

Courant Number mean: 0.235413 max: 0.410366
Interface Courant Number mean: 0.000943178 max: 0.385216
deltaT = 0.000285173
Time = 0.0271672

PIMPLE: iteration 1
smoothSolver:  Solving for alpha.water, Initial residual = 0.0233048, Final residual = 1.13939e-09, No Iterations 3
Phase-1 volume fraction = 0.997811  Min(alpha.water) = 0.00306775  Max(alpha.water) = 1.00001
MULES: Correcting alpha.water
MULES: Correcting alpha.water
Phase-1 volume fraction = 0.997811  Min(alpha.water) = 0.00306727  Max(alpha.water) = 1.00004
DICPCG:  Solving for p_rgh, Initial residual = 0.111914, Final residual = 0.00429597, No Iterations 4
DICPCG:  Solving for p_rgh, Initial residual = 0.00427945, Final residual = 0.000185117, No Iterations 13
time step continuity errors : sum local = 4.68192e-07, global = -2.37227e-08, cumulative = -3.29131e-06
DICPCG:  Solving for p_rgh, Initial residual = 0.00148298, Final residual = 6.83849e-05, No Iterations 10
DICPCG:  Solving for p_rgh, Initial residual = 6.83794e-05, Final residual = 3.09826e-06, No Iterations 213
time step continuity errors : sum local = 7.82256e-09, global = 6.14198e-11, cumulative = -3.29125e-06
DICPCG:  Solving for p_rgh, Initial residual = 0.000233417, Final residual = 1.14827e-05, No Iterations 202
DICPCG:  Solving for p_rgh, Initial residual = 1.15179e-05, Final residual = 9.73733e-08, No Iterations 98
time step continuity errors : sum local = 2.45605e-10, global = 1.99754e-11, cumulative = -3.29123e-06
ExecutionTime = 755.12 s  ClockTime = 759 s

Courant Number mean: 0.230307 max: 0.402846
Interface Courant Number mean: 0.000933945 max: 0.377366
deltaT = 0.000285173
Time = 0.0274524

PIMPLE: iteration 1
smoothSolver:  Solving for alpha.water, Initial residual = 0.0233406, Final residual = 1.16387e-09, No Iterations 3
Phase-1 volume fraction = 0.997811  Min(alpha.water) = 0.00311508  Max(alpha.water) = 1.00001
MULES: Correcting alpha.water
MULES: Correcting alpha.water
Phase-1 volume fraction = 0.997811  Min(alpha.water) = 0.00311466  Max(alpha.water) = 1.00005
DICPCG:  Solving for p_rgh, Initial residual = 0.113314, Final residual = 0.00428828, No Iterations 4
DICPCG:  Solving for p_rgh, Initial residual = 0.00428401, Final residual = 0.000175029, No Iterations 13
time step continuity errors : sum local = 4.4123e-07, global = -2.36734e-08, cumulative = -3.31491e-06
DICPCG:  Solving for p_rgh, Initial residual = 0.00147373, Final residual = 7.0135e-05, No Iterations 9
DICPCG:  Solving for p_rgh, Initial residual = 7.01296e-05, Final residual = 3.24847e-06, No Iterations 214
time step continuity errors : sum local = 8.17457e-09, global = -2.77311e-13, cumulative = -3.31491e-06
DICPCG:  Solving for p_rgh, Initial residual = 0.000230167, Final residual = 1.05317e-05, No Iterations 202
DICPCG:  Solving for p_rgh, Initial residual = 1.05646e-05, Final residual = 9.84875e-08, No Iterations 96
time step continuity errors : sum local = 2.47662e-10, global = 1.80332e-11, cumulative = -3.31489e-06
ExecutionTime = 762.35 s  ClockTime = 766 s

Courant Number mean: 0.230318 max: 0.400345
Interface Courant Number mean: 0.000918566 max: 0.387427
deltaT = 0.000285173
Time = 0.0277375

PIMPLE: iteration 1
smoothSolver:  Solving for alpha.water, Initial residual = 0.0233154, Final residual = 1.11656e-09, No Iterations 3
Phase-1 volume fraction = 0.997811  Min(alpha.water) = 0.00313352  Max(alpha.water) = 1.00001
MULES: Correcting alpha.water
MULES: Correcting alpha.water
Phase-1 volume fraction = 0.997811  Min(alpha.water) = 0.00313352  Max(alpha.water) = 1.00002
DICPCG:  Solving for p_rgh, Initial residual = 0.114338, Final residual = 0.00428098, No Iterations 4
DICPCG:  Solving for p_rgh, Initial residual = 0.00426254, Final residual = 0.000177168, No Iterations 13
time step continuity errors : sum local = 4.48378e-07, global = -2.35224e-08, cumulative = -3.33841e-06
DICPCG:  Solving for p_rgh, Initial residual = 0.00148748, Final residual = 7.27272e-05, No Iterations 8
DICPCG:  Solving for p_rgh, Initial residual = 7.27252e-05, Final residual = 3.48902e-06, No Iterations 214
time step continuity errors : sum local = 8.81386e-09, global = -7.45702e-11, cumulative = -3.33849e-06
DICPCG:  Solving for p_rgh, Initial residual = 0.000231116, Final residual = 1.07401e-05, No Iterations 201
DICPCG:  Solving for p_rgh, Initial residual = 1.07734e-05, Final residual = 9.4272e-08, No Iterations 96
time step continuity errors : sum local = 2.37988e-10, global = 1.48073e-11, cumulative = -3.33847e-06
ExecutionTime = 769.77 s  ClockTime = 774 s

Courant Number mean: 0.23033 max: 0.400451
Interface Courant Number mean: 0.000928788 max: 0.400451
deltaT = 0.000285173
Time = 0.0280227

PIMPLE: iteration 1
smoothSolver:  Solving for alpha.water, Initial residual = 0.0233055, Final residual = 1.09426e-09, No Iterations 3
Phase-1 volume fraction = 0.997811  Min(alpha.water) = 0.00316215  Max(alpha.water) = 1.00001
MULES: Correcting alpha.water
MULES: Correcting alpha.water
Phase-1 volume fraction = 0.997811  Min(alpha.water) = 0.00316215  Max(alpha.water) = 1.00002
DICPCG:  Solving for p_rgh, Initial residual = 0.113692, Final residual = 0.0042823, No Iterations 4
DICPCG:  Solving for p_rgh, Initial residual = 0.00426398, Final residual = 0.000174465, No Iterations 13
time step continuity errors : sum local = 4.43126e-07, global = -2.33724e-08, cumulative = -3.36184e-06
DICPCG:  Solving for p_rgh, Initial residual = 0.00151483, Final residual = 7.44406e-05, No Iterations 8
DICPCG:  Solving for p_rgh, Initial residual = 7.44376e-05, Final residual = 3.56762e-06, No Iterations 214
time step continuity errors : sum local = 9.04503e-09, global = -4.0583e-11, cumulative = -3.36188e-06
DICPCG:  Solving for p_rgh, Initial residual = 0.000239382, Final residual = 1.0882e-05, No Iterations 201
DICPCG:  Solving for p_rgh, Initial residual = 1.0915e-05, Final residual = 9.78611e-08, No Iterations 96
time step continuity errors : sum local = 2.47909e-10, global = 1.61682e-11, cumulative = -3.36187e-06
ExecutionTime = 776.88 s  ClockTime = 781 s

Courant Number mean: 0.230343 max: 0.408363
Interface Courant Number mean: 0.000910696 max: 0.383336
deltaT = 0.000278541
Time = 0.0283013

PIMPLE: iteration 1
smoothSolver:  Solving for alpha.water, Initial residual = 0.0228262, Final residual = 9.7764e-10, No Iterations 3
Phase-1 volume fraction = 0.997811  Min(alpha.water) = 0.00320243  Max(alpha.water) = 1.00001
MULES: Correcting alpha.water
MULES: Correcting alpha.water
Phase-1 volume fraction = 0.997811  Min(alpha.water) = 0.00320053  Max(alpha.water) = 1.00004
DICPCG:  Solving for p_rgh, Initial residual = 0.109116, Final residual = 0.00417677, No Iterations 4
DICPCG:  Solving for p_rgh, Initial residual = 0.00416243, Final residual = 0.000184396, No Iterations 13
time step continuity errors : sum local = 4.50859e-07, global = -2.18974e-08, cumulative = -3.38376e-06
DICPCG:  Solving for p_rgh, Initial residual = 0.00145395, Final residual = 6.71418e-05, No Iterations 10
DICPCG:  Solving for p_rgh, Initial residual = 6.71372e-05, Final residual = 2.8606e-06, No Iterations 213
time step continuity errors : sum local = 6.98257e-09, global = 1.13828e-11, cumulative = -3.38375e-06
DICPCG:  Solving for p_rgh, Initial residual = 0.000227047, Final residual = 1.12967e-05, No Iterations 201
DICPCG:  Solving for p_rgh, Initial residual = 1.1329e-05, Final residual = 9.68432e-08, No Iterations 112
time step continuity errors : sum local = 2.36164e-10, global = 1.39767e-11, cumulative = -3.38374e-06
ExecutionTime = 783.88 s  ClockTime = 788 s

Courant Number mean: 0.224999 max: 0.400171
Interface Courant Number mean: 0.000918334 max: 0.376544
deltaT = 0.000278541
Time = 0.0285798

PIMPLE: iteration 1
smoothSolver:  Solving for alpha.water, Initial residual = 0.0228361, Final residual = 1.01691e-09, No Iterations 3
Phase-1 volume fraction = 0.997811  Min(alpha.water) = 0.00326189  Max(alpha.water) = 1.00001
MULES: Correcting alpha.water
MULES: Correcting alpha.water
Phase-1 volume fraction = 0.997811  Min(alpha.water) = 0.00325986  Max(alpha.water) = 1.00004
DICPCG:  Solving for p_rgh, Initial residual = 0.110186, Final residual = 0.00417332, No Iterations 4
DICPCG:  Solving for p_rgh, Initial residual = 0.00417184, Final residual = 0.000174415, No Iterations 13
time step continuity errors : sum local = 4.24576e-07, global = -2.1865e-08, cumulative = -3.4056e-06
DICPCG:  Solving for p_rgh, Initial residual = 0.00143724, Final residual = 6.95895e-05, No Iterations 8
DICPCG:  Solving for p_rgh, Initial residual = 6.95834e-05, Final residual = 3.22312e-06, No Iterations 216
time step continuity errors : sum local = 7.83294e-09, global = 4.9606e-11, cumulative = -3.40555e-06
DICPCG:  Solving for p_rgh, Initial residual = 0.000220759, Final residual = 9.9799e-06, No Iterations 202
DICPCG:  Solving for p_rgh, Initial residual = 1.00092e-05, Final residual = 9.73621e-08, No Iterations 82
time step continuity errors : sum local = 2.36464e-10, global = 1.55473e-11, cumulative = -3.40554e-06
ExecutionTime = 790.74 s  ClockTime = 795 s

Courant Number mean: 0.225011 max: 0.395621
Interface Courant Number mean: 0.000912671 max: 0.384385
deltaT = 0.000278541
Time = 0.0288583

PIMPLE: iteration 1
smoothSolver:  Solving for alpha.water, Initial residual = 0.0227606, Final residual = 1.00858e-09, No Iterations 3
Phase-1 volume fraction = 0.997811  Min(alpha.water) = 0.00327597  Max(alpha.water) = 1.00001
MULES: Correcting alpha.water
MULES: Correcting alpha.water
Phase-1 volume fraction = 0.997811  Min(alpha.water) = 0.00327597  Max(alpha.water) = 1.00002
DICPCG:  Solving for p_rgh, Initial residual = 0.111995, Final residual = 0.00416494, No Iterations 4
DICPCG:  Solving for p_rgh, Initial residual = 0.00415827, Final residual = 0.000172887, No Iterations 13
time step continuity errors : sum local = 4.20284e-07, global = -2.17369e-08, cumulative = -3.42728e-06
DICPCG:  Solving for p_rgh, Initial residual = 0.0014476, Final residual = 6.82457e-05, No Iterations 8
DICPCG:  Solving for p_rgh, Initial residual = 6.82419e-05, Final residual = 3.33291e-06, No Iterations 212
time step continuity errors : sum local = 8.08828e-09, global = -1.62302e-10, cumulative = -3.42744e-06
DICPCG:  Solving for p_rgh, Initial residual = 0.000222121, Final residual = 1.03255e-05, No Iterations 201
DICPCG:  Solving for p_rgh, Initial residual = 1.03559e-05, Final residual = 9.90997e-08, No Iterations 88
time step continuity errors : sum local = 2.40358e-10, global = 1.48972e-11, cumulative = -3.42742e-06
ExecutionTime = 798.02 s  ClockTime = 802 s

Courant Number mean: 0.225024 max: 0.399667
Interface Courant Number mean: 0.000903343 max: 0.390965
deltaT = 0.000278541
Time = 0.0291369

PIMPLE: iteration 1
smoothSolver:  Solving for alpha.water, Initial residual = 0.0227048, Final residual = 9.94393e-10, No Iterations 3
Phase-1 volume fraction = 0.997811  Min(alpha.water) = 0.00329725  Max(alpha.water) = 1.00001
MULES: Correcting alpha.water
MULES: Correcting alpha.water
Phase-1 volume fraction = 0.997811  Min(alpha.water) = 0.00329725  Max(alpha.water) = 1.00001
DICPCG:  Solving for p_rgh, Initial residual = 0.111345, Final residual = 0.00417799, No Iterations 4
DICPCG:  Solving for p_rgh, Initial residual = 0.00415758, Final residual = 0.000172496, No Iterations 13
time step continuity errors : sum local = 4.21499e-07, global = -2.15854e-08, cumulative = -3.44901e-06
DICPCG:  Solving for p_rgh, Initial residual = 0.00149697, Final residual = 6.81642e-05, No Iterations 8
DICPCG:  Solving for p_rgh, Initial residual = 6.81602e-05, Final residual = 3.25784e-06, No Iterations 213
time step continuity errors : sum local = 7.94677e-09, global = -3.42144e-11, cumulative = -3.44904e-06
DICPCG:  Solving for p_rgh, Initial residual = 0.000232091, Final residual = 1.12836e-05, No Iterations 200
DICPCG:  Solving for p_rgh, Initial residual = 1.1316e-05, Final residual = 9.96323e-08, No Iterations 96
time step continuity errors : sum local = 2.42864e-10, global = 1.57496e-11, cumulative = -3.44903e-06
ExecutionTime = 806.96 s  ClockTime = 811 s

Courant Number mean: 0.225038 max: 0.409691
Interface Courant Number mean: 0.000905109 max: 0.375254
deltaT = 0.000271578
Time = 0.0294085

PIMPLE: iteration 1
smoothSolver:  Solving for alpha.water, Initial residual = 0.0221824, Final residual = 8.9514e-10, No Iterations 3
Phase-1 volume fraction = 0.997811  Min(alpha.water) = 0.00332644  Max(alpha.water) = 1.00001
MULES: Correcting alpha.water
MULES: Correcting alpha.water
Phase-1 volume fraction = 0.997811  Min(alpha.water) = 0.00332388  Max(alpha.water) = 1.00003
DICPCG:  Solving for p_rgh, Initial residual = 0.10686, Final residual = 0.00406833, No Iterations 4
DICPCG:  Solving for p_rgh, Initial residual = 0.0040509, Final residual = 0.000179809, No Iterations 13
time step continuity errors : sum local = 4.22425e-07, global = -2.01581e-08, cumulative = -3.46919e-06
DICPCG:  Solving for p_rgh, Initial residual = 0.0014254, Final residual = 6.55451e-05, No Iterations 10
DICPCG:  Solving for p_rgh, Initial residual = 6.55413e-05, Final residual = 3.09764e-06, No Iterations 214
time step continuity errors : sum local = 7.26532e-09, global = 3.27421e-11, cumulative = -3.46915e-06
DICPCG:  Solving for p_rgh, Initial residual = 0.000219783, Final residual = 9.91433e-06, No Iterations 202
DICPCG:  Solving for p_rgh, Initial residual = 9.94075e-06, Final residual = 9.94196e-08, No Iterations 101
time step continuity errors : sum local = 2.32962e-10, global = 1.71472e-11, cumulative = -3.46914e-06
ExecutionTime = 814.04 s  ClockTime = 818 s

Courant Number mean: 0.219425 max: 0.394152
Interface Courant Number mean: 0.000883459 max: 0.372794
deltaT = 0.000278725
Time = 0.0296872

PIMPLE: iteration 1
smoothSolver:  Solving for alpha.water, Initial residual = 0.0228009, Final residual = 1.09354e-09, No Iterations 3
Phase-1 volume fraction = 0.997811  Min(alpha.water) = 0.00337527  Max(alpha.water) = 1.00001
MULES: Correcting alpha.water
MULES: Correcting alpha.water
Phase-1 volume fraction = 0.997811  Min(alpha.water) = 0.00337527  Max(alpha.water) = 1.00003
DICPCG:  Solving for p_rgh, Initial residual = 0.109993, Final residual = 0.00417304, No Iterations 4
DICPCG:  Solving for p_rgh, Initial residual = 0.00417898, Final residual = 0.000175987, No Iterations 13
time step continuity errors : sum local = 4.28631e-07, global = -2.14803e-08, cumulative = -3.49062e-06
DICPCG:  Solving for p_rgh, Initial residual = 0.00144104, Final residual = 7.15309e-05, No Iterations 9
DICPCG:  Solving for p_rgh, Initial residual = 7.15253e-05, Final residual = 3.50672e-06, No Iterations 213
time step continuity errors : sum local = 8.52661e-09, global = -1.77492e-10, cumulative = -3.49079e-06
DICPCG:  Solving for p_rgh, Initial residual = 0.000222699, Final residual = 9.97922e-06, No Iterations 203
DICPCG:  Solving for p_rgh, Initial residual = 1.00076e-05, Final residual = 9.49345e-08, No Iterations 96
time step continuity errors : sum local = 2.30681e-10, global = 1.69981e-11, cumulative = -3.49078e-06
ExecutionTime = 821.19 s  ClockTime = 825 s

Courant Number mean: 0.225212 max: 0.399961
Interface Courant Number mean: 0.000910884 max: 0.399961
deltaT = 0.000278725
Time = 0.0299659

PIMPLE: iteration 1
smoothSolver:  Solving for alpha.water, Initial residual = 0.0227517, Final residual = 1.11401e-09, No Iterations 3
Phase-1 volume fraction = 0.997811  Min(alpha.water) = 0.00340081  Max(alpha.water) = 1.00001
MULES: Correcting alpha.water
MULES: Correcting alpha.water
Phase-1 volume fraction = 0.997811  Min(alpha.water) = 0.00340076  Max(alpha.water) = 1.00003
DICPCG:  Solving for p_rgh, Initial residual = 0.113388, Final residual = 0.00418388, No Iterations 4
DICPCG:  Solving for p_rgh, Initial residual = 0.00418814, Final residual = 0.000168685, No Iterations 13
time step continuity errors : sum local = 4.08105e-07, global = -2.12431e-08, cumulative = -3.51202e-06
DICPCG:  Solving for p_rgh, Initial residual = 0.00145801, Final residual = 6.79844e-05, No Iterations 8
DICPCG:  Solving for p_rgh, Initial residual = 6.79785e-05, Final residual = 3.24259e-06, No Iterations 213
time step continuity errors : sum local = 7.8319e-09, global = 4.59107e-11, cumulative = -3.51197e-06
DICPCG:  Solving for p_rgh, Initial residual = 0.00022337, Final residual = 9.88509e-06, No Iterations 201
DICPCG:  Solving for p_rgh, Initial residual = 9.91391e-06, Final residual = 9.94742e-08, No Iterations 83
time step continuity errors : sum local = 2.40164e-10, global = 1.40076e-11, cumulative = -3.51196e-06
ExecutionTime = 827.91 s  ClockTime = 832 s

Courant Number mean: 0.225227 max: 0.422259
Interface Courant Number mean: 0.000911201 max: 0.379176
deltaT = 0.000264055
Time = 0.03023

PIMPLE: iteration 1
smoothSolver:  Solving for alpha.water, Initial residual = 0.021501, Final residual = 8.12429e-10, No Iterations 3
Phase-1 volume fraction = 0.997811  Min(alpha.water) = 0.00341483  Max(alpha.water) = 1.00001
MULES: Correcting alpha.water
MULES: Correcting alpha.water
Phase-1 volume fraction = 0.997811  Min(alpha.water) = 0.00341483  Max(alpha.water) = 1.00001
DICPCG:  Solving for p_rgh, Initial residual = 0.106472, Final residual = 0.0039706, No Iterations 4
DICPCG:  Solving for p_rgh, Initial residual = 0.00395257, Final residual = 0.000163115, No Iterations 13
time step continuity errors : sum local = 3.61834e-07, global = -1.84746e-08, cumulative = -3.53043e-06
DICPCG:  Solving for p_rgh, Initial residual = 0.00144329, Final residual = 6.43887e-05, No Iterations 8
DICPCG:  Solving for p_rgh, Initial residual = 6.43867e-05, Final residual = 3.042e-06, No Iterations 214
time step continuity errors : sum local = 6.73678e-09, global = -8.21369e-11, cumulative = -3.53052e-06
DICPCG:  Solving for p_rgh, Initial residual = 0.000215385, Final residual = 1.00803e-05, No Iterations 200
DICPCG:  Solving for p_rgh, Initial residual = 1.01066e-05, Final residual = 9.75023e-08, No Iterations 86
time step continuity errors : sum local = 2.15785e-10, global = 1.46822e-11, cumulative = -3.5305e-06
ExecutionTime = 835 s  ClockTime = 839 s

Courant Number mean: 0.213385 max: 0.410836
Interface Courant Number mean: 0.000849257 max: 0.348814
deltaT = 0.000257106
Time = 0.0304871

PIMPLE: iteration 1
smoothSolver:  Solving for alpha.water, Initial residual = 0.0209397, Final residual = 7.16561e-10, No Iterations 3
Phase-1 volume fraction = 0.997811  Min(alpha.water) = 0.00343296  Max(alpha.water) = 1.00001
MULES: Correcting alpha.water
MULES: Correcting alpha.water
Phase-1 volume fraction = 0.997811  Min(alpha.water) = 0.00343296  Max(alpha.water) = 1.00002
DICPCG:  Solving for p_rgh, Initial residual = 0.102863, Final residual = 0.0038615, No Iterations 4
DICPCG:  Solving for p_rgh, Initial residual = 0.00383504, Final residual = 0.000168282, No Iterations 13
time step continuity errors : sum local = 3.6003e-07, global = -1.73008e-08, cumulative = -3.5478e-06
DICPCG:  Solving for p_rgh, Initial residual = 0.00138153, Final residual = 6.66311e-05, No Iterations 8
DICPCG:  Solving for p_rgh, Initial residual = 6.66279e-05, Final residual = 3.16312e-06, No Iterations 214
time step continuity errors : sum local = 6.75697e-09, global = -7.17434e-11, cumulative = -3.54787e-06
DICPCG:  Solving for p_rgh, Initial residual = 0.0002047, Final residual = 9.84444e-06, No Iterations 201
DICPCG:  Solving for p_rgh, Initial residual = 9.86825e-06, Final residual = 9.89643e-08, No Iterations 98
time step continuity errors : sum local = 2.11228e-10, global = 1.48178e-11, cumulative = -3.54786e-06
ExecutionTime = 842.65 s  ClockTime = 847 s

Courant Number mean: 0.207782 max: 0.394026
Interface Courant Number mean: 0.00083054 max: 0.361406
deltaT = 0.000264248
Time = 0.0307513

PIMPLE: iteration 1
smoothSolver:  Solving for alpha.water, Initial residual = 0.0215737, Final residual = 8.91445e-10, No Iterations 3
Phase-1 volume fraction = 0.997811  Min(alpha.water) = 0.0034642  Max(alpha.water) = 1.00001
MULES: Correcting alpha.water
MULES: Correcting alpha.water
Phase-1 volume fraction = 0.997811  Min(alpha.water) = 0.00346172  Max(alpha.water) = 1.00004
DICPCG:  Solving for p_rgh, Initial residual = 0.104574, Final residual = 0.00395832, No Iterations 4
DICPCG:  Solving for p_rgh, Initial residual = 0.00395998, Final residual = 0.000180721, No Iterations 13
time step continuity errors : sum local = 4.02862e-07, global = -1.85321e-08, cumulative = -3.56639e-06
DICPCG:  Solving for p_rgh, Initial residual = 0.00138766, Final residual = 6.24446e-05, No Iterations 11
DICPCG:  Solving for p_rgh, Initial residual = 6.2441e-05, Final residual = 2.94204e-06, No Iterations 212
time step continuity errors : sum local = 6.54815e-09, global = -1.36945e-10, cumulative = -3.56653e-06
DICPCG:  Solving for p_rgh, Initial residual = 0.000208086, Final residual = 1.00892e-05, No Iterations 203
DICPCG:  Solving for p_rgh, Initial residual = 1.01147e-05, Final residual = 9.95362e-08, No Iterations 109
time step continuity errors : sum local = 2.2136e-10, global = 1.44632e-11, cumulative = -3.56651e-06
ExecutionTime = 849.84 s  ClockTime = 854 s

Courant Number mean: 0.213565 max: 0.401176
Interface Courant Number mean: 0.000878615 max: 0.401176
deltaT = 0.000264248
Time = 0.0310156

PIMPLE: iteration 1
smoothSolver:  Solving for alpha.water, Initial residual = 0.0216116, Final residual = 9.21137e-10, No Iterations 3
Phase-1 volume fraction = 0.997811  Min(alpha.water) = 0.00351036  Max(alpha.water) = 1
MULES: Correcting alpha.water
MULES: Correcting alpha.water
Phase-1 volume fraction = 0.997811  Min(alpha.water) = 0.00350621  Max(alpha.water) = 1.00004
DICPCG:  Solving for p_rgh, Initial residual = 0.109415, Final residual = 0.00397788, No Iterations 4
DICPCG:  Solving for p_rgh, Initial residual = 0.00399132, Final residual = 0.000162274, No Iterations 13
time step continuity errors : sum local = 3.57695e-07, global = -1.83388e-08, cumulative = -3.58485e-06
DICPCG:  Solving for p_rgh, Initial residual = 0.00138957, Final residual = 6.54661e-05, No Iterations 8
DICPCG:  Solving for p_rgh, Initial residual = 6.54603e-05, Final residual = 3.2678e-06, No Iterations 216
time step continuity errors : sum local = 7.19219e-09, global = -6.42178e-11, cumulative = -3.58492e-06
DICPCG:  Solving for p_rgh, Initial residual = 0.000205229, Final residual = 9.69577e-06, No Iterations 200
DICPCG:  Solving for p_rgh, Initial residual = 9.7216e-06, Final residual = 9.88107e-08, No Iterations 79
time step continuity errors : sum local = 2.17402e-10, global = 1.20063e-11, cumulative = -3.5849e-06
ExecutionTime = 857.24 s  ClockTime = 861 s

Courant Number mean: 0.213578 max: 0.424613
Interface Courant Number mean: 0.000873051 max: 0.36646
deltaT = 0.000249568
Time = 0.0312651

PIMPLE: iteration 1
smoothSolver:  Solving for alpha.water, Initial residual = 0.0203798, Final residual = 6.65743e-10, No Iterations 3
Phase-1 volume fraction = 0.997811  Min(alpha.water) = 0.00351779  Max(alpha.water) = 1
MULES: Correcting alpha.water
MULES: Correcting alpha.water
Phase-1 volume fraction = 0.997811  Min(alpha.water) = 0.00351779  Max(alpha.water) = 1.00002
DICPCG:  Solving for p_rgh, Initial residual = 0.102947, Final residual = 0.0037659, No Iterations 4
DICPCG:  Solving for p_rgh, Initial residual = 0.00375294, Final residual = 0.00015142, No Iterations 13
time step continuity errors : sum local = 3.03691e-07, global = -1.57851e-08, cumulative = -3.60069e-06
DICPCG:  Solving for p_rgh, Initial residual = 0.00136674, Final residual = 6.76681e-05, No Iterations 7
DICPCG:  Solving for p_rgh, Initial residual = 6.7663e-05, Final residual = 3.04893e-06, No Iterations 216
time step continuity errors : sum local = 6.10619e-09, global = 3.98798e-11, cumulative = -3.60065e-06
DICPCG:  Solving for p_rgh, Initial residual = 0.000195805, Final residual = 9.36504e-06, No Iterations 199
DICPCG:  Solving for p_rgh, Initial residual = 9.38776e-06, Final residual = 9.92093e-08, No Iterations 86
time step continuity errors : sum local = 1.9861e-10, global = 1.09918e-11, cumulative = -3.60064e-06
ExecutionTime = 863.98 s  ClockTime = 868 s

Courant Number mean: 0.201723 max: 0.410606
Interface Courant Number mean: 0.000820171 max: 0.342656
deltaT = 0.000242635
Time = 0.0315078

PIMPLE: iteration 1
smoothSolver:  Solving for alpha.water, Initial residual = 0.0197869, Final residual = 5.7416e-10, No Iterations 3
Phase-1 volume fraction = 0.997811  Min(alpha.water) = 0.003528  Max(alpha.water) = 1
MULES: Correcting alpha.water
MULES: Correcting alpha.water
Phase-1 volume fraction = 0.997811  Min(alpha.water) = 0.003528  Max(alpha.water) = 1.00002
DICPCG:  Solving for p_rgh, Initial residual = 0.0984038, Final residual = 0.00364574, No Iterations 4
DICPCG:  Solving for p_rgh, Initial residual = 0.00362117, Final residual = 0.000152027, No Iterations 13
time step continuity errors : sum local = 2.93373e-07, global = -1.47742e-08, cumulative = -3.61541e-06
DICPCG:  Solving for p_rgh, Initial residual = 0.00134428, Final residual = 6.13296e-05, No Iterations 8
DICPCG:  Solving for p_rgh, Initial residual = 6.13275e-05, Final residual = 2.93834e-06, No Iterations 220
time step continuity errors : sum local = 5.66197e-09, global = 6.10307e-11, cumulative = -3.61535e-06
DICPCG:  Solving for p_rgh, Initial residual = 0.0001908, Final residual = 9.38142e-06, No Iterations 198
DICPCG:  Solving for p_rgh, Initial residual = 9.40224e-06, Final residual = 9.94896e-08, No Iterations 86
time step continuity errors : sum local = 1.91581e-10, global = 1.18356e-11, cumulative = -3.61534e-06
ExecutionTime = 870.7 s  ClockTime = 875 s

Courant Number mean: 0.196129 max: 0.393536
Interface Courant Number mean: 0.000775494 max: 0.350906
deltaT = 0.000249771
Time = 0.0317575

PIMPLE: iteration 1
smoothSolver:  Solving for alpha.water, Initial residual = 0.0204121, Final residual = 7.08021e-10, No Iterations 3
Phase-1 volume fraction = 0.997811  Min(alpha.water) = 0.0035451  Max(alpha.water) = 1
MULES: Correcting alpha.water
MULES: Correcting alpha.water
Phase-1 volume fraction = 0.997811  Min(alpha.water) = 0.0035451  Max(alpha.water) = 1.00007
DICPCG:  Solving for p_rgh, Initial residual = 0.0996915, Final residual = 0.00375365, No Iterations 4
DICPCG:  Solving for p_rgh, Initial residual = 0.00374356, Final residual = 0.00016649, No Iterations 13
time step continuity errors : sum local = 3.38016e-07, global = -1.58913e-08, cumulative = -3.63123e-06
DICPCG:  Solving for p_rgh, Initial residual = 0.00133026, Final residual = 6.30564e-05, No Iterations 9
DICPCG:  Solving for p_rgh, Initial residual = 6.30536e-05, Final residual = 2.9411e-06, No Iterations 214
time step continuity errors : sum local = 5.96241e-09, global = 3.38402e-11, cumulative = -3.6312e-06
DICPCG:  Solving for p_rgh, Initial residual = 0.000193042, Final residual = 8.36918e-06, No Iterations 202
DICPCG:  Solving for p_rgh, Initial residual = 8.38816e-06, Final residual = 9.96454e-08, No Iterations 94
time step continuity errors : sum local = 2.01846e-10, global = 1.34811e-11, cumulative = -3.63118e-06
ExecutionTime = 877.9 s  ClockTime = 882 s

Courant Number mean: 0.201907 max: 0.38983
Interface Courant Number mean: 0.000803058 max: 0.389636
deltaT = 0.000257577
Time = 0.0320151

PIMPLE: iteration 1
smoothSolver:  Solving for alpha.water, Initial residual = 0.0211238, Final residual = 8.84428e-10, No Iterations 3
Phase-1 volume fraction = 0.997811  Min(alpha.water) = 0.0035758  Max(alpha.water) = 1
MULES: Correcting alpha.water
MULES: Correcting alpha.water
Phase-1 volume fraction = 0.997811  Min(alpha.water) = 0.00357369  Max(alpha.water) = 1.00008
DICPCG:  Solving for p_rgh, Initial residual = 0.105281, Final residual = 0.00388513, No Iterations 4
DICPCG:  Solving for p_rgh, Initial residual = 0.00389679, Final residual = 0.000169253, No Iterations 13
time step continuity errors : sum local = 3.58434e-07, global = -1.70396e-08, cumulative = -3.64822e-06
DICPCG:  Solving for p_rgh, Initial residual = 0.00135638, Final residual = 6.412e-05, No Iterations 10
DICPCG:  Solving for p_rgh, Initial residual = 6.41159e-05, Final residual = 2.86113e-06, No Iterations 215
time step continuity errors : sum local = 6.04999e-09, global = 1.30035e-11, cumulative = -3.64821e-06
DICPCG:  Solving for p_rgh, Initial residual = 0.000199822, Final residual = 8.84118e-06, No Iterations 203
DICPCG:  Solving for p_rgh, Initial residual = 8.8628e-06, Final residual = 9.56536e-08, No Iterations 94
time step continuity errors : sum local = 2.02145e-10, global = 1.56643e-11, cumulative = -3.6482e-06
ExecutionTime = 885.6 s  ClockTime = 890 s

Courant Number mean: 0.208226 max: 0.426632
Interface Courant Number mean: 0.000847778 max: 0.343209
deltaT = 0.000241966
Time = 0.0322571

PIMPLE: iteration 1
smoothSolver:  Solving for alpha.water, Initial residual = 0.019881, Final residual = 6.25064e-10, No Iterations 3
Phase-1 volume fraction = 0.997811  Min(alpha.water) = 0.00361116  Max(alpha.water) = 1
MULES: Correcting alpha.water
MULES: Correcting alpha.water
Phase-1 volume fraction = 0.997811  Min(alpha.water) = 0.00360595  Max(alpha.water) = 1.00005
DICPCG:  Solving for p_rgh, Initial residual = 0.102601, Final residual = 0.0036647, No Iterations 4
DICPCG:  Solving for p_rgh, Initial residual = 0.00366587, Final residual = 0.000145876, No Iterations 13
time step continuity errors : sum local = 2.7634e-07, global = -1.43739e-08, cumulative = -3.66257e-06
DICPCG:  Solving for p_rgh, Initial residual = 0.00130206, Final residual = 6.0466e-05, No Iterations 8
DICPCG:  Solving for p_rgh, Initial residual = 6.04603e-05, Final residual = 3.02183e-06, No Iterations 216
time step continuity errors : sum local = 5.71686e-09, global = -7.06718e-11, cumulative = -3.66264e-06
DICPCG:  Solving for p_rgh, Initial residual = 0.000183564, Final residual = 8.52571e-06, No Iterations 200
DICPCG:  Solving for p_rgh, Initial residual = 8.54538e-06, Final residual = 9.90524e-08, No Iterations 70
time step continuity errors : sum local = 1.87342e-10, global = 1.24085e-11, cumulative = -3.66263e-06
ExecutionTime = 892.47 s  ClockTime = 897 s

Courant Number mean: 0.195616 max: 0.410072
Interface Courant Number mean: 0.000799215 max: 0.33158
deltaT = 0.000234634
Time = 0.0324917

PIMPLE: iteration 1
smoothSolver:  Solving for alpha.water, Initial residual = 0.019255, Final residual = 5.31277e-10, No Iterations 3
Phase-1 volume fraction = 0.997811  Min(alpha.water) = 0.00361706  Max(alpha.water) = 1
MULES: Correcting alpha.water
MULES: Correcting alpha.water
Phase-1 volume fraction = 0.997811  Min(alpha.water) = 0.00361706  Max(alpha.water) = 1.00005
DICPCG:  Solving for p_rgh, Initial residual = 0.0984027, Final residual = 0.00353958, No Iterations 4
DICPCG:  Solving for p_rgh, Initial residual = 0.00352054, Final residual = 0.000138866, No Iterations 13
time step continuity errors : sum local = 2.51342e-07, global = -1.33408e-08, cumulative = -3.67597e-06
DICPCG:  Solving for p_rgh, Initial residual = 0.0013102, Final residual = 5.86619e-05, No Iterations 8
DICPCG:  Solving for p_rgh, Initial residual = 5.86589e-05, Final residual = 2.82421e-06, No Iterations 214
time step continuity errors : sum local = 5.10495e-09, global = -6.72681e-12, cumulative = -3.67598e-06
DICPCG:  Solving for p_rgh, Initial residual = 0.000183474, Final residual = 8.74302e-06, No Iterations 188
DICPCG:  Solving for p_rgh, Initial residual = 8.76183e-06, Final residual = 9.82534e-08, No Iterations 119
time step continuity errors : sum local = 1.77533e-10, global = 1.56169e-11, cumulative = -3.67596e-06
ExecutionTime = 899.47 s  ClockTime = 904 s

Courant Number mean: 0.189697 max: 0.395002
Interface Courant Number mean: 0.00076607 max: 0.337486
deltaT = 0.000234634
Time = 0.0327264

PIMPLE: iteration 1
smoothSolver:  Solving for alpha.water, Initial residual = 0.019247, Final residual = 5.3654e-10, No Iterations 3
Phase-1 volume fraction = 0.997811  Min(alpha.water) = 0.00362576  Max(alpha.water) = 1
MULES: Correcting alpha.water
MULES: Correcting alpha.water
Phase-1 volume fraction = 0.997811  Min(alpha.water) = 0.00362576  Max(alpha.water) = 1.00003
DICPCG:  Solving for p_rgh, Initial residual = 0.0955475, Final residual = 0.0035332, No Iterations 4
DICPCG:  Solving for p_rgh, Initial residual = 0.00351714, Final residual = 0.000146264, No Iterations 13
time step continuity errors : sum local = 2.66207e-07, global = -1.33495e-08, cumulative = -3.68931e-06
DICPCG:  Solving for p_rgh, Initial residual = 0.0013058, Final residual = 6.08353e-05, No Iterations 8
DICPCG:  Solving for p_rgh, Initial residual = 6.08332e-05, Final residual = 3.03097e-06, No Iterations 218
time step continuity errors : sum local = 5.50899e-09, global = 5.27931e-11, cumulative = -3.68926e-06
DICPCG:  Solving for p_rgh, Initial residual = 0.000182221, Final residual = 8.33977e-06, No Iterations 199
DICPCG:  Solving for p_rgh, Initial residual = 8.35703e-06, Final residual = 9.77344e-08, No Iterations 84
time step continuity errors : sum local = 1.7753e-10, global = 1.20567e-11, cumulative = -3.68924e-06
ExecutionTime = 906.13 s  ClockTime = 910 s

Courant Number mean: 0.189705 max: 0.384496
Interface Courant Number mean: 0.000741651 max: 0.363895
deltaT = 0.000242455
Time = 0.0329688

PIMPLE: iteration 1
smoothSolver:  Solving for alpha.water, Initial residual = 0.0199399, Final residual = 6.68044e-10, No Iterations 3
Phase-1 volume fraction = 0.997811  Min(alpha.water) = 0.00364073  Max(alpha.water) = 1
MULES: Correcting alpha.water
MULES: Correcting alpha.water
Phase-1 volume fraction = 0.997811  Min(alpha.water) = 0.00364073  Max(alpha.water) = 1.0001
DICPCG:  Solving for p_rgh, Initial residual = 0.0983352, Final residual = 0.00366439, No Iterations 4
DICPCG:  Solving for p_rgh, Initial residual = 0.00366451, Final residual = 0.000160203, No Iterations 13
time step continuity errors : sum local = 3.07236e-07, global = -1.44659e-08, cumulative = -3.70371e-06
DICPCG:  Solving for p_rgh, Initial residual = 0.00129785, Final residual = 6.0913e-05, No Iterations 9
DICPCG:  Solving for p_rgh, Initial residual = 6.09114e-05, Final residual = 2.96467e-06, No Iterations 216
time step continuity errors : sum local = 5.67741e-09, global = 6.92414e-12, cumulative = -3.7037e-06
DICPCG:  Solving for p_rgh, Initial residual = 0.00018418, Final residual = 7.86487e-06, No Iterations 202
DICPCG:  Solving for p_rgh, Initial residual = 7.88165e-06, Final residual = 9.94566e-08, No Iterations 89
time step continuity errors : sum local = 1.90315e-10, global = 1.31839e-11, cumulative = -3.70369e-06
ExecutionTime = 912.91 s  ClockTime = 917 s

Courant Number mean: 0.196036 max: 0.400107
Interface Courant Number mean: 0.000775569 max: 0.33133
deltaT = 0.000242455
Time = 0.0332113

PIMPLE: iteration 1
smoothSolver:  Solving for alpha.water, Initial residual = 0.0200143, Final residual = 6.8801e-10, No Iterations 3
Phase-1 volume fraction = 0.997811  Min(alpha.water) = 0.00366406  Max(alpha.water) = 1
MULES: Correcting alpha.water
MULES: Correcting alpha.water
Phase-1 volume fraction = 0.997811  Min(alpha.water) = 0.00366138  Max(alpha.water) = 1.00021
DICPCG:  Solving for p_rgh, Initial residual = 0.101546, Final residual = 0.00368114, No Iterations 4
DICPCG:  Solving for p_rgh, Initial residual = 0.00369105, Final residual = 0.000151924, No Iterations 13
time step continuity errors : sum local = 2.88639e-07, global = -1.43278e-08, cumulative = -3.71802e-06
DICPCG:  Solving for p_rgh, Initial residual = 0.00128466, Final residual = 6.33637e-05, No Iterations 9
DICPCG:  Solving for p_rgh, Initial residual = 6.33581e-05, Final residual = 2.929e-06, No Iterations 214
time step continuity errors : sum local = 5.55724e-09, global = -6.28572e-11, cumulative = -3.71808e-06
DICPCG:  Solving for p_rgh, Initial residual = 0.000182921, Final residual = 8.96284e-06, No Iterations 202
DICPCG:  Solving for p_rgh, Initial residual = 8.9827e-06, Final residual = 9.65622e-08, No Iterations 98
time step continuity errors : sum local = 1.83122e-10, global = 1.50436e-11, cumulative = -3.71807e-06
ExecutionTime = 919.97 s  ClockTime = 924 s

Courant Number mean: 0.196043 max: 0.410924
Interface Courant Number mean: 0.000788748 max: 0.333908
deltaT = 0.000234094
Time = 0.0334454

PIMPLE: iteration 1
smoothSolver:  Solving for alpha.water, Initial residual = 0.019355, Final residual = 5.75198e-10, No Iterations 3
Phase-1 volume fraction = 0.997811  Min(alpha.water) = 0.0036935  Max(alpha.water) = 1.00001
MULES: Correcting alpha.water
MULES: Correcting alpha.water
Phase-1 volume fraction = 0.997811  Min(alpha.water) = 0.00368752  Max(alpha.water) = 1.00006
DICPCG:  Solving for p_rgh, Initial residual = 0.100324, Final residual = 0.00355794, No Iterations 4
DICPCG:  Solving for p_rgh, Initial residual = 0.00355397, Final residual = 0.000137773, No Iterations 13
time step continuity errors : sum local = 2.46099e-07, global = -1.30238e-08, cumulative = -3.73109e-06
DICPCG:  Solving for p_rgh, Initial residual = 0.00128192, Final residual = 5.98942e-05, No Iterations 8
DICPCG:  Solving for p_rgh, Initial residual = 5.98897e-05, Final residual = 2.67273e-06, No Iterations 214
time step continuity errors : sum local = 4.76809e-09, global = -5.52502e-11, cumulative = -3.73114e-06
DICPCG:  Solving for p_rgh, Initial residual = 0.000179515, Final residual = 8.42109e-06, No Iterations 200
DICPCG:  Solving for p_rgh, Initial residual = 8.43927e-06, Final residual = 9.94559e-08, No Iterations 73
time step continuity errors : sum local = 1.77386e-10, global = 1.07301e-11, cumulative = -3.73113e-06
ExecutionTime = 926.82 s  ClockTime = 931 s

Courant Number mean: 0.189292 max: 0.401011
Interface Courant Number mean: 0.000760616 max: 0.331525
deltaT = 0.000234094
Time = 0.0336795

PIMPLE: iteration 1
smoothSolver:  Solving for alpha.water, Initial residual = 0.0193368, Final residual = 5.83355e-10, No Iterations 3
Phase-1 volume fraction = 0.997811  Min(alpha.water) = 0.00369984  Max(alpha.water) = 1.00001
MULES: Correcting alpha.water
MULES: Correcting alpha.water
Phase-1 volume fraction = 0.997811  Min(alpha.water) = 0.00369984  Max(alpha.water) = 1.00002
DICPCG:  Solving for p_rgh, Initial residual = 0.10017, Final residual = 0.00354526, No Iterations 4
DICPCG:  Solving for p_rgh, Initial residual = 0.00353378, Final residual = 0.000137378, No Iterations 13
time step continuity errors : sum local = 2.46162e-07, global = -1.30413e-08, cumulative = -3.74418e-06
DICPCG:  Solving for p_rgh, Initial residual = 0.00131924, Final residual = 6.57616e-05, No Iterations 7
DICPCG:  Solving for p_rgh, Initial residual = 6.57583e-05, Final residual = 3.25429e-06, No Iterations 216
time step continuity errors : sum local = 5.82355e-09, global = 3.55647e-11, cumulative = -3.74414e-06
DICPCG:  Solving for p_rgh, Initial residual = 0.000186856, Final residual = 9.23794e-06, No Iterations 189
DICPCG:  Solving for p_rgh, Initial residual = 9.25762e-06, Final residual = 9.85743e-08, No Iterations 125
time step continuity errors : sum local = 1.76352e-10, global = 1.71819e-11, cumulative = -3.74412e-06
ExecutionTime = 934.42 s  ClockTime = 939 s

Courant Number mean: 0.1893 max: 0.393741
Interface Courant Number mean: 0.000744344 max: 0.343814
deltaT = 0.000234094
Time = 0.0339135

PIMPLE: iteration 1
smoothSolver:  Solving for alpha.water, Initial residual = 0.0193477, Final residual = 5.79729e-10, No Iterations 3
Phase-1 volume fraction = 0.997811  Min(alpha.water) = 0.00370806  Max(alpha.water) = 1.00001
MULES: Correcting alpha.water
MULES: Correcting alpha.water
Phase-1 volume fraction = 0.997811  Min(alpha.water) = 0.00370806  Max(alpha.water) = 1.00003
DICPCG:  Solving for p_rgh, Initial residual = 0.0974446, Final residual = 0.00355899, No Iterations 4
DICPCG:  Solving for p_rgh, Initial residual = 0.00354567, Final residual = 0.000145098, No Iterations 13
time step continuity errors : sum local = 2.61015e-07, global = -1.2991e-08, cumulative = -3.75711e-06
DICPCG:  Solving for p_rgh, Initial residual = 0.00133387, Final residual = 6.1649e-05, No Iterations 8
DICPCG:  Solving for p_rgh, Initial residual = 6.16473e-05, Final residual = 2.6057e-06, No Iterations 215
time step continuity errors : sum local = 4.68086e-09, global = -1.25543e-11, cumulative = -3.75713e-06
DICPCG:  Solving for p_rgh, Initial residual = 0.000186864, Final residual = 8.96837e-06, No Iterations 199
DICPCG:  Solving for p_rgh, Initial residual = 8.98665e-06, Final residual = 9.98578e-08, No Iterations 108
time step continuity errors : sum local = 1.79281e-10, global = 1.08213e-11, cumulative = -3.75712e-06
ExecutionTime = 941.72 s  ClockTime = 946 s

Courant Number mean: 0.189307 max: 0.379371
Interface Courant Number mean: 0.000737243 max: 0.363981
deltaT = 0.000243458
Time = 0.034157

PIMPLE: iteration 1
smoothSolver:  Solving for alpha.water, Initial residual = 0.020156, Final residual = 7.36058e-10, No Iterations 3
Phase-1 volume fraction = 0.997811  Min(alpha.water) = 0.00372254  Max(alpha.water) = 1.00001
MULES: Correcting alpha.water
MULES: Correcting alpha.water
Phase-1 volume fraction = 0.997811  Min(alpha.water) = 0.00372254  Max(alpha.water) = 1.00003
DICPCG:  Solving for p_rgh, Initial residual = 0.100335, Final residual = 0.003715, No Iterations 4
DICPCG:  Solving for p_rgh, Initial residual = 0.00371244, Final residual = 0.000159643, No Iterations 13
time step continuity errors : sum local = 3.06435e-07, global = -1.43104e-08, cumulative = -3.77143e-06
DICPCG:  Solving for p_rgh, Initial residual = 0.00133302, Final residual = 6.64604e-05, No Iterations 8
DICPCG:  Solving for p_rgh, Initial residual = 6.64571e-05, Final residual = 3.2483e-06, No Iterations 161
time step continuity errors : sum local = 6.22634e-09, global = 2.32586e-11, cumulative = -3.7714e-06
DICPCG:  Solving for p_rgh, Initial residual = 0.000188842, Final residual = 8.29105e-06, No Iterations 202
DICPCG:  Solving for p_rgh, Initial residual = 8.30866e-06, Final residual = 9.78422e-08, No Iterations 100
time step continuity errors : sum local = 1.87412e-10, global = 1.0824e-11, cumulative = -3.77139e-06
ExecutionTime = 948.05 s  ClockTime = 952 s

Courant Number mean: 0.196886 max: 0.398616
Interface Courant Number mean: 0.000788101 max: 0.341722
deltaT = 0.000243458
Time = 0.0344005

PIMPLE: iteration 1
smoothSolver:  Solving for alpha.water, Initial residual = 0.0202314, Final residual = 7.57822e-10, No Iterations 3
Phase-1 volume fraction = 0.997811  Min(alpha.water) = 0.00374504  Max(alpha.water) = 1
MULES: Correcting alpha.water
MULES: Correcting alpha.water
Phase-1 volume fraction = 0.997811  Min(alpha.water) = 0.0037417  Max(alpha.water) = 1.00002
DICPCG:  Solving for p_rgh, Initial residual = 0.103398, Final residual = 0.00373082, No Iterations 4
DICPCG:  Solving for p_rgh, Initial residual = 0.00374264, Final residual = 0.000155966, No Iterations 13
time step continuity errors : sum local = 2.96358e-07, global = -1.41808e-08, cumulative = -3.78557e-06
DICPCG:  Solving for p_rgh, Initial residual = 0.00130594, Final residual = 5.79443e-05, No Iterations 9
DICPCG:  Solving for p_rgh, Initial residual = 5.79389e-05, Final residual = 2.73034e-06, No Iterations 218
time step continuity errors : sum local = 5.18106e-09, global = -8.29411e-12, cumulative = -3.78558e-06
DICPCG:  Solving for p_rgh, Initial residual = 0.000187677, Final residual = 8.29752e-06, No Iterations 201
DICPCG:  Solving for p_rgh, Initial residual = 8.31569e-06, Final residual = 9.89728e-08, No Iterations 71
time step continuity errors : sum local = 1.87718e-10, global = 1.6666e-11, cumulative = -3.78556e-06
ExecutionTime = 954.38 s  ClockTime = 959 s

Courant Number mean: 0.196893 max: 0.404173
Interface Courant Number mean: 0.000803027 max: 0.339245
deltaT = 0.000243458
Time = 0.0346439

PIMPLE: iteration 1
smoothSolver:  Solving for alpha.water, Initial residual = 0.0202534, Final residual = 7.81334e-10, No Iterations 3
Phase-1 volume fraction = 0.997811  Min(alpha.water) = 0.00377805  Max(alpha.water) = 1
MULES: Correcting alpha.water
MULES: Correcting alpha.water
Phase-1 volume fraction = 0.997811  Min(alpha.water) = 0.00377158  Max(alpha.water) = 1.00003
DICPCG:  Solving for p_rgh, Initial residual = 0.105393, Final residual = 0.00371921, No Iterations 4
DICPCG:  Solving for p_rgh, Initial residual = 0.00371448, Final residual = 0.000185649, No Iterations 12
time step continuity errors : sum local = 3.52379e-07, global = -1.40973e-08, cumulative = -3.79966e-06
DICPCG:  Solving for p_rgh, Initial residual = 0.00137362, Final residual = 6.29999e-05, No Iterations 9
DICPCG:  Solving for p_rgh, Initial residual = 6.29965e-05, Final residual = 3.02855e-06, No Iterations 215
time step continuity errors : sum local = 5.74057e-09, global = -7.47431e-11, cumulative = -3.79974e-06
DICPCG:  Solving for p_rgh, Initial residual = 0.00019905, Final residual = 8.5905e-06, No Iterations 201
DICPCG:  Solving for p_rgh, Initial residual = 8.60991e-06, Final residual = 9.99188e-08, No Iterations 75
time step continuity errors : sum local = 1.89358e-10, global = 1.07006e-11, cumulative = -3.79973e-06
ExecutionTime = 960.92 s  ClockTime = 965 s

Courant Number mean: 0.196902 max: 0.402146
Interface Courant Number mean: 0.000794105 max: 0.348132
deltaT = 0.000243458
Time = 0.0348874

PIMPLE: iteration 1
smoothSolver:  Solving for alpha.water, Initial residual = 0.0202538, Final residual = 7.82981e-10, No Iterations 3
Phase-1 volume fraction = 0.997811  Min(alpha.water) = 0.00378719  Max(alpha.water) = 1
MULES: Correcting alpha.water
MULES: Correcting alpha.water
Phase-1 volume fraction = 0.997811  Min(alpha.water) = 0.00378719  Max(alpha.water) = 1.00003
DICPCG:  Solving for p_rgh, Initial residual = 0.105373, Final residual = 0.00371582, No Iterations 4
DICPCG:  Solving for p_rgh, Initial residual = 0.00370247, Final residual = 0.000153318, No Iterations 13
time step continuity errors : sum local = 2.92093e-07, global = -1.40386e-08, cumulative = -3.81376e-06
DICPCG:  Solving for p_rgh, Initial residual = 0.00140322, Final residual = 6.79828e-05, No Iterations 7
DICPCG:  Solving for p_rgh, Initial residual = 6.79805e-05, Final residual = 3.31116e-06, No Iterations 218
time step continuity errors : sum local = 6.29912e-09, global = 7.16782e-12, cumulative = -3.81376e-06
DICPCG:  Solving for p_rgh, Initial residual = 0.000203282, Final residual = 9.38403e-06, No Iterations 197
DICPCG:  Solving for p_rgh, Initial residual = 9.40494e-06, Final residual = 9.889e-08, No Iterations 87
time step continuity errors : sum local = 1.88085e-10, global = 1.11243e-11, cumulative = -3.81375e-06
ExecutionTime = 967.46 s  ClockTime = 972 s

Courant Number mean: 0.19691 max: 0.393893
Interface Courant Number mean: 0.000776082 max: 0.351731
deltaT = 0.000243458
Time = 0.0351308

PIMPLE: iteration 1
smoothSolver:  Solving for alpha.water, Initial residual = 0.0202582, Final residual = 7.70228e-10, No Iterations 3
Phase-1 volume fraction = 0.997811  Min(alpha.water) = 0.00379727  Max(alpha.water) = 1
MULES: Correcting alpha.water
MULES: Correcting alpha.water
Phase-1 volume fraction = 0.997811  Min(alpha.water) = 0.00379724  Max(alpha.water) = 1.00002
DICPCG:  Solving for p_rgh, Initial residual = 0.102656, Final residual = 0.00373558, No Iterations 4
DICPCG:  Solving for p_rgh, Initial residual = 0.00371983, Final residual = 0.000167275, No Iterations 13
time step continuity errors : sum local = 3.20194e-07, global = -1.39871e-08, cumulative = -3.82773e-06
DICPCG:  Solving for p_rgh, Initial residual = 0.0014257, Final residual = 6.52886e-05, No Iterations 8
DICPCG:  Solving for p_rgh, Initial residual = 6.52864e-05, Final residual = 3.13402e-06, No Iterations 215
time step continuity errors : sum local = 5.99027e-09, global = 5.69838e-11, cumulative = -3.82768e-06
DICPCG:  Solving for p_rgh, Initial residual = 0.00020483, Final residual = 9.44323e-06, No Iterations 199
DICPCG:  Solving for p_rgh, Initial residual = 9.46314e-06, Final residual = 9.84533e-08, No Iterations 112
time step continuity errors : sum local = 1.88066e-10, global = 1.19989e-11, cumulative = -3.82766e-06
ExecutionTime = 974.98 s  ClockTime = 979 s

Courant Number mean: 0.196917 max: 0.383206
Interface Courant Number mean: 0.000793071 max: 0.348396
deltaT = 0.000256272
Time = 0.0353871

PIMPLE: iteration 1
smoothSolver:  Solving for alpha.water, Initial residual = 0.0213483, Final residual = 1.04947e-09, No Iterations 3
Phase-1 volume fraction = 0.997811  Min(alpha.water) = 0.00381564  Max(alpha.water) = 1
MULES: Correcting alpha.water
MULES: Correcting alpha.water
Phase-1 volume fraction = 0.997811  Min(alpha.water) = 0.00381564  Max(alpha.water) = 1.00002
DICPCG:  Solving for p_rgh, Initial residual = 0.105601, Final residual = 0.00394576, No Iterations 4
DICPCG:  Solving for p_rgh, Initial residual = 0.00394253, Final residual = 0.000180922, No Iterations 13
time step continuity errors : sum local = 3.77123e-07, global = -1.58813e-08, cumulative = -3.84355e-06
DICPCG:  Solving for p_rgh, Initial residual = 0.00142268, Final residual = 7.09266e-05, No Iterations 8
DICPCG:  Solving for p_rgh, Initial residual = 7.09213e-05, Final residual = 3.41748e-06, No Iterations 210
time step continuity errors : sum local = 7.11294e-09, global = -1.7465e-10, cumulative = -3.84372e-06
DICPCG:  Solving for p_rgh, Initial residual = 0.000209734, Final residual = 9.50626e-06, No Iterations 201
DICPCG:  Solving for p_rgh, Initial residual = 9.52758e-06, Final residual = 9.95238e-08, No Iterations 104
time step continuity errors : sum local = 2.07003e-10, global = 1.3395e-11, cumulative = -3.84371e-06
ExecutionTime = 983.04 s  ClockTime = 987 s

Courant Number mean: 0.207288 max: 0.403349
Interface Courant Number mean: 0.000844282 max: 0.357491
deltaT = 0.000256272
Time = 0.0356434

PIMPLE: iteration 1
smoothSolver:  Solving for alpha.water, Initial residual = 0.0213704, Final residual = 1.0617e-09, No Iterations 3
Phase-1 volume fraction = 0.997811  Min(alpha.water) = 0.00384439  Max(alpha.water) = 1
MULES: Correcting alpha.water
MULES: Correcting alpha.water
Phase-1 volume fraction = 0.997811  Min(alpha.water) = 0.00383973  Max(alpha.water) = 1.00002
DICPCG:  Solving for p_rgh, Initial residual = 0.108211, Final residual = 0.00393812, No Iterations 4
DICPCG:  Solving for p_rgh, Initial residual = 0.00394519, Final residual = 0.000174545, No Iterations 13
time step continuity errors : sum local = 3.61068e-07, global = -1.5643e-08, cumulative = -3.85935e-06
DICPCG:  Solving for p_rgh, Initial residual = 0.0013641, Final residual = 6.8012e-05, No Iterations 8
DICPCG:  Solving for p_rgh, Initial residual = 6.80071e-05, Final residual = 2.89441e-06, No Iterations 215
time step continuity errors : sum local = 5.97851e-09, global = -4.96412e-11, cumulative = -3.8594e-06
DICPCG:  Solving for p_rgh, Initial residual = 0.000205165, Final residual = 9.91718e-06, No Iterations 201
DICPCG:  Solving for p_rgh, Initial residual = 9.9399e-06, Final residual = 9.77515e-08, No Iterations 98
time step continuity errors : sum local = 2.01804e-10, global = 1.55755e-11, cumulative = -3.85938e-06
ExecutionTime = 991.31 s  ClockTime = 996 s

Courant Number mean: 0.207295 max: 0.404179
Interface Courant Number mean: 0.000856279 max: 0.360705
deltaT = 0.000256272
Time = 0.0358997

PIMPLE: iteration 1
smoothSolver:  Solving for alpha.water, Initial residual = 0.0213369, Final residual = 1.06878e-09, No Iterations 3
Phase-1 volume fraction = 0.997811  Min(alpha.water) = 0.00388687  Max(alpha.water) = 1
MULES: Correcting alpha.water
MULES: Correcting alpha.water
Phase-1 volume fraction = 0.997811  Min(alpha.water) = 0.00387848  Max(alpha.water) = 1.00001
DICPCG:  Solving for p_rgh, Initial residual = 0.110674, Final residual = 0.00391916, No Iterations 4
DICPCG:  Solving for p_rgh, Initial residual = 0.00391273, Final residual = 0.000162073, No Iterations 13
time step continuity errors : sum local = 3.35043e-07, global = -1.56013e-08, cumulative = -3.87498e-06
DICPCG:  Solving for p_rgh, Initial residual = 0.00142298, Final residual = 7.04324e-05, No Iterations 7
DICPCG:  Solving for p_rgh, Initial residual = 7.04299e-05, Final residual = 3.41892e-06, No Iterations 217
time step continuity errors : sum local = 7.05665e-09, global = -4.74515e-11, cumulative = -3.87503e-06
DICPCG:  Solving for p_rgh, Initial residual = 0.000213169, Final residual = 9.37662e-06, No Iterations 201
DICPCG:  Solving for p_rgh, Initial residual = 9.39907e-06, Final residual = 9.94493e-08, No Iterations 96
time step continuity errors : sum local = 2.05248e-10, global = 1.53289e-11, cumulative = -3.87502e-06
ExecutionTime = 1002.27 s  ClockTime = 1007 s

Courant Number mean: 0.207302 max: 0.398201
Interface Courant Number mean: 0.000833182 max: 0.361262
deltaT = 0.000256272
Time = 0.0361559

PIMPLE: iteration 1
smoothSolver:  Solving for alpha.water, Initial residual = 0.0212832, Final residual = 1.06518e-09, No Iterations 3
Phase-1 volume fraction = 0.997811  Min(alpha.water) = 0.00389958  Max(alpha.water) = 1
MULES: Correcting alpha.water
MULES: Correcting alpha.water
Phase-1 volume fraction = 0.997811  Min(alpha.water) = 0.00389958  Max(alpha.water) = 1.00002
DICPCG:  Solving for p_rgh, Initial residual = 0.110313, Final residual = 0.00393193, No Iterations 4
DICPCG:  Solving for p_rgh, Initial residual = 0.00391057, Final residual = 0.000172385, No Iterations 13
time step continuity errors : sum local = 3.58977e-07, global = -1.55314e-08, cumulative = -3.89055e-06
DICPCG:  Solving for p_rgh, Initial residual = 0.00151853, Final residual = 7.48144e-05, No Iterations 7
DICPCG:  Solving for p_rgh, Initial residual = 7.48099e-05, Final residual = 3.49417e-06, No Iterations 187
time step continuity errors : sum local = 7.26532e-09, global = 3.79411e-11, cumulative = -3.89051e-06
DICPCG:  Solving for p_rgh, Initial residual = 0.000225912, Final residual = 1.09717e-05, No Iterations 200
DICPCG:  Solving for p_rgh, Initial residual = 1.09971e-05, Final residual = 9.93859e-08, No Iterations 145
time step continuity errors : sum local = 2.06596e-10, global = 1.51169e-11, cumulative = -3.8905e-06
ExecutionTime = 1011.69 s  ClockTime = 1016 s

Courant Number mean: 0.20731 max: 0.389728
Interface Courant Number mean: 0.000837018 max: 0.364747
deltaT = 0.000256272
Time = 0.0364122

PIMPLE: iteration 1
smoothSolver:  Solving for alpha.water, Initial residual = 0.021285, Final residual = 1.0588e-09, No Iterations 3
Phase-1 volume fraction = 0.997811  Min(alpha.water) = 0.00391368  Max(alpha.water) = 1
MULES: Correcting alpha.water
MULES: Correcting alpha.water
Phase-1 volume fraction = 0.997811  Min(alpha.water) = 0.0039136  Max(alpha.water) = 1.00002
DICPCG:  Solving for p_rgh, Initial residual = 0.105608, Final residual = 0.00394849, No Iterations 4
DICPCG:  Solving for p_rgh, Initial residual = 0.00394038, Final residual = 0.000180673, No Iterations 13
time step continuity errors : sum local = 3.76344e-07, global = -1.54802e-08, cumulative = -3.90598e-06
DICPCG:  Solving for p_rgh, Initial residual = 0.00149227, Final residual = 7.44492e-05, No Iterations 8
DICPCG:  Solving for p_rgh, Initial residual = 7.44433e-05, Final residual = 3.41685e-06, No Iterations 217
time step continuity errors : sum local = 7.10676e-09, global = 2.57485e-11, cumulative = -3.90595e-06
DICPCG:  Solving for p_rgh, Initial residual = 0.000222141, Final residual = 1.02835e-05, No Iterations 201
DICPCG:  Solving for p_rgh, Initial residual = 1.03059e-05, Final residual = 9.50268e-08, No Iterations 141
time step continuity errors : sum local = 1.97503e-10, global = 1.31028e-11, cumulative = -3.90594e-06
ExecutionTime = 1023.18 s  ClockTime = 1027 s

Courant Number mean: 0.207316 max: 0.376488
Interface Courant Number mean: 0.00085674 max: 0.360113
deltaT = 0.000275985
Time = 0.0366882

PIMPLE: iteration 1
smoothSolver:  Solving for alpha.water, Initial residual = 0.0229152, Final residual = 1.6613e-09, No Iterations 3
Phase-1 volume fraction = 0.997811  Min(alpha.water) = 0.00394246  Max(alpha.water) = 1
MULES: Correcting alpha.water
MULES: Correcting alpha.water
Phase-1 volume fraction = 0.997811  Min(alpha.water) = 0.00394247  Max(alpha.water) = 1.00002
DICPCG:  Solving for p_rgh, Initial residual = 0.113157, Final residual = 0.00425618, No Iterations 4
DICPCG:  Solving for p_rgh, Initial residual = 0.0042647, Final residual = 0.000187096, No Iterations 13
time step continuity errors : sum local = 4.38225e-07, global = -1.85869e-08, cumulative = -3.92452e-06
DICPCG:  Solving for p_rgh, Initial residual = 0.00146306, Final residual = 7.03489e-05, No Iterations 9
DICPCG:  Solving for p_rgh, Initial residual = 7.03431e-05, Final residual = 3.40256e-06, No Iterations 216
time step continuity errors : sum local = 7.95642e-09, global = -2.98103e-11, cumulative = -3.92455e-06
DICPCG:  Solving for p_rgh, Initial residual = 0.000230554, Final residual = 1.02324e-05, No Iterations 202
DICPCG:  Solving for p_rgh, Initial residual = 1.02575e-05, Final residual = 9.73848e-08, No Iterations 102
time step continuity errors : sum local = 2.2757e-10, global = 1.63629e-11, cumulative = -3.92454e-06
ExecutionTime = 1032.86 s  ClockTime = 1037 s

Courant Number mean: 0.223269 max: 0.407013
Interface Courant Number mean: 0.000935481 max: 0.385569
deltaT = 0.000275985
Time = 0.0369642

PIMPLE: iteration 1
smoothSolver:  Solving for alpha.water, Initial residual = 0.0228554, Final residual = 1.67515e-09, No Iterations 3
Phase-1 volume fraction = 0.997811  Min(alpha.water) = 0.00398864  Max(alpha.water) = 1
MULES: Correcting alpha.water
MULES: Correcting alpha.water
Phase-1 volume fraction = 0.997811  Min(alpha.water) = 0.00398793  Max(alpha.water) = 1.00007
DICPCG:  Solving for p_rgh, Initial residual = 0.116205, Final residual = 0.00424264, No Iterations 4
DICPCG:  Solving for p_rgh, Initial residual = 0.00424134, Final residual = 0.000171084, No Iterations 13
time step continuity errors : sum local = 3.99235e-07, global = -1.82703e-08, cumulative = -3.94281e-06
DICPCG:  Solving for p_rgh, Initial residual = 0.00146984, Final residual = 7.2467e-05, No Iterations 8
DICPCG:  Solving for p_rgh, Initial residual = 7.24634e-05, Final residual = 3.43804e-06, No Iterations 215
time step continuity errors : sum local = 8.00925e-09, global = -9.17511e-11, cumulative = -3.9429e-06
DICPCG:  Solving for p_rgh, Initial residual = 0.000234175, Final residual = 1.06695e-05, No Iterations 200
DICPCG:  Solving for p_rgh, Initial residual = 1.06966e-05, Final residual = 9.73935e-08, No Iterations 91
time step continuity errors : sum local = 2.26819e-10, global = 1.85417e-11, cumulative = -3.94288e-06
ExecutionTime = 1042.27 s  ClockTime = 1047 s

Courant Number mean: 0.223276 max: 0.402439
Interface Courant Number mean: 0.000922305 max: 0.372243
deltaT = 0.000275985
Time = 0.0372401

PIMPLE: iteration 1
smoothSolver:  Solving for alpha.water, Initial residual = 0.0227618, Final residual = 1.66326e-09, No Iterations 3
Phase-1 volume fraction = 0.997811  Min(alpha.water) = 0.00405755  Max(alpha.water) = 1.00001
MULES: Correcting alpha.water
MULES: Correcting alpha.water
Phase-1 volume fraction = 0.997811  Min(alpha.water) = 0.00405065  Max(alpha.water) = 1.00003
DICPCG:  Solving for p_rgh, Initial residual = 0.117954, Final residual = 0.0042289, No Iterations 4
DICPCG:  Solving for p_rgh, Initial residual = 0.00421233, Final residual = 0.000167223, No Iterations 13
time step continuity errors : sum local = 3.91747e-07, global = -1.81718e-08, cumulative = -3.96105e-06
DICPCG:  Solving for p_rgh, Initial residual = 0.00159137, Final residual = 7.7772e-05, No Iterations 7
DICPCG:  Solving for p_rgh, Initial residual = 7.77679e-05, Final residual = 3.62629e-06, No Iterations 216
time step continuity errors : sum local = 8.48053e-09, global = -6.81317e-11, cumulative = -3.96112e-06
DICPCG:  Solving for p_rgh, Initial residual = 0.000251165, Final residual = 1.08076e-05, No Iterations 189
DICPCG:  Solving for p_rgh, Initial residual = 1.08356e-05, Final residual = 9.73858e-08, No Iterations 100
time step continuity errors : sum local = 2.27743e-10, global = 1.88927e-11, cumulative = -3.9611e-06
ExecutionTime = 1051.84 s  ClockTime = 1056 s

Courant Number mean: 0.223284 max: 0.395091
Interface Courant Number mean: 0.000913446 max: 0.382403
deltaT = 0.000275985
Time = 0.0375161

PIMPLE: iteration 1
smoothSolver:  Solving for alpha.water, Initial residual = 0.0227068, Final residual = 1.6669e-09, No Iterations 3
Phase-1 volume fraction = 0.997811  Min(alpha.water) = 0.00407641  Max(alpha.water) = 1.00001
MULES: Correcting alpha.water
MULES: Correcting alpha.water
Phase-1 volume fraction = 0.997811  Min(alpha.water) = 0.00407641  Max(alpha.water) = 1.00004
DICPCG:  Solving for p_rgh, Initial residual = 0.114364, Final residual = 0.00425096, No Iterations 4
DICPCG:  Solving for p_rgh, Initial residual = 0.00423465, Final residual = 0.000197632, No Iterations 13
time step continuity errors : sum local = 4.64739e-07, global = -1.80875e-08, cumulative = -3.97919e-06
DICPCG:  Solving for p_rgh, Initial residual = 0.00162168, Final residual = 8.06707e-05, No Iterations 8
DICPCG:  Solving for p_rgh, Initial residual = 8.06639e-05, Final residual = 4.02855e-06, No Iterations 181
time step continuity errors : sum local = 9.45763e-09, global = 4.22094e-10, cumulative = -3.97877e-06
DICPCG:  Solving for p_rgh, Initial residual = 0.000255871, Final residual = 1.11472e-05, No Iterations 200
DICPCG:  Solving for p_rgh, Initial residual = 1.11744e-05, Final residual = 9.95731e-08, No Iterations 133
time step continuity errors : sum local = 2.33634e-10, global = 1.74285e-11, cumulative = -3.97875e-06
ExecutionTime = 1061.08 s  ClockTime = 1065 s

Courant Number mean: 0.223292 max: 0.3828
Interface Courant Number mean: 0.000924714 max: 0.3828
deltaT = 0.000275985
Time = 0.0377921

PIMPLE: iteration 1
smoothSolver:  Solving for alpha.water, Initial residual = 0.0227074, Final residual = 1.71286e-09, No Iterations 3
Phase-1 volume fraction = 0.997811  Min(alpha.water) = 0.00410146  Max(alpha.water) = 1
MULES: Correcting alpha.water
MULES: Correcting alpha.water
Phase-1 volume fraction = 0.997811  Min(alpha.water) = 0.00410143  Max(alpha.water) = 1.00007
DICPCG:  Solving for p_rgh, Initial residual = 0.112644, Final residual = 0.00425603, No Iterations 4
DICPCG:  Solving for p_rgh, Initial residual = 0.00426375, Final residual = 0.000180028, No Iterations 14
time step continuity errors : sum local = 4.19928e-07, global = -1.81372e-08, cumulative = -3.99689e-06
DICPCG:  Solving for p_rgh, Initial residual = 0.00146078, Final residual = 6.80653e-05, No Iterations 9
DICPCG:  Solving for p_rgh, Initial residual = 6.80586e-05, Final residual = 3.1896e-06, No Iterations 221
time step continuity errors : sum local = 7.42756e-09, global = 1.07531e-11, cumulative = -3.99688e-06
DICPCG:  Solving for p_rgh, Initial residual = 0.000227346, Final residual = 1.10376e-05, No Iterations 201
DICPCG:  Solving for p_rgh, Initial residual = 1.10634e-05, Final residual = 9.90524e-08, No Iterations 135
time step continuity errors : sum local = 2.30455e-10, global = 1.49476e-11, cumulative = -3.99686e-06
ExecutionTime = 1070.94 s  ClockTime = 1075 s

Courant Number mean: 0.223298 max: 0.386843
Interface Courant Number mean: 0.000934962 max: 0.380955
deltaT = 0.000275985
Time = 0.0380681

PIMPLE: iteration 1
smoothSolver:  Solving for alpha.water, Initial residual = 0.0226966, Final residual = 1.8349e-09, No Iterations 3
Phase-1 volume fraction = 0.997811  Min(alpha.water) = 0.00414022  Max(alpha.water) = 1
MULES: Correcting alpha.water
MULES: Correcting alpha.water
Phase-1 volume fraction = 0.997811  Min(alpha.water) = 0.00413299  Max(alpha.water) = 1.00018
DICPCG:  Solving for p_rgh, Initial residual = 0.114985, Final residual = 0.00423729, No Iterations 4
DICPCG:  Solving for p_rgh, Initial residual = 0.0042321, Final residual = 0.000197964, No Iterations 13
time step continuity errors : sum local = 4.60677e-07, global = -1.79441e-08, cumulative = -4.01481e-06
DICPCG:  Solving for p_rgh, Initial residual = 0.00143932, Final residual = 7.10817e-05, No Iterations 9
DICPCG:  Solving for p_rgh, Initial residual = 7.10764e-05, Final residual = 3.41136e-06, No Iterations 214
time step continuity errors : sum local = 7.9254e-09, global = -6.96708e-11, cumulative = -4.01487e-06
DICPCG:  Solving for p_rgh, Initial residual = 0.000228529, Final residual = 1.03377e-05, No Iterations 201
DICPCG:  Solving for p_rgh, Initial residual = 1.03629e-05, Final residual = 9.76371e-08, No Iterations 99
time step continuity errors : sum local = 2.26713e-10, global = 1.75103e-11, cumulative = -4.01486e-06
ExecutionTime = 1080.18 s  ClockTime = 1085 s

Courant Number mean: 0.223302 max: 0.385718
Interface Courant Number mean: 0.000933956 max: 0.37073
deltaT = 0.000275985
Time = 0.0383441

PIMPLE: iteration 1
smoothSolver:  Solving for alpha.water, Initial residual = 0.0226528, Final residual = 1.94957e-09, No Iterations 3
Phase-1 volume fraction = 0.997811  Min(alpha.water) = 0.00419876  Max(alpha.water) = 1.00001
MULES: Correcting alpha.water
MULES: Correcting alpha.water
Phase-1 volume fraction = 0.997811  Min(alpha.water) = 0.00419022  Max(alpha.water) = 1.00006
DICPCG:  Solving for p_rgh, Initial residual = 0.11663, Final residual = 0.00421268, No Iterations 4
DICPCG:  Solving for p_rgh, Initial residual = 0.00419808, Final residual = 0.000181612, No Iterations 13
time step continuity errors : sum local = 4.23822e-07, global = -1.78498e-08, cumulative = -4.03271e-06
DICPCG:  Solving for p_rgh, Initial residual = 0.00155357, Final residual = 7.04855e-05, No Iterations 8
DICPCG:  Solving for p_rgh, Initial residual = 7.04814e-05, Final residual = 3.09576e-06, No Iterations 214
time step continuity errors : sum local = 7.21228e-09, global = -2.10288e-11, cumulative = -4.03273e-06
DICPCG:  Solving for p_rgh, Initial residual = 0.000245294, Final residual = 1.15162e-05, No Iterations 188
DICPCG:  Solving for p_rgh, Initial residual = 1.15455e-05, Final residual = 9.76441e-08, No Iterations 97
time step continuity errors : sum local = 2.27472e-10, global = 1.7588e-11, cumulative = -4.03271e-06
ExecutionTime = 1090.28 s  ClockTime = 1095 s

Courant Number mean: 0.22331 max: 0.378222
Interface Courant Number mean: 0.000917201 max: 0.377197
deltaT = 0.000275985
Time = 0.0386201

PIMPLE: iteration 1
smoothSolver:  Solving for alpha.water, Initial residual = 0.0226137, Final residual = 2.08126e-09, No Iterations 3
Phase-1 volume fraction = 0.997811  Min(alpha.water) = 0.0042195  Max(alpha.water) = 1.00001
MULES: Correcting alpha.water
MULES: Correcting alpha.water
Phase-1 volume fraction = 0.997811  Min(alpha.water) = 0.00421612  Max(alpha.water) = 1.00003
DICPCG:  Solving for p_rgh, Initial residual = 0.115239, Final residual = 0.0042249, No Iterations 4
DICPCG:  Solving for p_rgh, Initial residual = 0.00420915, Final residual = 0.00020126, No Iterations 13
time step continuity errors : sum local = 4.71314e-07, global = -1.77746e-08, cumulative = -4.05049e-06
DICPCG:  Solving for p_rgh, Initial residual = 0.0016212, Final residual = 7.28849e-05, No Iterations 9
DICPCG:  Solving for p_rgh, Initial residual = 7.28798e-05, Final residual = 3.40525e-06, No Iterations 214
time step continuity errors : sum local = 7.96134e-09, global = 6.45203e-11, cumulative = -4.05042e-06
DICPCG:  Solving for p_rgh, Initial residual = 0.000255946, Final residual = 1.21797e-05, No Iterations 188
DICPCG:  Solving for p_rgh, Initial residual = 1.22097e-05, Final residual = 9.86378e-08, No Iterations 144
time step continuity errors : sum local = 2.30543e-10, global = 2.04637e-11, cumulative = -4.0504e-06
ExecutionTime = 1098.71 s  ClockTime = 1103 s

Courant Number mean: 0.223318 max: 0.388855
Interface Courant Number mean: 0.000924409 max: 0.371862
deltaT = 0.000275985
Time = 0.0388961

PIMPLE: iteration 1
smoothSolver:  Solving for alpha.water, Initial residual = 0.0226199, Final residual = 2.26151e-09, No Iterations 3
Phase-1 volume fraction = 0.997811  Min(alpha.water) = 0.00424202  Max(alpha.water) = 1.00001
MULES: Correcting alpha.water
MULES: Correcting alpha.water
Phase-1 volume fraction = 0.997811  Min(alpha.water) = 0.004242  Max(alpha.water) = 1.00003
DICPCG:  Solving for p_rgh, Initial residual = 0.113651, Final residual = 0.00424728, No Iterations 4
DICPCG:  Solving for p_rgh, Initial residual = 0.00424966, Final residual = 0.000172377, No Iterations 14
time step continuity errors : sum local = 4.01526e-07, global = -1.77159e-08, cumulative = -4.06812e-06
DICPCG:  Solving for p_rgh, Initial residual = 0.001511, Final residual = 6.8304e-05, No Iterations 9
DICPCG:  Solving for p_rgh, Initial residual = 6.82971e-05, Final residual = 3.16436e-06, No Iterations 216
time step continuity errors : sum local = 7.35862e-09, global = -1.0208e-10, cumulative = -4.06822e-06
DICPCG:  Solving for p_rgh, Initial residual = 0.000235804, Final residual = 1.16446e-05, No Iterations 201
DICPCG:  Solving for p_rgh, Initial residual = 1.16717e-05, Final residual = 9.71181e-08, No Iterations 142
time step continuity errors : sum local = 2.2567e-10, global = 1.53787e-11, cumulative = -4.0682e-06
ExecutionTime = 1107.36 s  ClockTime = 1112 s

Courant Number mean: 0.223325 max: 0.392401
Interface Courant Number mean: 0.00092753 max: 0.376733
deltaT = 0.000275985
Time = 0.039172

PIMPLE: iteration 1
smoothSolver:  Solving for alpha.water, Initial residual = 0.0226445, Final residual = 2.59853e-09, No Iterations 3
Phase-1 volume fraction = 0.997811  Min(alpha.water) = 0.00427522  Max(alpha.water) = 1.00001
MULES: Correcting alpha.water
MULES: Correcting alpha.water
Phase-1 volume fraction = 0.997811  Min(alpha.water) = 0.00427512  Max(alpha.water) = 1.00014
DICPCG:  Solving for p_rgh, Initial residual = 0.114804, Final residual = 0.00423016, No Iterations 4
DICPCG:  Solving for p_rgh, Initial residual = 0.00422081, Final residual = 0.000208486, No Iterations 13
time step continuity errors : sum local = 4.85471e-07, global = -1.76096e-08, cumulative = -4.08581e-06
DICPCG:  Solving for p_rgh, Initial residual = 0.00147165, Final residual = 6.75865e-05, No Iterations 10
DICPCG:  Solving for p_rgh, Initial residual = 6.75804e-05, Final residual = 3.37462e-06, No Iterations 213
time step continuity errors : sum local = 7.84527e-09, global = -6.82436e-11, cumulative = -4.08588e-06
DICPCG:  Solving for p_rgh, Initial residual = 0.000231329, Final residual = 1.06841e-05, No Iterations 202
DICPCG:  Solving for p_rgh, Initial residual = 1.07092e-05, Final residual = 9.77189e-08, No Iterations 130
time step continuity errors : sum local = 2.27022e-10, global = 1.3579e-11, cumulative = -4.08587e-06
ExecutionTime = 1115.91 s  ClockTime = 1120 s

Courant Number mean: 0.22333 max: 0.387825
Interface Courant Number mean: 0.000942608 max: 0.379285
deltaT = 0.000275985
Time = 0.039448

PIMPLE: iteration 1
smoothSolver:  Solving for alpha.water, Initial residual = 0.0226526, Final residual = 3.05009e-09, No Iterations 3
Phase-1 volume fraction = 0.997811  Min(alpha.water) = 0.00432677  Max(alpha.water) = 1.00001
MULES: Correcting alpha.water
MULES: Correcting alpha.water
Phase-1 volume fraction = 0.997811  Min(alpha.water) = 0.00432172  Max(alpha.water) = 1.0001
DICPCG:  Solving for p_rgh, Initial residual = 0.116362, Final residual = 0.00419017, No Iterations 4
DICPCG:  Solving for p_rgh, Initial residual = 0.00417683, Final residual = 0.000187508, No Iterations 13
time step continuity errors : sum local = 4.37465e-07, global = -1.7547e-08, cumulative = -4.10341e-06
DICPCG:  Solving for p_rgh, Initial residual = 0.00151064, Final residual = 7.06022e-05, No Iterations 8
DICPCG:  Solving for p_rgh, Initial residual = 7.0599e-05, Final residual = 3.40359e-06, No Iterations 215
time step continuity errors : sum local = 7.9274e-09, global = -9.79819e-11, cumulative = -4.10351e-06
DICPCG:  Solving for p_rgh, Initial residual = 0.000238621, Final residual = 1.16632e-05, No Iterations 191
DICPCG:  Solving for p_rgh, Initial residual = 1.16918e-05, Final residual = 9.55389e-08, No Iterations 186
time step continuity errors : sum local = 2.22487e-10, global = 2.28015e-11, cumulative = -4.10349e-06
ExecutionTime = 1126.04 s  ClockTime = 1131 s

Courant Number mean: 0.223338 max: 0.386243
Interface Courant Number mean: 0.000928168 max: 0.386243
deltaT = 0.000275985
Time = 0.039724

PIMPLE: iteration 1
smoothSolver:  Solving for alpha.water, Initial residual = 0.0226512, Final residual = 3.49841e-09, No Iterations 3
Phase-1 volume fraction = 0.997811  Min(alpha.water) = 0.0044028  Max(alpha.water) = 1.00001
MULES: Correcting alpha.water
MULES: Correcting alpha.water
Phase-1 volume fraction = 0.997811  Min(alpha.water) = 0.00439587  Max(alpha.water) = 1.00002
DICPCG:  Solving for p_rgh, Initial residual = 0.115382, Final residual = 0.00419143, No Iterations 4
DICPCG:  Solving for p_rgh, Initial residual = 0.00417835, Final residual = 0.000201538, No Iterations 13
time step continuity errors : sum local = 4.71178e-07, global = -1.74385e-08, cumulative = -4.12093e-06
DICPCG:  Solving for p_rgh, Initial residual = 0.00161234, Final residual = 7.68901e-05, No Iterations 8
DICPCG:  Solving for p_rgh, Initial residual = 7.68871e-05, Final residual = 3.6877e-06, No Iterations 215
time step continuity errors : sum local = 8.60708e-09, global = 7.02127e-12, cumulative = -4.12092e-06
DICPCG:  Solving for p_rgh, Initial residual = 0.00025454, Final residual = 1.23917e-05, No Iterations 190
DICPCG:  Solving for p_rgh, Initial residual = 1.24219e-05, Final residual = 9.93861e-08, No Iterations 178
time step continuity errors : sum local = 2.31918e-10, global = 2.34246e-11, cumulative = -4.1209e-06
ExecutionTime = 1136.48 s  ClockTime = 1141 s

Courant Number mean: 0.223347 max: 0.39547
Interface Courant Number mean: 0.000919333 max: 0.366905
deltaT = 0.000275985
Time = 0.04

PIMPLE: iteration 1
smoothSolver:  Solving for alpha.water, Initial residual = 0.0226854, Final residual = 3.93375e-09, No Iterations 3
Phase-1 volume fraction = 0.997811  Min(alpha.water) = 0.00442484  Max(alpha.water) = 1.00001
MULES: Correcting alpha.water
MULES: Correcting alpha.water
Phase-1 volume fraction = 0.997811  Min(alpha.water) = 0.00442484  Max(alpha.water) = 1.00002
DICPCG:  Solving for p_rgh, Initial residual = 0.113661, Final residual = 0.00421926, No Iterations 4
DICPCG:  Solving for p_rgh, Initial residual = 0.00421574, Final residual = 0.000179112, No Iterations 14
time step continuity errors : sum local = 4.17699e-07, global = -1.73973e-08, cumulative = -4.13829e-06
DICPCG:  Solving for p_rgh, Initial residual = 0.00155315, Final residual = 7.17825e-05, No Iterations 8
DICPCG:  Solving for p_rgh, Initial residual = 7.1775e-05, Final residual = 3.56753e-06, No Iterations 184
time step continuity errors : sum local = 8.30608e-09, global = 5.41937e-10, cumulative = -4.13775e-06
DICPCG:  Solving for p_rgh, Initial residual = 0.000241498, Final residual = 1.07196e-05, No Iterations 199
DICPCG:  Solving for p_rgh, Initial residual = 1.07447e-05, Final residual = 9.70306e-08, No Iterations 134
time step continuity errors : sum local = 2.2579e-10, global = 1.61471e-11, cumulative = -4.13774e-06
ExecutionTime = 1147.66 s  ClockTime = 1153 s

Courant Number mean: 0.223354 max: 0.396927
Interface Courant Number mean: 0.000953333 max: 0.375434
deltaT = 0.000277778
Time = 0.0402778

PIMPLE: iteration 1
smoothSolver:  Solving for alpha.water, Initial residual = 0.022872, Final residual = 4.68791e-09, No Iterations 3
Phase-1 volume fraction = 0.997811  Min(alpha.water) = 0.00445513  Max(alpha.water) = 1.00001
MULES: Correcting alpha.water
MULES: Correcting alpha.water
Phase-1 volume fraction = 0.997811  Min(alpha.water) = 0.00445464  Max(alpha.water) = 1.00005
DICPCG:  Solving for p_rgh, Initial residual = 0.115126, Final residual = 0.00423598, No Iterations 4
DICPCG:  Solving for p_rgh, Initial residual = 0.00423208, Final residual = 0.000181401, No Iterations 14
time step continuity errors : sum local = 4.26619e-07, global = -1.77595e-08, cumulative = -4.1555e-06
DICPCG:  Solving for p_rgh, Initial residual = 0.00147657, Final residual = 6.8438e-05, No Iterations 9
DICPCG:  Solving for p_rgh, Initial residual = 6.84302e-05, Final residual = 3.27692e-06, No Iterations 214
time step continuity errors : sum local = 7.69411e-09, global = 1.57951e-11, cumulative = -4.15548e-06
DICPCG:  Solving for p_rgh, Initial residual = 0.000230966, Final residual = 1.04979e-05, No Iterations 201
DICPCG:  Solving for p_rgh, Initial residual = 1.05223e-05, Final residual = 9.80678e-08, No Iterations 129
time step continuity errors : sum local = 2.30104e-10, global = 1.3224e-11, cumulative = -4.15547e-06
ExecutionTime = 1155.66 s  ClockTime = 1161 s

Courant Number mean: 0.224811 max: 0.393584
Interface Courant Number mean: 0.000956678 max: 0.393584
deltaT = 0.000281746
Time = 0.0405595

PIMPLE: iteration 1
smoothSolver:  Solving for alpha.water, Initial residual = 0.0231928, Final residual = 6.06254e-09, No Iterations 3
Phase-1 volume fraction = 0.997811  Min(alpha.water) = 0.00450322  Max(alpha.water) = 1.00001
MULES: Correcting alpha.water
MULES: Correcting alpha.water
Phase-1 volume fraction = 0.997811  Min(alpha.water) = 0.00449365  Max(alpha.water) = 1.00011
DICPCG:  Solving for p_rgh, Initial residual = 0.119047, Final residual = 0.00426266, No Iterations 4
DICPCG:  Solving for p_rgh, Initial residual = 0.00425025, Final residual = 0.000170039, No Iterations 14
time step continuity errors : sum local = 4.10061e-07, global = -1.81623e-08, cumulative = -4.17363e-06
DICPCG:  Solving for p_rgh, Initial residual = 0.00147361, Final residual = 6.99905e-05, No Iterations 8
DICPCG:  Solving for p_rgh, Initial residual = 6.99861e-05, Final residual = 3.27088e-06, No Iterations 219
time step continuity errors : sum local = 7.87425e-09, global = -4.18434e-11, cumulative = -4.17367e-06
DICPCG:  Solving for p_rgh, Initial residual = 0.000235156, Final residual = 1.13832e-05, No Iterations 183
DICPCG:  Solving for p_rgh, Initial residual = 1.14112e-05, Final residual = 9.93148e-08, No Iterations 100
time step continuity errors : sum local = 2.39019e-10, global = 1.24804e-11, cumulative = -4.17366e-06
ExecutionTime = 1163.82 s  ClockTime = 1170 s

Courant Number mean: 0.228031 max: 0.413264
Interface Courant Number mean: 0.000967332 max: 0.413264
deltaT = 0.00027381
Time = 0.0408333

PIMPLE: iteration 1
smoothSolver:  Solving for alpha.water, Initial residual = 0.0225187, Final residual = 5.70285e-09, No Iterations 3
Phase-1 volume fraction = 0.997811  Min(alpha.water) = 0.00456604  Max(alpha.water) = 1.00001
MULES: Correcting alpha.water
MULES: Correcting alpha.water
Phase-1 volume fraction = 0.997811  Min(alpha.water) = 0.0045495  Max(alpha.water) = 1.00004
DICPCG:  Solving for p_rgh, Initial residual = 0.114401, Final residual = 0.00407173, No Iterations 4
DICPCG:  Solving for p_rgh, Initial residual = 0.00404902, Final residual = 0.000166567, No Iterations 14
time step continuity errors : sum local = 3.85395e-07, global = -1.67736e-08, cumulative = -4.19043e-06
DICPCG:  Solving for p_rgh, Initial residual = 0.00152091, Final residual = 6.78726e-05, No Iterations 8
DICPCG:  Solving for p_rgh, Initial residual = 6.78683e-05, Final residual = 3.22757e-06, No Iterations 221
time step continuity errors : sum local = 7.45572e-09, global = -5.52607e-11, cumulative = -4.19049e-06
DICPCG:  Solving for p_rgh, Initial residual = 0.000238261, Final residual = 1.14262e-05, No Iterations 199
DICPCG:  Solving for p_rgh, Initial residual = 1.1453e-05, Final residual = 9.82847e-08, No Iterations 146
time step continuity errors : sum local = 2.26981e-10, global = 1.84305e-11, cumulative = -4.19047e-06
ExecutionTime = 1172.34 s  ClockTime = 1178 s

Courant Number mean: 0.221617 max: 0.405053
Interface Courant Number mean: 0.000916268 max: 0.380631
deltaT = 0.000269953
Time = 0.0411033

PIMPLE: iteration 1
smoothSolver:  Solving for alpha.water, Initial residual = 0.0222447, Final residual = 5.15911e-09, No Iterations 3
Phase-1 volume fraction = 0.997811  Min(alpha.water) = 0.00458053  Max(alpha.water) = 1.00001
MULES: Correcting alpha.water
MULES: Correcting alpha.water
Phase-1 volume fraction = 0.997811  Min(alpha.water) = 0.00458023  Max(alpha.water) = 1.00002
DICPCG:  Solving for p_rgh, Initial residual = 0.110303, Final residual = 0.00381233, No Iterations 4
DICPCG:  Solving for p_rgh, Initial residual = 0.0037992, Final residual = 0.000174117, No Iterations 14
time step continuity errors : sum local = 3.94479e-07, global = -1.61833e-08, cumulative = -4.20665e-06
DICPCG:  Solving for p_rgh, Initial residual = 0.00152883, Final residual = 7.29913e-05, No Iterations 8
DICPCG:  Solving for p_rgh, Initial residual = 7.29843e-05, Final residual = 3.33839e-06, No Iterations 215
time step continuity errors : sum local = 7.55263e-09, global = -1.14048e-10, cumulative = -4.20677e-06
DICPCG:  Solving for p_rgh, Initial residual = 0.000233532, Final residual = 1.11883e-05, No Iterations 198
DICPCG:  Solving for p_rgh, Initial residual = 1.12133e-05, Final residual = 9.56948e-08, No Iterations 154
time step continuity errors : sum local = 2.16406e-10, global = 1.46614e-11, cumulative = -4.20675e-06
ExecutionTime = 1180.08 s  ClockTime = 1186 s

Courant Number mean: 0.218502 max: 0.391882
Interface Courant Number mean: 0.000929969 max: 0.382298
deltaT = 0.000273865
Time = 0.0413772

PIMPLE: iteration 1
smoothSolver:  Solving for alpha.water, Initial residual = 0.0225772, Final residual = 5.22221e-09, No Iterations 3
Phase-1 volume fraction = 0.997811  Min(alpha.water) = 0.00460331  Max(alpha.water) = 1.00001
MULES: Correcting alpha.water
MULES: Correcting alpha.water
Phase-1 volume fraction = 0.997811  Min(alpha.water) = 0.00460331  Max(alpha.water) = 1.00002
DICPCG:  Solving for p_rgh, Initial residual = 0.112036, Final residual = 0.00385257, No Iterations 4
DICPCG:  Solving for p_rgh, Initial residual = 0.00386189, Final residual = 0.000173536, No Iterations 14
time step continuity errors : sum local = 3.99449e-07, global = -1.67531e-08, cumulative = -4.2235e-06
DICPCG:  Solving for p_rgh, Initial residual = 0.00147309, Final residual = 6.98722e-05, No Iterations 8
DICPCG:  Solving for p_rgh, Initial residual = 6.98638e-05, Final residual = 3.28084e-06, No Iterations 219
time step continuity errors : sum local = 7.54167e-09, global = -5.70368e-11, cumulative = -4.22356e-06
DICPCG:  Solving for p_rgh, Initial residual = 0.000227706, Final residual = 1.02213e-05, No Iterations 200
DICPCG:  Solving for p_rgh, Initial residual = 1.02443e-05, Final residual = 9.90994e-08, No Iterations 116
time step continuity errors : sum local = 2.2767e-10, global = 1.20043e-11, cumulative = -4.22355e-06
ExecutionTime = 1187.9 s  ClockTime = 1194 s

Courant Number mean: 0.221675 max: 0.40623
Interface Courant Number mean: 0.000956258 max: 0.40623
deltaT = 0.000269896
Time = 0.041647

PIMPLE: iteration 1
smoothSolver:  Solving for alpha.water, Initial residual = 0.0222156, Final residual = 5.21723e-09, No Iterations 3
Phase-1 volume fraction = 0.997811  Min(alpha.water) = 0.00463634  Max(alpha.water) = 1.00001
MULES: Correcting alpha.water
MULES: Correcting alpha.water
Phase-1 volume fraction = 0.997811  Min(alpha.water) = 0.00463634  Max(alpha.water) = 1.00008
DICPCG:  Solving for p_rgh, Initial residual = 0.113226, Final residual = 0.00388749, No Iterations 4
DICPCG:  Solving for p_rgh, Initial residual = 0.00388258, Final residual = 0.000171801, No Iterations 14
time step continuity errors : sum local = 3.85306e-07, global = -1.60573e-08, cumulative = -4.23961e-06
DICPCG:  Solving for p_rgh, Initial residual = 0.00141735, Final residual = 6.83045e-05, No Iterations 10
DICPCG:  Solving for p_rgh, Initial residual = 6.83011e-05, Final residual = 3.29045e-06, No Iterations 221
time step continuity errors : sum local = 7.36922e-09, global = 4.86706e-12, cumulative = -4.2396e-06
DICPCG:  Solving for p_rgh, Initial residual = 0.000218035, Final residual = 1.02188e-05, No Iterations 186
DICPCG:  Solving for p_rgh, Initial residual = 1.02416e-05, Final residual = 9.88678e-08, No Iterations 98
time step continuity errors : sum local = 2.21321e-10, global = 1.61479e-11, cumulative = -4.23959e-06
ExecutionTime = 1195.51 s  ClockTime = 1201 s

Courant Number mean: 0.218469 max: 0.411922
Interface Courant Number mean: 0.000931155 max: 0.390913
deltaT = 0.000262185
Time = 0.0419092

PIMPLE: iteration 1
smoothSolver:  Solving for alpha.water, Initial residual = 0.0215415, Final residual = 4.96216e-09, No Iterations 3
Phase-1 volume fraction = 0.997811  Min(alpha.water) = 0.00468073  Max(alpha.water) = 1.00001
MULES: Correcting alpha.water
MULES: Correcting alpha.water
Phase-1 volume fraction = 0.997811  Min(alpha.water) = 0.00466983  Max(alpha.water) = 1.00005
DICPCG:  Solving for p_rgh, Initial residual = 0.110761, Final residual = 0.00378327, No Iterations 4
DICPCG:  Solving for p_rgh, Initial residual = 0.00375853, Final residual = 0.000164174, No Iterations 14
time step continuity errors : sum local = 3.53792e-07, global = -1.48913e-08, cumulative = -4.25448e-06
DICPCG:  Solving for p_rgh, Initial residual = 0.00141962, Final residual = 6.69718e-05, No Iterations 8
DICPCG:  Solving for p_rgh, Initial residual = 6.69675e-05, Final residual = 3.08434e-06, No Iterations 216
time step continuity errors : sum local = 6.63781e-09, global = -3.3135e-11, cumulative = -4.25451e-06
DICPCG:  Solving for p_rgh, Initial residual = 0.000216602, Final residual = 9.78126e-06, No Iterations 199
DICPCG:  Solving for p_rgh, Initial residual = 9.80247e-06, Final residual = 9.99958e-08, No Iterations 96
time step continuity errors : sum local = 2.15154e-10, global = 2.07033e-11, cumulative = -4.25449e-06
ExecutionTime = 1202.64 s  ClockTime = 1209 s

Courant Number mean: 0.212235 max: 0.397623
Interface Courant Number mean: 0.000885123 max: 0.365696
deltaT = 0.000262185
Time = 0.0421714

PIMPLE: iteration 1
smoothSolver:  Solving for alpha.water, Initial residual = 0.0215844, Final residual = 4.95616e-09, No Iterations 3
Phase-1 volume fraction = 0.997811  Min(alpha.water) = 0.00468967  Max(alpha.water) = 1.00001
MULES: Correcting alpha.water
MULES: Correcting alpha.water
Phase-1 volume fraction = 0.997811  Min(alpha.water) = 0.00468967  Max(alpha.water) = 1.00003
DICPCG:  Solving for p_rgh, Initial residual = 0.107241, Final residual = 0.00382243, No Iterations 4
DICPCG:  Solving for p_rgh, Initial residual = 0.00379773, Final residual = 0.000174269, No Iterations 14
time step continuity errors : sum local = 3.79133e-07, global = -1.49022e-08, cumulative = -4.26939e-06
DICPCG:  Solving for p_rgh, Initial residual = 0.00147652, Final residual = 7.08703e-05, No Iterations 9
DICPCG:  Solving for p_rgh, Initial residual = 7.08647e-05, Final residual = 3.47387e-06, No Iterations 168
time step continuity errors : sum local = 7.54781e-09, global = -2.65731e-10, cumulative = -4.26966e-06
DICPCG:  Solving for p_rgh, Initial residual = 0.000224346, Final residual = 1.07146e-05, No Iterations 196
DICPCG:  Solving for p_rgh, Initial residual = 1.07371e-05, Final residual = 9.98525e-08, No Iterations 151
time step continuity errors : sum local = 2.1689e-10, global = 1.44436e-11, cumulative = -4.26964e-06
ExecutionTime = 1209.48 s  ClockTime = 1215 s

Courant Number mean: 0.212241 max: 0.387801
Interface Courant Number mean: 0.000885452 max: 0.378027
deltaT = 0.00027013
Time = 0.0424415

PIMPLE: iteration 1
smoothSolver:  Solving for alpha.water, Initial residual = 0.0222457, Final residual = 5.25609e-09, No Iterations 3
Phase-1 volume fraction = 0.997811  Min(alpha.water) = 0.00471111  Max(alpha.water) = 1.00001
MULES: Correcting alpha.water
MULES: Correcting alpha.water
Phase-1 volume fraction = 0.997811  Min(alpha.water) = 0.00471111  Max(alpha.water) = 1.00005
DICPCG:  Solving for p_rgh, Initial residual = 0.109575, Final residual = 0.00425115, No Iterations 4
DICPCG:  Solving for p_rgh, Initial residual = 0.00426372, Final residual = 0.000177589, No Iterations 14
time step continuity errors : sum local = 4.02658e-07, global = -1.5949e-08, cumulative = -4.28559e-06
DICPCG:  Solving for p_rgh, Initial residual = 0.00148948, Final residual = 7.29214e-05, No Iterations 8
DICPCG:  Solving for p_rgh, Initial residual = 7.2913e-05, Final residual = 3.53208e-06, No Iterations 215
time step continuity errors : sum local = 7.99736e-09, global = -1.11735e-10, cumulative = -4.2857e-06
DICPCG:  Solving for p_rgh, Initial residual = 0.000228536, Final residual = 1.13317e-05, No Iterations 199
DICPCG:  Solving for p_rgh, Initial residual = 1.13567e-05, Final residual = 9.9509e-08, No Iterations 149
time step continuity errors : sum local = 2.25232e-10, global = 1.6715e-11, cumulative = -4.28569e-06
ExecutionTime = 1217.06 s  ClockTime = 1223 s

Courant Number mean: 0.218679 max: 0.408321
Interface Courant Number mean: 0.000934485 max: 0.408321
deltaT = 0.000266037
Time = 0.0427076

PIMPLE: iteration 1
smoothSolver:  Solving for alpha.water, Initial residual = 0.0218768, Final residual = 4.38641e-09, No Iterations 3
Phase-1 volume fraction = 0.997811  Min(alpha.water) = 0.00473397  Max(alpha.water) = 1.00001
MULES: Correcting alpha.water
MULES: Correcting alpha.water
Phase-1 volume fraction = 0.997811  Min(alpha.water) = 0.00473397  Max(alpha.water) = 1.00005
DICPCG:  Solving for p_rgh, Initial residual = 0.110018, Final residual = 0.00439752, No Iterations 4
DICPCG:  Solving for p_rgh, Initial residual = 0.004412, Final residual = 0.000184194, No Iterations 14
time step continuity errors : sum local = 4.02873e-07, global = -1.52553e-08, cumulative = -4.30094e-06
DICPCG:  Solving for p_rgh, Initial residual = 0.00141177, Final residual = 6.7227e-05, No Iterations 10
DICPCG:  Solving for p_rgh, Initial residual = 6.7223e-05, Final residual = 3.34871e-06, No Iterations 220
time step continuity errors : sum local = 7.31352e-09, global = -3.51231e-11, cumulative = -4.30098e-06
DICPCG:  Solving for p_rgh, Initial residual = 0.000216147, Final residual = 9.82102e-06, No Iterations 200
DICPCG:  Solving for p_rgh, Initial residual = 9.84186e-06, Final residual = 9.89768e-08, No Iterations 124
time step continuity errors : sum local = 2.16043e-10, global = 5.69063e-12, cumulative = -4.30097e-06
ExecutionTime = 1224.09 s  ClockTime = 1230 s

Courant Number mean: 0.215372 max: 0.413242
Interface Courant Number mean: 0.000926132 max: 0.395043
deltaT = 0.000258096
Time = 0.0429657

PIMPLE: iteration 1
smoothSolver:  Solving for alpha.water, Initial residual = 0.0211651, Final residual = 3.86085e-09, No Iterations 3
Phase-1 volume fraction = 0.997811  Min(alpha.water) = 0.00476413  Max(alpha.water) = 1.00001
MULES: Correcting alpha.water
MULES: Correcting alpha.water
Phase-1 volume fraction = 0.997811  Min(alpha.water) = 0.00475525  Max(alpha.water) = 1.00005
DICPCG:  Solving for p_rgh, Initial residual = 0.109303, Final residual = 0.00434162, No Iterations 4
DICPCG:  Solving for p_rgh, Initial residual = 0.00431794, Final residual = 0.000177607, No Iterations 14
time step continuity errors : sum local = 3.71526e-07, global = -1.41336e-08, cumulative = -4.31511e-06
DICPCG:  Solving for p_rgh, Initial residual = 0.00139976, Final residual = 6.28567e-05, No Iterations 11
DICPCG:  Solving for p_rgh, Initial residual = 6.28548e-05, Final residual = 3.08323e-06, No Iterations 220
time step continuity errors : sum local = 6.44033e-09, global = -4.52577e-12, cumulative = -4.31511e-06
DICPCG:  Solving for p_rgh, Initial residual = 0.000211321, Final residual = 1.02457e-05, No Iterations 188
DICPCG:  Solving for p_rgh, Initial residual = 1.02667e-05, Final residual = 8.67987e-08, No Iterations 231
time step continuity errors : sum local = 1.81249e-10, global = -1.37687e-12, cumulative = -4.31511e-06
ExecutionTime = 1232.34 s  ClockTime = 1238 s

Courant Number mean: 0.208949 max: 0.398184
Interface Courant Number mean: 0.000879387 max: 0.348678
deltaT = 0.000258096
Time = 0.0432238

PIMPLE: iteration 1
smoothSolver:  Solving for alpha.water, Initial residual = 0.0211737, Final residual = 3.92409e-09, No Iterations 3
Phase-1 volume fraction = 0.997811  Min(alpha.water) = 0.00480828  Max(alpha.water) = 1.00001
MULES: Correcting alpha.water
MULES: Correcting alpha.water
Phase-1 volume fraction = 0.997811  Min(alpha.water) = 0.00480324  Max(alpha.water) = 1.00004
DICPCG:  Solving for p_rgh, Initial residual = 0.107443, Final residual = 0.00430164, No Iterations 4
DICPCG:  Solving for p_rgh, Initial residual = 0.00426534, Final residual = 0.000182869, No Iterations 14
time step continuity errors : sum local = 3.8761e-07, global = -1.41636e-08, cumulative = -4.32927e-06
DICPCG:  Solving for p_rgh, Initial residual = 0.00142876, Final residual = 6.62292e-05, No Iterations 10
DICPCG:  Solving for p_rgh, Initial residual = 6.62252e-05, Final residual = 3.01851e-06, No Iterations 217
time step continuity errors : sum local = 6.38929e-09, global = -2.91425e-11, cumulative = -4.3293e-06
DICPCG:  Solving for p_rgh, Initial residual = 0.000217568, Final residual = 9.99734e-06, No Iterations 200
DICPCG:  Solving for p_rgh, Initial residual = 1.00179e-05, Final residual = 9.93895e-08, No Iterations 126
time step continuity errors : sum local = 2.10336e-10, global = 1.5508e-11, cumulative = -4.32929e-06
ExecutionTime = 1239.75 s  ClockTime = 1246 s

Courant Number mean: 0.208956 max: 0.391069
Interface Courant Number mean: 0.00086294 max: 0.373129
deltaT = 0.000262128
Time = 0.0434859

PIMPLE: iteration 1
smoothSolver:  Solving for alpha.water, Initial residual = 0.0215619, Final residual = 4.40647e-09, No Iterations 3
Phase-1 volume fraction = 0.997811  Min(alpha.water) = 0.00481679  Max(alpha.water) = 1.00001
MULES: Correcting alpha.water
MULES: Correcting alpha.water
Phase-1 volume fraction = 0.997811  Min(alpha.water) = 0.00481541  Max(alpha.water) = 1.00005
DICPCG:  Solving for p_rgh, Initial residual = 0.10648, Final residual = 0.00438083, No Iterations 4
DICPCG:  Solving for p_rgh, Initial residual = 0.0043832, Final residual = 0.00018847, No Iterations 14
time step continuity errors : sum local = 4.08299e-07, global = -1.46413e-08, cumulative = -4.34393e-06
DICPCG:  Solving for p_rgh, Initial residual = 0.0014941, Final residual = 7.10758e-05, No Iterations 10
DICPCG:  Solving for p_rgh, Initial residual = 7.10709e-05, Final residual = 3.43978e-06, No Iterations 215
time step continuity errors : sum local = 7.44105e-09, global = -1.00046e-10, cumulative = -4.34403e-06
DICPCG:  Solving for p_rgh, Initial residual = 0.000227071, Final residual = 1.05144e-05, No Iterations 203
DICPCG:  Solving for p_rgh, Initial residual = 1.05364e-05, Final residual = 9.87948e-08, No Iterations 150
time step continuity errors : sum local = 2.13668e-10, global = 1.64134e-11, cumulative = -4.34401e-06
ExecutionTime = 1248.47 s  ClockTime = 1254 s

Courant Number mean: 0.212227 max: 0.400135
Interface Courant Number mean: 0.000889392 max: 0.375534
deltaT = 0.000262128
Time = 0.043748

PIMPLE: iteration 1
smoothSolver:  Solving for alpha.water, Initial residual = 0.0215448, Final residual = 4.3738e-09, No Iterations 3
Phase-1 volume fraction = 0.997811  Min(alpha.water) = 0.00483176  Max(alpha.water) = 1.00001
MULES: Correcting alpha.water
MULES: Correcting alpha.water
Phase-1 volume fraction = 0.997811  Min(alpha.water) = 0.00483176  Max(alpha.water) = 1.00006
DICPCG:  Solving for p_rgh, Initial residual = 0.108509, Final residual = 0.00456578, No Iterations 4
DICPCG:  Solving for p_rgh, Initial residual = 0.0045773, Final residual = 0.000186625, No Iterations 14
time step continuity errors : sum local = 4.0084e-07, global = -1.45505e-08, cumulative = -4.35856e-06
DICPCG:  Solving for p_rgh, Initial residual = 0.00143446, Final residual = 6.68987e-05, No Iterations 10
DICPCG:  Solving for p_rgh, Initial residual = 6.68931e-05, Final residual = 3.24147e-06, No Iterations 215
time step continuity errors : sum local = 6.95145e-09, global = -7.0414e-11, cumulative = -4.35863e-06
DICPCG:  Solving for p_rgh, Initial residual = 0.000217266, Final residual = 9.9449e-06, No Iterations 197
DICPCG:  Solving for p_rgh, Initial residual = 9.96551e-06, Final residual = 9.84334e-08, No Iterations 106
time step continuity errors : sum local = 2.11014e-10, global = 1.36985e-11, cumulative = -4.35862e-06
ExecutionTime = 1257.86 s  ClockTime = 1264 s

Courant Number mean: 0.212234 max: 0.41447
Interface Courant Number mean: 0.000904858 max: 0.36601
deltaT = 0.000253937
Time = 0.044002

PIMPLE: iteration 1
smoothSolver:  Solving for alpha.water, Initial residual = 0.0208382, Final residual = 3.50699e-09, No Iterations 3
Phase-1 volume fraction = 0.997811  Min(alpha.water) = 0.00485107  Max(alpha.water) = 1
MULES: Correcting alpha.water
MULES: Correcting alpha.water
Phase-1 volume fraction = 0.997811  Min(alpha.water) = 0.00485107  Max(alpha.water) = 1.00004
DICPCG:  Solving for p_rgh, Initial residual = 0.106518, Final residual = 0.00456703, No Iterations 4
DICPCG:  Solving for p_rgh, Initial residual = 0.00456673, Final residual = 0.000190761, No Iterations 14
time step continuity errors : sum local = 3.86697e-07, global = -1.33847e-08, cumulative = -4.37201e-06
DICPCG:  Solving for p_rgh, Initial residual = 0.00140515, Final residual = 6.61098e-05, No Iterations 11
DICPCG:  Solving for p_rgh, Initial residual = 6.6106e-05, Final residual = 3.10748e-06, No Iterations 216
time step continuity errors : sum local = 6.28982e-09, global = -2.19115e-11, cumulative = -4.37203e-06
DICPCG:  Solving for p_rgh, Initial residual = 0.000209423, Final residual = 1.01616e-05, No Iterations 202
DICPCG:  Solving for p_rgh, Initial residual = 1.01813e-05, Final residual = 9.5542e-08, No Iterations 126
time step continuity errors : sum local = 1.93277e-10, global = 7.43825e-12, cumulative = -4.37202e-06
ExecutionTime = 1266.92 s  ClockTime = 1273 s

Courant Number mean: 0.205608 max: 0.401757
Interface Courant Number mean: 0.000872594 max: 0.352093
deltaT = 0.000253937
Time = 0.0442559

PIMPLE: iteration 1
smoothSolver:  Solving for alpha.water, Initial residual = 0.0208017, Final residual = 3.23751e-09, No Iterations 3
Phase-1 volume fraction = 0.997811  Min(alpha.water) = 0.0048799  Max(alpha.water) = 1.00001
MULES: Correcting alpha.water
MULES: Correcting alpha.water
Phase-1 volume fraction = 0.997811  Min(alpha.water) = 0.00486779  Max(alpha.water) = 1.00003
DICPCG:  Solving for p_rgh, Initial residual = 0.1065, Final residual = 0.00456307, No Iterations 4
DICPCG:  Solving for p_rgh, Initial residual = 0.00452651, Final residual = 0.000193284, No Iterations 14
time step continuity errors : sum local = 3.96519e-07, global = -1.34172e-08, cumulative = -4.38544e-06
DICPCG:  Solving for p_rgh, Initial residual = 0.0014044, Final residual = 6.3523e-05, No Iterations 12
DICPCG:  Solving for p_rgh, Initial residual = 6.35194e-05, Final residual = 2.98909e-06, No Iterations 215
time step continuity errors : sum local = 6.123e-09, global = -9.09219e-12, cumulative = -4.38545e-06
DICPCG:  Solving for p_rgh, Initial residual = 0.00021062, Final residual = 9.61921e-06, No Iterations 175
DICPCG:  Solving for p_rgh, Initial residual = 9.63805e-06, Final residual = 9.88251e-08, No Iterations 113
time step continuity errors : sum local = 2.02374e-10, global = 1.63448e-11, cumulative = -4.38543e-06
ExecutionTime = 1274.71 s  ClockTime = 1281 s

Courant Number mean: 0.205614 max: 0.39668
Interface Courant Number mean: 0.000843148 max: 0.367284
deltaT = 0.0002581
Time = 0.044514

PIMPLE: iteration 1
smoothSolver:  Solving for alpha.water, Initial residual = 0.0211886, Final residual = 3.24403e-09, No Iterations 3
Phase-1 volume fraction = 0.997811  Min(alpha.water) = 0.00492427  Max(alpha.water) = 1.00001
MULES: Correcting alpha.water
MULES: Correcting alpha.water
Phase-1 volume fraction = 0.997811  Min(alpha.water) = 0.00491588  Max(alpha.water) = 1.00009
DICPCG:  Solving for p_rgh, Initial residual = 0.105939, Final residual = 0.00455776, No Iterations 4
DICPCG:  Solving for p_rgh, Initial residual = 0.00453863, Final residual = 0.000192632, No Iterations 14
time step continuity errors : sum local = 4.08112e-07, global = -1.39154e-08, cumulative = -4.39935e-06
DICPCG:  Solving for p_rgh, Initial residual = 0.00144952, Final residual = 7.01666e-05, No Iterations 10
DICPCG:  Solving for p_rgh, Initial residual = 7.01629e-05, Final residual = 3.24899e-06, No Iterations 215
time step continuity errors : sum local = 6.87282e-09, global = -2.70976e-11, cumulative = -4.39937e-06
DICPCG:  Solving for p_rgh, Initial residual = 0.000219215, Final residual = 1.04281e-05, No Iterations 202
DICPCG:  Solving for p_rgh, Initial residual = 1.04492e-05, Final residual = 9.70597e-08, No Iterations 156
time step continuity errors : sum local = 2.05282e-10, global = 1.46239e-11, cumulative = -4.39936e-06
ExecutionTime = 1282.7 s  ClockTime = 1289 s

Courant Number mean: 0.208991 max: 0.3981
Interface Courant Number mean: 0.000868248 max: 0.369845
deltaT = 0.0002581
Time = 0.0447721

PIMPLE: iteration 1
smoothSolver:  Solving for alpha.water, Initial residual = 0.0212248, Final residual = 3.04491e-09, No Iterations 3
Phase-1 volume fraction = 0.997811  Min(alpha.water) = 0.00493171  Max(alpha.water) = 1.00001
MULES: Correcting alpha.water
MULES: Correcting alpha.water
Phase-1 volume fraction = 0.997811  Min(alpha.water) = 0.00492972  Max(alpha.water) = 1.00007
DICPCG:  Solving for p_rgh, Initial residual = 0.106852, Final residual = 0.00453196, No Iterations 4
DICPCG:  Solving for p_rgh, Initial residual = 0.00454956, Final residual = 0.000185082, No Iterations 14
time step continuity errors : sum local = 3.87749e-07, global = -1.38376e-08, cumulative = -4.4132e-06
DICPCG:  Solving for p_rgh, Initial residual = 0.00147285, Final residual = 7.31471e-05, No Iterations 10
DICPCG:  Solving for p_rgh, Initial residual = 7.3142e-05, Final residual = 3.58021e-06, No Iterations 212
time step continuity errors : sum local = 7.48919e-09, global = -4.66601e-12, cumulative = -4.4132e-06
DICPCG:  Solving for p_rgh, Initial residual = 0.000222147, Final residual = 9.6942e-06, No Iterations 202
DICPCG:  Solving for p_rgh, Initial residual = 9.71416e-06, Final residual = 9.99495e-08, No Iterations 99
time step continuity errors : sum local = 2.09058e-10, global = 1.1194e-11, cumulative = -4.41319e-06
ExecutionTime = 1289.91 s  ClockTime = 1296 s

Courant Number mean: 0.208999 max: 0.414863
Interface Courant Number mean: 0.000880146 max: 0.357879
deltaT = 0.000249638
Time = 0.0450217

PIMPLE: iteration 1
smoothSolver:  Solving for alpha.water, Initial residual = 0.0205191, Final residual = 2.65961e-09, No Iterations 3
Phase-1 volume fraction = 0.997811  Min(alpha.water) = 0.00494405  Max(alpha.water) = 1
MULES: Correcting alpha.water
MULES: Correcting alpha.water
Phase-1 volume fraction = 0.997811  Min(alpha.water) = 0.00494405  Max(alpha.water) = 1.00004
DICPCG:  Solving for p_rgh, Initial residual = 0.105463, Final residual = 0.00444491, No Iterations 4
DICPCG:  Solving for p_rgh, Initial residual = 0.00444474, Final residual = 0.00018257, No Iterations 14
time step continuity errors : sum local = 3.60132e-07, global = -1.26691e-08, cumulative = -4.42586e-06
DICPCG:  Solving for p_rgh, Initial residual = 0.00140811, Final residual = 6.82417e-05, No Iterations 10
DICPCG:  Solving for p_rgh, Initial residual = 6.82366e-05, Final residual = 3.4008e-06, No Iterations 216
time step continuity errors : sum local = 6.69879e-09, global = -8.57353e-11, cumulative = -4.42594e-06
DICPCG:  Solving for p_rgh, Initial residual = 0.000208164, Final residual = 9.76138e-06, No Iterations 202
DICPCG:  Solving for p_rgh, Initial residual = 9.77973e-06, Final residual = 9.97093e-08, No Iterations 135
time step continuity errors : sum local = 1.96313e-10, global = 1.13617e-11, cumulative = -4.42593e-06
ExecutionTime = 1298.19 s  ClockTime = 1304 s

Courant Number mean: 0.202153 max: 0.403092
Interface Courant Number mean: 0.00086099 max: 0.353027
deltaT = 0.000249638
Time = 0.0452714

PIMPLE: iteration 1
smoothSolver:  Solving for alpha.water, Initial residual = 0.020481, Final residual = 2.78053e-09, No Iterations 3
Phase-1 volume fraction = 0.997811  Min(alpha.water) = 0.00496199  Max(alpha.water) = 1
MULES: Correcting alpha.water
MULES: Correcting alpha.water
Phase-1 volume fraction = 0.997811  Min(alpha.water) = 0.00496199  Max(alpha.water) = 1.00005
DICPCG:  Solving for p_rgh, Initial residual = 0.104875, Final residual = 0.00444741, No Iterations 4
DICPCG:  Solving for p_rgh, Initial residual = 0.00443188, Final residual = 0.000185314, No Iterations 14
time step continuity errors : sum local = 3.66686e-07, global = -1.26809e-08, cumulative = -4.43861e-06
DICPCG:  Solving for p_rgh, Initial residual = 0.00140297, Final residual = 6.46803e-05, No Iterations 11
DICPCG:  Solving for p_rgh, Initial residual = 6.46757e-05, Final residual = 3.18833e-06, No Iterations 217
time step continuity errors : sum local = 6.2999e-09, global = -1.65937e-11, cumulative = -4.43863e-06
DICPCG:  Solving for p_rgh, Initial residual = 0.000209687, Final residual = 1.03935e-05, No Iterations 201
DICPCG:  Solving for p_rgh, Initial residual = 1.04126e-05, Final residual = 9.84988e-08, No Iterations 139
time step continuity errors : sum local = 1.9452e-10, global = 1.21722e-11, cumulative = -4.43862e-06
ExecutionTime = 1306.89 s  ClockTime = 1313 s

Courant Number mean: 0.202159 max: 0.403611
Interface Courant Number mean: 0.000848602 max: 0.359639
deltaT = 0.000245477
Time = 0.0455169

PIMPLE: iteration 1
smoothSolver:  Solving for alpha.water, Initial residual = 0.0201372, Final residual = 2.52204e-09, No Iterations 3
Phase-1 volume fraction = 0.997811  Min(alpha.water) = 0.00498715  Max(alpha.water) = 1
MULES: Correcting alpha.water
MULES: Correcting alpha.water
Phase-1 volume fraction = 0.997811  Min(alpha.water) = 0.00498061  Max(alpha.water) = 1.00014
DICPCG:  Solving for p_rgh, Initial residual = 0.101899, Final residual = 0.00426433, No Iterations 4
DICPCG:  Solving for p_rgh, Initial residual = 0.00423852, Final residual = 0.000178459, No Iterations 14
time step continuity errors : sum local = 3.45946e-07, global = -1.21133e-08, cumulative = -4.45073e-06
DICPCG:  Solving for p_rgh, Initial residual = 0.0013552, Final residual = 6.52893e-05, No Iterations 11
DICPCG:  Solving for p_rgh, Initial residual = 6.52854e-05, Final residual = 2.93715e-06, No Iterations 187
time step continuity errors : sum local = 5.68599e-09, global = 2.07405e-10, cumulative = -4.45052e-06
DICPCG:  Solving for p_rgh, Initial residual = 0.000198392, Final residual = 9.91068e-06, No Iterations 190
DICPCG:  Solving for p_rgh, Initial residual = 9.92848e-06, Final residual = 8.70639e-08, No Iterations 232
time step continuity errors : sum local = 1.68486e-10, global = -1.2955e-12, cumulative = -4.45052e-06
ExecutionTime = 1315.4 s  ClockTime = 1321 s

Courant Number mean: 0.198796 max: 0.386677
Interface Courant Number mean: 0.000810491 max: 0.349533
deltaT = 0.00025409
Time = 0.0457709

PIMPLE: iteration 1
smoothSolver:  Solving for alpha.water, Initial residual = 0.0208883, Final residual = 2.91992e-09, No Iterations 3
Phase-1 volume fraction = 0.997811  Min(alpha.water) = 0.00499354  Max(alpha.water) = 1
MULES: Correcting alpha.water
MULES: Correcting alpha.water
Phase-1 volume fraction = 0.997811  Min(alpha.water) = 0.00499201  Max(alpha.water) = 1.00018
DICPCG:  Solving for p_rgh, Initial residual = 0.105027, Final residual = 0.00433944, No Iterations 4
DICPCG:  Solving for p_rgh, Initial residual = 0.00433591, Final residual = 0.000173258, No Iterations 14
time step continuity errors : sum local = 3.55559e-07, global = -1.3284e-08, cumulative = -4.46381e-06
DICPCG:  Solving for p_rgh, Initial residual = 0.00141755, Final residual = 6.9228e-05, No Iterations 9
DICPCG:  Solving for p_rgh, Initial residual = 6.92236e-05, Final residual = 3.27652e-06, No Iterations 216
time step continuity errors : sum local = 6.71467e-09, global = 3.67346e-13, cumulative = -4.46381e-06
DICPCG:  Solving for p_rgh, Initial residual = 0.000210915, Final residual = 1.03458e-05, No Iterations 202
DICPCG:  Solving for p_rgh, Initial residual = 1.03662e-05, Final residual = 9.72746e-08, No Iterations 147
time step continuity errors : sum local = 1.99334e-10, global = 1.44607e-11, cumulative = -4.46379e-06
ExecutionTime = 1323.8 s  ClockTime = 1330 s

Courant Number mean: 0.205778 max: 0.410455
Interface Courant Number mean: 0.000858962 max: 0.38966
deltaT = 0.000249632
Time = 0.0460206

PIMPLE: iteration 1
smoothSolver:  Solving for alpha.water, Initial residual = 0.020557, Final residual = 2.42995e-09, No Iterations 3
Phase-1 volume fraction = 0.997811  Min(alpha.water) = 0.00500157  Max(alpha.water) = 1
MULES: Correcting alpha.water
MULES: Correcting alpha.water
Phase-1 volume fraction = 0.997811  Min(alpha.water) = 0.00500157  Max(alpha.water) = 1.00013
DICPCG:  Solving for p_rgh, Initial residual = 0.105547, Final residual = 0.00422674, No Iterations 4
DICPCG:  Solving for p_rgh, Initial residual = 0.00423555, Final residual = 0.00016401, No Iterations 14
time step continuity errors : sum local = 3.24262e-07, global = -1.25144e-08, cumulative = -4.47631e-06
DICPCG:  Solving for p_rgh, Initial residual = 0.00142635, Final residual = 6.91882e-05, No Iterations 9
DICPCG:  Solving for p_rgh, Initial residual = 6.91827e-05, Final residual = 3.37382e-06, No Iterations 213
time step continuity errors : sum local = 6.66179e-09, global = -4.5214e-12, cumulative = -4.47631e-06
DICPCG:  Solving for p_rgh, Initial residual = 0.000210738, Final residual = 9.53187e-06, No Iterations 203
DICPCG:  Solving for p_rgh, Initial residual = 9.55047e-06, Final residual = 9.88269e-08, No Iterations 97
time step continuity errors : sum local = 1.95136e-10, global = 1.15526e-11, cumulative = -4.4763e-06
ExecutionTime = 1333.34 s  ClockTime = 1339 s

Courant Number mean: 0.202175 max: 0.406704
Interface Courant Number mean: 0.000844885 max: 0.3567
deltaT = 0.000245253
Time = 0.0462658

PIMPLE: iteration 1
smoothSolver:  Solving for alpha.water, Initial residual = 0.0201822, Final residual = 2.04095e-09, No Iterations 3
Phase-1 volume fraction = 0.997811  Min(alpha.water) = 0.00501263  Max(alpha.water) = 1
MULES: Correcting alpha.water
MULES: Correcting alpha.water
Phase-1 volume fraction = 0.997811  Min(alpha.water) = 0.00501263  Max(alpha.water) = 1.00005
DICPCG:  Solving for p_rgh, Initial residual = 0.104872, Final residual = 0.00411328, No Iterations 4
DICPCG:  Solving for p_rgh, Initial residual = 0.00411872, Final residual = 0.000166445, No Iterations 14
time step continuity errors : sum local = 3.17474e-07, global = -1.19655e-08, cumulative = -4.48827e-06
DICPCG:  Solving for p_rgh, Initial residual = 0.00141482, Final residual = 6.91617e-05, No Iterations 8
DICPCG:  Solving for p_rgh, Initial residual = 6.91565e-05, Final residual = 3.36275e-06, No Iterations 218
time step continuity errors : sum local = 6.40606e-09, global = -6.40277e-11, cumulative = -4.48833e-06
DICPCG:  Solving for p_rgh, Initial residual = 0.000208695, Final residual = 1.02224e-05, No Iterations 201
DICPCG:  Solving for p_rgh, Initial residual = 1.02409e-05, Final residual = 9.7662e-08, No Iterations 144
time step continuity errors : sum local = 1.85969e-10, global = 1.51147e-11, cumulative = -4.48832e-06
ExecutionTime = 1342.58 s  ClockTime = 1349 s

Courant Number mean: 0.198636 max: 0.406562
Interface Courant Number mean: 0.000827456 max: 0.355348
deltaT = 0.00024095
Time = 0.0465068

PIMPLE: iteration 1
smoothSolver:  Solving for alpha.water, Initial residual = 0.0198099, Final residual = 1.75167e-09, No Iterations 3
Phase-1 volume fraction = 0.997811  Min(alpha.water) = 0.0050275  Max(alpha.water) = 1
MULES: Correcting alpha.water
MULES: Correcting alpha.water
Phase-1 volume fraction = 0.997811  Min(alpha.water) = 0.0050275  Max(alpha.water) = 1.00007
DICPCG:  Solving for p_rgh, Initial residual = 0.101759, Final residual = 0.00397777, No Iterations 4
DICPCG:  Solving for p_rgh, Initial residual = 0.00395772, Final residual = 0.000166052, No Iterations 14
time step continuity errors : sum local = 3.09296e-07, global = -1.1413e-08, cumulative = -4.49973e-06
DICPCG:  Solving for p_rgh, Initial residual = 0.00136728, Final residual = 6.58746e-05, No Iterations 10
DICPCG:  Solving for p_rgh, Initial residual = 6.58702e-05, Final residual = 3.17203e-06, No Iterations 219
time step continuity errors : sum local = 5.90102e-09, global = -5.44538e-11, cumulative = -4.49978e-06
DICPCG:  Solving for p_rgh, Initial residual = 0.000200146, Final residual = 9.70585e-06, No Iterations 201
DICPCG:  Solving for p_rgh, Initial residual = 9.7224e-06, Final residual = 9.70031e-08, No Iterations 136
time step continuity errors : sum local = 1.80355e-10, global = 1.02208e-11, cumulative = -4.49977e-06
ExecutionTime = 1352.14 s  ClockTime = 1358 s

Courant Number mean: 0.195157 max: 0.39424
Interface Courant Number mean: 0.00079463 max: 0.365943
deltaT = 0.000245331
Time = 0.0467521

PIMPLE: iteration 1
smoothSolver:  Solving for alpha.water, Initial residual = 0.0201739, Final residual = 1.96294e-09, No Iterations 3
Phase-1 volume fraction = 0.997811  Min(alpha.water) = 0.00505158  Max(alpha.water) = 1
MULES: Correcting alpha.water
MULES: Correcting alpha.water
Phase-1 volume fraction = 0.997811  Min(alpha.water) = 0.00504726  Max(alpha.water) = 1.00004
DICPCG:  Solving for p_rgh, Initial residual = 0.101868, Final residual = 0.00396333, No Iterations 4
DICPCG:  Solving for p_rgh, Initial residual = 0.00395121, Final residual = 0.000163383, No Iterations 14
time step continuity errors : sum local = 3.14679e-07, global = -1.19559e-08, cumulative = -4.51173e-06
DICPCG:  Solving for p_rgh, Initial residual = 0.00135097, Final residual = 6.35992e-05, No Iterations 10
DICPCG:  Solving for p_rgh, Initial residual = 6.35946e-05, Final residual = 3.01377e-06, No Iterations 212
time step continuity errors : sum local = 5.79736e-09, global = 4.49725e-11, cumulative = -4.51168e-06
DICPCG:  Solving for p_rgh, Initial residual = 0.000197045, Final residual = 9.09158e-06, No Iterations 203
DICPCG:  Solving for p_rgh, Initial residual = 9.10771e-06, Final residual = 9.96496e-08, No Iterations 120
time step continuity errors : sum local = 1.91608e-10, global = 1.20144e-11, cumulative = -4.51167e-06
ExecutionTime = 1359.94 s  ClockTime = 1366 s

Courant Number mean: 0.198711 max: 0.391806
Interface Courant Number mean: 0.000813877 max: 0.376098
deltaT = 0.00024996
Time = 0.0470021

PIMPLE: iteration 1
smoothSolver:  Solving for alpha.water, Initial residual = 0.0206058, Final residual = 2.19864e-09, No Iterations 3
Phase-1 volume fraction = 0.997811  Min(alpha.water) = 0.00506104  Max(alpha.water) = 1
MULES: Correcting alpha.water
MULES: Correcting alpha.water
Phase-1 volume fraction = 0.997811  Min(alpha.water) = 0.00506014  Max(alpha.water) = 1.00011
DICPCG:  Solving for p_rgh, Initial residual = 0.105539, Final residual = 0.0039987, No Iterations 4
DICPCG:  Solving for p_rgh, Initial residual = 0.00400152, Final residual = 0.000153912, No Iterations 14
time step continuity errors : sum local = 3.0462e-07, global = -1.24725e-08, cumulative = -4.52414e-06
DICPCG:  Solving for p_rgh, Initial residual = 0.00138622, Final residual = 6.37732e-05, No Iterations 8
DICPCG:  Solving for p_rgh, Initial residual = 6.3768e-05, Final residual = 3.10562e-06, No Iterations 215
time step continuity errors : sum local = 6.13898e-09, global = -4.81982e-12, cumulative = -4.52415e-06
DICPCG:  Solving for p_rgh, Initial residual = 0.000203983, Final residual = 9.49305e-06, No Iterations 203
DICPCG:  Solving for p_rgh, Initial residual = 9.51126e-06, Final residual = 9.96288e-08, No Iterations 110
time step continuity errors : sum local = 1.96933e-10, global = 1.29521e-11, cumulative = -4.52414e-06
ExecutionTime = 1367.13 s  ClockTime = 1373 s

Courant Number mean: 0.202467 max: 0.410319
Interface Courant Number mean: 0.000843829 max: 0.354816
deltaT = 0.000245244
Time = 0.0472473

PIMPLE: iteration 1
smoothSolver:  Solving for alpha.water, Initial residual = 0.0202467, Final residual = 1.97349e-09, No Iterations 3
Phase-1 volume fraction = 0.997811  Min(alpha.water) = 0.00506819  Max(alpha.water) = 1
MULES: Correcting alpha.water
MULES: Correcting alpha.water
Phase-1 volume fraction = 0.997811  Min(alpha.water) = 0.00506819  Max(alpha.water) = 1.00014
DICPCG:  Solving for p_rgh, Initial residual = 0.105336, Final residual = 0.00390425, No Iterations 4
DICPCG:  Solving for p_rgh, Initial residual = 0.00390884, Final residual = 0.000188528, No Iterations 13
time step continuity errors : sum local = 3.59344e-07, global = -1.1798e-08, cumulative = -4.53593e-06
DICPCG:  Solving for p_rgh, Initial residual = 0.00143151, Final residual = 6.68705e-05, No Iterations 9
DICPCG:  Solving for p_rgh, Initial residual = 6.68666e-05, Final residual = 3.09389e-06, No Iterations 213
time step continuity errors : sum local = 5.89011e-09, global = -3.90699e-11, cumulative = -4.53597e-06
DICPCG:  Solving for p_rgh, Initial residual = 0.00021026, Final residual = 1.01577e-05, No Iterations 202
DICPCG:  Solving for p_rgh, Initial residual = 1.0177e-05, Final residual = 9.99967e-08, No Iterations 111
time step continuity errors : sum local = 1.90381e-10, global = 1.69736e-11, cumulative = -4.53596e-06
ExecutionTime = 1374.4 s  ClockTime = 1381 s

Courant Number mean: 0.198655 max: 0.414074
Interface Courant Number mean: 0.000823816 max: 0.357129
deltaT = 0.000236161
Time = 0.0474835

PIMPLE: iteration 1
smoothSolver:  Solving for alpha.water, Initial residual = 0.0195036, Final residual = 1.63971e-09, No Iterations 3
Phase-1 volume fraction = 0.997811  Min(alpha.water) = 0.00507697  Max(alpha.water) = 1
MULES: Correcting alpha.water
MULES: Correcting alpha.water
Phase-1 volume fraction = 0.997811  Min(alpha.water) = 0.00507697  Max(alpha.water) = 1.00007
DICPCG:  Solving for p_rgh, Initial residual = 0.102269, Final residual = 0.00374037, No Iterations 4
DICPCG:  Solving for p_rgh, Initial residual = 0.00374008, Final residual = 0.000150268, No Iterations 14
time step continuity errors : sum local = 2.67788e-07, global = -1.0693e-08, cumulative = -4.54665e-06
DICPCG:  Solving for p_rgh, Initial residual = 0.00138573, Final residual = 6.10327e-05, No Iterations 8
DICPCG:  Solving for p_rgh, Initial residual = 6.10291e-05, Final residual = 2.88882e-06, No Iterations 210
time step continuity errors : sum local = 5.14222e-09, global = -4.24432e-11, cumulative = -4.54669e-06
DICPCG:  Solving for p_rgh, Initial residual = 0.000199326, Final residual = 9.43911e-06, No Iterations 190
DICPCG:  Solving for p_rgh, Initial residual = 9.45505e-06, Final residual = 9.73849e-08, No Iterations 142
time step continuity errors : sum local = 1.73283e-10, global = 1.37876e-11, cumulative = -4.54668e-06
ExecutionTime = 1382.06 s  ClockTime = 1388 s

Courant Number mean: 0.191304 max: 0.39623
Interface Courant Number mean: 0.000785261 max: 0.348243
deltaT = 0.000236161
Time = 0.0477196

PIMPLE: iteration 1
smoothSolver:  Solving for alpha.water, Initial residual = 0.0195037, Final residual = 1.76465e-09, No Iterations 3
Phase-1 volume fraction = 0.997811  Min(alpha.water) = 0.00508953  Max(alpha.water) = 1
MULES: Correcting alpha.water
MULES: Correcting alpha.water
Phase-1 volume fraction = 0.997811  Min(alpha.water) = 0.00508953  Max(alpha.water) = 1.00008
DICPCG:  Solving for p_rgh, Initial residual = 0.100914, Final residual = 0.00371227, No Iterations 4
DICPCG:  Solving for p_rgh, Initial residual = 0.003698, Final residual = 0.000154318, No Iterations 14
time step continuity errors : sum local = 2.76265e-07, global = -1.07265e-08, cumulative = -4.5574e-06
DICPCG:  Solving for p_rgh, Initial residual = 0.00135228, Final residual = 6.6101e-05, No Iterations 8
DICPCG:  Solving for p_rgh, Initial residual = 6.60956e-05, Final residual = 3.19655e-06, No Iterations 219
time step continuity errors : sum local = 5.71639e-09, global = -5.50309e-11, cumulative = -4.55746e-06
DICPCG:  Solving for p_rgh, Initial residual = 0.00019468, Final residual = 9.43214e-06, No Iterations 191
DICPCG:  Solving for p_rgh, Initial residual = 9.4476e-06, Final residual = 9.60317e-08, No Iterations 179
time step continuity errors : sum local = 1.71647e-10, global = 2.10314e-11, cumulative = -4.55744e-06
ExecutionTime = 1390.23 s  ClockTime = 1396 s

Courant Number mean: 0.19131 max: 0.382257
Interface Courant Number mean: 0.000782656 max: 0.353953
deltaT = 0.000245607
Time = 0.0479652

PIMPLE: iteration 1
smoothSolver:  Solving for alpha.water, Initial residual = 0.0202963, Final residual = 2.29567e-09, No Iterations 3
Phase-1 volume fraction = 0.997811  Min(alpha.water) = 0.00511211  Max(alpha.water) = 1
MULES: Correcting alpha.water
MULES: Correcting alpha.water
Phase-1 volume fraction = 0.997811  Min(alpha.water) = 0.00510239  Max(alpha.water) = 1.00005
DICPCG:  Solving for p_rgh, Initial residual = 0.10357, Final residual = 0.00383761, No Iterations 4
DICPCG:  Solving for p_rgh, Initial residual = 0.00383047, Final residual = 0.000160865, No Iterations 14
time step continuity errors : sum local = 3.08165e-07, global = -1.18053e-08, cumulative = -4.56924e-06
DICPCG:  Solving for p_rgh, Initial residual = 0.00136405, Final residual = 6.36765e-05, No Iterations 9
DICPCG:  Solving for p_rgh, Initial residual = 6.36715e-05, Final residual = 3.14579e-06, No Iterations 215
time step continuity errors : sum local = 6.01917e-09, global = 5.50987e-12, cumulative = -4.56924e-06
DICPCG:  Solving for p_rgh, Initial residual = 0.000199116, Final residual = 9.61296e-06, No Iterations 199
DICPCG:  Solving for p_rgh, Initial residual = 9.62968e-06, Final residual = 9.9505e-08, No Iterations 134
time step continuity errors : sum local = 1.90303e-10, global = 1.16538e-11, cumulative = -4.56923e-06
ExecutionTime = 1398.34 s  ClockTime = 1405 s

Courant Number mean: 0.198969 max: 0.393865
Interface Courant Number mean: 0.000816406 max: 0.346813
deltaT = 0.000250724
Time = 0.048216

PIMPLE: iteration 1
smoothSolver:  Solving for alpha.water, Initial residual = 0.0207627, Final residual = 2.6786e-09, No Iterations 3
Phase-1 volume fraction = 0.997811  Min(alpha.water) = 0.0051481  Max(alpha.water) = 1
MULES: Correcting alpha.water
MULES: Correcting alpha.water
Phase-1 volume fraction = 0.997811  Min(alpha.water) = 0.0051248  Max(alpha.water) = 1.00002
DICPCG:  Solving for p_rgh, Initial residual = 0.107723, Final residual = 0.00392156, No Iterations 4
DICPCG:  Solving for p_rgh, Initial residual = 0.00392368, Final residual = 0.000188701, No Iterations 13
time step continuity errors : sum local = 3.728e-07, global = -1.23675e-08, cumulative = -4.58159e-06
DICPCG:  Solving for p_rgh, Initial residual = 0.00142407, Final residual = 6.59081e-05, No Iterations 9
DICPCG:  Solving for p_rgh, Initial residual = 6.59043e-05, Final residual = 3.1503e-06, No Iterations 213
time step continuity errors : sum local = 6.21606e-09, global = 1.27047e-11, cumulative = -4.58158e-06
DICPCG:  Solving for p_rgh, Initial residual = 0.000211892, Final residual = 9.83649e-06, No Iterations 203
DICPCG:  Solving for p_rgh, Initial residual = 9.85515e-06, Final residual = 9.76382e-08, No Iterations 114
time step continuity errors : sum local = 1.92643e-10, global = 1.75389e-11, cumulative = -4.58156e-06
ExecutionTime = 1406.99 s  ClockTime = 1413 s

Courant Number mean: 0.203121 max: 0.416546
Interface Courant Number mean: 0.000846256 max: 0.355301
deltaT = 0.00024049
Time = 0.0484565

PIMPLE: iteration 1
smoothSolver:  Solving for alpha.water, Initial residual = 0.0199481, Final residual = 2.23907e-09, No Iterations 3
Phase-1 volume fraction = 0.997811  Min(alpha.water) = 0.00515326  Max(alpha.water) = 1
MULES: Correcting alpha.water
MULES: Correcting alpha.water
Phase-1 volume fraction = 0.997811  Min(alpha.water) = 0.00515326  Max(alpha.water) = 1.00003
DICPCG:  Solving for p_rgh, Initial residual = 0.104738, Final residual = 0.00372793, No Iterations 4
DICPCG:  Solving for p_rgh, Initial residual = 0.00372545, Final residual = 0.000175042, No Iterations 13
time step continuity errors : sum local = 3.21509e-07, global = -1.10306e-08, cumulative = -4.59259e-06
DICPCG:  Solving for p_rgh, Initial residual = 0.00140782, Final residual = 6.9015e-05, No Iterations 8
DICPCG:  Solving for p_rgh, Initial residual = 6.90118e-05, Final residual = 3.24349e-06, No Iterations 218
time step continuity errors : sum local = 5.95048e-09, global = -1.91432e-11, cumulative = -4.59261e-06
DICPCG:  Solving for p_rgh, Initial residual = 0.000204532, Final residual = 9.8768e-06, No Iterations 202
DICPCG:  Solving for p_rgh, Initial residual = 9.89471e-06, Final residual = 9.88205e-08, No Iterations 147
time step continuity errors : sum local = 1.81304e-10, global = 1.38648e-11, cumulative = -4.5926e-06
ExecutionTime = 1415.34 s  ClockTime = 1422 s

Courant Number mean: 0.194838 max: 0.398859
Interface Courant Number mean: 0.000803308 max: 0.347965
deltaT = 0.00024049
Time = 0.048697

PIMPLE: iteration 1
smoothSolver:  Solving for alpha.water, Initial residual = 0.0199717, Final residual = 2.36051e-09, No Iterations 3
Phase-1 volume fraction = 0.997811  Min(alpha.water) = 0.00516211  Max(alpha.water) = 1
MULES: Correcting alpha.water
MULES: Correcting alpha.water
Phase-1 volume fraction = 0.997811  Min(alpha.water) = 0.00516211  Max(alpha.water) = 1.00003
DICPCG:  Solving for p_rgh, Initial residual = 0.104673, Final residual = 0.00372576, No Iterations 4
DICPCG:  Solving for p_rgh, Initial residual = 0.00371739, Final residual = 0.000183057, No Iterations 13
time step continuity errors : sum local = 3.36839e-07, global = -1.10697e-08, cumulative = -4.60367e-06
DICPCG:  Solving for p_rgh, Initial residual = 0.00144123, Final residual = 7.1761e-05, No Iterations 8
DICPCG:  Solving for p_rgh, Initial residual = 7.17577e-05, Final residual = 3.46332e-06, No Iterations 218
time step continuity errors : sum local = 6.36539e-09, global = -1.43525e-10, cumulative = -4.60381e-06
DICPCG:  Solving for p_rgh, Initial residual = 0.000210729, Final residual = 9.78955e-06, No Iterations 200
DICPCG:  Solving for p_rgh, Initial residual = 9.80643e-06, Final residual = 9.62106e-08, No Iterations 142
time step continuity errors : sum local = 1.76779e-10, global = 1.56271e-11, cumulative = -4.6038e-06
ExecutionTime = 1424.31 s  ClockTime = 1431 s

Courant Number mean: 0.194845 max: 0.391017
Interface Courant Number mean: 0.000784827 max: 0.349286
deltaT = 0.000245718
Time = 0.0489427

PIMPLE: iteration 1
smoothSolver:  Solving for alpha.water, Initial residual = 0.0204343, Final residual = 2.71642e-09, No Iterations 3
Phase-1 volume fraction = 0.997811  Min(alpha.water) = 0.00517636  Max(alpha.water) = 1
MULES: Correcting alpha.water
MULES: Correcting alpha.water
Phase-1 volume fraction = 0.997811  Min(alpha.water) = 0.00517636  Max(alpha.water) = 1.00002
DICPCG:  Solving for p_rgh, Initial residual = 0.105324, Final residual = 0.00384755, No Iterations 4
DICPCG:  Solving for p_rgh, Initial residual = 0.00384074, Final residual = 0.000161175, No Iterations 14
time step continuity errors : sum local = 3.07807e-07, global = -1.16316e-08, cumulative = -4.61543e-06
DICPCG:  Solving for p_rgh, Initial residual = 0.00141423, Final residual = 6.9351e-05, No Iterations 8
DICPCG:  Solving for p_rgh, Initial residual = 6.93466e-05, Final residual = 3.1646e-06, No Iterations 215
time step continuity errors : sum local = 6.03601e-09, global = -7.2401e-11, cumulative = -4.6155e-06
DICPCG:  Solving for p_rgh, Initial residual = 0.000208537, Final residual = 1.0124e-05, No Iterations 187
DICPCG:  Solving for p_rgh, Initial residual = 1.01413e-05, Final residual = 9.64195e-08, No Iterations 223
time step continuity errors : sum local = 1.83829e-10, global = -2.63992e-12, cumulative = -4.6155e-06
ExecutionTime = 1433.04 s  ClockTime = 1439 s

Courant Number mean: 0.199087 max: 0.385325
Interface Courant Number mean: 0.000816366 max: 0.351453
deltaT = 0.000257147
Time = 0.0491998

PIMPLE: iteration 1
smoothSolver:  Solving for alpha.water, Initial residual = 0.0213841, Final residual = 3.29545e-09, No Iterations 3
Phase-1 volume fraction = 0.997811  Min(alpha.water) = 0.00520338  Max(alpha.water) = 1
MULES: Correcting alpha.water
MULES: Correcting alpha.water
Phase-1 volume fraction = 0.997811  Min(alpha.water) = 0.0051911  Max(alpha.water) = 1.00003
DICPCG:  Solving for p_rgh, Initial residual = 0.109888, Final residual = 0.00417499, No Iterations 4
DICPCG:  Solving for p_rgh, Initial residual = 0.00416705, Final residual = 0.000167003, No Iterations 14
time step continuity errors : sum local = 3.44735e-07, global = -1.30257e-08, cumulative = -4.62853e-06
DICPCG:  Solving for p_rgh, Initial residual = 0.00142071, Final residual = 6.68687e-05, No Iterations 9
DICPCG:  Solving for p_rgh, Initial residual = 6.68634e-05, Final residual = 3.16403e-06, No Iterations 220
time step continuity errors : sum local = 6.52213e-09, global = -1.86081e-11, cumulative = -4.62855e-06
DICPCG:  Solving for p_rgh, Initial residual = 0.000214932, Final residual = 1.03026e-05, No Iterations 204
DICPCG:  Solving for p_rgh, Initial residual = 1.03215e-05, Final residual = 9.89845e-08, No Iterations 141
time step continuity errors : sum local = 2.03952e-10, global = 1.46837e-11, cumulative = -4.62853e-06
ExecutionTime = 1440.67 s  ClockTime = 1447 s

Courant Number mean: 0.208354 max: 0.408692
Interface Courant Number mean: 0.000877172 max: 0.361933
deltaT = 0.000251167
Time = 0.049451

PIMPLE: iteration 1
smoothSolver:  Solving for alpha.water, Initial residual = 0.0209144, Final residual = 2.61007e-09, No Iterations 3
Phase-1 volume fraction = 0.997811  Min(alpha.water) = 0.0052396  Max(alpha.water) = 1
MULES: Correcting alpha.water
MULES: Correcting alpha.water
Phase-1 volume fraction = 0.997811  Min(alpha.water) = 0.00519964  Max(alpha.water) = 1.00002
DICPCG:  Solving for p_rgh, Initial residual = 0.109175, Final residual = 0.00421731, No Iterations 4
DICPCG:  Solving for p_rgh, Initial residual = 0.00422399, Final residual = 0.000208091, No Iterations 13
time step continuity errors : sum local = 4.09844e-07, global = -1.21108e-08, cumulative = -4.64064e-06
DICPCG:  Solving for p_rgh, Initial residual = 0.00144971, Final residual = 6.78603e-05, No Iterations 9
DICPCG:  Solving for p_rgh, Initial residual = 6.7858e-05, Final residual = 3.09519e-06, No Iterations 216
time step continuity errors : sum local = 6.08733e-09, global = -1.95579e-11, cumulative = -4.64066e-06
DICPCG:  Solving for p_rgh, Initial residual = 0.000216944, Final residual = 1.07104e-05, No Iterations 202
DICPCG:  Solving for p_rgh, Initial residual = 1.07302e-05, Final residual = 9.80757e-08, No Iterations 145
time step continuity errors : sum local = 1.92859e-10, global = 1.56135e-11, cumulative = -4.64065e-06
ExecutionTime = 1448.32 s  ClockTime = 1455 s

Courant Number mean: 0.203516 max: 0.402396
Interface Courant Number mean: 0.000857498 max: 0.355665
deltaT = 0.000251167
Time = 0.0497022

PIMPLE: iteration 1
smoothSolver:  Solving for alpha.water, Initial residual = 0.0209134, Final residual = 2.19118e-09, No Iterations 3
Phase-1 volume fraction = 0.997811  Min(alpha.water) = 0.00524679  Max(alpha.water) = 1
MULES: Correcting alpha.water
MULES: Correcting alpha.water
Phase-1 volume fraction = 0.997811  Min(alpha.water) = 0.00524679  Max(alpha.water) = 1.00001
DICPCG:  Solving for p_rgh, Initial residual = 0.110027, Final residual = 0.00427605, No Iterations 4
DICPCG:  Solving for p_rgh, Initial residual = 0.00426405, Final residual = 0.000207941, No Iterations 13
time step continuity errors : sum local = 4.10476e-07, global = -1.21217e-08, cumulative = -4.65277e-06
DICPCG:  Solving for p_rgh, Initial residual = 0.00149168, Final residual = 6.99868e-05, No Iterations 9
DICPCG:  Solving for p_rgh, Initial residual = 6.99825e-05, Final residual = 3.45736e-06, No Iterations 219
time step continuity errors : sum local = 6.81543e-09, global = -9.44082e-11, cumulative = -4.65286e-06
DICPCG:  Solving for p_rgh, Initial residual = 0.00022261, Final residual = 1.09296e-05, No Iterations 191
DICPCG:  Solving for p_rgh, Initial residual = 1.095e-05, Final residual = 9.68729e-08, No Iterations 230
time step continuity errors : sum local = 1.90967e-10, global = -2.6372e-12, cumulative = -4.65287e-06
ExecutionTime = 1456.77 s  ClockTime = 1463 s

Courant Number mean: 0.203523 max: 0.398473
Interface Courant Number mean: 0.00085227 max: 0.360163
deltaT = 0.000251167
Time = 0.0499533

PIMPLE: iteration 1
smoothSolver:  Solving for alpha.water, Initial residual = 0.0209288, Final residual = 1.83162e-09, No Iterations 3
Phase-1 volume fraction = 0.997811  Min(alpha.water) = 0.00525768  Max(alpha.water) = 1
MULES: Correcting alpha.water
MULES: Correcting alpha.water
Phase-1 volume fraction = 0.997811  Min(alpha.water) = 0.00525768  Max(alpha.water) = 1.00001
DICPCG:  Solving for p_rgh, Initial residual = 0.108309, Final residual = 0.00431275, No Iterations 4
DICPCG:  Solving for p_rgh, Initial residual = 0.00430171, Final residual = 0.000166511, No Iterations 14
time step continuity errors : sum local = 3.29317e-07, global = -1.21061e-08, cumulative = -4.66497e-06
DICPCG:  Solving for p_rgh, Initial residual = 0.00146816, Final residual = 7.09555e-05, No Iterations 8
DICPCG:  Solving for p_rgh, Initial residual = 7.09496e-05, Final residual = 3.38345e-06, No Iterations 216
time step continuity errors : sum local = 6.68248e-09, global = -9.91741e-11, cumulative = -4.66507e-06
DICPCG:  Solving for p_rgh, Initial residual = 0.000218517, Final residual = 9.84312e-06, No Iterations 187
DICPCG:  Solving for p_rgh, Initial residual = 9.86085e-06, Final residual = 9.06736e-08, No Iterations 161
time step continuity errors : sum local = 1.79041e-10, global = 1.82226e-11, cumulative = -4.66505e-06
ExecutionTime = 1464.06 s  ClockTime = 1470 s

Courant Number mean: 0.20353 max: 0.388662
Interface Courant Number mean: 0.000844957 max: 0.36021
deltaT = 0.000257607
Time = 0.0502109

PIMPLE: iteration 1
smoothSolver:  Solving for alpha.water, Initial residual = 0.0214873, Final residual = 1.83631e-09, No Iterations 3
Phase-1 volume fraction = 0.997811  Min(alpha.water) = 0.00527602  Max(alpha.water) = 1
MULES: Correcting alpha.water
MULES: Correcting alpha.water
Phase-1 volume fraction = 0.997811  Min(alpha.water) = 0.00527602  Max(alpha.water) = 1.00004
DICPCG:  Solving for p_rgh, Initial residual = 0.110623, Final residual = 0.00448731, No Iterations 4
DICPCG:  Solving for p_rgh, Initial residual = 0.00448436, Final residual = 0.000180776, No Iterations 14
time step continuity errors : sum local = 3.72412e-07, global = -1.28138e-08, cumulative = -4.67787e-06
DICPCG:  Solving for p_rgh, Initial residual = 0.00145207, Final residual = 7.00488e-05, No Iterations 10
DICPCG:  Solving for p_rgh, Initial residual = 7.00444e-05, Final residual = 3.49462e-06, No Iterations 185
time step continuity errors : sum local = 7.18817e-09, global = 1.10034e-11, cumulative = -4.67786e-06
DICPCG:  Solving for p_rgh, Initial residual = 0.000220755, Final residual = 1.0866e-05, No Iterations 203
DICPCG:  Solving for p_rgh, Initial residual = 1.08858e-05, Final residual = 9.54169e-08, No Iterations 128
time step continuity errors : sum local = 1.96189e-10, global = 1.29971e-11, cumulative = -4.67784e-06
ExecutionTime = 1472.11 s  ClockTime = 1478 s

Courant Number mean: 0.208755 max: 0.386297
Interface Courant Number mean: 0.00088346 max: 0.366208
deltaT = 0.00026457
Time = 0.0504755

PIMPLE: iteration 1
smoothSolver:  Solving for alpha.water, Initial residual = 0.0220545, Final residual = 1.93604e-09, No Iterations 3
Phase-1 volume fraction = 0.997811  Min(alpha.water) = 0.00530834  Max(alpha.water) = 1
MULES: Correcting alpha.water
MULES: Correcting alpha.water
Phase-1 volume fraction = 0.997811  Min(alpha.water) = 0.0052965  Max(alpha.water) = 1.00003
DICPCG:  Solving for p_rgh, Initial residual = 0.114133, Final residual = 0.00467314, No Iterations 4
DICPCG:  Solving for p_rgh, Initial residual = 0.00466782, Final residual = 0.000185055, No Iterations 14
time step continuity errors : sum local = 3.98208e-07, global = -1.36547e-08, cumulative = -4.6915e-06
DICPCG:  Solving for p_rgh, Initial residual = 0.00147407, Final residual = 7.22222e-05, No Iterations 9
DICPCG:  Solving for p_rgh, Initial residual = 7.22162e-05, Final residual = 3.48307e-06, No Iterations 218
time step continuity errors : sum local = 7.4831e-09, global = -7.09725e-11, cumulative = -4.69157e-06
DICPCG:  Solving for p_rgh, Initial residual = 0.000229401, Final residual = 1.07159e-05, No Iterations 203
DICPCG:  Solving for p_rgh, Initial residual = 1.0736e-05, Final residual = 9.73873e-08, No Iterations 144
time step continuity errors : sum local = 2.09136e-10, global = 1.85851e-11, cumulative = -4.69155e-06
ExecutionTime = 1479.46 s  ClockTime = 1486 s

Courant Number mean: 0.214403 max: 0.403281
Interface Courant Number mean: 0.000924182 max: 0.373393
deltaT = 0.00026457
Time = 0.0507401

PIMPLE: iteration 1
smoothSolver:  Solving for alpha.water, Initial residual = 0.0220325, Final residual = 1.83553e-09, No Iterations 3
Phase-1 volume fraction = 0.997811  Min(alpha.water) = 0.00535619  Max(alpha.water) = 1
MULES: Correcting alpha.water
MULES: Correcting alpha.water
Phase-1 volume fraction = 0.997811  Min(alpha.water) = 0.00534937  Max(alpha.water) = 1.00004
DICPCG:  Solving for p_rgh, Initial residual = 0.114533, Final residual = 0.00468808, No Iterations 4
DICPCG:  Solving for p_rgh, Initial residual = 0.00468221, Final residual = 0.000176324, No Iterations 14
time step continuity errors : sum local = 3.78808e-07, global = -1.35235e-08, cumulative = -4.70507e-06
DICPCG:  Solving for p_rgh, Initial residual = 0.00151288, Final residual = 7.20887e-05, No Iterations 8
DICPCG:  Solving for p_rgh, Initial residual = 7.20837e-05, Final residual = 3.52484e-06, No Iterations 214
time step continuity errors : sum local = 7.56034e-09, global = 3.74851e-11, cumulative = -4.70504e-06
DICPCG:  Solving for p_rgh, Initial residual = 0.000234282, Final residual = 1.04949e-05, No Iterations 187
DICPCG:  Solving for p_rgh, Initial residual = 1.05155e-05, Final residual = 9.8965e-08, No Iterations 131
time step continuity errors : sum local = 2.12243e-10, global = 1.77105e-11, cumulative = -4.70502e-06
ExecutionTime = 1486.96 s  ClockTime = 1493 s

Courant Number mean: 0.214409 max: 0.400156
Interface Courant Number mean: 0.000918512 max: 0.367806
deltaT = 0.00026457
Time = 0.0510046

PIMPLE: iteration 1
smoothSolver:  Solving for alpha.water, Initial residual = 0.0219747, Final residual = 1.76082e-09, No Iterations 3
Phase-1 volume fraction = 0.997811  Min(alpha.water) = 0.00536557  Max(alpha.water) = 1.00002
MULES: Correcting alpha.water
MULES: Correcting alpha.water
Phase-1 volume fraction = 0.997811  Min(alpha.water) = 0.00536557  Max(alpha.water) = 1.00003
DICPCG:  Solving for p_rgh, Initial residual = 0.113739, Final residual = 0.00469581, No Iterations 4
DICPCG:  Solving for p_rgh, Initial residual = 0.00468007, Final residual = 0.000179547, No Iterations 14
time step continuity errors : sum local = 3.8687e-07, global = -1.34977e-08, cumulative = -4.71852e-06
DICPCG:  Solving for p_rgh, Initial residual = 0.00152472, Final residual = 7.32219e-05, No Iterations 9
DICPCG:  Solving for p_rgh, Initial residual = 7.32157e-05, Final residual = 3.41331e-06, No Iterations 216
time step continuity errors : sum local = 7.34304e-09, global = -1.09528e-10, cumulative = -4.71863e-06
DICPCG:  Solving for p_rgh, Initial residual = 0.000235145, Final residual = 1.154e-05, No Iterations 190
DICPCG:  Solving for p_rgh, Initial residual = 1.15624e-05, Final residual = 9.60912e-08, No Iterations 232
time step continuity errors : sum local = 2.06702e-10, global = -9.02854e-13, cumulative = -4.71863e-06
ExecutionTime = 1496.87 s  ClockTime = 1503 s

Courant Number mean: 0.214417 max: 0.39241
Interface Courant Number mean: 0.000920001 max: 0.373431
deltaT = 0.000272587
Time = 0.0512772

PIMPLE: iteration 1
smoothSolver:  Solving for alpha.water, Initial residual = 0.0226339, Final residual = 2.03633e-09, No Iterations 3
Phase-1 volume fraction = 0.997811  Min(alpha.water) = 0.00538355  Max(alpha.water) = 1.00001
MULES: Correcting alpha.water
MULES: Correcting alpha.water
Phase-1 volume fraction = 0.997811  Min(alpha.water) = 0.00538355  Max(alpha.water) = 1.00003
DICPCG:  Solving for p_rgh, Initial residual = 0.116224, Final residual = 0.0048816, No Iterations 4
DICPCG:  Solving for p_rgh, Initial residual = 0.00487961, Final residual = 0.000199776, No Iterations 14
time step continuity errors : sum local = 4.51371e-07, global = -1.45116e-08, cumulative = -4.73314e-06
DICPCG:  Solving for p_rgh, Initial residual = 0.00155486, Final residual = 7.60586e-05, No Iterations 10
DICPCG:  Solving for p_rgh, Initial residual = 7.60538e-05, Final residual = 3.60221e-06, No Iterations 213
time step continuity errors : sum local = 8.12492e-09, global = -6.04958e-11, cumulative = -4.7332e-06
DICPCG:  Solving for p_rgh, Initial residual = 0.000244724, Final residual = 1.19535e-05, No Iterations 189
DICPCG:  Solving for p_rgh, Initial residual = 1.19768e-05, Final residual = 9.94815e-08, No Iterations 231
time step continuity errors : sum local = 2.24324e-10, global = -1.46899e-12, cumulative = -4.7332e-06
ExecutionTime = 1506 s  ClockTime = 1512 s

Courant Number mean: 0.22092 max: 0.393121
Interface Courant Number mean: 0.000962883 max: 0.380123
deltaT = 0.00028138
Time = 0.0515586

PIMPLE: iteration 1
smoothSolver:  Solving for alpha.water, Initial residual = 0.0233756, Final residual = 2.58619e-09, No Iterations 3
Phase-1 volume fraction = 0.997811  Min(alpha.water) = 0.00541616  Max(alpha.water) = 1.00001
MULES: Correcting alpha.water
MULES: Correcting alpha.water
Phase-1 volume fraction = 0.997811  Min(alpha.water) = 0.00540691  Max(alpha.water) = 1.00007
DICPCG:  Solving for p_rgh, Initial residual = 0.120577, Final residual = 0.0050504, No Iterations 4
DICPCG:  Solving for p_rgh, Initial residual = 0.00505357, Final residual = 0.000205668, No Iterations 14
time step continuity errors : sum local = 4.875e-07, global = -1.55804e-08, cumulative = -4.74878e-06
DICPCG:  Solving for p_rgh, Initial residual = 0.00156734, Final residual = 7.70241e-05, No Iterations 10
DICPCG:  Solving for p_rgh, Initial residual = 7.70176e-05, Final residual = 3.79148e-06, No Iterations 212
time step continuity errors : sum local = 8.97132e-09, global = -7.77343e-11, cumulative = -4.74886e-06
DICPCG:  Solving for p_rgh, Initial residual = 0.000252073, Final residual = 1.138e-05, No Iterations 204
DICPCG:  Solving for p_rgh, Initial residual = 1.14033e-05, Final residual = 9.47395e-08, No Iterations 144
time step continuity errors : sum local = 2.24094e-10, global = 1.66947e-11, cumulative = -4.74884e-06
ExecutionTime = 1514.25 s  ClockTime = 1521 s

Courant Number mean: 0.228053 max: 0.402252
Interface Courant Number mean: 0.00100476 max: 0.392588
deltaT = 0.00028138
Time = 0.05184

PIMPLE: iteration 1
smoothSolver:  Solving for alpha.water, Initial residual = 0.0233321, Final residual = 2.90636e-09, No Iterations 3
Phase-1 volume fraction = 0.997811  Min(alpha.water) = 0.00546637  Max(alpha.water) = 1.00001
MULES: Correcting alpha.water
MULES: Correcting alpha.water
Phase-1 volume fraction = 0.997811  Min(alpha.water) = 0.00546359  Max(alpha.water) = 1.00005
DICPCG:  Solving for p_rgh, Initial residual = 0.120894, Final residual = 0.00501799, No Iterations 4
DICPCG:  Solving for p_rgh, Initial residual = 0.00500663, Final residual = 0.000191708, No Iterations 14
time step continuity errors : sum local = 4.54555e-07, global = -1.54016e-08, cumulative = -4.76424e-06
DICPCG:  Solving for p_rgh, Initial residual = 0.00158267, Final residual = 7.61472e-05, No Iterations 8
DICPCG:  Solving for p_rgh, Initial residual = 7.61391e-05, Final residual = 3.49053e-06, No Iterations 215
time step continuity errors : sum local = 8.26261e-09, global = 3.245e-11, cumulative = -4.76421e-06
DICPCG:  Solving for p_rgh, Initial residual = 0.00025528, Final residual = 1.21791e-05, No Iterations 202
DICPCG:  Solving for p_rgh, Initial residual = 1.22041e-05, Final residual = 9.77276e-08, No Iterations 143
time step continuity errors : sum local = 2.31271e-10, global = 1.88087e-11, cumulative = -4.76419e-06
ExecutionTime = 1523.34 s  ClockTime = 1530 s

Courant Number mean: 0.228059 max: 0.40084
Interface Courant Number mean: 0.00101188 max: 0.392181
deltaT = 0.00028138
Time = 0.0521214

PIMPLE: iteration 1
smoothSolver:  Solving for alpha.water, Initial residual = 0.0232501, Final residual = 3.03013e-09, No Iterations 3
Phase-1 volume fraction = 0.997811  Min(alpha.water) = 0.00547926  Max(alpha.water) = 1.00001
MULES: Correcting alpha.water
MULES: Correcting alpha.water
Phase-1 volume fraction = 0.997811  Min(alpha.water) = 0.00547926  Max(alpha.water) = 1.00008
DICPCG:  Solving for p_rgh, Initial residual = 0.119856, Final residual = 0.00495955, No Iterations 4
DICPCG:  Solving for p_rgh, Initial residual = 0.00494394, Final residual = 0.000190185, No Iterations 14
time step continuity errors : sum local = 4.51938e-07, global = -1.53722e-08, cumulative = -4.77957e-06
DICPCG:  Solving for p_rgh, Initial residual = 0.00160656, Final residual = 7.83494e-05, No Iterations 9
DICPCG:  Solving for p_rgh, Initial residual = 7.83433e-05, Final residual = 3.66006e-06, No Iterations 207
time step continuity errors : sum local = 8.68274e-09, global = 9.44052e-12, cumulative = -4.77956e-06
DICPCG:  Solving for p_rgh, Initial residual = 0.00025679, Final residual = 1.19627e-05, No Iterations 202
DICPCG:  Solving for p_rgh, Initial residual = 1.19877e-05, Final residual = 9.54361e-08, No Iterations 145
time step continuity errors : sum local = 2.2637e-10, global = 1.94794e-11, cumulative = -4.77954e-06
ExecutionTime = 1531.15 s  ClockTime = 1538 s

Courant Number mean: 0.228065 max: 0.395524
Interface Courant Number mean: 0.00102734 max: 0.384912
deltaT = 0.00028138
Time = 0.0524027

PIMPLE: iteration 1
smoothSolver:  Solving for alpha.water, Initial residual = 0.0232161, Final residual = 2.72882e-09, No Iterations 3
Phase-1 volume fraction = 0.997811  Min(alpha.water) = 0.00549752  Max(alpha.water) = 1.00002
MULES: Correcting alpha.water
MULES: Correcting alpha.water
Phase-1 volume fraction = 0.997811  Min(alpha.water) = 0.00549752  Max(alpha.water) = 1.00009
DICPCG:  Solving for p_rgh, Initial residual = 0.119334, Final residual = 0.00494747, No Iterations 4
DICPCG:  Solving for p_rgh, Initial residual = 0.00494767, Final residual = 0.000200993, No Iterations 14
time step continuity errors : sum local = 4.75674e-07, global = -1.53151e-08, cumulative = -4.79485e-06
DICPCG:  Solving for p_rgh, Initial residual = 0.00157177, Final residual = 7.79299e-05, No Iterations 10
DICPCG:  Solving for p_rgh, Initial residual = 7.79247e-05, Final residual = 3.43974e-06, No Iterations 213
time step continuity errors : sum local = 8.12647e-09, global = -6.5368e-11, cumulative = -4.79492e-06
DICPCG:  Solving for p_rgh, Initial residual = 0.000253009, Final residual = 1.21339e-05, No Iterations 186
DICPCG:  Solving for p_rgh, Initial residual = 1.21584e-05, Final residual = 9.68951e-08, No Iterations 128
time step continuity errors : sum local = 2.28832e-10, global = 2.22486e-11, cumulative = -4.79489e-06
ExecutionTime = 1538.73 s  ClockTime = 1545 s

Courant Number mean: 0.228071 max: 0.392698
Interface Courant Number mean: 0.00103069 max: 0.383323
deltaT = 0.00028138
Time = 0.0526841

PIMPLE: iteration 1
smoothSolver:  Solving for alpha.water, Initial residual = 0.023243, Final residual = 2.13477e-09, No Iterations 3
Phase-1 volume fraction = 0.997811  Min(alpha.water) = 0.00552537  Max(alpha.water) = 1.00001
MULES: Correcting alpha.water
MULES: Correcting alpha.water
Phase-1 volume fraction = 0.997811  Min(alpha.water) = 0.00552537  Max(alpha.water) = 1.00005
DICPCG:  Solving for p_rgh, Initial residual = 0.119607, Final residual = 0.00491579, No Iterations 4
DICPCG:  Solving for p_rgh, Initial residual = 0.00490793, Final residual = 0.00020193, No Iterations 14
time step continuity errors : sum local = 4.77359e-07, global = -1.52422e-08, cumulative = -4.81014e-06
DICPCG:  Solving for p_rgh, Initial residual = 0.00156511, Final residual = 7.63999e-05, No Iterations 10
DICPCG:  Solving for p_rgh, Initial residual = 7.63921e-05, Final residual = 3.78592e-06, No Iterations 211
time step continuity errors : sum local = 8.93554e-09, global = -8.1046e-11, cumulative = -4.81022e-06
DICPCG:  Solving for p_rgh, Initial residual = 0.000250046, Final residual = 1.14855e-05, No Iterations 203
DICPCG:  Solving for p_rgh, Initial residual = 1.15087e-05, Final residual = 9.75582e-08, No Iterations 146
time step continuity errors : sum local = 2.30183e-10, global = 1.77513e-11, cumulative = -4.8102e-06
ExecutionTime = 1546.34 s  ClockTime = 1553 s

Courant Number mean: 0.228076 max: 0.394693
Interface Courant Number mean: 0.00105487 max: 0.380885
deltaT = 0.00028138
Time = 0.0529655

PIMPLE: iteration 1
smoothSolver:  Solving for alpha.water, Initial residual = 0.0232228, Final residual = 1.57029e-09, No Iterations 3
Phase-1 volume fraction = 0.997811  Min(alpha.water) = 0.00556967  Max(alpha.water) = 1.00003
MULES: Correcting alpha.water
MULES: Correcting alpha.water
Phase-1 volume fraction = 0.997811  Min(alpha.water) = 0.00556232  Max(alpha.water) = 1.00006
DICPCG:  Solving for p_rgh, Initial residual = 0.120724, Final residual = 0.0048438, No Iterations 4
DICPCG:  Solving for p_rgh, Initial residual = 0.00484085, Final residual = 0.000190176, No Iterations 14
time step continuity errors : sum local = 4.48378e-07, global = -1.51951e-08, cumulative = -4.82539e-06
DICPCG:  Solving for p_rgh, Initial residual = 0.00156979, Final residual = 7.53182e-05, No Iterations 9
DICPCG:  Solving for p_rgh, Initial residual = 7.53117e-05, Final residual = 3.60919e-06, No Iterations 200
time step continuity errors : sum local = 8.49589e-09, global = -1.00307e-10, cumulative = -4.8255e-06
DICPCG:  Solving for p_rgh, Initial residual = 0.000252372, Final residual = 1.16618e-05, No Iterations 189
DICPCG:  Solving for p_rgh, Initial residual = 1.16857e-05, Final residual = 9.86854e-08, No Iterations 143
time step continuity errors : sum local = 2.32241e-10, global = 1.95072e-11, cumulative = -4.82548e-06
ExecutionTime = 1554.46 s  ClockTime = 1561 s

Courant Number mean: 0.228081 max: 0.388275
Interface Courant Number mean: 0.00105622 max: 0.387008
deltaT = 0.000293104
Time = 0.0532586

PIMPLE: iteration 1
smoothSolver:  Solving for alpha.water, Initial residual = 0.0241072, Final residual = 1.65211e-09, No Iterations 3
Phase-1 volume fraction = 0.997811  Min(alpha.water) = 0.0056486  Max(alpha.water) = 1.00002
MULES: Correcting alpha.water
MULES: Correcting alpha.water
Phase-1 volume fraction = 0.997811  Min(alpha.water) = 0.00564382  Max(alpha.water) = 1.00002
DICPCG:  Solving for p_rgh, Initial residual = 0.124304, Final residual = 0.00499256, No Iterations 4
DICPCG:  Solving for p_rgh, Initial residual = 0.00498349, Final residual = 0.000194771, No Iterations 14
time step continuity errors : sum local = 4.91518e-07, global = -1.67632e-08, cumulative = -4.84224e-06
DICPCG:  Solving for p_rgh, Initial residual = 0.00166916, Final residual = 8.2531e-05, No Iterations 8
DICPCG:  Solving for p_rgh, Initial residual = 8.25247e-05, Final residual = 3.81833e-06, No Iterations 209
time step continuity errors : sum local = 9.619e-09, global = 9.21225e-11, cumulative = -4.84215e-06
DICPCG:  Solving for p_rgh, Initial residual = 0.000275386, Final residual = 1.28384e-05, No Iterations 202
DICPCG:  Solving for p_rgh, Initial residual = 1.28664e-05, Final residual = 9.85963e-08, No Iterations 170
time step continuity errors : sum local = 2.48345e-10, global = 1.71953e-11, cumulative = -4.84213e-06
ExecutionTime = 1562.33 s  ClockTime = 1569 s

Courant Number mean: 0.237592 max: 0.40586
Interface Courant Number mean: 0.0011082 max: 0.391688
deltaT = 0.000293104
Time = 0.0535517

PIMPLE: iteration 1
smoothSolver:  Solving for alpha.water, Initial residual = 0.0240662, Final residual = 1.54202e-09, No Iterations 3
Phase-1 volume fraction = 0.997811  Min(alpha.water) = 0.00566806  Max(alpha.water) = 1.00002
MULES: Correcting alpha.water
MULES: Correcting alpha.water
Phase-1 volume fraction = 0.997811  Min(alpha.water) = 0.00566806  Max(alpha.water) = 1.00008
DICPCG:  Solving for p_rgh, Initial residual = 0.123518, Final residual = 0.00494931, No Iterations 4
DICPCG:  Solving for p_rgh, Initial residual = 0.00493112, Final residual = 0.000201604, No Iterations 14
time step continuity errors : sum local = 5.10313e-07, global = -1.66128e-08, cumulative = -4.85874e-06
DICPCG:  Solving for p_rgh, Initial residual = 0.00163995, Final residual = 8.12066e-05, No Iterations 9
DICPCG:  Solving for p_rgh, Initial residual = 8.12004e-05, Final residual = 4.01153e-06, No Iterations 209
time step continuity errors : sum local = 1.01364e-08, global = -1.71574e-10, cumulative = -4.85891e-06
DICPCG:  Solving for p_rgh, Initial residual = 0.000266774, Final residual = 1.3268e-05, No Iterations 202
DICPCG:  Solving for p_rgh, Initial residual = 1.32958e-05, Final residual = 9.78202e-08, No Iterations 175
time step continuity errors : sum local = 2.47078e-10, global = 1.94594e-11, cumulative = -4.85889e-06
ExecutionTime = 1570.42 s  ClockTime = 1577 s

Courant Number mean: 0.237598 max: 0.414476
Interface Courant Number mean: 0.00113498 max: 0.395279
deltaT = 0.00028036
Time = 0.0538321

PIMPLE: iteration 1
smoothSolver:  Solving for alpha.water, Initial residual = 0.0230822, Final residual = 1.11829e-09, No Iterations 3
Phase-1 volume fraction = 0.997811  Min(alpha.water) = 0.00569318  Max(alpha.water) = 1.00001
MULES: Correcting alpha.water
MULES: Correcting alpha.water
Phase-1 volume fraction = 0.997811  Min(alpha.water) = 0.00569318  Max(alpha.water) = 1.00004
DICPCG:  Solving for p_rgh, Initial residual = 0.118004, Final residual = 0.00471163, No Iterations 4
DICPCG:  Solving for p_rgh, Initial residual = 0.00470531, Final residual = 0.000193154, No Iterations 14
time step continuity errors : sum local = 4.53111e-07, global = -1.47507e-08, cumulative = -4.87365e-06
DICPCG:  Solving for p_rgh, Initial residual = 0.00155023, Final residual = 7.22163e-05, No Iterations 9
DICPCG:  Solving for p_rgh, Initial residual = 7.22082e-05, Final residual = 3.52704e-06, No Iterations 214
time step continuity errors : sum local = 8.26134e-09, global = -3.62488e-12, cumulative = -4.87365e-06
DICPCG:  Solving for p_rgh, Initial residual = 0.00024641, Final residual = 1.17574e-05, No Iterations 202
DICPCG:  Solving for p_rgh, Initial residual = 1.17805e-05, Final residual = 9.62446e-08, No Iterations 170
time step continuity errors : sum local = 2.25337e-10, global = 1.85367e-11, cumulative = -4.87363e-06
ExecutionTime = 1578.17 s  ClockTime = 1585 s

Courant Number mean: 0.227272 max: 0.395437
Interface Courant Number mean: 0.00107141 max: 0.377449
deltaT = 0.00028036
Time = 0.0541124

PIMPLE: iteration 1
smoothSolver:  Solving for alpha.water, Initial residual = 0.0230614, Final residual = 1.06854e-09, No Iterations 3
Phase-1 volume fraction = 0.997811  Min(alpha.water) = 0.00573241  Max(alpha.water) = 1.00001
MULES: Correcting alpha.water
MULES: Correcting alpha.water
Phase-1 volume fraction = 0.997811  Min(alpha.water) = 0.00572232  Max(alpha.water) = 1.00004
DICPCG:  Solving for p_rgh, Initial residual = 0.11935, Final residual = 0.00460903, No Iterations 4
DICPCG:  Solving for p_rgh, Initial residual = 0.00460497, Final residual = 0.00018477, No Iterations 14
time step continuity errors : sum local = 4.32524e-07, global = -1.48543e-08, cumulative = -4.88848e-06
DICPCG:  Solving for p_rgh, Initial residual = 0.00155325, Final residual = 7.12122e-05, No Iterations 9
DICPCG:  Solving for p_rgh, Initial residual = 7.12057e-05, Final residual = 3.44346e-06, No Iterations 216
time step continuity errors : sum local = 8.04854e-09, global = 1.32245e-13, cumulative = -4.88848e-06
DICPCG:  Solving for p_rgh, Initial residual = 0.00024791, Final residual = 1.10071e-05, No Iterations 189
DICPCG:  Solving for p_rgh, Initial residual = 1.10293e-05, Final residual = 9.98917e-08, No Iterations 176
time step continuity errors : sum local = 2.33428e-10, global = 1.91745e-11, cumulative = -4.88847e-06
ExecutionTime = 1585.55 s  ClockTime = 1592 s

Courant Number mean: 0.227279 max: 0.386932
Interface Courant Number mean: 0.0010784 max: 0.38175
deltaT = 0.000294378
Time = 0.0544068

PIMPLE: iteration 1
smoothSolver:  Solving for alpha.water, Initial residual = 0.0241511, Final residual = 1.40257e-09, No Iterations 3
Phase-1 volume fraction = 0.997811  Min(alpha.water) = 0.00580547  Max(alpha.water) = 1.00001
MULES: Correcting alpha.water
MULES: Correcting alpha.water
Phase-1 volume fraction = 0.997811  Min(alpha.water) = 0.00579491  Max(alpha.water) = 1.00005
DICPCG:  Solving for p_rgh, Initial residual = 0.124553, Final residual = 0.0045992, No Iterations 4
DICPCG:  Solving for p_rgh, Initial residual = 0.00459556, Final residual = 0.000184658, No Iterations 14
time step continuity errors : sum local = 4.67981e-07, global = -1.673e-08, cumulative = -4.9052e-06
DICPCG:  Solving for p_rgh, Initial residual = 0.00166722, Final residual = 7.4966e-05, No Iterations 8
DICPCG:  Solving for p_rgh, Initial residual = 7.49609e-05, Final residual = 3.42525e-06, No Iterations 216
time step continuity errors : sum local = 8.66611e-09, global = -8.62656e-11, cumulative = -4.90528e-06
DICPCG:  Solving for p_rgh, Initial residual = 0.000275762, Final residual = 1.28015e-05, No Iterations 199
DICPCG:  Solving for p_rgh, Initial residual = 1.28295e-05, Final residual = 9.857e-08, No Iterations 149
time step continuity errors : sum local = 2.49369e-10, global = 2.29463e-11, cumulative = -4.90526e-06
ExecutionTime = 1592.71 s  ClockTime = 1599 s

Courant Number mean: 0.238651 max: 0.413634
Interface Courant Number mean: 0.0011353 max: 0.398906
deltaT = 0.00027966
Time = 0.0546865

PIMPLE: iteration 1
smoothSolver:  Solving for alpha.water, Initial residual = 0.0229566, Final residual = 1.02725e-09, No Iterations 3
Phase-1 volume fraction = 0.997811  Min(alpha.water) = 0.00582244  Max(alpha.water) = 1.00001
MULES: Correcting alpha.water
MULES: Correcting alpha.water
Phase-1 volume fraction = 0.997811  Min(alpha.water) = 0.00582244  Max(alpha.water) = 1.00004
DICPCG:  Solving for p_rgh, Initial residual = 0.117887, Final residual = 0.00411005, No Iterations 4
DICPCG:  Solving for p_rgh, Initial residual = 0.00408976, Final residual = 0.000183193, No Iterations 14
time step continuity errors : sum local = 4.28474e-07, global = -1.45066e-08, cumulative = -4.91977e-06
DICPCG:  Solving for p_rgh, Initial residual = 0.00159219, Final residual = 7.22897e-05, No Iterations 9
DICPCG:  Solving for p_rgh, Initial residual = 7.22837e-05, Final residual = 3.42797e-06, No Iterations 214
time step continuity errors : sum local = 8.00521e-09, global = -1.89523e-11, cumulative = -4.91978e-06
DICPCG:  Solving for p_rgh, Initial residual = 0.000248915, Final residual = 1.23668e-05, No Iterations 200
DICPCG:  Solving for p_rgh, Initial residual = 1.23907e-05, Final residual = 9.76852e-08, No Iterations 174
time step continuity errors : sum local = 2.28027e-10, global = 1.91509e-11, cumulative = -4.91977e-06
ExecutionTime = 1600.23 s  ClockTime = 1607 s

Courant Number mean: 0.226725 max: 0.398899
Interface Courant Number mean: 0.00106968 max: 0.379345
deltaT = 0.00027966
Time = 0.0549661

PIMPLE: iteration 1
smoothSolver:  Solving for alpha.water, Initial residual = 0.0229902, Final residual = 9.96179e-10, No Iterations 3
Phase-1 volume fraction = 0.997811  Min(alpha.water) = 0.00584441  Max(alpha.water) = 1.00001
MULES: Correcting alpha.water
MULES: Correcting alpha.water
Phase-1 volume fraction = 0.997811  Min(alpha.water) = 0.00584441  Max(alpha.water) = 1.00003
DICPCG:  Solving for p_rgh, Initial residual = 0.117317, Final residual = 0.00404999, No Iterations 4
DICPCG:  Solving for p_rgh, Initial residual = 0.00404362, Final residual = 0.000178181, No Iterations 14
time step continuity errors : sum local = 4.16419e-07, global = -1.4618e-08, cumulative = -4.93438e-06
DICPCG:  Solving for p_rgh, Initial residual = 0.00154782, Final residual = 7.01172e-05, No Iterations 8
DICPCG:  Solving for p_rgh, Initial residual = 7.01095e-05, Final residual = 3.44688e-06, No Iterations 179
time step continuity errors : sum local = 8.04361e-09, global = 1.99614e-10, cumulative = -4.93418e-06
DICPCG:  Solving for p_rgh, Initial residual = 0.000244398, Final residual = 1.19219e-05, No Iterations 188
DICPCG:  Solving for p_rgh, Initial residual = 1.19448e-05, Final residual = 9.63118e-08, No Iterations 146
time step continuity errors : sum local = 2.24643e-10, global = 2.12747e-11, cumulative = -4.93416e-06
ExecutionTime = 1606.71 s  ClockTime = 1613 s

Courant Number mean: 0.226731 max: 0.396417
Interface Courant Number mean: 0.00107465 max: 0.386275
deltaT = 0.00027966
Time = 0.0552458

PIMPLE: iteration 1
smoothSolver:  Solving for alpha.water, Initial residual = 0.0229824, Final residual = 9.73026e-10, No Iterations 3
Phase-1 volume fraction = 0.997811  Min(alpha.water) = 0.00587862  Max(alpha.water) = 1.00001
MULES: Correcting alpha.water
MULES: Correcting alpha.water
Phase-1 volume fraction = 0.997811  Min(alpha.water) = 0.00586592  Max(alpha.water) = 1.00003
DICPCG:  Solving for p_rgh, Initial residual = 0.117941, Final residual = 0.00403472, No Iterations 4
DICPCG:  Solving for p_rgh, Initial residual = 0.00402566, Final residual = 0.000172163, No Iterations 14
time step continuity errors : sum local = 4.02574e-07, global = -1.46301e-08, cumulative = -4.94879e-06
DICPCG:  Solving for p_rgh, Initial residual = 0.00153546, Final residual = 7.51592e-05, No Iterations 8
DICPCG:  Solving for p_rgh, Initial residual = 7.51525e-05, Final residual = 3.57757e-06, No Iterations 216
time step continuity errors : sum local = 8.35263e-09, global = -6.84035e-11, cumulative = -4.94886e-06
DICPCG:  Solving for p_rgh, Initial residual = 0.00024402, Final residual = 1.2026e-05, No Iterations 190
DICPCG:  Solving for p_rgh, Initial residual = 1.20497e-05, Final residual = 9.90227e-08, No Iterations 231
time step continuity errors : sum local = 2.31147e-10, global = -2.48614e-12, cumulative = -4.94886e-06
ExecutionTime = 1614.29 s  ClockTime = 1621 s

Courant Number mean: 0.226737 max: 0.391508
Interface Courant Number mean: 0.00107241 max: 0.391508
deltaT = 0.00027966
Time = 0.0555254

PIMPLE: iteration 1
smoothSolver:  Solving for alpha.water, Initial residual = 0.022947, Final residual = 9.76312e-10, No Iterations 3
Phase-1 volume fraction = 0.997811  Min(alpha.water) = 0.00593052  Max(alpha.water) = 1
MULES: Correcting alpha.water
MULES: Correcting alpha.water
Phase-1 volume fraction = 0.997811  Min(alpha.water) = 0.00592135  Max(alpha.water) = 1.00002
DICPCG:  Solving for p_rgh, Initial residual = 0.118241, Final residual = 0.00398802, No Iterations 4
DICPCG:  Solving for p_rgh, Initial residual = 0.00398065, Final residual = 0.000170872, No Iterations 14
time step continuity errors : sum local = 3.99464e-07, global = -1.45567e-08, cumulative = -4.96342e-06
DICPCG:  Solving for p_rgh, Initial residual = 0.00156711, Final residual = 6.92214e-05, No Iterations 8
DICPCG:  Solving for p_rgh, Initial residual = 6.92167e-05, Final residual = 3.29632e-06, No Iterations 211
time step continuity errors : sum local = 7.69383e-09, global = 2.77934e-11, cumulative = -4.96339e-06
DICPCG:  Solving for p_rgh, Initial residual = 0.000249474, Final residual = 1.14367e-05, No Iterations 187
DICPCG:  Solving for p_rgh, Initial residual = 1.14594e-05, Final residual = 9.9915e-08, No Iterations 171
time step continuity errors : sum local = 2.33168e-10, global = 1.61578e-11, cumulative = -4.96338e-06
ExecutionTime = 1623.36 s  ClockTime = 1630 s

Courant Number mean: 0.226745 max: 0.40077
Interface Courant Number mean: 0.00108194 max: 0.396935
deltaT = 0.00027966
Time = 0.0558051

PIMPLE: iteration 1
smoothSolver:  Solving for alpha.water, Initial residual = 0.0229591, Final residual = 9.78911e-10, No Iterations 3
Phase-1 volume fraction = 0.997811  Min(alpha.water) = 0.00599179  Max(alpha.water) = 1
MULES: Correcting alpha.water
MULES: Correcting alpha.water
Phase-1 volume fraction = 0.997811  Min(alpha.water) = 0.00599179  Max(alpha.water) = 1.00002
DICPCG:  Solving for p_rgh, Initial residual = 0.11789, Final residual = 0.00411338, No Iterations 4
DICPCG:  Solving for p_rgh, Initial residual = 0.00410144, Final residual = 0.000170294, No Iterations 14
time step continuity errors : sum local = 3.98853e-07, global = -1.44752e-08, cumulative = -4.97785e-06
DICPCG:  Solving for p_rgh, Initial residual = 0.00158294, Final residual = 7.60125e-05, No Iterations 8
DICPCG:  Solving for p_rgh, Initial residual = 7.60081e-05, Final residual = 3.76456e-06, No Iterations 214
time step continuity errors : sum local = 8.80237e-09, global = 1.35322e-11, cumulative = -4.97784e-06
DICPCG:  Solving for p_rgh, Initial residual = 0.000249593, Final residual = 1.221e-05, No Iterations 188
DICPCG:  Solving for p_rgh, Initial residual = 1.2234e-05, Final residual = 9.89561e-08, No Iterations 230
time step continuity errors : sum local = 2.31352e-10, global = 8.90295e-13, cumulative = -4.97784e-06
ExecutionTime = 1634.77 s  ClockTime = 1641 s

Courant Number mean: 0.226753 max: 0.405398
Interface Courant Number mean: 0.00106796 max: 0.386182
deltaT = 0.00027966
Time = 0.0560848

PIMPLE: iteration 1
smoothSolver:  Solving for alpha.water, Initial residual = 0.0229854, Final residual = 9.6731e-10, No Iterations 3
Phase-1 volume fraction = 0.997811  Min(alpha.water) = 0.00601332  Max(alpha.water) = 1
MULES: Correcting alpha.water
MULES: Correcting alpha.water
Phase-1 volume fraction = 0.997811  Min(alpha.water) = 0.00601324  Max(alpha.water) = 1.00002
DICPCG:  Solving for p_rgh, Initial residual = 0.117294, Final residual = 0.00429591, No Iterations 4
DICPCG:  Solving for p_rgh, Initial residual = 0.00428776, Final residual = 0.000172427, No Iterations 14
time step continuity errors : sum local = 4.03778e-07, global = -1.447e-08, cumulative = -4.99231e-06
DICPCG:  Solving for p_rgh, Initial residual = 0.00156866, Final residual = 6.8733e-05, No Iterations 8
DICPCG:  Solving for p_rgh, Initial residual = 6.87263e-05, Final residual = 3.41194e-06, No Iterations 213
time step continuity errors : sum local = 7.97658e-09, global = -6.12931e-11, cumulative = -4.99237e-06
DICPCG:  Solving for p_rgh, Initial residual = 0.000247605, Final residual = 1.16388e-05, No Iterations 190
DICPCG:  Solving for p_rgh, Initial residual = 1.16609e-05, Final residual = 9.9818e-08, No Iterations 178
time step continuity errors : sum local = 2.33263e-10, global = 3.05606e-11, cumulative = -4.99234e-06
ExecutionTime = 1645.5 s  ClockTime = 1652 s

Courant Number mean: 0.226759 max: 0.401413
Interface Courant Number mean: 0.00106976 max: 0.396757
deltaT = 0.00027966
Time = 0.0563644

PIMPLE: iteration 1
smoothSolver:  Solving for alpha.water, Initial residual = 0.0229738, Final residual = 9.56217e-10, No Iterations 3
Phase-1 volume fraction = 0.997811  Min(alpha.water) = 0.00604326  Max(alpha.water) = 1.00002
MULES: Correcting alpha.water
MULES: Correcting alpha.water
Phase-1 volume fraction = 0.997811  Min(alpha.water) = 0.00604326  Max(alpha.water) = 1.00003
DICPCG:  Solving for p_rgh, Initial residual = 0.117082, Final residual = 0.00426695, No Iterations 4
DICPCG:  Solving for p_rgh, Initial residual = 0.00425953, Final residual = 0.000171972, No Iterations 14
time step continuity errors : sum local = 4.02474e-07, global = -1.43341e-08, cumulative = -5.00667e-06
DICPCG:  Solving for p_rgh, Initial residual = 0.00154774, Final residual = 6.88243e-05, No Iterations 8
DICPCG:  Solving for p_rgh, Initial residual = 6.88175e-05, Final residual = 3.33845e-06, No Iterations 215
time step continuity errors : sum local = 7.80037e-09, global = -3.01061e-11, cumulative = -5.0067e-06
DICPCG:  Solving for p_rgh, Initial residual = 0.000245296, Final residual = 1.17488e-05, No Iterations 187
DICPCG:  Solving for p_rgh, Initial residual = 1.17713e-05, Final residual = 9.45778e-08, No Iterations 227
time step continuity errors : sum local = 2.20911e-10, global = 9.538e-13, cumulative = -5.0067e-06
ExecutionTime = 1656.4 s  ClockTime = 1663 s

Courant Number mean: 0.226766 max: 0.407558
Interface Courant Number mean: 0.00107032 max: 0.407558
deltaT = 0.00027966
Time = 0.0566441

PIMPLE: iteration 1
smoothSolver:  Solving for alpha.water, Initial residual = 0.0229568, Final residual = 9.75083e-10, No Iterations 3
Phase-1 volume fraction = 0.997811  Min(alpha.water) = 0.00609013  Max(alpha.water) = 1.00001
MULES: Correcting alpha.water
MULES: Correcting alpha.water
Phase-1 volume fraction = 0.997811  Min(alpha.water) = 0.00608289  Max(alpha.water) = 1.00003
DICPCG:  Solving for p_rgh, Initial residual = 0.117455, Final residual = 0.00429622, No Iterations 4
DICPCG:  Solving for p_rgh, Initial residual = 0.00427911, Final residual = 0.000171502, No Iterations 14
time step continuity errors : sum local = 4.0291e-07, global = -1.43759e-08, cumulative = -5.02108e-06
DICPCG:  Solving for p_rgh, Initial residual = 0.00154517, Final residual = 6.94727e-05, No Iterations 8
DICPCG:  Solving for p_rgh, Initial residual = 6.9468e-05, Final residual = 3.17126e-06, No Iterations 214
time step continuity errors : sum local = 7.43757e-09, global = -3.76094e-11, cumulative = -5.02111e-06
DICPCG:  Solving for p_rgh, Initial residual = 0.000247741, Final residual = 1.16868e-05, No Iterations 188
DICPCG:  Solving for p_rgh, Initial residual = 1.17092e-05, Final residual = 9.80154e-08, No Iterations 140
time step continuity errors : sum local = 2.29818e-10, global = 2.16608e-11, cumulative = -5.02109e-06
ExecutionTime = 1664.87 s  ClockTime = 1672 s

Courant Number mean: 0.226775 max: 0.411141
Interface Courant Number mean: 0.00107277 max: 0.40806
deltaT = 0.00027966
Time = 0.0569237

PIMPLE: iteration 1
smoothSolver:  Solving for alpha.water, Initial residual = 0.0229989, Final residual = 9.94782e-10, No Iterations 3
Phase-1 volume fraction = 0.997811  Min(alpha.water) = 0.00615979  Max(alpha.water) = 1.00001
MULES: Correcting alpha.water
MULES: Correcting alpha.water
Phase-1 volume fraction = 0.997811  Min(alpha.water) = 0.00613617  Max(alpha.water) = 1.00003
DICPCG:  Solving for p_rgh, Initial residual = 0.117516, Final residual = 0.00430059, No Iterations 4
DICPCG:  Solving for p_rgh, Initial residual = 0.00428789, Final residual = 0.000209002, No Iterations 13
time step continuity errors : sum local = 4.91802e-07, global = -1.42658e-08, cumulative = -5.03536e-06
DICPCG:  Solving for p_rgh, Initial residual = 0.00161211, Final residual = 7.52145e-05, No Iterations 9
DICPCG:  Solving for p_rgh, Initial residual = 7.52102e-05, Final residual = 3.70559e-06, No Iterations 211
time step continuity errors : sum local = 8.70507e-09, global = -1.27988e-10, cumulative = -5.03549e-06
DICPCG:  Solving for p_rgh, Initial residual = 0.000256482, Final residual = 1.2214e-05, No Iterations 187
DICPCG:  Solving for p_rgh, Initial residual = 1.22381e-05, Final residual = 9.72979e-08, No Iterations 174
time step continuity errors : sum local = 2.28568e-10, global = 2.71347e-11, cumulative = -5.03546e-06
ExecutionTime = 1673.4 s  ClockTime = 1680 s

Courant Number mean: 0.226783 max: 0.41244
Interface Courant Number mean: 0.00107027 max: 0.392838
deltaT = 0.00027966
Time = 0.0572034

PIMPLE: iteration 1
smoothSolver:  Solving for alpha.water, Initial residual = 0.0230226, Final residual = 9.99846e-10, No Iterations 3
Phase-1 volume fraction = 0.997811  Min(alpha.water) = 0.00615979  Max(alpha.water) = 1.00001
MULES: Correcting alpha.water
MULES: Correcting alpha.water
Phase-1 volume fraction = 0.997811  Min(alpha.water) = 0.0061598  Max(alpha.water) = 1.00003
DICPCG:  Solving for p_rgh, Initial residual = 0.117434, Final residual = 0.00433211, No Iterations 4
DICPCG:  Solving for p_rgh, Initial residual = 0.00432763, Final residual = 0.000198841, No Iterations 13
time step continuity errors : sum local = 4.67135e-07, global = -1.41974e-08, cumulative = -5.04966e-06
DICPCG:  Solving for p_rgh, Initial residual = 0.00161434, Final residual = 7.44086e-05, No Iterations 8
DICPCG:  Solving for p_rgh, Initial residual = 7.44023e-05, Final residual = 3.63689e-06, No Iterations 213
time step continuity errors : sum local = 8.53011e-09, global = -1.02485e-11, cumulative = -5.04967e-06
DICPCG:  Solving for p_rgh, Initial residual = 0.000255489, Final residual = 1.18116e-05, No Iterations 189
DICPCG:  Solving for p_rgh, Initial residual = 1.18339e-05, Final residual = 9.11677e-08, No Iterations 231
time step continuity errors : sum local = 2.13773e-10, global = -7.71809e-13, cumulative = -5.04967e-06
ExecutionTime = 1683.22 s  ClockTime = 1690 s

Courant Number mean: 0.226791 max: 0.408311
Interface Courant Number mean: 0.0010678 max: 0.408311
deltaT = 0.00027966
Time = 0.0574831

PIMPLE: iteration 1
smoothSolver:  Solving for alpha.water, Initial residual = 0.023035, Final residual = 1.0005e-09, No Iterations 3
Phase-1 volume fraction = 0.997811  Min(alpha.water) = 0.00619088  Max(alpha.water) = 1.00001
MULES: Correcting alpha.water
MULES: Correcting alpha.water
Phase-1 volume fraction = 0.997811  Min(alpha.water) = 0.0061903  Max(alpha.water) = 1.00006
DICPCG:  Solving for p_rgh, Initial residual = 0.116533, Final residual = 0.00431196, No Iterations 4
DICPCG:  Solving for p_rgh, Initial residual = 0.00430116, Final residual = 0.000202256, No Iterations 13
time step continuity errors : sum local = 4.75645e-07, global = -1.42457e-08, cumulative = -5.06391e-06
DICPCG:  Solving for p_rgh, Initial residual = 0.00160318, Final residual = 7.84046e-05, No Iterations 8
DICPCG:  Solving for p_rgh, Initial residual = 7.83983e-05, Final residual = 3.6437e-06, No Iterations 216
time step continuity errors : sum local = 8.5548e-09, global = -7.31253e-11, cumulative = -5.06399e-06
DICPCG:  Solving for p_rgh, Initial residual = 0.000254327, Final residual = 1.20662e-05, No Iterations 190
DICPCG:  Solving for p_rgh, Initial residual = 1.20886e-05, Final residual = 8.81623e-08, No Iterations 232
time step continuity errors : sum local = 2.06913e-10, global = -8.40974e-13, cumulative = -5.06399e-06
ExecutionTime = 1692.37 s  ClockTime = 1699 s

Courant Number mean: 0.2268 max: 0.418939
Interface Courant Number mean: 0.00107341 max: 0.418939
deltaT = 0.00027966
Time = 0.0577627

PIMPLE: iteration 1
smoothSolver:  Solving for alpha.water, Initial residual = 0.0230086, Final residual = 1.02601e-09, No Iterations 3
Phase-1 volume fraction = 0.997811  Min(alpha.water) = 0.00623352  Max(alpha.water) = 1.00001
MULES: Correcting alpha.water
MULES: Correcting alpha.water
Phase-1 volume fraction = 0.997811  Min(alpha.water) = 0.00621181  Max(alpha.water) = 1.00007
DICPCG:  Solving for p_rgh, Initial residual = 0.116953, Final residual = 0.00431528, No Iterations 4
DICPCG:  Solving for p_rgh, Initial residual = 0.00429493, Final residual = 0.000201104, No Iterations 13
time step continuity errors : sum local = 4.75372e-07, global = -1.41642e-08, cumulative = -5.07815e-06
DICPCG:  Solving for p_rgh, Initial residual = 0.00157218, Final residual = 7.72814e-05, No Iterations 8
DICPCG:  Solving for p_rgh, Initial residual = 7.72769e-05, Final residual = 3.76918e-06, No Iterations 214
time step continuity errors : sum local = 8.8946e-09, global = 4.51984e-11, cumulative = -5.07811e-06
DICPCG:  Solving for p_rgh, Initial residual = 0.000252595, Final residual = 1.14432e-05, No Iterations 173
DICPCG:  Solving for p_rgh, Initial residual = 1.14644e-05, Final residual = 9.76628e-08, No Iterations 142
time step continuity errors : sum local = 2.30386e-10, global = 1.62184e-11, cumulative = -5.07809e-06
ExecutionTime = 1700.73 s  ClockTime = 1707 s

Courant Number mean: 0.226809 max: 0.41692
Interface Courant Number mean: 0.00107069 max: 0.415389
deltaT = 0.00027966
Time = 0.0580424

PIMPLE: iteration 1
smoothSolver:  Solving for alpha.water, Initial residual = 0.0230513, Final residual = 1.053e-09, No Iterations 3
Phase-1 volume fraction = 0.997811  Min(alpha.water) = 0.00629452  Max(alpha.water) = 1.00001
MULES: Correcting alpha.water
MULES: Correcting alpha.water
Phase-1 volume fraction = 0.997811  Min(alpha.water) = 0.00625322  Max(alpha.water) = 1.00005
DICPCG:  Solving for p_rgh, Initial residual = 0.116675, Final residual = 0.00429895, No Iterations 4
DICPCG:  Solving for p_rgh, Initial residual = 0.00428502, Final residual = 0.000198157, No Iterations 13
time step continuity errors : sum local = 4.69338e-07, global = -1.41114e-08, cumulative = -5.0922e-06
DICPCG:  Solving for p_rgh, Initial residual = 0.00158646, Final residual = 7.38588e-05, No Iterations 9
DICPCG:  Solving for p_rgh, Initial residual = 7.38553e-05, Final residual = 3.56917e-06, No Iterations 214
time step continuity errors : sum local = 8.43935e-09, global = -2.99425e-11, cumulative = -5.09223e-06
DICPCG:  Solving for p_rgh, Initial residual = 0.000253173, Final residual = 1.21821e-05, No Iterations 187
DICPCG:  Solving for p_rgh, Initial residual = 1.22055e-05, Final residual = 9.68369e-08, No Iterations 126
time step continuity errors : sum local = 2.28955e-10, global = 2.27517e-11, cumulative = -5.09221e-06
ExecutionTime = 1709.37 s  ClockTime = 1716 s

Courant Number mean: 0.226817 max: 0.414874
Interface Courant Number mean: 0.00107628 max: 0.408867
deltaT = 0.00027966
Time = 0.058322

PIMPLE: iteration 1
smoothSolver:  Solving for alpha.water, Initial residual = 0.0230898, Final residual = 1.06176e-09, No Iterations 3
Phase-1 volume fraction = 0.997811  Min(alpha.water) = 0.0062936  Max(alpha.water) = 1.00002
MULES: Correcting alpha.water
MULES: Correcting alpha.water
Phase-1 volume fraction = 0.997811  Min(alpha.water) = 0.00628986  Max(alpha.water) = 1.00004
DICPCG:  Solving for p_rgh, Initial residual = 0.117889, Final residual = 0.00432077, No Iterations 4
DICPCG:  Solving for p_rgh, Initial residual = 0.00431594, Final residual = 0.000192733, No Iterations 13
time step continuity errors : sum local = 4.55809e-07, global = -1.40473e-08, cumulative = -5.10626e-06
DICPCG:  Solving for p_rgh, Initial residual = 0.00159246, Final residual = 7.9095e-05, No Iterations 7
DICPCG:  Solving for p_rgh, Initial residual = 7.90892e-05, Final residual = 3.82006e-06, No Iterations 215
time step continuity errors : sum local = 9.01931e-09, global = -1.37367e-10, cumulative = -5.10639e-06
DICPCG:  Solving for p_rgh, Initial residual = 0.000252916, Final residual = 1.17783e-05, No Iterations 200
DICPCG:  Solving for p_rgh, Initial residual = 1.1801e-05, Final residual = 9.79773e-08, No Iterations 172
time step continuity errors : sum local = 2.31325e-10, global = 1.97925e-11, cumulative = -5.10637e-06
ExecutionTime = 1718.64 s  ClockTime = 1725 s

Courant Number mean: 0.226827 max: 0.418599
Interface Courant Number mean: 0.00107759 max: 0.418599
deltaT = 0.00027966
Time = 0.0586017

PIMPLE: iteration 1
smoothSolver:  Solving for alpha.water, Initial residual = 0.0231033, Final residual = 1.07328e-09, No Iterations 3
Phase-1 volume fraction = 0.997811  Min(alpha.water) = 0.00631697  Max(alpha.water) = 1.00002
MULES: Correcting alpha.water
MULES: Correcting alpha.water
Phase-1 volume fraction = 0.997811  Min(alpha.water) = 0.00631697  Max(alpha.water) = 1.00005
DICPCG:  Solving for p_rgh, Initial residual = 0.116773, Final residual = 0.00432408, No Iterations 4
DICPCG:  Solving for p_rgh, Initial residual = 0.0043218, Final residual = 0.000199124, No Iterations 13
time step continuity errors : sum local = 4.69632e-07, global = -1.39878e-08, cumulative = -5.12036e-06
DICPCG:  Solving for p_rgh, Initial residual = 0.00160951, Final residual = 7.79891e-05, No Iterations 8
DICPCG:  Solving for p_rgh, Initial residual = 7.79826e-05, Final residual = 3.71762e-06, No Iterations 217
time step continuity errors : sum local = 8.75352e-09, global = -6.82561e-11, cumulative = -5.12043e-06
DICPCG:  Solving for p_rgh, Initial residual = 0.000256301, Final residual = 1.25979e-05, No Iterations 188
DICPCG:  Solving for p_rgh, Initial residual = 1.26211e-05, Final residual = 9.72614e-08, No Iterations 181
time step continuity errors : sum local = 2.2894e-10, global = 2.93854e-11, cumulative = -5.1204e-06
ExecutionTime = 1728 s  ClockTime = 1735 s

Courant Number mean: 0.226837 max: 0.42962
Interface Courant Number mean: 0.0010845 max: 0.42962
deltaT = 0.00027966
Time = 0.0588814

PIMPLE: iteration 1
smoothSolver:  Solving for alpha.water, Initial residual = 0.0230813, Final residual = 1.09877e-09, No Iterations 3
Phase-1 volume fraction = 0.997811  Min(alpha.water) = 0.00635429  Max(alpha.water) = 1.00002
MULES: Correcting alpha.water
MULES: Correcting alpha.water
Phase-1 volume fraction = 0.997811  Min(alpha.water) = 0.00633434  Max(alpha.water) = 1.00006
DICPCG:  Solving for p_rgh, Initial residual = 0.117268, Final residual = 0.00432134, No Iterations 4
DICPCG:  Solving for p_rgh, Initial residual = 0.00430106, Final residual = 0.000198766, No Iterations 13
time step continuity errors : sum local = 4.71169e-07, global = -1.39429e-08, cumulative = -5.13434e-06
DICPCG:  Solving for p_rgh, Initial residual = 0.0015643, Final residual = 7.27261e-05, No Iterations 9
DICPCG:  Solving for p_rgh, Initial residual = 7.27203e-05, Final residual = 3.5918e-06, No Iterations 218
time step continuity errors : sum local = 8.5002e-09, global = -2.99217e-11, cumulative = -5.13437e-06
DICPCG:  Solving for p_rgh, Initial residual = 0.000249806, Final residual = 1.20121e-05, No Iterations 199
DICPCG:  Solving for p_rgh, Initial residual = 1.20338e-05, Final residual = 9.34035e-08, No Iterations 181
time step continuity errors : sum local = 2.20953e-10, global = 2.21516e-11, cumulative = -5.13435e-06
ExecutionTime = 1738.66 s  ClockTime = 1745 s

Courant Number mean: 0.226845 max: 0.423864
Interface Courant Number mean: 0.00107046 max: 0.423864
deltaT = 0.00027966
Time = 0.059161

PIMPLE: iteration 1
smoothSolver:  Solving for alpha.water, Initial residual = 0.0230976, Final residual = 1.12304e-09, No Iterations 3
Phase-1 volume fraction = 0.997811  Min(alpha.water) = 0.0064105  Max(alpha.water) = 1.00001
MULES: Correcting alpha.water
MULES: Correcting alpha.water
Phase-1 volume fraction = 0.997811  Min(alpha.water) = 0.00639634  Max(alpha.water) = 1.00008
DICPCG:  Solving for p_rgh, Initial residual = 0.116131, Final residual = 0.00430523, No Iterations 4
DICPCG:  Solving for p_rgh, Initial residual = 0.00429069, Final residual = 0.000195148, No Iterations 13
time step continuity errors : sum local = 4.63695e-07, global = -1.39258e-08, cumulative = -5.14828e-06
DICPCG:  Solving for p_rgh, Initial residual = 0.00156354, Final residual = 7.67632e-05, No Iterations 8
DICPCG:  Solving for p_rgh, Initial residual = 7.67597e-05, Final residual = 3.83562e-06, No Iterations 218
time step continuity errors : sum local = 9.09839e-09, global = -2.39357e-10, cumulative = -5.14852e-06
DICPCG:  Solving for p_rgh, Initial residual = 0.000249815, Final residual = 1.19116e-05, No Iterations 187
DICPCG:  Solving for p_rgh, Initial residual = 1.19331e-05, Final residual = 8.87399e-08, No Iterations 232
time step continuity errors : sum local = 2.10438e-10, global = 2.15112e-13, cumulative = -5.14852e-06
ExecutionTime = 1749.38 s  ClockTime = 1756 s

Courant Number mean: 0.226853 max: 0.421173
Interface Courant Number mean: 0.0010816 max: 0.421173
deltaT = 0.00027966
Time = 0.0594407

PIMPLE: iteration 1
smoothSolver:  Solving for alpha.water, Initial residual = 0.0231206, Final residual = 1.13938e-09, No Iterations 3
Phase-1 volume fraction = 0.997811  Min(alpha.water) = 0.00641553  Max(alpha.water) = 1.00001
MULES: Correcting alpha.water
MULES: Correcting alpha.water
Phase-1 volume fraction = 0.997811  Min(alpha.water) = 0.00641093  Max(alpha.water) = 1.00007
DICPCG:  Solving for p_rgh, Initial residual = 0.117012, Final residual = 0.0043109, No Iterations 4
DICPCG:  Solving for p_rgh, Initial residual = 0.004306, Final residual = 0.000176347, No Iterations 13
time step continuity errors : sum local = 4.18284e-07, global = -1.38758e-08, cumulative = -5.16239e-06
DICPCG:  Solving for p_rgh, Initial residual = 0.00157363, Final residual = 7.80946e-05, No Iterations 7
DICPCG:  Solving for p_rgh, Initial residual = 7.80877e-05, Final residual = 3.86906e-06, No Iterations 214
time step continuity errors : sum local = 9.16217e-09, global = -8.24545e-11, cumulative = -5.16247e-06
DICPCG:  Solving for p_rgh, Initial residual = 0.000250183, Final residual = 1.23756e-05, No Iterations 201
DICPCG:  Solving for p_rgh, Initial residual = 1.23994e-05, Final residual = 9.61658e-08, No Iterations 170
time step continuity errors : sum local = 2.27749e-10, global = 1.79729e-11, cumulative = -5.16246e-06
ExecutionTime = 1759 s  ClockTime = 1766 s

Courant Number mean: 0.226862 max: 0.435868
Interface Courant Number mean: 0.00109247 max: 0.435868
deltaT = 0.00027966
Time = 0.0597203

PIMPLE: iteration 1
smoothSolver:  Solving for alpha.water, Initial residual = 0.0231427, Final residual = 1.1595e-09, No Iterations 3
Phase-1 volume fraction = 0.997811  Min(alpha.water) = 0.00643403  Max(alpha.water) = 1.00001
MULES: Correcting alpha.water
MULES: Correcting alpha.water
Phase-1 volume fraction = 0.997811  Min(alpha.water) = 0.00643403  Max(alpha.water) = 1.00004
DICPCG:  Solving for p_rgh, Initial residual = 0.116872, Final residual = 0.00432441, No Iterations 4
DICPCG:  Solving for p_rgh, Initial residual = 0.00432565, Final residual = 0.000177429, No Iterations 13
time step continuity errors : sum local = 4.19081e-07, global = -1.38129e-08, cumulative = -5.17627e-06
DICPCG:  Solving for p_rgh, Initial residual = 0.00159185, Final residual = 7.07076e-05, No Iterations 8
DICPCG:  Solving for p_rgh, Initial residual = 7.07e-05, Final residual = 3.35324e-06, No Iterations 215
time step continuity errors : sum local = 7.90744e-09, global = -3.68444e-11, cumulative = -5.17631e-06
DICPCG:  Solving for p_rgh, Initial residual = 0.000254809, Final residual = 1.24078e-05, No Iterations 184
DICPCG:  Solving for p_rgh, Initial residual = 1.2431e-05, Final residual = 9.81541e-08, No Iterations 152
time step continuity errors : sum local = 2.31443e-10, global = 1.59617e-11, cumulative = -5.17629e-06
ExecutionTime = 1768.47 s  ClockTime = 1775 s

Courant Number mean: 0.226872 max: 0.443112
Interface Courant Number mean: 0.00109328 max: 0.443112
deltaT = 0.00027966
Time = 0.06

PIMPLE: iteration 1
smoothSolver:  Solving for alpha.water, Initial residual = 0.0231072, Final residual = 1.17998e-09, No Iterations 3
Phase-1 volume fraction = 0.997811  Min(alpha.water) = 0.00646367  Max(alpha.water) = 1.00001
MULES: Correcting alpha.water
MULES: Correcting alpha.water
Phase-1 volume fraction = 0.997811  Min(alpha.water) = 0.00646367  Max(alpha.water) = 1.00006
DICPCG:  Solving for p_rgh, Initial residual = 0.118064, Final residual = 0.00433416, No Iterations 4
DICPCG:  Solving for p_rgh, Initial residual = 0.00432315, Final residual = 0.000183985, No Iterations 13
time step continuity errors : sum local = 4.34992e-07, global = -1.37974e-08, cumulative = -5.19009e-06
DICPCG:  Solving for p_rgh, Initial residual = 0.00157867, Final residual = 7.75746e-05, No Iterations 9
DICPCG:  Solving for p_rgh, Initial residual = 7.75687e-05, Final residual = 3.77725e-06, No Iterations 220
time step continuity errors : sum local = 8.91542e-09, global = -9.59375e-11, cumulative = -5.19018e-06
DICPCG:  Solving for p_rgh, Initial residual = 0.000251302, Final residual = 1.2429e-05, No Iterations 201
DICPCG:  Solving for p_rgh, Initial residual = 1.24513e-05, Final residual = 9.64413e-08, No Iterations 179
time step continuity errors : sum local = 2.27556e-10, global = 2.34175e-11, cumulative = -5.19016e-06
ExecutionTime = 1781.29 s  ClockTime = 1789 s

Courant Number mean: 0.226881 max: 0.432601
Interface Courant Number mean: 0.00108846 max: 0.432601
deltaT = 0.00025974
Time = 0.0602597

PIMPLE: iteration 1
smoothSolver:  Solving for alpha.water, Initial residual = 0.0214752, Final residual = 7.64837e-10, No Iterations 3
Phase-1 volume fraction = 0.997811  Min(alpha.water) = 0.00649644  Max(alpha.water) = 1.00001
MULES: Correcting alpha.water
MULES: Correcting alpha.water
Phase-1 volume fraction = 0.997811  Min(alpha.water) = 0.00647761  Max(alpha.water) = 1.00012
DICPCG:  Solving for p_rgh, Initial residual = 0.109316, Final residual = 0.00401741, No Iterations 4
DICPCG:  Solving for p_rgh, Initial residual = 0.00400377, Final residual = 0.000174197, No Iterations 13
time step continuity errors : sum local = 3.64464e-07, global = -1.13891e-08, cumulative = -5.20155e-06
DICPCG:  Solving for p_rgh, Initial residual = 0.00145236, Final residual = 6.61556e-05, No Iterations 9
DICPCG:  Solving for p_rgh, Initial residual = 6.61503e-05, Final residual = 3.28574e-06, No Iterations 180
time step continuity errors : sum local = 6.86434e-09, global = -2.81945e-10, cumulative = -5.20183e-06
DICPCG:  Solving for p_rgh, Initial residual = 0.000219204, Final residual = 1.06434e-05, No Iterations 185
DICPCG:  Solving for p_rgh, Initial residual = 1.06597e-05, Final residual = 9.98245e-08, No Iterations 224
time step continuity errors : sum local = 2.08423e-10, global = -2.99523e-12, cumulative = -5.20183e-06
ExecutionTime = 1790.95 s  ClockTime = 1799 s

Courant Number mean: 0.210727 max: 0.400048
Interface Courant Number mean: 0.00101063 max: 0.400048
deltaT = 0.00025974
Time = 0.0605195

PIMPLE: iteration 1
smoothSolver:  Solving for alpha.water, Initial residual = 0.0214878, Final residual = 7.74073e-10, No Iterations 3
Phase-1 volume fraction = 0.997811  Min(alpha.water) = 0.00654162  Max(alpha.water) = 1.00001
MULES: Correcting alpha.water
MULES: Correcting alpha.water
Phase-1 volume fraction = 0.997811  Min(alpha.water) = 0.00651886  Max(alpha.water) = 1.0001
DICPCG:  Solving for p_rgh, Initial residual = 0.108683, Final residual = 0.00399472, No Iterations 4
DICPCG:  Solving for p_rgh, Initial residual = 0.00398027, Final residual = 0.000163265, No Iterations 13
time step continuity errors : sum local = 3.42701e-07, global = -1.15068e-08, cumulative = -5.21334e-06
DICPCG:  Solving for p_rgh, Initial residual = 0.00144342, Final residual = 7.0492e-05, No Iterations 7
DICPCG:  Solving for p_rgh, Initial residual = 7.04867e-05, Final residual = 3.45004e-06, No Iterations 218
time step continuity errors : sum local = 7.23094e-09, global = -3.42516e-11, cumulative = -5.21337e-06
DICPCG:  Solving for p_rgh, Initial residual = 0.000218451, Final residual = 9.81752e-06, No Iterations 202
DICPCG:  Solving for p_rgh, Initial residual = 9.83394e-06, Final residual = 9.80622e-08, No Iterations 125
time step continuity errors : sum local = 2.05512e-10, global = 1.65121e-11, cumulative = -5.21336e-06
ExecutionTime = 1800.27 s  ClockTime = 1809 s

Courant Number mean: 0.210734 max: 0.417317
Interface Courant Number mean: 0.000999327 max: 0.417317
deltaT = 0.00024975
Time = 0.0607692

PIMPLE: iteration 1
smoothSolver:  Solving for alpha.water, Initial residual = 0.0206769, Final residual = 6.27981e-10, No Iterations 3
Phase-1 volume fraction = 0.997811  Min(alpha.water) = 0.00653217  Max(alpha.water) = 1
MULES: Correcting alpha.water
MULES: Correcting alpha.water
Phase-1 volume fraction = 0.997811  Min(alpha.water) = 0.00652878  Max(alpha.water) = 1.00006
DICPCG:  Solving for p_rgh, Initial residual = 0.105269, Final residual = 0.00384425, No Iterations 4
DICPCG:  Solving for p_rgh, Initial residual = 0.00384364, Final residual = 0.000162257, No Iterations 13
time step continuity errors : sum local = 3.17596e-07, global = -1.03959e-08, cumulative = -5.22375e-06
DICPCG:  Solving for p_rgh, Initial residual = 0.00141182, Final residual = 6.99352e-05, No Iterations 7
DICPCG:  Solving for p_rgh, Initial residual = 6.99296e-05, Final residual = 3.18222e-06, No Iterations 217
time step continuity errors : sum local = 6.22011e-09, global = -1.62435e-11, cumulative = -5.22377e-06
DICPCG:  Solving for p_rgh, Initial residual = 0.000209963, Final residual = 1.03978e-05, No Iterations 189
DICPCG:  Solving for p_rgh, Initial residual = 1.04143e-05, Final residual = 9.89392e-08, No Iterations 229
time step continuity errors : sum local = 1.93395e-10, global = -1.11479e-12, cumulative = -5.22377e-06
ExecutionTime = 1809.49 s  ClockTime = 1818 s

Courant Number mean: 0.202636 max: 0.405221
Interface Courant Number mean: 0.000973864 max: 0.405221
deltaT = 0.000246548
Time = 0.0610158

PIMPLE: iteration 1
smoothSolver:  Solving for alpha.water, Initial residual = 0.0204003, Final residual = 5.94365e-10, No Iterations 3
Phase-1 volume fraction = 0.997811  Min(alpha.water) = 0.00654457  Max(alpha.water) = 1
MULES: Correcting alpha.water
MULES: Correcting alpha.water
Phase-1 volume fraction = 0.997811  Min(alpha.water) = 0.0065438  Max(alpha.water) = 1.00005
DICPCG:  Solving for p_rgh, Initial residual = 0.104782, Final residual = 0.00380575, No Iterations 4
DICPCG:  Solving for p_rgh, Initial residual = 0.0038075, Final residual = 0.00016165, No Iterations 13
time step continuity errors : sum local = 3.08215e-07, global = -1.01451e-08, cumulative = -5.23392e-06
DICPCG:  Solving for p_rgh, Initial residual = 0.0014188, Final residual = 6.90176e-05, No Iterations 7
DICPCG:  Solving for p_rgh, Initial residual = 6.90124e-05, Final residual = 3.32971e-06, No Iterations 217
time step continuity errors : sum local = 6.33985e-09, global = -8.52564e-11, cumulative = -5.234e-06
DICPCG:  Solving for p_rgh, Initial residual = 0.000208421, Final residual = 1.01116e-05, No Iterations 179
DICPCG:  Solving for p_rgh, Initial residual = 1.01272e-05, Final residual = 9.98799e-08, No Iterations 166
time step continuity errors : sum local = 1.9016e-10, global = 2.49513e-11, cumulative = -5.23398e-06
ExecutionTime = 1817.99 s  ClockTime = 1826 s

Courant Number mean: 0.200044 max: 0.391897
Interface Courant Number mean: 0.000956444 max: 0.391897
deltaT = 0.000253123
Time = 0.0612689

PIMPLE: iteration 1
smoothSolver:  Solving for alpha.water, Initial residual = 0.0209114, Final residual = 6.93252e-10, No Iterations 3
Phase-1 volume fraction = 0.997811  Min(alpha.water) = 0.00656353  Max(alpha.water) = 1
MULES: Correcting alpha.water
MULES: Correcting alpha.water
Phase-1 volume fraction = 0.997811  Min(alpha.water) = 0.00656353  Max(alpha.water) = 1.00013
DICPCG:  Solving for p_rgh, Initial residual = 0.108889, Final residual = 0.00393401, No Iterations 4
DICPCG:  Solving for p_rgh, Initial residual = 0.00392908, Final residual = 0.000178445, No Iterations 13
time step continuity errors : sum local = 3.55532e-07, global = -1.07628e-08, cumulative = -5.24474e-06
DICPCG:  Solving for p_rgh, Initial residual = 0.00145082, Final residual = 7.14587e-05, No Iterations 10
DICPCG:  Solving for p_rgh, Initial residual = 7.14543e-05, Final residual = 3.41702e-06, No Iterations 220
time step continuity errors : sum local = 6.79789e-09, global = -2.42791e-11, cumulative = -5.24476e-06
DICPCG:  Solving for p_rgh, Initial residual = 0.000215702, Final residual = 9.51186e-06, No Iterations 187
DICPCG:  Solving for p_rgh, Initial residual = 9.5266e-06, Final residual = 9.89172e-08, No Iterations 115
time step continuity errors : sum local = 1.96723e-10, global = 8.07616e-12, cumulative = -5.24476e-06
ExecutionTime = 1828.88 s  ClockTime = 1837 s

Courant Number mean: 0.205385 max: 0.396265
Interface Courant Number mean: 0.000969187 max: 0.396265
deltaT = 0.00025659
Time = 0.0615255

PIMPLE: iteration 1
smoothSolver:  Solving for alpha.water, Initial residual = 0.021188, Final residual = 7.39917e-10, No Iterations 3
Phase-1 volume fraction = 0.997811  Min(alpha.water) = 0.00659387  Max(alpha.water) = 1.00001
MULES: Correcting alpha.water
MULES: Correcting alpha.water
Phase-1 volume fraction = 0.997811  Min(alpha.water) = 0.00658141  Max(alpha.water) = 1.00025
DICPCG:  Solving for p_rgh, Initial residual = 0.108491, Final residual = 0.00396294, No Iterations 4
DICPCG:  Solving for p_rgh, Initial residual = 0.00394798, Final residual = 0.000174494, No Iterations 13
time step continuity errors : sum local = 3.57209e-07, global = -1.11259e-08, cumulative = -5.25588e-06
DICPCG:  Solving for p_rgh, Initial residual = 0.00144555, Final residual = 6.74207e-05, No Iterations 8
DICPCG:  Solving for p_rgh, Initial residual = 6.74134e-05, Final residual = 2.96282e-06, No Iterations 215
time step continuity errors : sum local = 6.05663e-09, global = 1.42732e-11, cumulative = -5.25587e-06
DICPCG:  Solving for p_rgh, Initial residual = 0.000216541, Final residual = 9.81869e-06, No Iterations 187
DICPCG:  Solving for p_rgh, Initial residual = 9.83383e-06, Final residual = 9.88196e-08, No Iterations 227
time step continuity errors : sum local = 2.01927e-10, global = -7.76666e-13, cumulative = -5.25587e-06
ExecutionTime = 1841.86 s  ClockTime = 1850 s

Courant Number mean: 0.208203 max: 0.416379
Interface Courant Number mean: 0.000989864 max: 0.416379
deltaT = 0.000246327
Time = 0.0617718

PIMPLE: iteration 1
smoothSolver:  Solving for alpha.water, Initial residual = 0.020335, Final residual = 5.81184e-10, No Iterations 3
Phase-1 volume fraction = 0.997811  Min(alpha.water) = 0.00659712  Max(alpha.water) = 1.00001
MULES: Correcting alpha.water
MULES: Correcting alpha.water
Phase-1 volume fraction = 0.997811  Min(alpha.water) = 0.00650108  Max(alpha.water) = 1.00007
DICPCG:  Solving for p_rgh, Initial residual = 0.104326, Final residual = 0.00378856, No Iterations 4
DICPCG:  Solving for p_rgh, Initial residual = 0.00377672, Final residual = 0.000161017, No Iterations 13
time step continuity errors : sum local = 3.0825e-07, global = -9.99351e-09, cumulative = -5.26586e-06
DICPCG:  Solving for p_rgh, Initial residual = 0.00138279, Final residual = 6.52785e-05, No Iterations 7
DICPCG:  Solving for p_rgh, Initial residual = 6.5273e-05, Final residual = 2.97972e-06, No Iterations 215
time step continuity errors : sum local = 5.69664e-09, global = 1.3327e-12, cumulative = -5.26586e-06
DICPCG:  Solving for p_rgh, Initial residual = 0.000203013, Final residual = 1.01353e-05, No Iterations 202
DICPCG:  Solving for p_rgh, Initial residual = 1.01508e-05, Final residual = 9.83668e-08, No Iterations 127
time step continuity errors : sum local = 1.88041e-10, global = 1.61181e-11, cumulative = -5.26584e-06
ExecutionTime = 1852.86 s  ClockTime = 1861 s

Courant Number mean: 0.199881 max: 0.403478
Interface Courant Number mean: 0.000954136 max: 0.403478
deltaT = 0.000243042
Time = 0.0620149

PIMPLE: iteration 1
smoothSolver:  Solving for alpha.water, Initial residual = 0.0200834, Final residual = 5.54986e-10, No Iterations 3
Phase-1 volume fraction = 0.997811  Min(alpha.water) = 0.00660759  Max(alpha.water) = 1
MULES: Correcting alpha.water
MULES: Correcting alpha.water
Phase-1 volume fraction = 0.997811  Min(alpha.water) = 0.00660759  Max(alpha.water) = 1.00006
DICPCG:  Solving for p_rgh, Initial residual = 0.103142, Final residual = 0.00371596, No Iterations 4
DICPCG:  Solving for p_rgh, Initial residual = 0.00371297, Final residual = 0.00016238, No Iterations 13
time step continuity errors : sum local = 3.03321e-07, global = -9.6564e-09, cumulative = -5.2755e-06
DICPCG:  Solving for p_rgh, Initial residual = 0.00137821, Final residual = 6.73974e-05, No Iterations 7
DICPCG:  Solving for p_rgh, Initial residual = 6.73927e-05, Final residual = 3.3505e-06, No Iterations 215
time step continuity errors : sum local = 6.25033e-09, global = -4.22898e-11, cumulative = -5.27554e-06
DICPCG:  Solving for p_rgh, Initial residual = 0.000200611, Final residual = 9.13804e-06, No Iterations 203
DICPCG:  Solving for p_rgh, Initial residual = 9.15184e-06, Final residual = 9.80488e-08, No Iterations 137
time step continuity errors : sum local = 1.82902e-10, global = 1.45205e-11, cumulative = -5.27553e-06
ExecutionTime = 1863 s  ClockTime = 1871 s

Courant Number mean: 0.197221 max: 0.391742
Interface Courant Number mean: 0.000943738 max: 0.391742
deltaT = 0.000249794
Time = 0.0622647

PIMPLE: iteration 1
smoothSolver:  Solving for alpha.water, Initial residual = 0.0206342, Final residual = 6.66207e-10, No Iterations 3
Phase-1 volume fraction = 0.997811  Min(alpha.water) = 0.00661956  Max(alpha.water) = 1
MULES: Correcting alpha.water
MULES: Correcting alpha.water
Phase-1 volume fraction = 0.997811  Min(alpha.water) = 0.00661956  Max(alpha.water) = 1.00003
DICPCG:  Solving for p_rgh, Initial residual = 0.106994, Final residual = 0.00385442, No Iterations 4
DICPCG:  Solving for p_rgh, Initial residual = 0.00386357, Final residual = 0.000168303, No Iterations 13
time step continuity errors : sum local = 3.26842e-07, global = -1.03544e-08, cumulative = -5.28588e-06
DICPCG:  Solving for p_rgh, Initial residual = 0.00145142, Final residual = 7.13916e-05, No Iterations 7
DICPCG:  Solving for p_rgh, Initial residual = 7.1387e-05, Final residual = 3.4958e-06, No Iterations 218
time step continuity errors : sum local = 6.77899e-09, global = -3.69457e-11, cumulative = -5.28592e-06
DICPCG:  Solving for p_rgh, Initial residual = 0.000212415, Final residual = 9.90725e-06, No Iterations 188
DICPCG:  Solving for p_rgh, Initial residual = 9.92268e-06, Final residual = 9.72256e-08, No Iterations 173
time step continuity errors : sum local = 1.88519e-10, global = 1.55727e-11, cumulative = -5.2859e-06
ExecutionTime = 1874.24 s  ClockTime = 1883 s

Courant Number mean: 0.202705 max: 0.398334
Interface Courant Number mean: 0.000964925 max: 0.398334
deltaT = 0.000249794
Time = 0.0625144

PIMPLE: iteration 1
smoothSolver:  Solving for alpha.water, Initial residual = 0.020626, Final residual = 6.52004e-10, No Iterations 3
Phase-1 volume fraction = 0.997811  Min(alpha.water) = 0.00663703  Max(alpha.water) = 1
MULES: Correcting alpha.water
MULES: Correcting alpha.water
Phase-1 volume fraction = 0.997811  Min(alpha.water) = 0.00663703  Max(alpha.water) = 1.00006
DICPCG:  Solving for p_rgh, Initial residual = 0.107842, Final residual = 0.00386744, No Iterations 4
DICPCG:  Solving for p_rgh, Initial residual = 0.00386024, Final residual = 0.000173351, No Iterations 13
time step continuity errors : sum local = 3.36795e-07, global = -1.02818e-08, cumulative = -5.29619e-06
DICPCG:  Solving for p_rgh, Initial residual = 0.0014464, Final residual = 6.90389e-05, No Iterations 9
DICPCG:  Solving for p_rgh, Initial residual = 6.90326e-05, Final residual = 2.94893e-06, No Iterations 215
time step continuity errors : sum local = 5.72138e-09, global = -3.13219e-11, cumulative = -5.29622e-06
DICPCG:  Solving for p_rgh, Initial residual = 0.000212492, Final residual = 1.06213e-05, No Iterations 186
DICPCG:  Solving for p_rgh, Initial residual = 1.06374e-05, Final residual = 9.93394e-08, No Iterations 228
time step continuity errors : sum local = 1.92691e-10, global = 1.20096e-12, cumulative = -5.29622e-06
ExecutionTime = 1884.1 s  ClockTime = 1893 s

Courant Number mean: 0.202711 max: 0.41421
Interface Courant Number mean: 0.000972541 max: 0.41421
deltaT = 0.000242855
Time = 0.0627573

PIMPLE: iteration 1
smoothSolver:  Solving for alpha.water, Initial residual = 0.0200608, Final residual = 5.36522e-10, No Iterations 3
Phase-1 volume fraction = 0.997811  Min(alpha.water) = 0.00666008  Max(alpha.water) = 1
MULES: Correcting alpha.water
MULES: Correcting alpha.water
Phase-1 volume fraction = 0.997811  Min(alpha.water) = 0.006642  Max(alpha.water) = 1.00006
DICPCG:  Solving for p_rgh, Initial residual = 0.104947, Final residual = 0.00376727, No Iterations 4
DICPCG:  Solving for p_rgh, Initial residual = 0.00376187, Final residual = 0.000164457, No Iterations 13
time step continuity errors : sum local = 3.0435e-07, global = -9.57564e-09, cumulative = -5.30579e-06
DICPCG:  Solving for p_rgh, Initial residual = 0.00139767, Final residual = 6.22792e-05, No Iterations 8
DICPCG:  Solving for p_rgh, Initial residual = 6.22735e-05, Final residual = 2.99575e-06, No Iterations 215
time step continuity errors : sum local = 5.53668e-09, global = 1.44185e-11, cumulative = -5.30578e-06
DICPCG:  Solving for p_rgh, Initial residual = 0.00020447, Final residual = 9.51724e-06, No Iterations 189
DICPCG:  Solving for p_rgh, Initial residual = 9.53086e-06, Final residual = 9.91059e-08, No Iterations 183
time step continuity errors : sum local = 1.831e-10, global = 2.18622e-11, cumulative = -5.30576e-06
ExecutionTime = 1894.93 s  ClockTime = 1903 s

Courant Number mean: 0.197085 max: 0.403422
Interface Courant Number mean: 0.000941358 max: 0.403422
deltaT = 0.000239482
Time = 0.0629968

PIMPLE: iteration 1
smoothSolver:  Solving for alpha.water, Initial residual = 0.0197587, Final residual = 4.95082e-10, No Iterations 3
Phase-1 volume fraction = 0.997811  Min(alpha.water) = 0.00666052  Max(alpha.water) = 1
MULES: Correcting alpha.water
MULES: Correcting alpha.water
Phase-1 volume fraction = 0.997811  Min(alpha.water) = 0.00648388  Max(alpha.water) = 1.00002
DICPCG:  Solving for p_rgh, Initial residual = 0.102889, Final residual = 0.00369674, No Iterations 4
DICPCG:  Solving for p_rgh, Initial residual = 0.00368512, Final residual = 0.000160144, No Iterations 13
time step continuity errors : sum local = 2.90146e-07, global = -9.21376e-09, cumulative = -5.31497e-06
DICPCG:  Solving for p_rgh, Initial residual = 0.00137545, Final residual = 6.59807e-05, No Iterations 7
DICPCG:  Solving for p_rgh, Initial residual = 6.59773e-05, Final residual = 3.25532e-06, No Iterations 218
time step continuity errors : sum local = 5.88991e-09, global = -6.79984e-11, cumulative = -5.31504e-06
DICPCG:  Solving for p_rgh, Initial residual = 0.00020071, Final residual = 9.47863e-06, No Iterations 203
DICPCG:  Solving for p_rgh, Initial residual = 9.49212e-06, Final residual = 9.85115e-08, No Iterations 149
time step continuity errors : sum local = 1.78198e-10, global = 1.46814e-11, cumulative = -5.31502e-06
ExecutionTime = 1906.09 s  ClockTime = 1915 s

Courant Number mean: 0.194353 max: 0.383082
Interface Courant Number mean: 0.000924362 max: 0.383082
deltaT = 0.000250047
Time = 0.0632468

PIMPLE: iteration 1
smoothSolver:  Solving for alpha.water, Initial residual = 0.0206412, Final residual = 6.68274e-10, No Iterations 3
Phase-1 volume fraction = 0.997811  Min(alpha.water) = 0.00666851  Max(alpha.water) = 1
MULES: Correcting alpha.water
MULES: Correcting alpha.water
Phase-1 volume fraction = 0.997811  Min(alpha.water) = 0.00666755  Max(alpha.water) = 1.00008
DICPCG:  Solving for p_rgh, Initial residual = 0.106792, Final residual = 0.00384316, No Iterations 4
DICPCG:  Solving for p_rgh, Initial residual = 0.00383726, Final residual = 0.000162985, No Iterations 13
time step continuity errors : sum local = 3.178e-07, global = -1.02946e-08, cumulative = -5.32532e-06
DICPCG:  Solving for p_rgh, Initial residual = 0.00144247, Final residual = 6.88798e-05, No Iterations 7
DICPCG:  Solving for p_rgh, Initial residual = 6.88746e-05, Final residual = 3.12968e-06, No Iterations 215
time step continuity errors : sum local = 6.09396e-09, global = -2.85375e-11, cumulative = -5.32535e-06
DICPCG:  Solving for p_rgh, Initial residual = 0.000211953, Final residual = 9.31435e-06, No Iterations 203
DICPCG:  Solving for p_rgh, Initial residual = 9.32896e-06, Final residual = 9.78131e-08, No Iterations 138
time step continuity errors : sum local = 1.90455e-10, global = 1.50898e-11, cumulative = -5.32533e-06
ExecutionTime = 1917.24 s  ClockTime = 1926 s

Courant Number mean: 0.202933 max: 0.398226
Interface Courant Number mean: 0.000966917 max: 0.398226
deltaT = 0.000250047
Time = 0.0634969

PIMPLE: iteration 1
smoothSolver:  Solving for alpha.water, Initial residual = 0.0206493, Final residual = 6.77004e-10, No Iterations 3
Phase-1 volume fraction = 0.997811  Min(alpha.water) = 0.00667981  Max(alpha.water) = 1
MULES: Correcting alpha.water
MULES: Correcting alpha.water
Phase-1 volume fraction = 0.997811  Min(alpha.water) = 0.00667875  Max(alpha.water) = 1.00005
DICPCG:  Solving for p_rgh, Initial residual = 0.107343, Final residual = 0.00385809, No Iterations 4
DICPCG:  Solving for p_rgh, Initial residual = 0.00385605, Final residual = 0.000165491, No Iterations 13
time step continuity errors : sum local = 3.22013e-07, global = -1.01992e-08, cumulative = -5.33553e-06
DICPCG:  Solving for p_rgh, Initial residual = 0.00145089, Final residual = 6.32449e-05, No Iterations 8
DICPCG:  Solving for p_rgh, Initial residual = 6.32409e-05, Final residual = 2.87006e-06, No Iterations 216
time step continuity errors : sum local = 5.57657e-09, global = -2.43368e-11, cumulative = -5.33555e-06
DICPCG:  Solving for p_rgh, Initial residual = 0.000212146, Final residual = 1.03192e-05, No Iterations 186
DICPCG:  Solving for p_rgh, Initial residual = 1.03347e-05, Final residual = 9.93375e-08, No Iterations 173
time step continuity errors : sum local = 1.92972e-10, global = 2.84738e-11, cumulative = -5.33553e-06
ExecutionTime = 1927.64 s  ClockTime = 1936 s

Courant Number mean: 0.202938 max: 0.418588
Interface Courant Number mean: 0.000974057 max: 0.418588
deltaT = 0.000239176
Time = 0.0637361

PIMPLE: iteration 1
smoothSolver:  Solving for alpha.water, Initial residual = 0.0197814, Final residual = 5.10258e-10, No Iterations 3
Phase-1 volume fraction = 0.997811  Min(alpha.water) = 0.00669329  Max(alpha.water) = 1
MULES: Correcting alpha.water
MULES: Correcting alpha.water
Phase-1 volume fraction = 0.997811  Min(alpha.water) = 0.00669329  Max(alpha.water) = 1.00003
DICPCG:  Solving for p_rgh, Initial residual = 0.10369, Final residual = 0.0037035, No Iterations 4
DICPCG:  Solving for p_rgh, Initial residual = 0.00370172, Final residual = 0.000157745, No Iterations 13
time step continuity errors : sum local = 2.83824e-07, global = -9.05883e-09, cumulative = -5.34459e-06
DICPCG:  Solving for p_rgh, Initial residual = 0.00139734, Final residual = 6.49389e-05, No Iterations 8
DICPCG:  Solving for p_rgh, Initial residual = 6.49334e-05, Final residual = 3.11469e-06, No Iterations 218
time step continuity errors : sum local = 5.59687e-09, global = -2.99165e-11, cumulative = -5.34461e-06
DICPCG:  Solving for p_rgh, Initial residual = 0.000198581, Final residual = 9.07449e-06, No Iterations 187
DICPCG:  Solving for p_rgh, Initial residual = 9.08742e-06, Final residual = 9.83971e-08, No Iterations 164
time step continuity errors : sum local = 1.76781e-10, global = 1.23984e-11, cumulative = -5.3446e-06
ExecutionTime = 1937.6 s  ClockTime = 1946 s

Courant Number mean: 0.19412 max: 0.405062
Interface Courant Number mean: 0.000923949 max: 0.405062
deltaT = 0.000235709
Time = 0.0639718

PIMPLE: iteration 1
smoothSolver:  Solving for alpha.water, Initial residual = 0.0194891, Final residual = 4.58991e-10, No Iterations 3
Phase-1 volume fraction = 0.997811  Min(alpha.water) = 0.00671209  Max(alpha.water) = 1
MULES: Correcting alpha.water
MULES: Correcting alpha.water
Phase-1 volume fraction = 0.997811  Min(alpha.water) = 0.00668773  Max(alpha.water) = 1.00003
DICPCG:  Solving for p_rgh, Initial residual = 0.103261, Final residual = 0.00366295, No Iterations 4
DICPCG:  Solving for p_rgh, Initial residual = 0.00366077, Final residual = 0.000150415, No Iterations 13
time step continuity errors : sum local = 2.63423e-07, global = -8.8016e-09, cumulative = -5.3534e-06
DICPCG:  Solving for p_rgh, Initial residual = 0.00136238, Final residual = 6.66429e-05, No Iterations 7
DICPCG:  Solving for p_rgh, Initial residual = 6.66393e-05, Final residual = 3.26287e-06, No Iterations 211
time step continuity errors : sum local = 5.70657e-09, global = 8.06452e-11, cumulative = -5.35332e-06
DICPCG:  Solving for p_rgh, Initial residual = 0.0001968, Final residual = 9.83189e-06, No Iterations 188
DICPCG:  Solving for p_rgh, Initial residual = 9.84537e-06, Final residual = 9.61906e-08, No Iterations 173
time step continuity errors : sum local = 1.68185e-10, global = 1.58762e-11, cumulative = -5.35331e-06
ExecutionTime = 1946.55 s  ClockTime = 1955 s

Courant Number mean: 0.191312 max: 0.389205
Interface Courant Number mean: 0.000916493 max: 0.389205
deltaT = 0.000242852
Time = 0.0642146

PIMPLE: iteration 1
smoothSolver:  Solving for alpha.water, Initial residual = 0.0200561, Final residual = 5.49347e-10, No Iterations 3
Phase-1 volume fraction = 0.997811  Min(alpha.water) = 0.00674187  Max(alpha.water) = 1
MULES: Correcting alpha.water
MULES: Correcting alpha.water
Phase-1 volume fraction = 0.997811  Min(alpha.water) = 0.00648349  Max(alpha.water) = 1.00004
DICPCG:  Solving for p_rgh, Initial residual = 0.105446, Final residual = 0.00376377, No Iterations 4
DICPCG:  Solving for p_rgh, Initial residual = 0.00375547, Final residual = 0.000185996, No Iterations 12
time step continuity errors : sum local = 3.43198e-07, global = -9.50045e-09, cumulative = -5.36281e-06
DICPCG:  Solving for p_rgh, Initial residual = 0.00145801, Final residual = 6.4394e-05, No Iterations 8
DICPCG:  Solving for p_rgh, Initial residual = 6.43926e-05, Final residual = 3.03416e-06, No Iterations 216
time step continuity errors : sum local = 5.59064e-09, global = 3.41452e-11, cumulative = -5.36277e-06
DICPCG:  Solving for p_rgh, Initial residual = 0.000214418, Final residual = 1.02513e-05, No Iterations 201
DICPCG:  Solving for p_rgh, Initial residual = 1.02662e-05, Final residual = 9.80334e-08, No Iterations 170
time step continuity errors : sum local = 1.80607e-10, global = 1.41496e-11, cumulative = -5.36276e-06
ExecutionTime = 1958.59 s  ClockTime = 1967 s

Courant Number mean: 0.197114 max: 0.380219
Interface Courant Number mean: 0.000934772 max: 0.380219
deltaT = 0.000254603
Time = 0.0644692

PIMPLE: iteration 1
smoothSolver:  Solving for alpha.water, Initial residual = 0.0210198, Final residual = 7.52661e-10, No Iterations 3
Phase-1 volume fraction = 0.997811  Min(alpha.water) = 0.00674886  Max(alpha.water) = 1.00001
MULES: Correcting alpha.water
MULES: Correcting alpha.water
Phase-1 volume fraction = 0.997811  Min(alpha.water) = 0.00674608  Max(alpha.water) = 1.00005
DICPCG:  Solving for p_rgh, Initial residual = 0.110293, Final residual = 0.00393238, No Iterations 4
DICPCG:  Solving for p_rgh, Initial residual = 0.003922, Final residual = 0.000156511, No Iterations 13
time step continuity errors : sum local = 3.13604e-07, global = -1.0635e-08, cumulative = -5.37339e-06
DICPCG:  Solving for p_rgh, Initial residual = 0.00150454, Final residual = 7.22804e-05, No Iterations 7
DICPCG:  Solving for p_rgh, Initial residual = 7.22743e-05, Final residual = 3.50562e-06, No Iterations 217
time step continuity errors : sum local = 7.0142e-09, global = -7.97444e-11, cumulative = -5.37347e-06
DICPCG:  Solving for p_rgh, Initial residual = 0.000223308, Final residual = 1.05587e-05, No Iterations 202
DICPCG:  Solving for p_rgh, Initial residual = 1.05752e-05, Final residual = 9.36449e-08, No Iterations 167
time step continuity errors : sum local = 1.87359e-10, global = 1.40598e-11, cumulative = -5.37346e-06
ExecutionTime = 1970.02 s  ClockTime = 1979 s

Courant Number mean: 0.206657 max: 0.420509
Interface Courant Number mean: 0.000982325 max: 0.420509
deltaT = 0.000242668
Time = 0.0647119

PIMPLE: iteration 1
smoothSolver:  Solving for alpha.water, Initial residual = 0.0200797, Final residual = 5.77221e-10, No Iterations 3
Phase-1 volume fraction = 0.997811  Min(alpha.water) = 0.00675829  Max(alpha.water) = 1.00001
MULES: Correcting alpha.water
MULES: Correcting alpha.water
Phase-1 volume fraction = 0.997811  Min(alpha.water) = 0.00675608  Max(alpha.water) = 1.00007
DICPCG:  Solving for p_rgh, Initial residual = 0.103816, Final residual = 0.00375994, No Iterations 4
DICPCG:  Solving for p_rgh, Initial residual = 0.00375268, Final residual = 0.000152184, No Iterations 13
time step continuity errors : sum local = 2.81137e-07, global = -9.29314e-09, cumulative = -5.38275e-06
DICPCG:  Solving for p_rgh, Initial residual = 0.00140878, Final residual = 6.23709e-05, No Iterations 8
DICPCG:  Solving for p_rgh, Initial residual = 6.23649e-05, Final residual = 3.04643e-06, No Iterations 186
time step continuity errors : sum local = 5.62042e-09, global = 4.20194e-11, cumulative = -5.38271e-06
DICPCG:  Solving for p_rgh, Initial residual = 0.00020326, Final residual = 9.32909e-06, No Iterations 185
DICPCG:  Solving for p_rgh, Initial residual = 9.342e-06, Final residual = 9.36635e-08, No Iterations 169
time step continuity errors : sum local = 1.72741e-10, global = 2.72228e-11, cumulative = -5.38268e-06
ExecutionTime = 1978.88 s  ClockTime = 1987 s

Courant Number mean: 0.196975 max: 0.408312
Interface Courant Number mean: 0.000944605 max: 0.408312
deltaT = 0.000238877
Time = 0.0649508

PIMPLE: iteration 1
smoothSolver:  Solving for alpha.water, Initial residual = 0.0197776, Final residual = 5.22193e-10, No Iterations 3
Phase-1 volume fraction = 0.997811  Min(alpha.water) = 0.00677095  Max(alpha.water) = 1.00001
MULES: Correcting alpha.water
MULES: Correcting alpha.water
Phase-1 volume fraction = 0.997811  Min(alpha.water) = 0.00677095  Max(alpha.water) = 1.00004
DICPCG:  Solving for p_rgh, Initial residual = 0.103072, Final residual = 0.0036898, No Iterations 4
DICPCG:  Solving for p_rgh, Initial residual = 0.00369193, Final residual = 0.000184247, No Iterations 12
time step continuity errors : sum local = 3.29839e-07, global = -8.97299e-09, cumulative = -5.39166e-06
DICPCG:  Solving for p_rgh, Initial residual = 0.00140591, Final residual = 6.51029e-05, No Iterations 8
DICPCG:  Solving for p_rgh, Initial residual = 6.50989e-05, Final residual = 3.07311e-06, No Iterations 218
time step continuity errors : sum local = 5.49419e-09, global = -2.43988e-11, cumulative = -5.39168e-06
DICPCG:  Solving for p_rgh, Initial residual = 0.000202662, Final residual = 9.20664e-06, No Iterations 188
DICPCG:  Solving for p_rgh, Initial residual = 9.21979e-06, Final residual = 9.41972e-08, No Iterations 172
time step continuity errors : sum local = 1.68395e-10, global = 1.40088e-11, cumulative = -5.39167e-06
ExecutionTime = 1989.05 s  ClockTime = 1998 s

Courant Number mean: 0.193902 max: 0.39677
Interface Courant Number mean: 0.000925721 max: 0.39677
deltaT = 0.00024273
Time = 0.0651935

PIMPLE: iteration 1
smoothSolver:  Solving for alpha.water, Initial residual = 0.0200812, Final residual = 5.63278e-10, No Iterations 3
Phase-1 volume fraction = 0.997811  Min(alpha.water) = 0.00679162  Max(alpha.water) = 1.00001
MULES: Correcting alpha.water
MULES: Correcting alpha.water
Phase-1 volume fraction = 0.997811  Min(alpha.water) = 0.00674977  Max(alpha.water) = 1.00002
DICPCG:  Solving for p_rgh, Initial residual = 0.107033, Final residual = 0.00378455, No Iterations 4
DICPCG:  Solving for p_rgh, Initial residual = 0.0037868, Final residual = 0.000187783, No Iterations 12
time step continuity errors : sum local = 3.44028e-07, global = -9.36535e-09, cumulative = -5.40103e-06
DICPCG:  Solving for p_rgh, Initial residual = 0.00144424, Final residual = 6.37581e-05, No Iterations 8
DICPCG:  Solving for p_rgh, Initial residual = 6.37568e-05, Final residual = 3.02596e-06, No Iterations 217
time step continuity errors : sum local = 5.53576e-09, global = -1.8827e-12, cumulative = -5.40103e-06
DICPCG:  Solving for p_rgh, Initial residual = 0.000212311, Final residual = 1.03402e-05, No Iterations 199
DICPCG:  Solving for p_rgh, Initial residual = 1.03552e-05, Final residual = 9.65664e-08, No Iterations 173
time step continuity errors : sum local = 1.76633e-10, global = 1.39149e-11, cumulative = -5.40102e-06
ExecutionTime = 1999.32 s  ClockTime = 2008 s

Courant Number mean: 0.197035 max: 0.387112
Interface Courant Number mean: 0.000944125 max: 0.387112
deltaT = 0.000250958
Time = 0.0654445

PIMPLE: iteration 1
smoothSolver:  Solving for alpha.water, Initial residual = 0.0207484, Final residual = 6.78037e-10, No Iterations 3
Phase-1 volume fraction = 0.997811  Min(alpha.water) = 0.00682594  Max(alpha.water) = 1.00001
MULES: Correcting alpha.water
MULES: Correcting alpha.water
Phase-1 volume fraction = 0.997811  Min(alpha.water) = 0.00658431  Max(alpha.water) = 1.00004
DICPCG:  Solving for p_rgh, Initial residual = 0.110578, Final residual = 0.00390349, No Iterations 4
DICPCG:  Solving for p_rgh, Initial residual = 0.00389529, Final residual = 0.000146264, No Iterations 13
time step continuity errors : sum local = 2.83926e-07, global = -1.01403e-08, cumulative = -5.41116e-06
DICPCG:  Solving for p_rgh, Initial residual = 0.00149899, Final residual = 6.66865e-05, No Iterations 7
DICPCG:  Solving for p_rgh, Initial residual = 6.66813e-05, Final residual = 3.23147e-06, No Iterations 218
time step continuity errors : sum local = 6.26381e-09, global = 4.24863e-11, cumulative = -5.41112e-06
DICPCG:  Solving for p_rgh, Initial residual = 0.000223113, Final residual = 1.03826e-05, No Iterations 184
DICPCG:  Solving for p_rgh, Initial residual = 1.03984e-05, Final residual = 9.10796e-08, No Iterations 222
time step continuity errors : sum local = 1.76544e-10, global = -1.08422e-12, cumulative = -5.41112e-06
ExecutionTime = 2009.88 s  ClockTime = 2019 s

Courant Number mean: 0.203719 max: 0.393815
Interface Courant Number mean: 0.000978263 max: 0.393815
deltaT = 0.00025536
Time = 0.0656998

PIMPLE: iteration 1
smoothSolver:  Solving for alpha.water, Initial residual = 0.0210934, Final residual = 7.77306e-10, No Iterations 3
Phase-1 volume fraction = 0.997811  Min(alpha.water) = 0.00683471  Max(alpha.water) = 1
MULES: Correcting alpha.water
MULES: Correcting alpha.water
Phase-1 volume fraction = 0.997811  Min(alpha.water) = 0.00683098  Max(alpha.water) = 1.00004
DICPCG:  Solving for p_rgh, Initial residual = 0.110523, Final residual = 0.00397381, No Iterations 4
DICPCG:  Solving for p_rgh, Initial residual = 0.00396166, Final residual = 0.000157592, No Iterations 13
time step continuity errors : sum local = 3.15977e-07, global = -1.05505e-08, cumulative = -5.42167e-06
DICPCG:  Solving for p_rgh, Initial residual = 0.00151851, Final residual = 7.53009e-05, No Iterations 7
DICPCG:  Solving for p_rgh, Initial residual = 7.52924e-05, Final residual = 3.74154e-06, No Iterations 166
time step continuity errors : sum local = 7.4914e-09, global = 1.02025e-10, cumulative = -5.42157e-06
DICPCG:  Solving for p_rgh, Initial residual = 0.000226577, Final residual = 1.09721e-05, No Iterations 185
DICPCG:  Solving for p_rgh, Initial residual = 1.09886e-05, Final residual = 9.49624e-08, No Iterations 225
time step continuity errors : sum local = 1.90101e-10, global = 9.96995e-13, cumulative = -5.42157e-06
ExecutionTime = 2021.21 s  ClockTime = 2030 s

Courant Number mean: 0.207299 max: 0.414788
Interface Courant Number mean: 0.000979106 max: 0.414788
deltaT = 0.000246555
Time = 0.0659464

PIMPLE: iteration 1
smoothSolver:  Solving for alpha.water, Initial residual = 0.0204063, Final residual = 6.51498e-10, No Iterations 3
Phase-1 volume fraction = 0.997811  Min(alpha.water) = 0.00684492  Max(alpha.water) = 1
MULES: Correcting alpha.water
MULES: Correcting alpha.water
Phase-1 volume fraction = 0.997811  Min(alpha.water) = 0.00684486  Max(alpha.water) = 1.00003
DICPCG:  Solving for p_rgh, Initial residual = 0.10599, Final residual = 0.00382825, No Iterations 4
DICPCG:  Solving for p_rgh, Initial residual = 0.00382386, Final residual = 0.000155956, No Iterations 13
time step continuity errors : sum local = 2.9421e-07, global = -9.6035e-09, cumulative = -5.43117e-06
DICPCG:  Solving for p_rgh, Initial residual = 0.0013925, Final residual = 6.35947e-05, No Iterations 8
DICPCG:  Solving for p_rgh, Initial residual = 6.35883e-05, Final residual = 2.74868e-06, No Iterations 184
time step continuity errors : sum local = 5.17836e-09, global = -9.69289e-11, cumulative = -5.43127e-06
DICPCG:  Solving for p_rgh, Initial residual = 0.00020408, Final residual = 1.01485e-05, No Iterations 167
DICPCG:  Solving for p_rgh, Initial residual = 1.01626e-05, Final residual = 9.28857e-08, No Iterations 223
time step continuity errors : sum local = 1.74935e-10, global = 5.40267e-13, cumulative = -5.43127e-06
ExecutionTime = 2032.16 s  ClockTime = 2041 s

Courant Number mean: 0.200155 max: 0.400041
Interface Courant Number mean: 0.000961288 max: 0.400041
deltaT = 0.000246555
Time = 0.0661929

PIMPLE: iteration 1
smoothSolver:  Solving for alpha.water, Initial residual = 0.0204148, Final residual = 6.44017e-10, No Iterations 3
Phase-1 volume fraction = 0.997811  Min(alpha.water) = 0.00686011  Max(alpha.water) = 1
MULES: Correcting alpha.water
MULES: Correcting alpha.water
Phase-1 volume fraction = 0.997811  Min(alpha.water) = 0.00686011  Max(alpha.water) = 1.00003
DICPCG:  Solving for p_rgh, Initial residual = 0.107257, Final residual = 0.00382095, No Iterations 4
DICPCG:  Solving for p_rgh, Initial residual = 0.00382125, Final residual = 0.000146956, No Iterations 13
time step continuity errors : sum local = 2.76243e-07, global = -9.58988e-09, cumulative = -5.44086e-06
DICPCG:  Solving for p_rgh, Initial residual = 0.00138573, Final residual = 6.50982e-05, No Iterations 7
DICPCG:  Solving for p_rgh, Initial residual = 6.5094e-05, Final residual = 3.16728e-06, No Iterations 216
time step continuity errors : sum local = 5.94535e-09, global = -3.27492e-11, cumulative = -5.44089e-06
DICPCG:  Solving for p_rgh, Initial residual = 0.000204892, Final residual = 9.89097e-06, No Iterations 190
DICPCG:  Solving for p_rgh, Initial residual = 9.9057e-06, Final residual = 8.50129e-08, No Iterations 231
time step continuity errors : sum local = 1.59581e-10, global = -1.4862e-13, cumulative = -5.44089e-06
ExecutionTime = 2043.91 s  ClockTime = 2053 s

Courant Number mean: 0.20016 max: 0.39199
Interface Courant Number mean: 0.000951464 max: 0.39199
deltaT = 0.000251038
Time = 0.066444

PIMPLE: iteration 1
smoothSolver:  Solving for alpha.water, Initial residual = 0.0207892, Final residual = 6.87473e-10, No Iterations 3
Phase-1 volume fraction = 0.997811  Min(alpha.water) = 0.00688566  Max(alpha.water) = 1
MULES: Correcting alpha.water
MULES: Correcting alpha.water
Phase-1 volume fraction = 0.997811  Min(alpha.water) = 0.00682968  Max(alpha.water) = 1.00004
DICPCG:  Solving for p_rgh, Initial residual = 0.111514, Final residual = 0.0039135, No Iterations 4
DICPCG:  Solving for p_rgh, Initial residual = 0.00390786, Final residual = 0.000153276, No Iterations 13
time step continuity errors : sum local = 2.97042e-07, global = -1.00314e-08, cumulative = -5.45092e-06
DICPCG:  Solving for p_rgh, Initial residual = 0.00147851, Final residual = 6.88032e-05, No Iterations 7
DICPCG:  Solving for p_rgh, Initial residual = 6.87991e-05, Final residual = 3.42366e-06, No Iterations 218
time step continuity errors : sum local = 6.62524e-09, global = 7.32171e-11, cumulative = -5.45085e-06
DICPCG:  Solving for p_rgh, Initial residual = 0.000221803, Final residual = 1.03893e-05, No Iterations 201
DICPCG:  Solving for p_rgh, Initial residual = 1.04051e-05, Final residual = 9.72958e-08, No Iterations 145
time step continuity errors : sum local = 1.88267e-10, global = 1.36993e-11, cumulative = -5.45083e-06
ExecutionTime = 2055.17 s  ClockTime = 2064 s

Courant Number mean: 0.203805 max: 0.384617
Interface Courant Number mean: 0.00097557 max: 0.384617
deltaT = 0.000260693
Time = 0.0667047

PIMPLE: iteration 1
smoothSolver:  Solving for alpha.water, Initial residual = 0.0215791, Final residual = 8.43798e-10, No Iterations 3
Phase-1 volume fraction = 0.997811  Min(alpha.water) = 0.00692709  Max(alpha.water) = 1.00003
MULES: Correcting alpha.water
MULES: Correcting alpha.water
Phase-1 volume fraction = 0.997811  Min(alpha.water) = 0.00674822  Max(alpha.water) = 1.00005
DICPCG:  Solving for p_rgh, Initial residual = 0.113902, Final residual = 0.00407042, No Iterations 4
DICPCG:  Solving for p_rgh, Initial residual = 0.00405986, Final residual = 0.000159485, No Iterations 13
time step continuity errors : sum local = 3.30171e-07, global = -1.09667e-08, cumulative = -5.4618e-06
DICPCG:  Solving for p_rgh, Initial residual = 0.00155585, Final residual = 6.95523e-05, No Iterations 7
DICPCG:  Solving for p_rgh, Initial residual = 6.95461e-05, Final residual = 3.1398e-06, No Iterations 214
time step continuity errors : sum local = 6.49032e-09, global = 3.11447e-11, cumulative = -5.46177e-06
DICPCG:  Solving for p_rgh, Initial residual = 0.000236995, Final residual = 1.1322e-05, No Iterations 186
DICPCG:  Solving for p_rgh, Initial residual = 1.13398e-05, Final residual = 9.57782e-08, No Iterations 230
time step continuity errors : sum local = 1.9798e-10, global = -4.00677e-13, cumulative = -5.46177e-06
ExecutionTime = 2067.02 s  ClockTime = 2076 s

Courant Number mean: 0.211649 max: 0.403664
Interface Courant Number mean: 0.00101536 max: 0.403664
deltaT = 0.000260693
Time = 0.0669653

PIMPLE: iteration 1
smoothSolver:  Solving for alpha.water, Initial residual = 0.0215919, Final residual = 8.66815e-10, No Iterations 3
Phase-1 volume fraction = 0.997811  Min(alpha.water) = 0.00684644  Max(alpha.water) = 1.00002
MULES: Correcting alpha.water
MULES: Correcting alpha.water
Phase-1 volume fraction = 0.997811  Min(alpha.water) = 0.0068435  Max(alpha.water) = 1.00006
DICPCG:  Solving for p_rgh, Initial residual = 0.112112, Final residual = 0.00406519, No Iterations 4
DICPCG:  Solving for p_rgh, Initial residual = 0.00405389, Final residual = 0.000168469, No Iterations 13
time step continuity errors : sum local = 3.49488e-07, global = -1.08998e-08, cumulative = -5.47267e-06
DICPCG:  Solving for p_rgh, Initial residual = 0.00150392, Final residual = 6.95432e-05, No Iterations 8
DICPCG:  Solving for p_rgh, Initial residual = 6.95355e-05, Final residual = 3.28473e-06, No Iterations 216
time step continuity errors : sum local = 6.80417e-09, global = -6.48928e-11, cumulative = -5.47274e-06
DICPCG:  Solving for p_rgh, Initial residual = 0.000227467, Final residual = 1.10646e-05, No Iterations 185
DICPCG:  Solving for p_rgh, Initial residual = 1.10814e-05, Final residual = 9.93489e-08, No Iterations 166
time step continuity errors : sum local = 2.05742e-10, global = 1.52247e-11, cumulative = -5.47272e-06
ExecutionTime = 2077.65 s  ClockTime = 2086 s

Courant Number mean: 0.211655 max: 0.40877
Interface Courant Number mean: 0.00100911 max: 0.40877
deltaT = 0.000255581
Time = 0.0672209

PIMPLE: iteration 1
smoothSolver:  Solving for alpha.water, Initial residual = 0.0212025, Final residual = 7.79998e-10, No Iterations 3
Phase-1 volume fraction = 0.997811  Min(alpha.water) = 0.00686498  Max(alpha.water) = 1.00002
MULES: Correcting alpha.water
MULES: Correcting alpha.water
Phase-1 volume fraction = 0.997811  Min(alpha.water) = 0.00686494  Max(alpha.water) = 1.00004
DICPCG:  Solving for p_rgh, Initial residual = 0.11099, Final residual = 0.00396404, No Iterations 4
DICPCG:  Solving for p_rgh, Initial residual = 0.0039656, Final residual = 0.000157645, No Iterations 13
time step continuity errors : sum local = 3.14783e-07, global = -1.02791e-08, cumulative = -5.483e-06
DICPCG:  Solving for p_rgh, Initial residual = 0.00140813, Final residual = 6.51025e-05, No Iterations 8
DICPCG:  Solving for p_rgh, Initial residual = 6.50979e-05, Final residual = 2.82446e-06, No Iterations 217
time step continuity errors : sum local = 5.6315e-09, global = -4.69272e-11, cumulative = -5.48305e-06
DICPCG:  Solving for p_rgh, Initial residual = 0.000211972, Final residual = 9.91823e-06, No Iterations 186
DICPCG:  Solving for p_rgh, Initial residual = 9.933e-06, Final residual = 9.82209e-08, No Iterations 162
time step continuity errors : sum local = 1.95788e-10, global = 9.39303e-12, cumulative = -5.48304e-06
ExecutionTime = 2089.21 s  ClockTime = 2098 s

Courant Number mean: 0.207511 max: 0.397095
Interface Courant Number mean: 0.000992257 max: 0.397095
deltaT = 0.000255581
Time = 0.0674765

PIMPLE: iteration 1
smoothSolver:  Solving for alpha.water, Initial residual = 0.021216, Final residual = 7.57566e-10, No Iterations 3
Phase-1 volume fraction = 0.997811  Min(alpha.water) = 0.00688771  Max(alpha.water) = 1.00001
MULES: Correcting alpha.water
MULES: Correcting alpha.water
Phase-1 volume fraction = 0.997811  Min(alpha.water) = 0.00684025  Max(alpha.water) = 1.00003
DICPCG:  Solving for p_rgh, Initial residual = 0.113403, Final residual = 0.0039654, No Iterations 4
DICPCG:  Solving for p_rgh, Initial residual = 0.00395535, Final residual = 0.000193474, No Iterations 12
time step continuity errors : sum local = 3.86946e-07, global = -1.03139e-08, cumulative = -5.49335e-06
DICPCG:  Solving for p_rgh, Initial residual = 0.00150117, Final residual = 7.3014e-05, No Iterations 7
DICPCG:  Solving for p_rgh, Initial residual = 7.3009e-05, Final residual = 3.58463e-06, No Iterations 215
time step continuity errors : sum local = 7.15876e-09, global = -4.24614e-11, cumulative = -5.49339e-06
DICPCG:  Solving for p_rgh, Initial residual = 0.000227703, Final residual = 1.09552e-05, No Iterations 201
DICPCG:  Solving for p_rgh, Initial residual = 1.09723e-05, Final residual = 9.62691e-08, No Iterations 145
time step continuity errors : sum local = 1.92263e-10, global = 1.31929e-11, cumulative = -5.49338e-06
ExecutionTime = 2100.25 s  ClockTime = 2109 s

Courant Number mean: 0.207516 max: 0.387388
Interface Courant Number mean: 0.000994548 max: 0.387388
deltaT = 0.000266457
Time = 0.067743

PIMPLE: iteration 1
smoothSolver:  Solving for alpha.water, Initial residual = 0.0221299, Final residual = 9.41571e-10, No Iterations 3
Phase-1 volume fraction = 0.997811  Min(alpha.water) = 0.00692502  Max(alpha.water) = 1.00001
MULES: Correcting alpha.water
MULES: Correcting alpha.water
Phase-1 volume fraction = 0.997811  Min(alpha.water) = 0.00690109  Max(alpha.water) = 1.00003
DICPCG:  Solving for p_rgh, Initial residual = 0.116786, Final residual = 0.0041488, No Iterations 4
DICPCG:  Solving for p_rgh, Initial residual = 0.00413868, Final residual = 0.000159111, No Iterations 13
time step continuity errors : sum local = 3.42095e-07, global = -1.14212e-08, cumulative = -5.5048e-06
DICPCG:  Solving for p_rgh, Initial residual = 0.00158773, Final residual = 7.82062e-05, No Iterations 6
DICPCG:  Solving for p_rgh, Initial residual = 7.82013e-05, Final residual = 3.65709e-06, No Iterations 213
time step continuity errors : sum local = 7.85033e-09, global = -2.05031e-11, cumulative = -5.50482e-06
DICPCG:  Solving for p_rgh, Initial residual = 0.000246971, Final residual = 1.19914e-05, No Iterations 177
DICPCG:  Solving for p_rgh, Initial residual = 1.20106e-05, Final residual = 9.76623e-08, No Iterations 216
time step continuity errors : sum local = 2.09634e-10, global = 3.4349e-12, cumulative = -5.50482e-06
ExecutionTime = 2111.74 s  ClockTime = 2121 s

Courant Number mean: 0.216352 max: 0.391932
Interface Courant Number mean: 0.00104537 max: 0.391932
deltaT = 0.000272379
Time = 0.0680153

PIMPLE: iteration 1
smoothSolver:  Solving for alpha.water, Initial residual = 0.0226236, Final residual = 1.07851e-09, No Iterations 3
Phase-1 volume fraction = 0.997811  Min(alpha.water) = 0.00698936  Max(alpha.water) = 1.00001
MULES: Correcting alpha.water
MULES: Correcting alpha.water
Phase-1 volume fraction = 0.997811  Min(alpha.water) = 0.00694536  Max(alpha.water) = 1.00008
DICPCG:  Solving for p_rgh, Initial residual = 0.116703, Final residual = 0.00424396, No Iterations 4
DICPCG:  Solving for p_rgh, Initial residual = 0.00423262, Final residual = 0.000174565, No Iterations 13
time step continuity errors : sum local = 3.90188e-07, global = -1.19819e-08, cumulative = -5.5168e-06
DICPCG:  Solving for p_rgh, Initial residual = 0.0015779, Final residual = 6.85025e-05, No Iterations 8
DICPCG:  Solving for p_rgh, Initial residual = 6.84955e-05, Final residual = 3.40227e-06, No Iterations 215
time step continuity errors : sum local = 7.59275e-09, global = -5.24122e-11, cumulative = -5.51685e-06
DICPCG:  Solving for p_rgh, Initial residual = 0.000245798, Final residual = 1.12131e-05, No Iterations 186
DICPCG:  Solving for p_rgh, Initial residual = 1.1231e-05, Final residual = 9.61405e-08, No Iterations 229
time step continuity errors : sum local = 2.1452e-10, global = -2.26232e-12, cumulative = -5.51685e-06
ExecutionTime = 2123.42 s  ClockTime = 2132 s

Courant Number mean: 0.221167 max: 0.410132
Interface Courant Number mean: 0.00106364 max: 0.410132
deltaT = 0.000266326
Time = 0.0682817

PIMPLE: iteration 1
smoothSolver:  Solving for alpha.water, Initial residual = 0.0221442, Final residual = 9.47456e-10, No Iterations 3
Phase-1 volume fraction = 0.997811  Min(alpha.water) = 0.00698989  Max(alpha.water) = 1.00001
MULES: Correcting alpha.water
MULES: Correcting alpha.water
Phase-1 volume fraction = 0.997811  Min(alpha.water) = 0.0069823  Max(alpha.water) = 1.00009
DICPCG:  Solving for p_rgh, Initial residual = 0.114788, Final residual = 0.00414205, No Iterations 4
DICPCG:  Solving for p_rgh, Initial residual = 0.00414397, Final residual = 0.000171066, No Iterations 13
time step continuity errors : sum local = 3.66355e-07, global = -1.12324e-08, cumulative = -5.52809e-06
DICPCG:  Solving for p_rgh, Initial residual = 0.00147362, Final residual = 6.75257e-05, No Iterations 8
DICPCG:  Solving for p_rgh, Initial residual = 6.75211e-05, Final residual = 3.33353e-06, No Iterations 179
time step continuity errors : sum local = 7.12775e-09, global = -2.16819e-10, cumulative = -5.5283e-06
DICPCG:  Solving for p_rgh, Initial residual = 0.000226586, Final residual = 1.11363e-05, No Iterations 171
DICPCG:  Solving for p_rgh, Initial residual = 1.11536e-05, Final residual = 8.57858e-08, No Iterations 173
time step continuity errors : sum local = 1.83398e-10, global = 2.45757e-11, cumulative = -5.52828e-06
ExecutionTime = 2134.18 s  ClockTime = 2143 s

Courant Number mean: 0.216258 max: 0.399604
Interface Courant Number mean: 0.00104395 max: 0.399604
deltaT = 0.000266326
Time = 0.068548

PIMPLE: iteration 1
smoothSolver:  Solving for alpha.water, Initial residual = 0.0221503, Final residual = 9.24267e-10, No Iterations 3
Phase-1 volume fraction = 0.997811  Min(alpha.water) = 0.00701656  Max(alpha.water) = 1
MULES: Correcting alpha.water
MULES: Correcting alpha.water
Phase-1 volume fraction = 0.997811  Min(alpha.water) = 0.00701612  Max(alpha.water) = 1.00004
DICPCG:  Solving for p_rgh, Initial residual = 0.118156, Final residual = 0.00412936, No Iterations 4
DICPCG:  Solving for p_rgh, Initial residual = 0.00411824, Final residual = 0.000203575, No Iterations 12
time step continuity errors : sum local = 4.36668e-07, global = -1.11499e-08, cumulative = -5.53943e-06
DICPCG:  Solving for p_rgh, Initial residual = 0.00153791, Final residual = 6.83133e-05, No Iterations 8
DICPCG:  Solving for p_rgh, Initial residual = 6.83105e-05, Final residual = 3.12119e-06, No Iterations 214
time step continuity errors : sum local = 6.68419e-09, global = -3.8399e-11, cumulative = -5.53947e-06
DICPCG:  Solving for p_rgh, Initial residual = 0.000239218, Final residual = 1.14817e-05, No Iterations 189
DICPCG:  Solving for p_rgh, Initial residual = 1.15001e-05, Final residual = 9.62021e-08, No Iterations 173
time step continuity errors : sum local = 2.0602e-10, global = 1.78225e-11, cumulative = -5.53945e-06
ExecutionTime = 2144.95 s  ClockTime = 2154 s

Courant Number mean: 0.216264 max: 0.392528
Interface Courant Number mean: 0.00104753 max: 0.392528
deltaT = 0.000272667
Time = 0.0688207

PIMPLE: iteration 1
smoothSolver:  Solving for alpha.water, Initial residual = 0.0226624, Final residual = 1.00657e-09, No Iterations 3
Phase-1 volume fraction = 0.997811  Min(alpha.water) = 0.00705624  Max(alpha.water) = 1.00001
MULES: Correcting alpha.water
MULES: Correcting alpha.water
Phase-1 volume fraction = 0.997811  Min(alpha.water) = 0.00702948  Max(alpha.water) = 1.00002
DICPCG:  Solving for p_rgh, Initial residual = 0.11927, Final residual = 0.00422923, No Iterations 4
DICPCG:  Solving for p_rgh, Initial residual = 0.00421306, Final residual = 0.000162667, No Iterations 13
time step continuity errors : sum local = 3.64594e-07, global = -1.18861e-08, cumulative = -5.55134e-06
DICPCG:  Solving for p_rgh, Initial residual = 0.00160479, Final residual = 7.2194e-05, No Iterations 7
DICPCG:  Solving for p_rgh, Initial residual = 7.21877e-05, Final residual = 3.39642e-06, No Iterations 217
time step continuity errors : sum local = 7.60045e-09, global = 1.08831e-11, cumulative = -5.55132e-06
DICPCG:  Solving for p_rgh, Initial residual = 0.000253, Final residual = 1.23953e-05, No Iterations 201
DICPCG:  Solving for p_rgh, Initial residual = 1.24152e-05, Final residual = 9.95434e-08, No Iterations 177
time step continuity errors : sum local = 2.22723e-10, global = 1.78972e-11, cumulative = -5.55131e-06
ExecutionTime = 2152.15 s  ClockTime = 2161 s

Courant Number mean: 0.221419 max: 0.392572
Interface Courant Number mean: 0.00108314 max: 0.392572
deltaT = 0.000279483
Time = 0.0691001

PIMPLE: iteration 1
smoothSolver:  Solving for alpha.water, Initial residual = 0.0232188, Final residual = 1.15727e-09, No Iterations 3
Phase-1 volume fraction = 0.997811  Min(alpha.water) = 0.00711704  Max(alpha.water) = 1.00001
MULES: Correcting alpha.water
MULES: Correcting alpha.water
Phase-1 volume fraction = 0.997811  Min(alpha.water) = 0.00706575  Max(alpha.water) = 1.00006
DICPCG:  Solving for p_rgh, Initial residual = 0.117991, Final residual = 0.0043323, No Iterations 4
DICPCG:  Solving for p_rgh, Initial residual = 0.00432177, Final residual = 0.000177834, No Iterations 13
time step continuity errors : sum local = 4.15899e-07, global = -1.25644e-08, cumulative = -5.56387e-06
DICPCG:  Solving for p_rgh, Initial residual = 0.00161105, Final residual = 7.7542e-05, No Iterations 7
DICPCG:  Solving for p_rgh, Initial residual = 7.75346e-05, Final residual = 3.63786e-06, No Iterations 185
time step continuity errors : sum local = 8.49378e-09, global = -9.3574e-11, cumulative = -5.56396e-06
DICPCG:  Solving for p_rgh, Initial residual = 0.000257286, Final residual = 1.2797e-05, No Iterations 186
DICPCG:  Solving for p_rgh, Initial residual = 1.28174e-05, Final residual = 9.16322e-08, No Iterations 231
time step continuity errors : sum local = 2.1391e-10, global = -4.10568e-13, cumulative = -5.56397e-06
ExecutionTime = 2159.84 s  ClockTime = 2169 s

Courant Number mean: 0.22696 max: 0.399624
Interface Courant Number mean: 0.00111903 max: 0.399624
deltaT = 0.000279483
Time = 0.0693796

PIMPLE: iteration 1
smoothSolver:  Solving for alpha.water, Initial residual = 0.023224, Final residual = 1.15753e-09, No Iterations 3
Phase-1 volume fraction = 0.997811  Min(alpha.water) = 0.00710067  Max(alpha.water) = 1.00001
MULES: Correcting alpha.water
MULES: Correcting alpha.water
Phase-1 volume fraction = 0.997811  Min(alpha.water) = 0.00709677  Max(alpha.water) = 1.00008
DICPCG:  Solving for p_rgh, Initial residual = 0.118934, Final residual = 0.00434017, No Iterations 4
DICPCG:  Solving for p_rgh, Initial residual = 0.00434492, Final residual = 0.000176779, No Iterations 13
time step continuity errors : sum local = 4.10883e-07, global = -1.24864e-08, cumulative = -5.57645e-06
DICPCG:  Solving for p_rgh, Initial residual = 0.00153437, Final residual = 6.67151e-05, No Iterations 8
DICPCG:  Solving for p_rgh, Initial residual = 6.67087e-05, Final residual = 2.97966e-06, No Iterations 215
time step continuity errors : sum local = 6.9142e-09, global = 5.60432e-11, cumulative = -5.5764e-06
DICPCG:  Solving for p_rgh, Initial residual = 0.000243803, Final residual = 1.14075e-05, No Iterations 185
DICPCG:  Solving for p_rgh, Initial residual = 1.14265e-05, Final residual = 9.83116e-08, No Iterations 149
time step continuity errors : sum local = 2.28116e-10, global = 2.1345e-11, cumulative = -5.57637e-06
ExecutionTime = 2166.72 s  ClockTime = 2176 s

Courant Number mean: 0.226966 max: 0.400488
Interface Courant Number mean: 0.0011223 max: 0.400488
deltaT = 0.000279483
Time = 0.0696591

PIMPLE: iteration 1
smoothSolver:  Solving for alpha.water, Initial residual = 0.0231935, Final residual = 1.12957e-09, No Iterations 3
Phase-1 volume fraction = 0.997811  Min(alpha.water) = 0.00712482  Max(alpha.water) = 1.00001
MULES: Correcting alpha.water
MULES: Correcting alpha.water
Phase-1 volume fraction = 0.997811  Min(alpha.water) = 0.00712482  Max(alpha.water) = 1.00004
DICPCG:  Solving for p_rgh, Initial residual = 0.122675, Final residual = 0.00434811, No Iterations 4
DICPCG:  Solving for p_rgh, Initial residual = 0.00434972, Final residual = 0.000172991, No Iterations 13
time step continuity errors : sum local = 4.00226e-07, global = -1.24285e-08, cumulative = -5.5888e-06
DICPCG:  Solving for p_rgh, Initial residual = 0.00156943, Final residual = 7.76116e-05, No Iterations 7
DICPCG:  Solving for p_rgh, Initial residual = 7.76066e-05, Final residual = 3.6184e-06, No Iterations 217
time step continuity errors : sum local = 8.35714e-09, global = -4.55928e-11, cumulative = -5.58885e-06
DICPCG:  Solving for p_rgh, Initial residual = 0.000250819, Final residual = 1.12722e-05, No Iterations 189
DICPCG:  Solving for p_rgh, Initial residual = 1.12912e-05, Final residual = 9.72912e-08, No Iterations 177
time step continuity errors : sum local = 2.2471e-10, global = 2.79967e-11, cumulative = -5.58882e-06
ExecutionTime = 2175.4 s  ClockTime = 2184 s

Courant Number mean: 0.226972 max: 0.396014
Interface Courant Number mean: 0.00112348 max: 0.396014
deltaT = 0.000279483
Time = 0.0699386

PIMPLE: iteration 1
smoothSolver:  Solving for alpha.water, Initial residual = 0.0231292, Final residual = 1.07094e-09, No Iterations 3
Phase-1 volume fraction = 0.997811  Min(alpha.water) = 0.00716343  Max(alpha.water) = 1
MULES: Correcting alpha.water
MULES: Correcting alpha.water
Phase-1 volume fraction = 0.997811  Min(alpha.water) = 0.00713842  Max(alpha.water) = 1.00004
DICPCG:  Solving for p_rgh, Initial residual = 0.12239, Final residual = 0.0043368, No Iterations 4
DICPCG:  Solving for p_rgh, Initial residual = 0.00431296, Final residual = 0.000215416, No Iterations 12
time step continuity errors : sum local = 5.01961e-07, global = -1.23721e-08, cumulative = -5.60119e-06
DICPCG:  Solving for p_rgh, Initial residual = 0.00166885, Final residual = 7.3943e-05, No Iterations 8
DICPCG:  Solving for p_rgh, Initial residual = 7.39363e-05, Final residual = 3.29138e-06, No Iterations 216
time step continuity errors : sum local = 7.65697e-09, global = 8.57326e-12, cumulative = -5.60118e-06
DICPCG:  Solving for p_rgh, Initial residual = 0.000267965, Final residual = 1.3385e-05, No Iterations 189
DICPCG:  Solving for p_rgh, Initial residual = 1.34071e-05, Final residual = 9.23271e-08, No Iterations 232
time step continuity errors : sum local = 2.14761e-10, global = 9.54132e-13, cumulative = -5.60118e-06
ExecutionTime = 2184.65 s  ClockTime = 2194 s

Courant Number mean: 0.226979 max: 0.398739
Interface Courant Number mean: 0.00114029 max: 0.398739
deltaT = 0.000279483
Time = 0.0702181

PIMPLE: iteration 1
smoothSolver:  Solving for alpha.water, Initial residual = 0.0230924, Final residual = 1.0546e-09, No Iterations 3
Phase-1 volume fraction = 0.997811  Min(alpha.water) = 0.00722181  Max(alpha.water) = 1.00001
MULES: Correcting alpha.water
MULES: Correcting alpha.water
Phase-1 volume fraction = 0.997811  Min(alpha.water) = 0.00720182  Max(alpha.water) = 1.00007
DICPCG:  Solving for p_rgh, Initial residual = 0.116852, Final residual = 0.00431147, No Iterations 4
DICPCG:  Solving for p_rgh, Initial residual = 0.00428759, Final residual = 0.0001773, No Iterations 13
time step continuity errors : sum local = 4.16119e-07, global = -1.24052e-08, cumulative = -5.61359e-06
DICPCG:  Solving for p_rgh, Initial residual = 0.00159064, Final residual = 7.5002e-05, No Iterations 7
DICPCG:  Solving for p_rgh, Initial residual = 7.49935e-05, Final residual = 3.61832e-06, No Iterations 207
time step continuity errors : sum local = 8.47836e-09, global = 1.84154e-12, cumulative = -5.61359e-06
DICPCG:  Solving for p_rgh, Initial residual = 0.000254387, Final residual = 1.23778e-05, No Iterations 201
DICPCG:  Solving for p_rgh, Initial residual = 1.23972e-05, Final residual = 9.57269e-08, No Iterations 169
time step continuity errors : sum local = 2.24226e-10, global = 2.17934e-11, cumulative = -5.61356e-06
ExecutionTime = 2191.77 s  ClockTime = 2201 s

Courant Number mean: 0.226984 max: 0.39613
Interface Courant Number mean: 0.00113812 max: 0.393097
deltaT = 0.000279483
Time = 0.0704976

PIMPLE: iteration 1
smoothSolver:  Solving for alpha.water, Initial residual = 0.0230884, Final residual = 1.0652e-09, No Iterations 3
Phase-1 volume fraction = 0.997811  Min(alpha.water) = 0.00722305  Max(alpha.water) = 1
MULES: Correcting alpha.water
MULES: Correcting alpha.water
Phase-1 volume fraction = 0.997811  Min(alpha.water) = 0.00721424  Max(alpha.water) = 1.0001
DICPCG:  Solving for p_rgh, Initial residual = 0.116618, Final residual = 0.00430999, No Iterations 4
DICPCG:  Solving for p_rgh, Initial residual = 0.00432015, Final residual = 0.00017778, No Iterations 13
time step continuity errors : sum local = 4.13567e-07, global = -1.2305e-08, cumulative = -5.62587e-06
DICPCG:  Solving for p_rgh, Initial residual = 0.00151541, Final residual = 7.01512e-05, No Iterations 8
DICPCG:  Solving for p_rgh, Initial residual = 7.01447e-05, Final residual = 3.40788e-06, No Iterations 218
time step continuity errors : sum local = 7.91473e-09, global = -5.96555e-11, cumulative = -5.62593e-06
DICPCG:  Solving for p_rgh, Initial residual = 0.000239819, Final residual = 1.13816e-05, No Iterations 201
DICPCG:  Solving for p_rgh, Initial residual = 1.14001e-05, Final residual = 9.81097e-08, No Iterations 160
time step continuity errors : sum local = 2.27824e-10, global = 1.89013e-11, cumulative = -5.62591e-06
ExecutionTime = 2198.89 s  ClockTime = 2208 s

Courant Number mean: 0.226988 max: 0.40038
Interface Courant Number mean: 0.0011477 max: 0.391147
deltaT = 0.000279483
Time = 0.070777

PIMPLE: iteration 1
smoothSolver:  Solving for alpha.water, Initial residual = 0.0230286, Final residual = 1.04472e-09, No Iterations 3
Phase-1 volume fraction = 0.997811  Min(alpha.water) = 0.00724101  Max(alpha.water) = 1.00001
MULES: Correcting alpha.water
MULES: Correcting alpha.water
Phase-1 volume fraction = 0.997811  Min(alpha.water) = 0.00724101  Max(alpha.water) = 1.0001
DICPCG:  Solving for p_rgh, Initial residual = 0.121036, Final residual = 0.00433098, No Iterations 4
DICPCG:  Solving for p_rgh, Initial residual = 0.00434127, Final residual = 0.000215697, No Iterations 12
time step continuity errors : sum local = 4.97458e-07, global = -1.22833e-08, cumulative = -5.63819e-06
DICPCG:  Solving for p_rgh, Initial residual = 0.00158211, Final residual = 7.06683e-05, No Iterations 8
DICPCG:  Solving for p_rgh, Initial residual = 7.06624e-05, Final residual = 3.21771e-06, No Iterations 217
time step continuity errors : sum local = 7.40868e-09, global = -2.61568e-11, cumulative = -5.63822e-06
DICPCG:  Solving for p_rgh, Initial residual = 0.000253241, Final residual = 1.21407e-05, No Iterations 184
DICPCG:  Solving for p_rgh, Initial residual = 1.21612e-05, Final residual = 9.5715e-08, No Iterations 229
time step continuity errors : sum local = 2.20401e-10, global = 4.13362e-13, cumulative = -5.63822e-06
ExecutionTime = 2208.36 s  ClockTime = 2217 s

Courant Number mean: 0.226993 max: 0.395884
Interface Courant Number mean: 0.00114299 max: 0.393139
deltaT = 0.000279483
Time = 0.0710565

PIMPLE: iteration 1
smoothSolver:  Solving for alpha.water, Initial residual = 0.0229423, Final residual = 9.90428e-10, No Iterations 3
Phase-1 volume fraction = 0.997811  Min(alpha.water) = 0.00727232  Max(alpha.water) = 1.00001
MULES: Correcting alpha.water
MULES: Correcting alpha.water
Phase-1 volume fraction = 0.997811  Min(alpha.water) = 0.00727232  Max(alpha.water) = 1.00008
DICPCG:  Solving for p_rgh, Initial residual = 0.121504, Final residual = 0.00432886, No Iterations 4
DICPCG:  Solving for p_rgh, Initial residual = 0.00430427, Final residual = 0.000171481, No Iterations 13
time step continuity errors : sum local = 3.98549e-07, global = -1.22896e-08, cumulative = -5.65051e-06
DICPCG:  Solving for p_rgh, Initial residual = 0.00160669, Final residual = 7.19141e-05, No Iterations 8
DICPCG:  Solving for p_rgh, Initial residual = 7.19059e-05, Final residual = 3.47074e-06, No Iterations 214
time step continuity errors : sum local = 8.05348e-09, global = -1.64417e-11, cumulative = -5.65053e-06
DICPCG:  Solving for p_rgh, Initial residual = 0.000255295, Final residual = 1.24463e-05, No Iterations 200
DICPCG:  Solving for p_rgh, Initial residual = 1.24671e-05, Final residual = 9.63654e-08, No Iterations 177
time step continuity errors : sum local = 2.23608e-10, global = 1.6789e-11, cumulative = -5.65051e-06
ExecutionTime = 2216.22 s  ClockTime = 2225 s

Courant Number mean: 0.226999 max: 0.395037
Interface Courant Number mean: 0.00113462 max: 0.389128
deltaT = 0.000279483
Time = 0.071336

PIMPLE: iteration 1
smoothSolver:  Solving for alpha.water, Initial residual = 0.0229119, Final residual = 9.62404e-10, No Iterations 3
Phase-1 volume fraction = 0.997811  Min(alpha.water) = 0.00731919  Max(alpha.water) = 1.00001
MULES: Correcting alpha.water
MULES: Correcting alpha.water
Phase-1 volume fraction = 0.997811  Min(alpha.water) = 0.00729643  Max(alpha.water) = 1.00009
DICPCG:  Solving for p_rgh, Initial residual = 0.117128, Final residual = 0.00429884, No Iterations 4
DICPCG:  Solving for p_rgh, Initial residual = 0.00427319, Final residual = 0.00017693, No Iterations 13
time step continuity errors : sum local = 4.14578e-07, global = -1.22121e-08, cumulative = -5.66272e-06
DICPCG:  Solving for p_rgh, Initial residual = 0.00158103, Final residual = 7.79535e-05, No Iterations 7
DICPCG:  Solving for p_rgh, Initial residual = 7.79456e-05, Final residual = 3.60524e-06, No Iterations 216
time step continuity errors : sum local = 8.43414e-09, global = -1.05168e-10, cumulative = -5.66283e-06
DICPCG:  Solving for p_rgh, Initial residual = 0.000251641, Final residual = 1.13894e-05, No Iterations 190
DICPCG:  Solving for p_rgh, Initial residual = 1.14067e-05, Final residual = 9.94005e-08, No Iterations 177
time step continuity errors : sum local = 2.32434e-10, global = 2.86536e-11, cumulative = -5.6628e-06
ExecutionTime = 2223.42 s  ClockTime = 2232 s

Courant Number mean: 0.227004 max: 0.406701
Interface Courant Number mean: 0.00113113 max: 0.387789
deltaT = 0.00027075
Time = 0.0716068

PIMPLE: iteration 1
smoothSolver:  Solving for alpha.water, Initial residual = 0.0222101, Final residual = 7.9716e-10, No Iterations 3
Phase-1 volume fraction = 0.997811  Min(alpha.water) = 0.00737735  Max(alpha.water) = 1.00001
MULES: Correcting alpha.water
MULES: Correcting alpha.water
Phase-1 volume fraction = 0.997811  Min(alpha.water) = 0.00735221  Max(alpha.water) = 1.00005
DICPCG:  Solving for p_rgh, Initial residual = 0.111631, Final residual = 0.00416363, No Iterations 4
DICPCG:  Solving for p_rgh, Initial residual = 0.00416353, Final residual = 0.000170214, No Iterations 13
time step continuity errors : sum local = 3.76472e-07, global = -1.12198e-08, cumulative = -5.67402e-06
DICPCG:  Solving for p_rgh, Initial residual = 0.00148302, Final residual = 6.70464e-05, No Iterations 8
DICPCG:  Solving for p_rgh, Initial residual = 6.70389e-05, Final residual = 3.01557e-06, No Iterations 217
time step continuity errors : sum local = 6.65962e-09, global = -4.2027e-11, cumulative = -5.67406e-06
DICPCG:  Solving for p_rgh, Initial residual = 0.000229679, Final residual = 1.0374e-05, No Iterations 202
DICPCG:  Solving for p_rgh, Initial residual = 1.03894e-05, Final residual = 9.89119e-08, No Iterations 155
time step continuity errors : sum local = 2.18364e-10, global = 1.62086e-11, cumulative = -5.67404e-06
ExecutionTime = 2230.75 s  ClockTime = 2240 s

Courant Number mean: 0.219913 max: 0.395823
Interface Courant Number mean: 0.00108969 max: 0.372807
deltaT = 0.00027075
Time = 0.0718775

PIMPLE: iteration 1
smoothSolver:  Solving for alpha.water, Initial residual = 0.0221654, Final residual = 7.81668e-10, No Iterations 3
Phase-1 volume fraction = 0.997811  Min(alpha.water) = 0.00737274  Max(alpha.water) = 1.00001
MULES: Correcting alpha.water
MULES: Correcting alpha.water
Phase-1 volume fraction = 0.997811  Min(alpha.water) = 0.00737091  Max(alpha.water) = 1.00007
DICPCG:  Solving for p_rgh, Initial residual = 0.11543, Final residual = 0.00415741, No Iterations 4
DICPCG:  Solving for p_rgh, Initial residual = 0.00416458, Final residual = 0.000162712, No Iterations 13
time step continuity errors : sum local = 3.57277e-07, global = -1.12972e-08, cumulative = -5.68534e-06
DICPCG:  Solving for p_rgh, Initial residual = 0.00147527, Final residual = 6.93289e-05, No Iterations 7
DICPCG:  Solving for p_rgh, Initial residual = 6.93212e-05, Final residual = 3.34328e-06, No Iterations 186
time step continuity errors : sum local = 7.33e-09, global = 1.72042e-10, cumulative = -5.68517e-06
DICPCG:  Solving for p_rgh, Initial residual = 0.000227817, Final residual = 9.9782e-06, No Iterations 202
DICPCG:  Solving for p_rgh, Initial residual = 9.99422e-06, Final residual = 9.90264e-08, No Iterations 123
time step continuity errors : sum local = 2.17127e-10, global = 1.45356e-11, cumulative = -5.68515e-06
ExecutionTime = 2237.42 s  ClockTime = 2247 s

Courant Number mean: 0.219917 max: 0.389461
Interface Courant Number mean: 0.00109707 max: 0.378819
deltaT = 0.000280086
Time = 0.0721576

PIMPLE: iteration 1
smoothSolver:  Solving for alpha.water, Initial residual = 0.0228408, Final residual = 9.07704e-10, No Iterations 3
Phase-1 volume fraction = 0.997811  Min(alpha.water) = 0.00739809  Max(alpha.water) = 1.00001
MULES: Correcting alpha.water
MULES: Correcting alpha.water
Phase-1 volume fraction = 0.997811  Min(alpha.water) = 0.00739809  Max(alpha.water) = 1.00006
DICPCG:  Solving for p_rgh, Initial residual = 0.120699, Final residual = 0.00430495, No Iterations 4
DICPCG:  Solving for p_rgh, Initial residual = 0.00429308, Final residual = 0.000168149, No Iterations 13
time step continuity errors : sum local = 3.91792e-07, global = -1.23154e-08, cumulative = -5.69747e-06
DICPCG:  Solving for p_rgh, Initial residual = 0.00158852, Final residual = 7.63351e-05, No Iterations 7
DICPCG:  Solving for p_rgh, Initial residual = 7.63277e-05, Final residual = 3.32937e-06, No Iterations 215
time step continuity errors : sum local = 7.74482e-09, global = -6.56241e-12, cumulative = -5.69748e-06
DICPCG:  Solving for p_rgh, Initial residual = 0.00025215, Final residual = 1.19601e-05, No Iterations 189
DICPCG:  Solving for p_rgh, Initial residual = 1.19801e-05, Final residual = 9.97373e-08, No Iterations 176
time step continuity errors : sum local = 2.32032e-10, global = 1.95562e-11, cumulative = -5.69746e-06
ExecutionTime = 2244.67 s  ClockTime = 2254 s

Courant Number mean: 0.227506 max: 0.408056
Interface Courant Number mean: 0.00113284 max: 0.400032
deltaT = 0.000270428
Time = 0.072428

PIMPLE: iteration 1
smoothSolver:  Solving for alpha.water, Initial residual = 0.0220318, Final residual = 7.11203e-10, No Iterations 3
Phase-1 volume fraction = 0.997811  Min(alpha.water) = 0.00742976  Max(alpha.water) = 1.00001
MULES: Correcting alpha.water
MULES: Correcting alpha.water
Phase-1 volume fraction = 0.997811  Min(alpha.water) = 0.00740979  Max(alpha.water) = 1.00009
DICPCG:  Solving for p_rgh, Initial residual = 0.113963, Final residual = 0.0041588, No Iterations 4
DICPCG:  Solving for p_rgh, Initial residual = 0.00413269, Final residual = 0.000174232, No Iterations 13
time step continuity errors : sum local = 3.8605e-07, global = -1.11229e-08, cumulative = -5.70858e-06
DICPCG:  Solving for p_rgh, Initial residual = 0.00155461, Final residual = 7.28222e-05, No Iterations 8
DICPCG:  Solving for p_rgh, Initial residual = 7.28154e-05, Final residual = 3.52144e-06, No Iterations 217
time step continuity errors : sum local = 7.7906e-09, global = -3.26711e-11, cumulative = -5.70861e-06
DICPCG:  Solving for p_rgh, Initial residual = 0.000240389, Final residual = 1.09937e-05, No Iterations 186
DICPCG:  Solving for p_rgh, Initial residual = 1.10097e-05, Final residual = 9.97513e-08, No Iterations 150
time step continuity errors : sum local = 2.20603e-10, global = 1.55766e-11, cumulative = -5.7086e-06
ExecutionTime = 2252.04 s  ClockTime = 2261 s

Courant Number mean: 0.219666 max: 0.402397
Interface Courant Number mean: 0.00109066 max: 0.381021
deltaT = 0.000270428
Time = 0.0726985

PIMPLE: iteration 1
smoothSolver:  Solving for alpha.water, Initial residual = 0.0220594, Final residual = 6.93064e-10, No Iterations 3
Phase-1 volume fraction = 0.997811  Min(alpha.water) = 0.00747462  Max(alpha.water) = 1.00001
MULES: Correcting alpha.water
MULES: Correcting alpha.water
Phase-1 volume fraction = 0.997811  Min(alpha.water) = 0.00744764  Max(alpha.water) = 1.00006
DICPCG:  Solving for p_rgh, Initial residual = 0.111866, Final residual = 0.00415286, No Iterations 4
DICPCG:  Solving for p_rgh, Initial residual = 0.00415322, Final residual = 0.000174523, No Iterations 13
time step continuity errors : sum local = 3.85065e-07, global = -1.11722e-08, cumulative = -5.71977e-06
DICPCG:  Solving for p_rgh, Initial residual = 0.00152451, Final residual = 7.41565e-05, No Iterations 7
DICPCG:  Solving for p_rgh, Initial residual = 7.41492e-05, Final residual = 3.61138e-06, No Iterations 213
time step continuity errors : sum local = 7.95604e-09, global = -1.06928e-10, cumulative = -5.71988e-06
DICPCG:  Solving for p_rgh, Initial residual = 0.000235148, Final residual = 1.10335e-05, No Iterations 185
DICPCG:  Solving for p_rgh, Initial residual = 1.10491e-05, Final residual = 9.6872e-08, No Iterations 229
time step continuity errors : sum local = 2.13318e-10, global = -1.85633e-12, cumulative = -5.71988e-06
ExecutionTime = 2259.97 s  ClockTime = 2269 s

Courant Number mean: 0.21967 max: 0.401591
Interface Courant Number mean: 0.0010859 max: 0.368986
deltaT = 0.000270428
Time = 0.0729689

PIMPLE: iteration 1
smoothSolver:  Solving for alpha.water, Initial residual = 0.0220698, Final residual = 6.86276e-10, No Iterations 3
Phase-1 volume fraction = 0.997811  Min(alpha.water) = 0.00747702  Max(alpha.water) = 1
MULES: Correcting alpha.water
MULES: Correcting alpha.water
Phase-1 volume fraction = 0.997811  Min(alpha.water) = 0.00747628  Max(alpha.water) = 1.00004
DICPCG:  Solving for p_rgh, Initial residual = 0.114507, Final residual = 0.00415428, No Iterations 4
DICPCG:  Solving for p_rgh, Initial residual = 0.00415615, Final residual = 0.000163673, No Iterations 13
time step continuity errors : sum local = 3.59362e-07, global = -1.11577e-08, cumulative = -5.73103e-06
DICPCG:  Solving for p_rgh, Initial residual = 0.00149193, Final residual = 7.25761e-05, No Iterations 7
DICPCG:  Solving for p_rgh, Initial residual = 7.25665e-05, Final residual = 3.19843e-06, No Iterations 182
time step continuity errors : sum local = 7.0124e-09, global = 3.07652e-10, cumulative = -5.73073e-06
DICPCG:  Solving for p_rgh, Initial residual = 0.00022976, Final residual = 1.02772e-05, No Iterations 202
DICPCG:  Solving for p_rgh, Initial residual = 1.02933e-05, Final residual = 9.62073e-08, No Iterations 153
time step continuity errors : sum local = 2.10925e-10, global = 1.45877e-11, cumulative = -5.73071e-06
ExecutionTime = 2266.99 s  ClockTime = 2276 s

Courant Number mean: 0.219674 max: 0.393028
Interface Courant Number mean: 0.00108351 max: 0.383467
deltaT = 0.000270428
Time = 0.0732393

PIMPLE: iteration 1
smoothSolver:  Solving for alpha.water, Initial residual = 0.022017, Final residual = 6.68789e-10, No Iterations 3
Phase-1 volume fraction = 0.997811  Min(alpha.water) = 0.00749269  Max(alpha.water) = 1.00002
MULES: Correcting alpha.water
MULES: Correcting alpha.water
Phase-1 volume fraction = 0.997811  Min(alpha.water) = 0.00749269  Max(alpha.water) = 1.00003
DICPCG:  Solving for p_rgh, Initial residual = 0.115316, Final residual = 0.00413928, No Iterations 4
DICPCG:  Solving for p_rgh, Initial residual = 0.00413053, Final residual = 0.00016128, No Iterations 13
time step continuity errors : sum local = 3.54466e-07, global = -1.11879e-08, cumulative = -5.7419e-06
DICPCG:  Solving for p_rgh, Initial residual = 0.00153517, Final residual = 7.579e-05, No Iterations 6
DICPCG:  Solving for p_rgh, Initial residual = 7.57822e-05, Final residual = 3.74667e-06, No Iterations 208
time step continuity errors : sum local = 8.22209e-09, global = 1.31979e-10, cumulative = -5.74177e-06
DICPCG:  Solving for p_rgh, Initial residual = 0.000237903, Final residual = 1.03213e-05, No Iterations 199
DICPCG:  Solving for p_rgh, Initial residual = 1.03374e-05, Final residual = 9.99507e-08, No Iterations 122
time step continuity errors : sum local = 2.19344e-10, global = 1.92415e-11, cumulative = -5.74175e-06
ExecutionTime = 2273.92 s  ClockTime = 2283 s

Courant Number mean: 0.21968 max: 0.399698
Interface Courant Number mean: 0.00108863 max: 0.390608
deltaT = 0.000270428
Time = 0.0735097

PIMPLE: iteration 1
smoothSolver:  Solving for alpha.water, Initial residual = 0.0219881, Final residual = 6.59305e-10, No Iterations 3
Phase-1 volume fraction = 0.997811  Min(alpha.water) = 0.00751588  Max(alpha.water) = 1.00001
MULES: Correcting alpha.water
MULES: Correcting alpha.water
Phase-1 volume fraction = 0.997811  Min(alpha.water) = 0.00751588  Max(alpha.water) = 1.00002
DICPCG:  Solving for p_rgh, Initial residual = 0.114733, Final residual = 0.00414608, No Iterations 4
DICPCG:  Solving for p_rgh, Initial residual = 0.00412829, Final residual = 0.000169874, No Iterations 13
time step continuity errors : sum local = 3.7519e-07, global = -1.11029e-08, cumulative = -5.75285e-06
DICPCG:  Solving for p_rgh, Initial residual = 0.00157065, Final residual = 7.30709e-05, No Iterations 8
DICPCG:  Solving for p_rgh, Initial residual = 7.30651e-05, Final residual = 3.6441e-06, No Iterations 214
time step continuity errors : sum local = 8.03606e-09, global = -1.03889e-10, cumulative = -5.75296e-06
DICPCG:  Solving for p_rgh, Initial residual = 0.000244974, Final residual = 1.22287e-05, No Iterations 185
DICPCG:  Solving for p_rgh, Initial residual = 1.2247e-05, Final residual = 8.85605e-08, No Iterations 230
time step continuity errors : sum local = 1.95277e-10, global = -2.69355e-13, cumulative = -5.75296e-06
ExecutionTime = 2281.56 s  ClockTime = 2291 s

Courant Number mean: 0.219687 max: 0.405407
Interface Courant Number mean: 0.00107721 max: 0.385776
deltaT = 0.000270428
Time = 0.0737802

PIMPLE: iteration 1
smoothSolver:  Solving for alpha.water, Initial residual = 0.0220317, Final residual = 6.44915e-10, No Iterations 3
Phase-1 volume fraction = 0.997811  Min(alpha.water) = 0.00755119  Max(alpha.water) = 1.00001
MULES: Correcting alpha.water
MULES: Correcting alpha.water
Phase-1 volume fraction = 0.997811  Min(alpha.water) = 0.00753058  Max(alpha.water) = 1.00005
DICPCG:  Solving for p_rgh, Initial residual = 0.113289, Final residual = 0.00416117, No Iterations 4
DICPCG:  Solving for p_rgh, Initial residual = 0.00415383, Final residual = 0.00017569, No Iterations 13
time step continuity errors : sum local = 3.87907e-07, global = -1.107e-08, cumulative = -5.76403e-06
DICPCG:  Solving for p_rgh, Initial residual = 0.00156814, Final residual = 7.79669e-05, No Iterations 7
DICPCG:  Solving for p_rgh, Initial residual = 7.79594e-05, Final residual = 3.89282e-06, No Iterations 182
time step continuity errors : sum local = 8.5821e-09, global = -4.48435e-10, cumulative = -5.76447e-06
DICPCG:  Solving for p_rgh, Initial residual = 0.000242138, Final residual = 1.13918e-05, No Iterations 189
DICPCG:  Solving for p_rgh, Initial residual = 1.14075e-05, Final residual = 9.68777e-08, No Iterations 230
time step continuity errors : sum local = 2.13475e-10, global = -1.08157e-13, cumulative = -5.76447e-06
ExecutionTime = 2288.91 s  ClockTime = 2298 s

Courant Number mean: 0.219693 max: 0.402645
Interface Courant Number mean: 0.00108489 max: 0.371959
deltaT = 0.000270428
Time = 0.0740506

PIMPLE: iteration 1
smoothSolver:  Solving for alpha.water, Initial residual = 0.0220597, Final residual = 6.33284e-10, No Iterations 3
Phase-1 volume fraction = 0.997811  Min(alpha.water) = 0.00758253  Max(alpha.water) = 1.00001
MULES: Correcting alpha.water
MULES: Correcting alpha.water
Phase-1 volume fraction = 0.997811  Min(alpha.water) = 0.00739976  Max(alpha.water) = 1.00003
DICPCG:  Solving for p_rgh, Initial residual = 0.114742, Final residual = 0.00416699, No Iterations 4
DICPCG:  Solving for p_rgh, Initial residual = 0.00417184, Final residual = 0.000164996, No Iterations 13
time step continuity errors : sum local = 3.62022e-07, global = -1.0942e-08, cumulative = -5.77542e-06
DICPCG:  Solving for p_rgh, Initial residual = 0.00152848, Final residual = 6.91522e-05, No Iterations 7
DICPCG:  Solving for p_rgh, Initial residual = 6.91445e-05, Final residual = 3.33062e-06, No Iterations 216
time step continuity errors : sum local = 7.29699e-09, global = 4.16963e-11, cumulative = -5.77538e-06
DICPCG:  Solving for p_rgh, Initial residual = 0.000236644, Final residual = 1.17395e-05, No Iterations 182
DICPCG:  Solving for p_rgh, Initial residual = 1.17568e-05, Final residual = 9.76744e-08, No Iterations 227
time step continuity errors : sum local = 2.13959e-10, global = -2.53462e-12, cumulative = -5.77538e-06
ExecutionTime = 2296.76 s  ClockTime = 2306 s

Courant Number mean: 0.219698 max: 0.393061
Interface Courant Number mean: 0.00107633 max: 0.389075
deltaT = 0.000270428
Time = 0.074321

PIMPLE: iteration 1
smoothSolver:  Solving for alpha.water, Initial residual = 0.0220554, Final residual = 6.40223e-10, No Iterations 3
Phase-1 volume fraction = 0.997811  Min(alpha.water) = 0.00759394  Max(alpha.water) = 1.00001
MULES: Correcting alpha.water
MULES: Correcting alpha.water
Phase-1 volume fraction = 0.997811  Min(alpha.water) = 0.00759328  Max(alpha.water) = 1.00011
DICPCG:  Solving for p_rgh, Initial residual = 0.115331, Final residual = 0.00415416, No Iterations 4
DICPCG:  Solving for p_rgh, Initial residual = 0.00415011, Final residual = 0.000164395, No Iterations 13
time step continuity errors : sum local = 3.60123e-07, global = -1.10305e-08, cumulative = -5.78641e-06
DICPCG:  Solving for p_rgh, Initial residual = 0.00155329, Final residual = 7.03924e-05, No Iterations 7
DICPCG:  Solving for p_rgh, Initial residual = 7.03848e-05, Final residual = 3.34867e-06, No Iterations 219
time step continuity errors : sum local = 7.3246e-09, global = -9.61088e-11, cumulative = -5.7865e-06
DICPCG:  Solving for p_rgh, Initial residual = 0.000239811, Final residual = 1.1285e-05, No Iterations 180
DICPCG:  Solving for p_rgh, Initial residual = 1.13025e-05, Final residual = 9.69516e-08, No Iterations 163
time step continuity errors : sum local = 2.12071e-10, global = 2.39069e-11, cumulative = -5.78648e-06
ExecutionTime = 2303.77 s  ClockTime = 2313 s

Courant Number mean: 0.219704 max: 0.39931
Interface Courant Number mean: 0.00107762 max: 0.39931
deltaT = 0.000270428
Time = 0.0745914

PIMPLE: iteration 1
smoothSolver:  Solving for alpha.water, Initial residual = 0.0220183, Final residual = 6.48206e-10, No Iterations 3
Phase-1 volume fraction = 0.997811  Min(alpha.water) = 0.00761154  Max(alpha.water) = 1.00001
MULES: Correcting alpha.water
MULES: Correcting alpha.water
Phase-1 volume fraction = 0.997811  Min(alpha.water) = 0.00761043  Max(alpha.water) = 1.00002
DICPCG:  Solving for p_rgh, Initial residual = 0.114614, Final residual = 0.00414759, No Iterations 4
DICPCG:  Solving for p_rgh, Initial residual = 0.00412456, Final residual = 0.000167189, No Iterations 13
time step continuity errors : sum local = 3.69041e-07, global = -1.09284e-08, cumulative = -5.79741e-06
DICPCG:  Solving for p_rgh, Initial residual = 0.00157465, Final residual = 7.38016e-05, No Iterations 7
DICPCG:  Solving for p_rgh, Initial residual = 7.37954e-05, Final residual = 3.56707e-06, No Iterations 218
time step continuity errors : sum local = 7.8617e-09, global = -7.33725e-11, cumulative = -5.79748e-06
DICPCG:  Solving for p_rgh, Initial residual = 0.000244833, Final residual = 1.22268e-05, No Iterations 189
DICPCG:  Solving for p_rgh, Initial residual = 1.2245e-05, Final residual = 9.64773e-08, No Iterations 181
time step continuity errors : sum local = 2.12602e-10, global = 2.51269e-11, cumulative = -5.79746e-06
ExecutionTime = 2311 s  ClockTime = 2320 s

Courant Number mean: 0.219712 max: 0.401512
Interface Courant Number mean: 0.00107529 max: 0.394961
deltaT = 0.000270428
Time = 0.0748619

PIMPLE: iteration 1
smoothSolver:  Solving for alpha.water, Initial residual = 0.0220703, Final residual = 6.479e-10, No Iterations 3
Phase-1 volume fraction = 0.997811  Min(alpha.water) = 0.00763852  Max(alpha.water) = 1.00002
MULES: Correcting alpha.water
MULES: Correcting alpha.water
Phase-1 volume fraction = 0.997811  Min(alpha.water) = 0.00757371  Max(alpha.water) = 1.00006
DICPCG:  Solving for p_rgh, Initial residual = 0.113973, Final residual = 0.00413943, No Iterations 4
DICPCG:  Solving for p_rgh, Initial residual = 0.00412672, Final residual = 0.000170285, No Iterations 13
time step continuity errors : sum local = 3.7674e-07, global = -1.09197e-08, cumulative = -5.80838e-06
DICPCG:  Solving for p_rgh, Initial residual = 0.00158032, Final residual = 7.75928e-05, No Iterations 7
DICPCG:  Solving for p_rgh, Initial residual = 7.75868e-05, Final residual = 3.65306e-06, No Iterations 219
time step continuity errors : sum local = 8.06971e-09, global = -9.26933e-11, cumulative = -5.80847e-06
DICPCG:  Solving for p_rgh, Initial residual = 0.000245374, Final residual = 1.18881e-05, No Iterations 182
DICPCG:  Solving for p_rgh, Initial residual = 1.19053e-05, Final residual = 9.63127e-08, No Iterations 176
time step continuity errors : sum local = 2.12703e-10, global = 2.38644e-11, cumulative = -5.80845e-06
ExecutionTime = 2318 s  ClockTime = 2327 s

Courant Number mean: 0.219719 max: 0.398083
Interface Courant Number mean: 0.00107705 max: 0.386905
deltaT = 0.000270428
Time = 0.0751323

PIMPLE: iteration 1
smoothSolver:  Solving for alpha.water, Initial residual = 0.0221284, Final residual = 6.39097e-10, No Iterations 3
Phase-1 volume fraction = 0.997811  Min(alpha.water) = 0.00767843  Max(alpha.water) = 1.00001
MULES: Correcting alpha.water
MULES: Correcting alpha.water
Phase-1 volume fraction = 0.997811  Min(alpha.water) = 0.00760407  Max(alpha.water) = 1.00004
DICPCG:  Solving for p_rgh, Initial residual = 0.115298, Final residual = 0.0041739, No Iterations 4
DICPCG:  Solving for p_rgh, Initial residual = 0.00417832, Final residual = 0.00016397, No Iterations 13
time step continuity errors : sum local = 3.60619e-07, global = -1.08918e-08, cumulative = -5.81934e-06
DICPCG:  Solving for p_rgh, Initial residual = 0.00156171, Final residual = 7.13647e-05, No Iterations 7
DICPCG:  Solving for p_rgh, Initial residual = 7.13569e-05, Final residual = 3.45515e-06, No Iterations 218
time step continuity errors : sum local = 7.58774e-09, global = 5.0814e-11, cumulative = -5.81929e-06
DICPCG:  Solving for p_rgh, Initial residual = 0.000242471, Final residual = 1.18648e-05, No Iterations 190
DICPCG:  Solving for p_rgh, Initial residual = 1.18819e-05, Final residual = 9.59032e-08, No Iterations 232
time step continuity errors : sum local = 2.10558e-10, global = -5.41285e-13, cumulative = -5.81929e-06
ExecutionTime = 2328.07 s  ClockTime = 2337 s

Courant Number mean: 0.219726 max: 0.402072
Interface Courant Number mean: 0.00108193 max: 0.402072
deltaT = 0.000270428
Time = 0.0754027

PIMPLE: iteration 1
smoothSolver:  Solving for alpha.water, Initial residual = 0.0221453, Final residual = 6.49251e-10, No Iterations 3
Phase-1 volume fraction = 0.997811  Min(alpha.water) = 0.00765886  Max(alpha.water) = 1.00001
MULES: Correcting alpha.water
MULES: Correcting alpha.water
Phase-1 volume fraction = 0.997811  Min(alpha.water) = 0.00765884  Max(alpha.water) = 1.00007
DICPCG:  Solving for p_rgh, Initial residual = 0.11475, Final residual = 0.00415031, No Iterations 4
DICPCG:  Solving for p_rgh, Initial residual = 0.00414851, Final residual = 0.00016007, No Iterations 13
time step continuity errors : sum local = 3.51038e-07, global = -1.09363e-08, cumulative = -5.83022e-06
DICPCG:  Solving for p_rgh, Initial residual = 0.00157149, Final residual = 7.7549e-05, No Iterations 6
DICPCG:  Solving for p_rgh, Initial residual = 7.75402e-05, Final residual = 3.68864e-06, No Iterations 219
time step continuity errors : sum local = 8.07738e-09, global = -3.97959e-11, cumulative = -5.83026e-06
DICPCG:  Solving for p_rgh, Initial residual = 0.000243921, Final residual = 1.21037e-05, No Iterations 181
DICPCG:  Solving for p_rgh, Initial residual = 1.21219e-05, Final residual = 8.84225e-08, No Iterations 231
time step continuity errors : sum local = 1.93626e-10, global = -1.05606e-13, cumulative = -5.83026e-06
ExecutionTime = 2336.84 s  ClockTime = 2346 s

Courant Number mean: 0.219733 max: 0.412437
Interface Courant Number mean: 0.00107207 max: 0.412437
deltaT = 0.000255404
Time = 0.0756581

PIMPLE: iteration 1
smoothSolver:  Solving for alpha.water, Initial residual = 0.0209104, Final residual = 4.75302e-10, No Iterations 3
Phase-1 volume fraction = 0.997811  Min(alpha.water) = 0.00767048  Max(alpha.water) = 1.00001
MULES: Correcting alpha.water
MULES: Correcting alpha.water
Phase-1 volume fraction = 0.997811  Min(alpha.water) = 0.00766951  Max(alpha.water) = 1.00003
DICPCG:  Solving for p_rgh, Initial residual = 0.109022, Final residual = 0.00391861, No Iterations 4
DICPCG:  Solving for p_rgh, Initial residual = 0.00389436, Final residual = 0.000158342, No Iterations 13
time step continuity errors : sum local = 3.1799e-07, global = -9.40896e-09, cumulative = -5.83967e-06
DICPCG:  Solving for p_rgh, Initial residual = 0.00149086, Final residual = 6.77682e-05, No Iterations 7
DICPCG:  Solving for p_rgh, Initial residual = 6.77629e-05, Final residual = 3.34477e-06, No Iterations 216
time step continuity errors : sum local = 6.70771e-09, global = -5.87814e-11, cumulative = -5.83973e-06
DICPCG:  Solving for p_rgh, Initial residual = 0.000223587, Final residual = 1.05467e-05, No Iterations 200
DICPCG:  Solving for p_rgh, Initial residual = 1.0561e-05, Final residual = 9.61906e-08, No Iterations 168
time step continuity errors : sum local = 1.92872e-10, global = 1.77085e-11, cumulative = -5.83971e-06
ExecutionTime = 2344.3 s  ClockTime = 2354 s

Courant Number mean: 0.207533 max: 0.384231
Interface Courant Number mean: 0.00100912 max: 0.384231
deltaT = 0.000271367
Time = 0.0759295

PIMPLE: iteration 1
smoothSolver:  Solving for alpha.water, Initial residual = 0.0222487, Final residual = 6.86343e-10, No Iterations 3
Phase-1 volume fraction = 0.997811  Min(alpha.water) = 0.00769172  Max(alpha.water) = 1.00001
MULES: Correcting alpha.water
MULES: Correcting alpha.water
Phase-1 volume fraction = 0.997811  Min(alpha.water) = 0.00769172  Max(alpha.water) = 1.00007
DICPCG:  Solving for p_rgh, Initial residual = 0.114483, Final residual = 0.00413507, No Iterations 4
DICPCG:  Solving for p_rgh, Initial residual = 0.00411827, Final residual = 0.000167988, No Iterations 13
time step continuity errors : sum local = 3.75559e-07, global = -1.10049e-08, cumulative = -5.85072e-06
DICPCG:  Solving for p_rgh, Initial residual = 0.0015885, Final residual = 7.5475e-05, No Iterations 7
DICPCG:  Solving for p_rgh, Initial residual = 7.54692e-05, Final residual = 3.48982e-06, No Iterations 219
time step continuity errors : sum local = 7.79012e-09, global = -2.61571e-11, cumulative = -5.85074e-06
DICPCG:  Solving for p_rgh, Initial residual = 0.000247185, Final residual = 1.22393e-05, No Iterations 181
DICPCG:  Solving for p_rgh, Initial residual = 1.22574e-05, Final residual = 8.98919e-08, No Iterations 231
time step continuity errors : sum local = 2.00654e-10, global = -1.2794e-12, cumulative = -5.85075e-06
ExecutionTime = 2352.09 s  ClockTime = 2361 s

Courant Number mean: 0.220513 max: 0.410241
Interface Courant Number mean: 0.00107549 max: 0.410241
deltaT = 0.000271367
Time = 0.0762009

PIMPLE: iteration 1
smoothSolver:  Solving for alpha.water, Initial residual = 0.0223311, Final residual = 6.85618e-10, No Iterations 3
Phase-1 volume fraction = 0.997811  Min(alpha.water) = 0.00772579  Max(alpha.water) = 1.00001
MULES: Correcting alpha.water
MULES: Correcting alpha.water
Phase-1 volume fraction = 0.997811  Min(alpha.water) = 0.00767261  Max(alpha.water) = 1.00006
DICPCG:  Solving for p_rgh, Initial residual = 0.115964, Final residual = 0.0041674, No Iterations 4
DICPCG:  Solving for p_rgh, Initial residual = 0.00417399, Final residual = 0.000167331, No Iterations 13
time step continuity errors : sum local = 3.71526e-07, global = -1.09253e-08, cumulative = -5.86167e-06
DICPCG:  Solving for p_rgh, Initial residual = 0.00160258, Final residual = 7.25184e-05, No Iterations 7
DICPCG:  Solving for p_rgh, Initial residual = 7.25132e-05, Final residual = 3.59587e-06, No Iterations 216
time step continuity errors : sum local = 7.97164e-09, global = 3.44476e-11, cumulative = -5.86164e-06
DICPCG:  Solving for p_rgh, Initial residual = 0.000251187, Final residual = 1.17915e-05, No Iterations 200
DICPCG:  Solving for p_rgh, Initial residual = 1.18085e-05, Final residual = 9.78169e-08, No Iterations 169
time step continuity errors : sum local = 2.16795e-10, global = 1.58321e-11, cumulative = -5.86162e-06
ExecutionTime = 2359.54 s  ClockTime = 2369 s

Courant Number mean: 0.220521 max: 0.418587
Interface Courant Number mean: 0.0010815 max: 0.418587
deltaT = 0.000253275
Time = 0.0764541

PIMPLE: iteration 1
smoothSolver:  Solving for alpha.water, Initial residual = 0.020918, Final residual = 4.62289e-10, No Iterations 3
Phase-1 volume fraction = 0.997811  Min(alpha.water) = 0.0077635  Max(alpha.water) = 1
MULES: Correcting alpha.water
MULES: Correcting alpha.water
Phase-1 volume fraction = 0.997811  Min(alpha.water) = 0.00743839  Max(alpha.water) = 1.00003
DICPCG:  Solving for p_rgh, Initial residual = 0.108327, Final residual = 0.00388881, No Iterations 4
DICPCG:  Solving for p_rgh, Initial residual = 0.00388284, Final residual = 0.000155204, No Iterations 13
time step continuity errors : sum local = 3.06321e-07, global = -9.11911e-09, cumulative = -5.87074e-06
DICPCG:  Solving for p_rgh, Initial residual = 0.00149987, Final residual = 7.47671e-05, No Iterations 6
DICPCG:  Solving for p_rgh, Initial residual = 7.47598e-05, Final residual = 3.43226e-06, No Iterations 218
time step continuity errors : sum local = 6.76502e-09, global = 5.35146e-11, cumulative = -5.87069e-06
DICPCG:  Solving for p_rgh, Initial residual = 0.000224177, Final residual = 1.10684e-05, No Iterations 176
DICPCG:  Solving for p_rgh, Initial residual = 1.10828e-05, Final residual = 9.6889e-08, No Iterations 226
time step continuity errors : sum local = 1.90929e-10, global = -1.1492e-12, cumulative = -5.87069e-06
ExecutionTime = 2367.31 s  ClockTime = 2377 s

Courant Number mean: 0.205827 max: 0.39808
Interface Courant Number mean: 0.00101158 max: 0.39808
deltaT = 0.000253275
Time = 0.0767074

PIMPLE: iteration 1
smoothSolver:  Solving for alpha.water, Initial residual = 0.0209168, Final residual = 4.81585e-10, No Iterations 3
Phase-1 volume fraction = 0.997811  Min(alpha.water) = 0.00777217  Max(alpha.water) = 1
MULES: Correcting alpha.water
MULES: Correcting alpha.water
Phase-1 volume fraction = 0.997811  Min(alpha.water) = 0.00774039  Max(alpha.water) = 1.00002
DICPCG:  Solving for p_rgh, Initial residual = 0.107671, Final residual = 0.00387162, No Iterations 4
DICPCG:  Solving for p_rgh, Initial residual = 0.00385367, Final residual = 0.00015059, No Iterations 13
time step continuity errors : sum local = 2.98918e-07, global = -9.25928e-09, cumulative = -5.87995e-06
DICPCG:  Solving for p_rgh, Initial residual = 0.00148736, Final residual = 7.30904e-05, No Iterations 6
DICPCG:  Solving for p_rgh, Initial residual = 7.30847e-05, Final residual = 3.55056e-06, No Iterations 216
time step continuity errors : sum local = 7.03808e-09, global = 1.03835e-10, cumulative = -5.87984e-06
DICPCG:  Solving for p_rgh, Initial residual = 0.000222948, Final residual = 1.09329e-05, No Iterations 14
DICPCG:  Solving for p_rgh, Initial residual = 1.09329e-05, Final residual = 9.86256e-08, No Iterations 232
time step continuity errors : sum local = 1.95774e-10, global = 7.73389e-13, cumulative = -5.87984e-06
ExecutionTime = 2373.61 s  ClockTime = 2383 s

Courant Number mean: 0.205835 max: 0.405141
Interface Courant Number mean: 0.0010104 max: 0.405141
deltaT = 0.000253275
Time = 0.0769607

PIMPLE: iteration 1
smoothSolver:  Solving for alpha.water, Initial residual = 0.0209677, Final residual = 4.85719e-10, No Iterations 3
Phase-1 volume fraction = 0.997811  Min(alpha.water) = 0.00778408  Max(alpha.water) = 1
MULES: Correcting alpha.water
MULES: Correcting alpha.water
Phase-1 volume fraction = 0.997811  Min(alpha.water) = 0.00778379  Max(alpha.water) = 1.00009
DICPCG:  Solving for p_rgh, Initial residual = 0.108648, Final residual = 0.00386883, No Iterations 4
DICPCG:  Solving for p_rgh, Initial residual = 0.00385674, Final residual = 0.000157021, No Iterations 13
time step continuity errors : sum local = 3.12568e-07, global = -9.23179e-09, cumulative = -5.88907e-06
DICPCG:  Solving for p_rgh, Initial residual = 0.00149042, Final residual = 7.03592e-05, No Iterations 7
DICPCG:  Solving for p_rgh, Initial residual = 7.03539e-05, Final residual = 3.29934e-06, No Iterations 217
time step continuity errors : sum local = 6.55876e-09, global = 2.04167e-11, cumulative = -5.88905e-06
DICPCG:  Solving for p_rgh, Initial residual = 0.000222753, Final residual = 1.10135e-05, No Iterations 185
DICPCG:  Solving for p_rgh, Initial residual = 1.1028e-05, Final residual = 9.37743e-08, No Iterations 169
time step continuity errors : sum local = 1.86394e-10, global = 1.50345e-11, cumulative = -5.88904e-06
ExecutionTime = 2380.72 s  ClockTime = 2390 s

Courant Number mean: 0.205844 max: 0.420682
Interface Courant Number mean: 0.00100722 max: 0.420682
deltaT = 0.000233793
Time = 0.0771945

PIMPLE: iteration 1
smoothSolver:  Solving for alpha.water, Initial residual = 0.0194391, Final residual = 2.96447e-10, No Iterations 3
Phase-1 volume fraction = 0.997811  Min(alpha.water) = 0.00779664  Max(alpha.water) = 1.00001
MULES: Correcting alpha.water
MULES: Correcting alpha.water
Phase-1 volume fraction = 0.997811  Min(alpha.water) = 0.00779661  Max(alpha.water) = 1.00007
DICPCG:  Solving for p_rgh, Initial residual = 0.101582, Final residual = 0.00356965, No Iterations 4
DICPCG:  Solving for p_rgh, Initial residual = 0.00356307, Final residual = 0.000139393, No Iterations 13
time step continuity errors : sum local = 2.42043e-07, global = -7.47249e-09, cumulative = -5.89651e-06
DICPCG:  Solving for p_rgh, Initial residual = 0.00140776, Final residual = 6.82226e-05, No Iterations 6
DICPCG:  Solving for p_rgh, Initial residual = 6.82173e-05, Final residual = 3.07921e-06, No Iterations 219
time step continuity errors : sum local = 5.34037e-09, global = -1.09326e-11, cumulative = -5.89652e-06
DICPCG:  Solving for p_rgh, Initial residual = 0.000200988, Final residual = 9.07409e-06, No Iterations 201
DICPCG:  Solving for p_rgh, Initial residual = 9.08474e-06, Final residual = 9.83521e-08, No Iterations 164
time step continuity errors : sum local = 1.70552e-10, global = 1.27068e-11, cumulative = -5.89651e-06
ExecutionTime = 2387.88 s  ClockTime = 2397 s

Courant Number mean: 0.190017 max: 0.402674
Interface Courant Number mean: 0.000931146 max: 0.402674
deltaT = 0.000233793
Time = 0.0774283

PIMPLE: iteration 1
smoothSolver:  Solving for alpha.water, Initial residual = 0.0194904, Final residual = 3.00653e-10, No Iterations 3
Phase-1 volume fraction = 0.997811  Min(alpha.water) = 0.00781546  Max(alpha.water) = 1.00001
MULES: Correcting alpha.water
MULES: Correcting alpha.water
Phase-1 volume fraction = 0.997811  Min(alpha.water) = 0.00772822  Max(alpha.water) = 1.00006
DICPCG:  Solving for p_rgh, Initial residual = 0.101767, Final residual = 0.00357286, No Iterations 4
DICPCG:  Solving for p_rgh, Initial residual = 0.00356661, Final residual = 0.000141119, No Iterations 13
time step continuity errors : sum local = 2.45144e-07, global = -7.56642e-09, cumulative = -5.90408e-06
DICPCG:  Solving for p_rgh, Initial residual = 0.00141609, Final residual = 6.90732e-05, No Iterations 6
DICPCG:  Solving for p_rgh, Initial residual = 6.90673e-05, Final residual = 3.38872e-06, No Iterations 214
time step continuity errors : sum local = 5.87971e-09, global = 1.33339e-10, cumulative = -5.90394e-06
DICPCG:  Solving for p_rgh, Initial residual = 0.000204624, Final residual = 9.49224e-06, No Iterations 202
DICPCG:  Solving for p_rgh, Initial residual = 9.50336e-06, Final residual = 9.73567e-08, No Iterations 159
time step continuity errors : sum local = 1.68898e-10, global = 1.13752e-11, cumulative = -5.90393e-06
ExecutionTime = 2395.03 s  ClockTime = 2404 s

Courant Number mean: 0.190024 max: 0.405886
Interface Courant Number mean: 0.000942239 max: 0.405886
deltaT = 0.000233793
Time = 0.0776621

PIMPLE: iteration 1
smoothSolver:  Solving for alpha.water, Initial residual = 0.0195138, Final residual = 3.18248e-10, No Iterations 3
Phase-1 volume fraction = 0.997811  Min(alpha.water) = 0.00784214  Max(alpha.water) = 1.00001
MULES: Correcting alpha.water
MULES: Correcting alpha.water
Phase-1 volume fraction = 0.997811  Min(alpha.water) = 0.00744962  Max(alpha.water) = 1.00004
DICPCG:  Solving for p_rgh, Initial residual = 0.100195, Final residual = 0.00355084, No Iterations 4
DICPCG:  Solving for p_rgh, Initial residual = 0.00353972, Final residual = 0.0001402, No Iterations 13
time step continuity errors : sum local = 2.44293e-07, global = -7.57901e-09, cumulative = -5.91151e-06
DICPCG:  Solving for p_rgh, Initial residual = 0.00140565, Final residual = 6.90365e-05, No Iterations 6
DICPCG:  Solving for p_rgh, Initial residual = 6.90317e-05, Final residual = 3.19545e-06, No Iterations 213
time step continuity errors : sum local = 5.56126e-09, global = 8.45344e-12, cumulative = -5.9115e-06
DICPCG:  Solving for p_rgh, Initial residual = 0.000203454, Final residual = 1.00706e-05, No Iterations 15
DICPCG:  Solving for p_rgh, Initial residual = 1.00705e-05, Final residual = 9.90417e-08, No Iterations 230
time step continuity errors : sum local = 1.72551e-10, global = 5.3423e-13, cumulative = -5.9115e-06
ExecutionTime = 2401.58 s  ClockTime = 2411 s

Courant Number mean: 0.190031 max: 0.412375
Interface Courant Number mean: 0.000937852 max: 0.412375
deltaT = 0.000233793
Time = 0.0778959

PIMPLE: iteration 1
smoothSolver:  Solving for alpha.water, Initial residual = 0.0195368, Final residual = 3.28312e-10, No Iterations 3
Phase-1 volume fraction = 0.997811  Min(alpha.water) = 0.00776224  Max(alpha.water) = 1
MULES: Correcting alpha.water
MULES: Correcting alpha.water
Phase-1 volume fraction = 0.997811  Min(alpha.water) = 0.00772318  Max(alpha.water) = 1.00004
DICPCG:  Solving for p_rgh, Initial residual = 0.100538, Final residual = 0.00354514, No Iterations 4
DICPCG:  Solving for p_rgh, Initial residual = 0.00353596, Final residual = 0.000138269, No Iterations 13
time step continuity errors : sum local = 2.41423e-07, global = -7.55819e-09, cumulative = -5.91906e-06
DICPCG:  Solving for p_rgh, Initial residual = 0.00139198, Final residual = 6.87396e-05, No Iterations 6
DICPCG:  Solving for p_rgh, Initial residual = 6.87355e-05, Final residual = 3.2882e-06, No Iterations 210
time step continuity errors : sum local = 5.73429e-09, global = -5.44782e-11, cumulative = -5.91911e-06
DICPCG:  Solving for p_rgh, Initial residual = 0.000198963, Final residual = 9.74053e-06, No Iterations 14
DICPCG:  Solving for p_rgh, Initial residual = 9.7404e-06, Final residual = 8.87592e-08, No Iterations 232
time step continuity errors : sum local = 1.5498e-10, global = 6.79054e-13, cumulative = -5.91911e-06
ExecutionTime = 2407.81 s  ClockTime = 2417 s

Courant Number mean: 0.19004 max: 0.406374
Interface Courant Number mean: 0.000926507 max: 0.406374
deltaT = 0.000233793
Time = 0.0781297

PIMPLE: iteration 1
smoothSolver:  Solving for alpha.water, Initial residual = 0.0196027, Final residual = 3.27553e-10, No Iterations 3
Phase-1 volume fraction = 0.997811  Min(alpha.water) = 0.00776771  Max(alpha.water) = 1
MULES: Correcting alpha.water
MULES: Correcting alpha.water
Phase-1 volume fraction = 0.997811  Min(alpha.water) = 0.00776502  Max(alpha.water) = 1.00016
DICPCG:  Solving for p_rgh, Initial residual = 0.101705, Final residual = 0.00356342, No Iterations 4
DICPCG:  Solving for p_rgh, Initial residual = 0.00356606, Final residual = 0.000141702, No Iterations 13
time step continuity errors : sum local = 2.46278e-07, global = -7.51906e-09, cumulative = -5.92663e-06
DICPCG:  Solving for p_rgh, Initial residual = 0.00142522, Final residual = 6.34653e-05, No Iterations 7
DICPCG:  Solving for p_rgh, Initial residual = 6.34615e-05, Final residual = 3.09857e-06, No Iterations 219
time step continuity errors : sum local = 5.37875e-09, global = -1.28068e-11, cumulative = -5.92664e-06
DICPCG:  Solving for p_rgh, Initial residual = 0.000203297, Final residual = 1.00848e-05, No Iterations 167
DICPCG:  Solving for p_rgh, Initial residual = 1.00963e-05, Final residual = 9.52836e-08, No Iterations 228
time step continuity errors : sum local = 1.65411e-10, global = 4.71227e-13, cumulative = -5.92664e-06
ExecutionTime = 2415.79 s  ClockTime = 2425 s

Courant Number mean: 0.190048 max: 0.42503
Interface Courant Number mean: 0.000936566 max: 0.42503
deltaT = 0.000207816
Time = 0.0783375

PIMPLE: iteration 1
smoothSolver:  Solving for alpha.water, Initial residual = 0.0174906, Final residual = 1.57306e-10, No Iterations 3
Phase-1 volume fraction = 0.997811  Min(alpha.water) = 0.00777636  Max(alpha.water) = 1
MULES: Correcting alpha.water
MULES: Correcting alpha.water
Phase-1 volume fraction = 0.997811  Min(alpha.water) = 0.00777492  Max(alpha.water) = 1.00012
DICPCG:  Solving for p_rgh, Initial residual = 0.0928874, Final residual = 0.00317455, No Iterations 4
DICPCG:  Solving for p_rgh, Initial residual = 0.00317048, Final residual = 0.000119604, No Iterations 13
time step continuity errors : sum local = 1.69495e-07, global = -5.5434e-09, cumulative = -5.93219e-06
DICPCG:  Solving for p_rgh, Initial residual = 0.00130616, Final residual = 6.24464e-05, No Iterations 6
DICPCG:  Solving for p_rgh, Initial residual = 6.24411e-05, Final residual = 2.82786e-06, No Iterations 218
time step continuity errors : sum local = 4.00362e-09, global = -1.11418e-11, cumulative = -5.9322e-06
DICPCG:  Solving for p_rgh, Initial residual = 0.000173615, Final residual = 8.65995e-06, No Iterations 14
DICPCG:  Solving for p_rgh, Initial residual = 8.65988e-06, Final residual = 9.01682e-08, No Iterations 229
time step continuity errors : sum local = 1.27765e-10, global = -1.55671e-13, cumulative = -5.9322e-06
ExecutionTime = 2422.26 s  ClockTime = 2432 s

Courant Number mean: 0.168937 max: 0.38842
Interface Courant Number mean: 0.000836994 max: 0.38842
deltaT = 0.000207816
Time = 0.0785453

PIMPLE: iteration 1
smoothSolver:  Solving for alpha.water, Initial residual = 0.0175111, Final residual = 1.5739e-10, No Iterations 3
Phase-1 volume fraction = 0.997811  Min(alpha.water) = 0.00778639  Max(alpha.water) = 1
MULES: Correcting alpha.water
MULES: Correcting alpha.water
Phase-1 volume fraction = 0.997811  Min(alpha.water) = 0.0076306  Max(alpha.water) = 1.00009
DICPCG:  Solving for p_rgh, Initial residual = 0.092201, Final residual = 0.00316687, No Iterations 4
DICPCG:  Solving for p_rgh, Initial residual = 0.00315965, Final residual = 0.000152619, No Iterations 12
time step continuity errors : sum local = 2.16737e-07, global = -5.63399e-09, cumulative = -5.93783e-06
DICPCG:  Solving for p_rgh, Initial residual = 0.00134455, Final residual = 6.21159e-05, No Iterations 7
DICPCG:  Solving for p_rgh, Initial residual = 6.21099e-05, Final residual = 2.84535e-06, No Iterations 219
time step continuity errors : sum local = 4.03704e-09, global = 4.43057e-12, cumulative = -5.93783e-06
DICPCG:  Solving for p_rgh, Initial residual = 0.000181669, Final residual = 9.02331e-06, No Iterations 14
DICPCG:  Solving for p_rgh, Initial residual = 9.02327e-06, Final residual = 9.91913e-08, No Iterations 232
time step continuity errors : sum local = 1.40854e-10, global = 3.63094e-13, cumulative = -5.93783e-06
ExecutionTime = 2428.71 s  ClockTime = 2438 s

Courant Number mean: 0.168944 max: 0.39125
Interface Courant Number mean: 0.000833981 max: 0.39125
deltaT = 0.000207816
Time = 0.0787531

PIMPLE: iteration 1
smoothSolver:  Solving for alpha.water, Initial residual = 0.0175181, Final residual = 1.69107e-10, No Iterations 3
Phase-1 volume fraction = 0.997811  Min(alpha.water) = 0.00779826  Max(alpha.water) = 1
MULES: Correcting alpha.water
MULES: Correcting alpha.water
Phase-1 volume fraction = 0.997811  Min(alpha.water) = 0.00765409  Max(alpha.water) = 1.00008
DICPCG:  Solving for p_rgh, Initial residual = 0.0910577, Final residual = 0.00314341, No Iterations 4
DICPCG:  Solving for p_rgh, Initial residual = 0.00313317, Final residual = 0.000133752, No Iterations 13
time step continuity errors : sum local = 1.90701e-07, global = -5.62643e-09, cumulative = -5.94345e-06
DICPCG:  Solving for p_rgh, Initial residual = 0.0013068, Final residual = 6.11422e-05, No Iterations 6
DICPCG:  Solving for p_rgh, Initial residual = 6.11382e-05, Final residual = 2.9471e-06, No Iterations 218
time step continuity errors : sum local = 4.19779e-09, global = -3.85687e-11, cumulative = -5.94349e-06
DICPCG:  Solving for p_rgh, Initial residual = 0.000176822, Final residual = 8.75953e-06, No Iterations 14
DICPCG:  Solving for p_rgh, Initial residual = 8.75945e-06, Final residual = 9.28281e-08, No Iterations 232
time step continuity errors : sum local = 1.32331e-10, global = 1.78191e-13, cumulative = -5.94349e-06
ExecutionTime = 2434.89 s  ClockTime = 2444 s

Courant Number mean: 0.16895 max: 0.384919
Interface Courant Number mean: 0.000837142 max: 0.384919
deltaT = 0.000207816
Time = 0.0789609

PIMPLE: iteration 1
smoothSolver:  Solving for alpha.water, Initial residual = 0.017519, Final residual = 1.74862e-10, No Iterations 3
Phase-1 volume fraction = 0.997811  Min(alpha.water) = 0.00779114  Max(alpha.water) = 1
MULES: Correcting alpha.water
MULES: Correcting alpha.water
Phase-1 volume fraction = 0.997811  Min(alpha.water) = 0.00740036  Max(alpha.water) = 1.00003
DICPCG:  Solving for p_rgh, Initial residual = 0.0904054, Final residual = 0.00312661, No Iterations 4
DICPCG:  Solving for p_rgh, Initial residual = 0.00312292, Final residual = 0.000154021, No Iterations 12
time step continuity errors : sum local = 2.19527e-07, global = -5.60772e-09, cumulative = -5.9491e-06
DICPCG:  Solving for p_rgh, Initial residual = 0.00130655, Final residual = 6.13275e-05, No Iterations 7
DICPCG:  Solving for p_rgh, Initial residual = 6.13246e-05, Final residual = 2.92782e-06, No Iterations 187
time step continuity errors : sum local = 4.16883e-09, global = -7.61264e-11, cumulative = -5.94918e-06
DICPCG:  Solving for p_rgh, Initial residual = 0.000176526, Final residual = 8.07038e-06, No Iterations 14
DICPCG:  Solving for p_rgh, Initial residual = 8.07027e-06, Final residual = 9.67342e-08, No Iterations 231
time step continuity errors : sum local = 1.37881e-10, global = -2.50156e-13, cumulative = -5.94918e-06
ExecutionTime = 2440.88 s  ClockTime = 2450 s

Courant Number mean: 0.168957 max: 0.371149
Interface Courant Number mean: 0.000830849 max: 0.371149
deltaT = 0.000207816
Time = 0.0791687

PIMPLE: iteration 1
smoothSolver:  Solving for alpha.water, Initial residual = 0.017536, Final residual = 1.73001e-10, No Iterations 3
Phase-1 volume fraction = 0.997811  Min(alpha.water) = 0.00775989  Max(alpha.water) = 1
MULES: Correcting alpha.water
MULES: Correcting alpha.water
Phase-1 volume fraction = 0.997811  Min(alpha.water) = 0.00770705  Max(alpha.water) = 1.00004
DICPCG:  Solving for p_rgh, Initial residual = 0.091091, Final residual = 0.00314063, No Iterations 4
DICPCG:  Solving for p_rgh, Initial residual = 0.00314455, Final residual = 0.000155287, No Iterations 12
time step continuity errors : sum local = 2.20216e-07, global = -5.58561e-09, cumulative = -5.95476e-06
DICPCG:  Solving for p_rgh, Initial residual = 0.001318, Final residual = 6.18477e-05, No Iterations 7
DICPCG:  Solving for p_rgh, Initial residual = 6.18449e-05, Final residual = 3.0898e-06, No Iterations 217
time step continuity errors : sum local = 4.37727e-09, global = -5.00214e-13, cumulative = -5.95476e-06
DICPCG:  Solving for p_rgh, Initial residual = 0.000177707, Final residual = 8.60537e-06, No Iterations 14
DICPCG:  Solving for p_rgh, Initial residual = 8.60524e-06, Final residual = 9.79951e-08, No Iterations 231
time step continuity errors : sum local = 1.38972e-10, global = 7.03679e-13, cumulative = -5.95476e-06
ExecutionTime = 2447.3 s  ClockTime = 2457 s

Courant Number mean: 0.168965 max: 0.354623
Interface Courant Number mean: 0.000836862 max: 0.354623
deltaT = 0.000207816
Time = 0.0793766

PIMPLE: iteration 1
smoothSolver:  Solving for alpha.water, Initial residual = 0.0175942, Final residual = 1.6782e-10, No Iterations 3
Phase-1 volume fraction = 0.997811  Min(alpha.water) = 0.00776236  Max(alpha.water) = 1
MULES: Correcting alpha.water
MULES: Correcting alpha.water
Phase-1 volume fraction = 0.997811  Min(alpha.water) = 0.00775971  Max(alpha.water) = 1.00003
DICPCG:  Solving for p_rgh, Initial residual = 0.0929283, Final residual = 0.00317706, No Iterations 4
DICPCG:  Solving for p_rgh, Initial residual = 0.0031832, Final residual = 0.000135033, No Iterations 13
time step continuity errors : sum local = 1.90279e-07, global = -5.59297e-09, cumulative = -5.96036e-06
DICPCG:  Solving for p_rgh, Initial residual = 0.0013318, Final residual = 6.37838e-05, No Iterations 6
DICPCG:  Solving for p_rgh, Initial residual = 6.37781e-05, Final residual = 3.17533e-06, No Iterations 216
time step continuity errors : sum local = 4.47018e-09, global = 4.13427e-11, cumulative = -5.96031e-06
DICPCG:  Solving for p_rgh, Initial residual = 0.000178449, Final residual = 8.83588e-06, No Iterations 178
DICPCG:  Solving for p_rgh, Initial residual = 8.8442e-06, Final residual = 9.36057e-08, No Iterations 226
time step continuity errors : sum local = 1.31792e-10, global = 1.64426e-12, cumulative = -5.96031e-06
ExecutionTime = 2455.07 s  ClockTime = 2465 s

Courant Number mean: 0.168972 max: 0.354659
Interface Courant Number mean: 0.000840753 max: 0.354659
deltaT = 0.000207816
Time = 0.0795844

PIMPLE: iteration 1
smoothSolver:  Solving for alpha.water, Initial residual = 0.0176071, Final residual = 1.6706e-10, No Iterations 3
Phase-1 volume fraction = 0.997811  Min(alpha.water) = 0.00777152  Max(alpha.water) = 1
MULES: Correcting alpha.water
MULES: Correcting alpha.water
Phase-1 volume fraction = 0.997811  Min(alpha.water) = 0.00776985  Max(alpha.water) = 1.00002
DICPCG:  Solving for p_rgh, Initial residual = 0.0940698, Final residual = 0.00318127, No Iterations 4
DICPCG:  Solving for p_rgh, Initial residual = 0.00317814, Final residual = 0.000124707, No Iterations 13
time step continuity errors : sum local = 1.7565e-07, global = -5.58594e-09, cumulative = -5.9659e-06
DICPCG:  Solving for p_rgh, Initial residual = 0.00134653, Final residual = 6.12264e-05, No Iterations 7
DICPCG:  Solving for p_rgh, Initial residual = 6.12191e-05, Final residual = 2.97576e-06, No Iterations 218
time step continuity errors : sum local = 4.18763e-09, global = 1.77913e-11, cumulative = -5.96588e-06
DICPCG:  Solving for p_rgh, Initial residual = 0.000182617, Final residual = 8.63644e-06, No Iterations 203
DICPCG:  Solving for p_rgh, Initial residual = 8.64475e-06, Final residual = 9.79759e-08, No Iterations 162
time step continuity errors : sum local = 1.37868e-10, global = 9.90673e-12, cumulative = -5.96587e-06
ExecutionTime = 2462.26 s  ClockTime = 2472 s

Courant Number mean: 0.16898 max: 0.367954
Interface Courant Number mean: 0.000839671 max: 0.367954
deltaT = 0.000207816
Time = 0.0797922

PIMPLE: iteration 1
smoothSolver:  Solving for alpha.water, Initial residual = 0.0175947, Final residual = 1.71798e-10, No Iterations 3
Phase-1 volume fraction = 0.997811  Min(alpha.water) = 0.00778406  Max(alpha.water) = 1
MULES: Correcting alpha.water
MULES: Correcting alpha.water
Phase-1 volume fraction = 0.997811  Min(alpha.water) = 0.0076655  Max(alpha.water) = 1.00003
DICPCG:  Solving for p_rgh, Initial residual = 0.0925097, Final residual = 0.00315951, No Iterations 4
DICPCG:  Solving for p_rgh, Initial residual = 0.00315317, Final residual = 0.000127392, No Iterations 13
time step continuity errors : sum local = 1.79717e-07, global = -5.5561e-09, cumulative = -5.97143e-06
DICPCG:  Solving for p_rgh, Initial residual = 0.00134541, Final residual = 6.25071e-05, No Iterations 7
DICPCG:  Solving for p_rgh, Initial residual = 6.25007e-05, Final residual = 3.03285e-06, No Iterations 213
time step continuity errors : sum local = 4.27469e-09, global = 4.4285e-11, cumulative = -5.97138e-06
DICPCG:  Solving for p_rgh, Initial residual = 0.00018461, Final residual = 9.07715e-06, No Iterations 15
DICPCG:  Solving for p_rgh, Initial residual = 9.07707e-06, Final residual = 8.86872e-08, No Iterations 232
time step continuity errors : sum local = 1.25087e-10, global = 4.02562e-13, cumulative = -5.97138e-06
ExecutionTime = 2468.21 s  ClockTime = 2478 s

Courant Number mean: 0.168988 max: 0.374314
Interface Courant Number mean: 0.0008473 max: 0.374314
deltaT = 0.000207816
Time = 0.08

PIMPLE: iteration 1
smoothSolver:  Solving for alpha.water, Initial residual = 0.017583, Final residual = 1.8104e-10, No Iterations 3
Phase-1 volume fraction = 0.997811  Min(alpha.water) = 0.00779502  Max(alpha.water) = 1
MULES: Correcting alpha.water
MULES: Correcting alpha.water
Phase-1 volume fraction = 0.997811  Min(alpha.water) = 0.00761521  Max(alpha.water) = 1.00005
DICPCG:  Solving for p_rgh, Initial residual = 0.0914341, Final residual = 0.00314953, No Iterations 4
DICPCG:  Solving for p_rgh, Initial residual = 0.00314691, Final residual = 0.000134413, No Iterations 13
time step continuity errors : sum local = 1.89424e-07, global = -5.57585e-09, cumulative = -5.97696e-06
DICPCG:  Solving for p_rgh, Initial residual = 0.00133264, Final residual = 6.33352e-05, No Iterations 7
DICPCG:  Solving for p_rgh, Initial residual = 6.33311e-05, Final residual = 3.05249e-06, No Iterations 213
time step continuity errors : sum local = 4.29754e-09, global = -8.98815e-12, cumulative = -5.97697e-06
DICPCG:  Solving for p_rgh, Initial residual = 0.00018421, Final residual = 8.92774e-06, No Iterations 15
DICPCG:  Solving for p_rgh, Initial residual = 8.92764e-06, Final residual = 9.62903e-08, No Iterations 231
time step continuity errors : sum local = 1.35691e-10, global = 9.56391e-14, cumulative = -5.97697e-06
ExecutionTime = 2475.69 s  ClockTime = 2486 s

End

Finalising parallel run
