/*---------------------------------------------------------------------------*\
| =========                 |                                                 |
| \\      /  F ield         | OpenFOAM: The Open Source CFD Toolbox           |
|  \\    /   O peration     | Version:  2212                                  |
|   \\  /    A nd           | Website:  www.openfoam.com                      |
|    \\/     M anipulation  |                                                 |
\*---------------------------------------------------------------------------*/
Build  : _70874860-20230612 OPENFOAM=2212 patch=230612 version=2212
Arch   : "LSB;label=32;scalar=64"
Exec   : interFoam -parallel
Date   : Sep 08 2026
Time   : 17:56:02
Host   : 0c1a865727c7
PID    : 241
I/O    : uncollated
Case   : /data/phaseforge_channel_3d_hpht
nProcs : 4
Hosts  :
(
    (0c1a865727c7 4)
)
Pstream initialized with:
    floatTransfer      : 0
    nProcsSimpleSum    : 0
    commsType          : nonBlocking
    polling iterations : 0
trapFpe: Floating point exception trapping enabled (FOAM_SIGFPE).
fileModificationChecking : Monitoring run-time modified files using timeStampMaster (fileModificationSkew 5, maxFileModificationPolls 20)
allowSystemOperations : Allowing user-supplied system call operations

// * * * * * * * * * * * * * * * * * * * * * * * * * * * * * * * * * * * * * //
Create time

Create mesh for time = 0


PIMPLE: Operating solver in PISO mode

Reading field p_rgh

Reading field U

Reading/calculating face flux field phi

Reading transportProperties

Selecting incompressible transport model Newtonian
Selecting incompressible transport model Newtonian
Selecting turbulence model type laminar
Selecting laminar stress model Stokes

Reading g

Reading hRef
Calculating field g.h

No MRF models present

No finite volume options present
DICPCG:  Solving for pcorr, Initial residual = 0.00769514, Final residual = 9.20951e-08, No Iterations 301
DICPCG:  Solving for pcorr, Initial residual = 4.29374e-08, Final residual = 4.29374e-08, No Iterations 0
time step continuity errors : sum local = 8.82225e-20, global = -4.75166e-20, cumulative = -4.75166e-20
Courant Number mean: 0.016 max: 0.016

Starting time loop

Courant Number mean: 0.016 max: 0.016
Interface Courant Number mean: 0 max: 0
deltaT = 2.40096e-05
Time = 2.40096e-05

PIMPLE: iteration 1
smoothSolver:  Solving for alpha.water, Initial residual = 0.00171446, Final residual = 4.44295e-15, No Iterations 2
Phase-1 volume fraction = 0.997811  Min(alpha.water) = 1.5911e-14  Max(alpha.water) = 1
MULES: Correcting alpha.water
MULES: Correcting alpha.water
Phase-1 volume fraction = 0.997811  Min(alpha.water) = 1.5911e-14  Max(alpha.water) = 1
DICPCG:  Solving for p_rgh, Initial residual = 1, Final residual = 0.0424658, No Iterations 8
DICPCG:  Solving for p_rgh, Initial residual = 0.0208282, Final residual = 0.00102312, No Iterations 209
time step continuity errors : sum local = 3.27262e-08, global = -3.62664e-10, cumulative = -3.62664e-10
DICPCG:  Solving for p_rgh, Initial residual = 0.00135723, Final residual = 6.52012e-05, No Iterations 26
DICPCG:  Solving for p_rgh, Initial residual = 6.52243e-05, Final residual = 3.15432e-06, No Iterations 119
time step continuity errors : sum local = 1.29671e-10, global = 4.73742e-13, cumulative = -3.6219e-10
DICPCG:  Solving for p_rgh, Initial residual = 2.12873e-05, Final residual = 1.05172e-06, No Iterations 64
DICPCG:  Solving for p_rgh, Initial residual = 1.05173e-06, Final residual = 9.42606e-08, No Iterations 207
time step continuity errors : sum local = 3.87489e-12, global = -1.64697e-14, cumulative = -3.62206e-10
ExecutionTime = 14.99 s  ClockTime = 16 s

Courant Number mean: 0.0192111 max: 0.0232674
Interface Courant Number mean: 1.57149e-05 max: 0.0232674
deltaT = 2.88254e-05
Time = 5.2835e-05

PIMPLE: iteration 1
smoothSolver:  Solving for alpha.water, Initial residual = 0.00220072, Final residual = 5.96512e-11, No Iterations 2
Phase-1 volume fraction = 0.997811  Min(alpha.water) = 5.45555e-12  Max(alpha.water) = 1
MULES: Correcting alpha.water
MULES: Correcting alpha.water
Phase-1 volume fraction = 0.997811  Min(alpha.water) = 5.45378e-12  Max(alpha.water) = 1
DICPCG:  Solving for p_rgh, Initial residual = 0.0286579, Final residual = 0.00107281, No Iterations 2
DICPCG:  Solving for p_rgh, Initial residual = 0.0010699, Final residual = 5.2932e-05, No Iterations 22
time step continuity errors : sum local = 3.13333e-09, global = 2.77447e-11, cumulative = -3.34462e-10
DICPCG:  Solving for p_rgh, Initial residual = 0.000642982, Final residual = 2.89506e-05, No Iterations 4
DICPCG:  Solving for p_rgh, Initial residual = 2.89457e-05, Final residual = 1.36026e-06, No Iterations 220
time step continuity errors : sum local = 8.05451e-11, global = 3.23831e-13, cumulative = -3.34138e-10
DICPCG:  Solving for p_rgh, Initial residual = 1.25224e-05, Final residual = 6.13439e-07, No Iterations 110
DICPCG:  Solving for p_rgh, Initial residual = 6.1344e-07, Final residual = 9.50171e-08, No Iterations 177
time step continuity errors : sum local = 5.62885e-12, global = 1.64708e-13, cumulative = -3.33973e-10
ExecutionTime = 22.73 s  ClockTime = 24 s

Courant Number mean: 0.023069 max: 0.0326512
Interface Courant Number mean: 1.97246e-05 max: 0.0326512
deltaT = 3.45705e-05
Time = 8.74055e-05

PIMPLE: iteration 1
smoothSolver:  Solving for alpha.water, Initial residual = 0.0028035, Final residual = 3.04347e-10, No Iterations 2
Phase-1 volume fraction = 0.997811  Min(alpha.water) = 3.10682e-11  Max(alpha.water) = 1
MULES: Correcting alpha.water
MULES: Correcting alpha.water
Phase-1 volume fraction = 0.997811  Min(alpha.water) = 3.10375e-11  Max(alpha.water) = 1
DICPCG:  Solving for p_rgh, Initial residual = 0.0219438, Final residual = 0.000690685, No Iterations 3
DICPCG:  Solving for p_rgh, Initial residual = 0.000692433, Final residual = 3.28376e-05, No Iterations 82
time step continuity errors : sum local = 2.76243e-09, global = 4.46399e-11, cumulative = -2.89333e-10
DICPCG:  Solving for p_rgh, Initial residual = 0.000701062, Final residual = 3.21778e-05, No Iterations 3
DICPCG:  Solving for p_rgh, Initial residual = 3.2171e-05, Final residual = 1.60222e-06, No Iterations 213
time step continuity errors : sum local = 1.34825e-10, global = -9.04857e-14, cumulative = -2.89424e-10
DICPCG:  Solving for p_rgh, Initial residual = 1.6132e-05, Final residual = 7.8655e-07, No Iterations 6
DICPCG:  Solving for p_rgh, Initial residual = 7.8655e-07, Final residual = 9.92292e-08, No Iterations 212
time step continuity errors : sum local = 8.35283e-12, global = -1.4155e-14, cumulative = -2.89438e-10
ExecutionTime = 30.53 s  ClockTime = 32 s

Courant Number mean: 0.027673 max: 0.0450153
Interface Courant Number mean: 2.47256e-05 max: 0.0450153
deltaT = 4.14846e-05
Time = 0.00012889

PIMPLE: iteration 1
smoothSolver:  Solving for alpha.water, Initial residual = 0.00355934, Final residual = 1.14535e-09, No Iterations 2
Phase-1 volume fraction = 0.997811  Min(alpha.water) = 1.48665e-10  Max(alpha.water) = 1
MULES: Correcting alpha.water
MULES: Correcting alpha.water
Phase-1 volume fraction = 0.997811  Min(alpha.water) = 1.48364e-10  Max(alpha.water) = 1
DICPCG:  Solving for p_rgh, Initial residual = 0.0234505, Final residual = 0.000760038, No Iterations 3
DICPCG:  Solving for p_rgh, Initial residual = 0.00076481, Final residual = 3.71255e-05, No Iterations 71
time step continuity errors : sum local = 4.4026e-09, global = 7.17249e-11, cumulative = -2.17713e-10
DICPCG:  Solving for p_rgh, Initial residual = 0.000805497, Final residual = 3.59482e-05, No Iterations 4
DICPCG:  Solving for p_rgh, Initial residual = 3.59393e-05, Final residual = 1.76182e-06, No Iterations 87
time step continuity errors : sum local = 2.09001e-10, global = -9.50358e-12, cumulative = -2.27216e-10
DICPCG:  Solving for p_rgh, Initial residual = 2.21768e-05, Final residual = 1.05044e-06, No Iterations 6
DICPCG:  Solving for p_rgh, Initial residual = 1.05044e-06, Final residual = 9.42413e-08, No Iterations 210
time step continuity errors : sum local = 1.11793e-11, global = -1.09197e-13, cumulative = -2.27326e-10
ExecutionTime = 36.8 s  ClockTime = 38 s

Courant Number mean: 0.0332158 max: 0.0611519
Interface Courant Number mean: 3.49961e-05 max: 0.0611519
deltaT = 4.98023e-05
Time = 0.000178692

PIMPLE: iteration 1
smoothSolver:  Solving for alpha.water, Initial residual = 0.0044999, Final residual = 3.74713e-09, No Iterations 2
Phase-1 volume fraction = 0.997811  Min(alpha.water) = 6.23341e-10  Max(alpha.water) = 1
MULES: Correcting alpha.water
MULES: Correcting alpha.water
Phase-1 volume fraction = 0.997811  Min(alpha.water) = 6.20612e-10  Max(alpha.water) = 1
DICPCG:  Solving for p_rgh, Initial residual = 0.0277521, Final residual = 0.000845192, No Iterations 3
DICPCG:  Solving for p_rgh, Initial residual = 0.000854193, Final residual = 3.87562e-05, No Iterations 16
time step continuity errors : sum local = 6.41413e-09, global = 1.12203e-10, cumulative = -1.15122e-10
DICPCG:  Solving for p_rgh, Initial residual = 0.000929156, Final residual = 4.57098e-05, No Iterations 5
DICPCG:  Solving for p_rgh, Initial residual = 4.5696e-05, Final residual = 2.22662e-06, No Iterations 217
time step continuity errors : sum local = 3.68669e-10, global = -1.80236e-12, cumulative = -1.16925e-10
DICPCG:  Solving for p_rgh, Initial residual = 3.13954e-05, Final residual = 1.51277e-06, No Iterations 63
DICPCG:  Solving for p_rgh, Initial residual = 1.51277e-06, Final residual = 9.30694e-08, No Iterations 209
time step continuity errors : sum local = 1.54019e-11, global = 4.92267e-14, cumulative = -1.16875e-10
ExecutionTime = 43.73 s  ClockTime = 45 s

Courant Number mean: 0.0398864 max: 0.0816007
Interface Courant Number mean: 5.05195e-05 max: 0.0816007
deltaT = 5.97027e-05
Time = 0.000238395

PIMPLE: iteration 1
smoothSolver:  Solving for alpha.water, Initial residual = 0.00563943, Final residual = 3.29082e-12, No Iterations 3
Phase-1 volume fraction = 0.997811  Min(alpha.water) = 2.467e-09  Max(alpha.water) = 1
MULES: Correcting alpha.water
MULES: Correcting alpha.water
Phase-1 volume fraction = 0.997811  Min(alpha.water) = 2.45302e-09  Max(alpha.water) = 1
DICPCG:  Solving for p_rgh, Initial residual = 0.0349041, Final residual = 0.000955028, No Iterations 3
DICPCG:  Solving for p_rgh, Initial residual = 0.0009703, Final residual = 4.2887e-05, No Iterations 13
time step continuity errors : sum local = 9.74934e-09, global = 1.69728e-10, cumulative = 5.28523e-11
DICPCG:  Solving for p_rgh, Initial residual = 0.00106167, Final residual = 4.947e-05, No Iterations 5
DICPCG:  Solving for p_rgh, Initial residual = 4.94543e-05, Final residual = 2.2355e-06, No Iterations 218
time step continuity errors : sum local = 5.08417e-10, global = -1.45469e-12, cumulative = 5.13976e-11
DICPCG:  Solving for p_rgh, Initial residual = 4.31118e-05, Final residual = 1.97383e-06, No Iterations 7
DICPCG:  Solving for p_rgh, Initial residual = 1.97383e-06, Final residual = 9.39888e-08, No Iterations 218
time step continuity errors : sum local = 2.13483e-11, global = 7.14007e-14, cumulative = 5.1469e-11
ExecutionTime = 49.66 s  ClockTime = 51 s

Courant Number mean: 0.0478292 max: 0.106226
Interface Courant Number mean: 6.8086e-05 max: 0.106226
deltaT = 7.16e-05
Time = 0.000309995

PIMPLE: iteration 1
smoothSolver:  Solving for alpha.water, Initial residual = 0.00699809, Final residual = 1.48423e-11, No Iterations 3
Phase-1 volume fraction = 0.997811  Min(alpha.water) = 9.42754e-09  Max(alpha.water) = 1
MULES: Correcting alpha.water
MULES: Correcting alpha.water
Phase-1 volume fraction = 0.997811  Min(alpha.water) = 9.36876e-09  Max(alpha.water) = 1
DICPCG:  Solving for p_rgh, Initial residual = 0.0448615, Final residual = 0.00211082, No Iterations 2
DICPCG:  Solving for p_rgh, Initial residual = 0.00215776, Final residual = 0.000105751, No Iterations 12
time step continuity errors : sum local = 3.25502e-08, global = 2.46971e-10, cumulative = 2.9844e-10
DICPCG:  Solving for p_rgh, Initial residual = 0.00120287, Final residual = 5.69291e-05, No Iterations 11
DICPCG:  Solving for p_rgh, Initial residual = 5.69143e-05, Final residual = 2.64479e-06, No Iterations 222
time step continuity errors : sum local = 8.14508e-10, global = -5.38072e-12, cumulative = 2.93059e-10
DICPCG:  Solving for p_rgh, Initial residual = 5.94665e-05, Final residual = 2.80106e-06, No Iterations 14
DICPCG:  Solving for p_rgh, Initial residual = 2.80105e-06, Final residual = 9.74951e-08, No Iterations 222
time step continuity errors : sum local = 2.99571e-11, global = 5.05756e-13, cumulative = 2.93565e-10
ExecutionTime = 56.17 s  ClockTime = 58 s

Courant Number mean: 0.0573761 max: 0.134359
Interface Courant Number mean: 9.43072e-05 max: 0.134359
deltaT = 8.59826e-05
Time = 0.000395978

PIMPLE: iteration 1
smoothSolver:  Solving for alpha.water, Initial residual = 0.00857911, Final residual = 5.93107e-11, No Iterations 3
Phase-1 volume fraction = 0.997811  Min(alpha.water) = 3.54051e-08  Max(alpha.water) = 1
MULES: Correcting alpha.water
MULES: Correcting alpha.water
Phase-1 volume fraction = 0.997811  Min(alpha.water) = 3.51787e-08  Max(alpha.water) = 1
DICPCG:  Solving for p_rgh, Initial residual = 0.0558667, Final residual = 0.00245335, No Iterations 2
DICPCG:  Solving for p_rgh, Initial residual = 0.00252215, Final residual = 0.000119164, No Iterations 14
time step continuity errors : sum local = 4.90647e-08, global = 3.40955e-10, cumulative = 6.3452e-10
DICPCG:  Solving for p_rgh, Initial residual = 0.0012317, Final residual = 6.05148e-05, No Iterations 13
DICPCG:  Solving for p_rgh, Initial residual = 6.05013e-05, Final residual = 2.93146e-06, No Iterations 219
time step continuity errors : sum local = 1.2075e-09, global = -1.17369e-11, cumulative = 6.22783e-10
DICPCG:  Solving for p_rgh, Initial residual = 7.38755e-05, Final residual = 3.66552e-06, No Iterations 14
DICPCG:  Solving for p_rgh, Initial residual = 3.66552e-06, Final residual = 9.94491e-08, No Iterations 150
time step continuity errors : sum local = 4.08362e-11, global = 3.14761e-12, cumulative = 6.25931e-10
ExecutionTime = 62.41 s  ClockTime = 64 s

Courant Number mean: 0.0689183 max: 0.165743
Interface Courant Number mean: 0.000122927 max: 0.165743
deltaT = 0.000103179
Time = 0.000499157

PIMPLE: iteration 1
smoothSolver:  Solving for alpha.water, Initial residual = 0.0103315, Final residual = 2.07292e-10, No Iterations 3
Phase-1 volume fraction = 0.997811  Min(alpha.water) = 1.31043e-07  Max(alpha.water) = 1
MULES: Correcting alpha.water
MULES: Correcting alpha.water
Phase-1 volume fraction = 0.997811  Min(alpha.water) = 1.30208e-07  Max(alpha.water) = 1
DICPCG:  Solving for p_rgh, Initial residual = 0.0666219, Final residual = 0.00283029, No Iterations 2
DICPCG:  Solving for p_rgh, Initial residual = 0.00290344, Final residual = 0.000139952, No Iterations 16
time step continuity errors : sum local = 7.70015e-08, global = 4.32285e-10, cumulative = 1.05822e-09
DICPCG:  Solving for p_rgh, Initial residual = 0.00124014, Final residual = 6.0387e-05, No Iterations 129
DICPCG:  Solving for p_rgh, Initial residual = 6.04216e-05, Final residual = 2.77925e-06, No Iterations 210
time step continuity errors : sum local = 1.52835e-09, global = -1.63381e-11, cumulative = 1.04188e-09
DICPCG:  Solving for p_rgh, Initial residual = 9.52123e-05, Final residual = 4.74265e-06, No Iterations 20
DICPCG:  Solving for p_rgh, Initial residual = 4.7427e-06, Final residual = 9.588e-08, No Iterations 223
time step continuity errors : sum local = 5.25401e-11, global = -1.71225e-13, cumulative = 1.04171e-09
ExecutionTime = 69.64 s  ClockTime = 71 s

Courant Number mean: 0.0827167 max: 0.200816
Interface Courant Number mean: 0.000171893 max: 0.200816
deltaT = 0.000123423
Time = 0.00062258

PIMPLE: iteration 1
smoothSolver:  Solving for alpha.water, Initial residual = 0.0121413, Final residual = 6.18982e-10, No Iterations 3
Phase-1 volume fraction = 0.997811  Min(alpha.water) = 4.55531e-07  Max(alpha.water) = 1
MULES: Correcting alpha.water
MULES: Correcting alpha.water
Phase-1 volume fraction = 0.997811  Min(alpha.water) = 4.55532e-07  Max(alpha.water) = 1.00003
DICPCG:  Solving for p_rgh, Initial residual = 0.0748537, Final residual = 0.00327717, No Iterations 2
DICPCG:  Solving for p_rgh, Initial residual = 0.00334082, Final residual = 0.000163841, No Iterations 14
time step continuity errors : sum local = 1.20714e-07, global = 4.25543e-10, cumulative = 1.46725e-09
DICPCG:  Solving for p_rgh, Initial residual = 0.00152042, Final residual = 7.53815e-05, No Iterations 79
DICPCG:  Solving for p_rgh, Initial residual = 7.54192e-05, Final residual = 3.52785e-06, No Iterations 205
time step continuity errors : sum local = 2.59725e-09, global = 4.31868e-11, cumulative = 1.51044e-09
DICPCG:  Solving for p_rgh, Initial residual = 0.000143859, Final residual = 6.84301e-06, No Iterations 15
DICPCG:  Solving for p_rgh, Initial residual = 6.84321e-06, Final residual = 9.00949e-08, No Iterations 230
time step continuity errors : sum local = 6.60483e-11, global = -2.30118e-13, cumulative = 1.51021e-09
ExecutionTime = 76.58 s  ClockTime = 78 s

Courant Number mean: 0.0989542 max: 0.230094
Interface Courant Number mean: 0.000227271 max: 0.230094
deltaT = 0.000144608
Time = 0.000767187

PIMPLE: iteration 1
smoothSolver:  Solving for alpha.water, Initial residual = 0.0135949, Final residual = 1.44569e-09, No Iterations 3
Phase-1 volume fraction = 0.997811  Min(alpha.water) = 9.28271e-07  Max(alpha.water) = 1
MULES: Correcting alpha.water
MULES: Correcting alpha.water
Phase-1 volume fraction = 0.997811  Min(alpha.water) = 9.28272e-07  Max(alpha.water) = 1.00001
DICPCG:  Solving for p_rgh, Initial residual = 0.0791739, Final residual = 0.00395472, No Iterations 2
DICPCG:  Solving for p_rgh, Initial residual = 0.00399029, Final residual = 0.000185153, No Iterations 12
time step continuity errors : sum local = 1.78768e-07, global = 1.89154e-10, cumulative = 1.69936e-09
DICPCG:  Solving for p_rgh, Initial residual = 0.00212695, Final residual = 0.00010363, No Iterations 6
DICPCG:  Solving for p_rgh, Initial residual = 0.000103665, Final residual = 4.92329e-06, No Iterations 222
time step continuity errors : sum local = 4.74894e-09, global = 2.42708e-11, cumulative = 1.72363e-09
DICPCG:  Solving for p_rgh, Initial residual = 0.00021674, Final residual = 1.03989e-05, No Iterations 11
DICPCG:  Solving for p_rgh, Initial residual = 1.03994e-05, Final residual = 9.12566e-08, No Iterations 237
time step continuity errors : sum local = 8.76468e-11, global = 9.93869e-14, cumulative = 1.72373e-09
ExecutionTime = 82.64 s  ClockTime = 84 s

Courant Number mean: 0.115939 max: 0.270053
Interface Courant Number mean: 0.000277389 max: 0.250161
deltaT = 0.0001658
Time = 0.000932987

PIMPLE: iteration 1
smoothSolver:  Solving for alpha.water, Initial residual = 0.0146254, Final residual = 2.65247e-09, No Iterations 3
Phase-1 volume fraction = 0.997811  Min(alpha.water) = 1.73211e-06  Max(alpha.water) = 1
MULES: Correcting alpha.water
MULES: Correcting alpha.water
Phase-1 volume fraction = 0.997811  Min(alpha.water) = 1.73211e-06  Max(alpha.water) = 1.00004
DICPCG:  Solving for p_rgh, Initial residual = 0.0799831, Final residual = 0.00299591, No Iterations 3
DICPCG:  Solving for p_rgh, Initial residual = 0.00301882, Final residual = 0.000142055, No Iterations 13
time step continuity errors : sum local = 1.72808e-07, global = -4.6945e-10, cumulative = 1.25428e-09
DICPCG:  Solving for p_rgh, Initial residual = 0.00259015, Final residual = 0.0001088, No Iterations 6
DICPCG:  Solving for p_rgh, Initial residual = 0.000108847, Final residual = 5.00078e-06, No Iterations 220
time step continuity errors : sum local = 6.07503e-09, global = -1.62505e-11, cumulative = 1.23803e-09
DICPCG:  Solving for p_rgh, Initial residual = 0.000285711, Final residual = 1.25495e-05, No Iterations 11
DICPCG:  Solving for p_rgh, Initial residual = 1.25502e-05, Final residual = 9.865e-08, No Iterations 236
time step continuity errors : sum local = 1.19344e-10, global = 2.11529e-13, cumulative = 1.23824e-09
ExecutionTime = 88.67 s  ClockTime = 90 s

Courant Number mean: 0.132924 max: 0.306016
Interface Courant Number mean: 0.000325482 max: 0.283676
deltaT = 0.000186931
Time = 0.00111992

PIMPLE: iteration 1
smoothSolver:  Solving for alpha.water, Initial residual = 0.0156363, Final residual = 4.14744e-09, No Iterations 3
Phase-1 volume fraction = 0.997811  Min(alpha.water) = 2.91241e-06  Max(alpha.water) = 1
MULES: Correcting alpha.water
MULES: Correcting alpha.water
Phase-1 volume fraction = 0.997811  Min(alpha.water) = 2.91128e-06  Max(alpha.water) = 1.00005
DICPCG:  Solving for p_rgh, Initial residual = 0.0808859, Final residual = 0.00334578, No Iterations 3
DICPCG:  Solving for p_rgh, Initial residual = 0.00335916, Final residual = 0.000144913, No Iterations 14
time step continuity errors : sum local = 2.16408e-07, global = -1.73664e-09, cumulative = -4.98397e-10
DICPCG:  Solving for p_rgh, Initial residual = 0.00266063, Final residual = 0.000113791, No Iterations 6
DICPCG:  Solving for p_rgh, Initial residual = 0.000113822, Final residual = 5.13585e-06, No Iterations 220
time step continuity errors : sum local = 7.66021e-09, global = -6.77319e-11, cumulative = -5.66129e-10
DICPCG:  Solving for p_rgh, Initial residual = 0.000317773, Final residual = 1.45375e-05, No Iterations 11
DICPCG:  Solving for p_rgh, Initial residual = 1.45382e-05, Final residual = 9.9876e-08, No Iterations 238
time step continuity errors : sum local = 1.48311e-10, global = 4.23263e-13, cumulative = -5.65705e-10
ExecutionTime = 95.52 s  ClockTime = 97 s

Courant Number mean: 0.149862 max: 0.323373
Interface Courant Number mean: 0.000384659 max: 0.31748
deltaT = 0.000209779
Time = 0.0013297

PIMPLE: iteration 1
smoothSolver:  Solving for alpha.water, Initial residual = 0.0172026, Final residual = 6.16398e-09, No Iterations 3
Phase-1 volume fraction = 0.997811  Min(alpha.water) = 5.76297e-06  Max(alpha.water) = 1.00001
MULES: Correcting alpha.water
MULES: Correcting alpha.water
Phase-1 volume fraction = 0.997811  Min(alpha.water) = 5.75472e-06  Max(alpha.water) = 1.00007
DICPCG:  Solving for p_rgh, Initial residual = 0.0830567, Final residual = 0.00375737, No Iterations 3
DICPCG:  Solving for p_rgh, Initial residual = 0.00376789, Final residual = 0.000166145, No Iterations 14
time step continuity errors : sum local = 3.01689e-07, global = -3.89045e-09, cumulative = -4.45615e-09
DICPCG:  Solving for p_rgh, Initial residual = 0.00258399, Final residual = 0.000119223, No Iterations 5
DICPCG:  Solving for p_rgh, Initial residual = 0.000119221, Final residual = 5.63184e-06, No Iterations 217
time step continuity errors : sum local = 1.02183e-08, global = 1.98887e-11, cumulative = -4.43627e-09
DICPCG:  Solving for p_rgh, Initial residual = 0.000329941, Final residual = 1.59777e-05, No Iterations 11
DICPCG:  Solving for p_rgh, Initial residual = 1.59781e-05, Final residual = 9.52782e-08, No Iterations 236
time step continuity errors : sum local = 1.7205e-10, global = -5.16618e-13, cumulative = -4.43678e-09
ExecutionTime = 102.06 s  ClockTime = 104 s

Courant Number mean: 0.168181 max: 0.350662
Interface Courant Number mean: 0.000465812 max: 0.325098
deltaT = 0.000233379
Time = 0.00156308

PIMPLE: iteration 1
smoothSolver:  Solving for alpha.water, Initial residual = 0.0189163, Final residual = 9.28394e-09, No Iterations 3
Phase-1 volume fraction = 0.997811  Min(alpha.water) = 1.30854e-05  Max(alpha.water) = 1.00001
MULES: Correcting alpha.water
MULES: Correcting alpha.water
Phase-1 volume fraction = 0.997811  Min(alpha.water) = 1.30296e-05  Max(alpha.water) = 1.00003
DICPCG:  Solving for p_rgh, Initial residual = 0.0909572, Final residual = 0.00434865, No Iterations 3
DICPCG:  Solving for p_rgh, Initial residual = 0.00437694, Final residual = 0.000203083, No Iterations 13
time step continuity errors : sum local = 4.36721e-07, global = -7.21344e-09, cumulative = -1.16502e-08
DICPCG:  Solving for p_rgh, Initial residual = 0.00247341, Final residual = 0.00011158, No Iterations 7
DICPCG:  Solving for p_rgh, Initial residual = 0.000111559, Final residual = 4.76437e-06, No Iterations 217
time step continuity errors : sum local = 1.02397e-08, global = 5.7993e-11, cumulative = -1.15922e-08
DICPCG:  Solving for p_rgh, Initial residual = 0.000346849, Final residual = 1.66894e-05, No Iterations 13
DICPCG:  Solving for p_rgh, Initial residual = 1.66895e-05, Final residual = 9.55531e-08, No Iterations 237
time step continuity errors : sum local = 2.04321e-10, global = 7.82997e-13, cumulative = -1.15914e-08
ExecutionTime = 108.34 s  ClockTime = 110 s

Courant Number mean: 0.187112 max: 0.383544
Interface Courant Number mean: 0.000549704 max: 0.383544
deltaT = 0.000242591
Time = 0.00180567

PIMPLE: iteration 1
smoothSolver:  Solving for alpha.water, Initial residual = 0.0195574, Final residual = 4.78619e-11, No Iterations 4
Phase-1 volume fraction = 0.997811  Min(alpha.water) = 2.32713e-05  Max(alpha.water) = 1.00001
MULES: Correcting alpha.water
MULES: Correcting alpha.water
Phase-1 volume fraction = 0.997811  Min(alpha.water) = 2.32713e-05  Max(alpha.water) = 1.00003
DICPCG:  Solving for p_rgh, Initial residual = 0.0914973, Final residual = 0.00291484, No Iterations 4
DICPCG:  Solving for p_rgh, Initial residual = 0.00291794, Final residual = 0.000140958, No Iterations 13
time step continuity errors : sum local = 3.2125e-07, global = -1.0224e-08, cumulative = -2.18155e-08
DICPCG:  Solving for p_rgh, Initial residual = 0.00231202, Final residual = 0.000101472, No Iterations 5
DICPCG:  Solving for p_rgh, Initial residual = 0.000101463, Final residual = 5.05705e-06, No Iterations 221
time step continuity errors : sum local = 1.15172e-08, global = 8.5977e-12, cumulative = -2.18069e-08
DICPCG:  Solving for p_rgh, Initial residual = 0.000324162, Final residual = 1.45552e-05, No Iterations 202
DICPCG:  Solving for p_rgh, Initial residual = 1.45842e-05, Final residual = 9.36748e-08, No Iterations 190
time step continuity errors : sum local = 2.12021e-10, global = 1.57009e-11, cumulative = -2.17912e-08
ExecutionTime = 117.67 s  ClockTime = 119 s

Courant Number mean: 0.19451 max: 0.375408
Interface Courant Number mean: 0.000584801 max: 0.375408
deltaT = 0.000259919
Time = 0.00206559

PIMPLE: iteration 1
smoothSolver:  Solving for alpha.water, Initial residual = 0.0207782, Final residual = 7.75728e-11, No Iterations 4
Phase-1 volume fraction = 0.997811  Min(alpha.water) = 4.23136e-05  Max(alpha.water) = 1.00001
MULES: Correcting alpha.water
MULES: Correcting alpha.water
Phase-1 volume fraction = 0.997811  Min(alpha.water) = 4.23136e-05  Max(alpha.water) = 1.00002
DICPCG:  Solving for p_rgh, Initial residual = 0.0942975, Final residual = 0.00314149, No Iterations 4
DICPCG:  Solving for p_rgh, Initial residual = 0.00315469, Final residual = 0.000151639, No Iterations 13
time step continuity errors : sum local = 3.84223e-07, global = -1.48232e-08, cumulative = -3.66144e-08
DICPCG:  Solving for p_rgh, Initial residual = 0.00241226, Final residual = 0.000114024, No Iterations 4
DICPCG:  Solving for p_rgh, Initial residual = 0.000114036, Final residual = 5.47142e-06, No Iterations 220
time step continuity errors : sum local = 1.3847e-08, global = 4.40798e-11, cumulative = -3.65703e-08
DICPCG:  Solving for p_rgh, Initial residual = 0.000348934, Final residual = 1.72545e-05, No Iterations 201
DICPCG:  Solving for p_rgh, Initial residual = 1.72977e-05, Final residual = 9.71202e-08, No Iterations 235
time step continuity errors : sum local = 2.4424e-10, global = 1.71232e-12, cumulative = -3.65686e-08
ExecutionTime = 128.01 s  ClockTime = 130 s

Courant Number mean: 0.208422 max: 0.410658
Interface Courant Number mean: 0.000638455 max: 0.366188
deltaT = 0.000252597
Time = 0.00231818

PIMPLE: iteration 1
smoothSolver:  Solving for alpha.water, Initial residual = 0.0202445, Final residual = 6.59337e-11, No Iterations 4
Phase-1 volume fraction = 0.997811  Min(alpha.water) = 6.70145e-05  Max(alpha.water) = 1
MULES: Correcting alpha.water
MULES: Correcting alpha.water
Phase-1 volume fraction = 0.997811  Min(alpha.water) = 6.70158e-05  Max(alpha.water) = 1.00006
DICPCG:  Solving for p_rgh, Initial residual = 0.0895616, Final residual = 0.00314507, No Iterations 4
DICPCG:  Solving for p_rgh, Initial residual = 0.00315789, Final residual = 0.000142885, No Iterations 14
time step continuity errors : sum local = 3.39072e-07, global = -1.59965e-08, cumulative = -5.25651e-08
DICPCG:  Solving for p_rgh, Initial residual = 0.00218122, Final residual = 0.000108011, No Iterations 5
DICPCG:  Solving for p_rgh, Initial residual = 0.000108024, Final residual = 5.32236e-06, No Iterations 215
time step continuity errors : sum local = 1.26156e-08, global = 1.09651e-10, cumulative = -5.24555e-08
DICPCG:  Solving for p_rgh, Initial residual = 0.000310156, Final residual = 1.47237e-05, No Iterations 202
DICPCG:  Solving for p_rgh, Initial residual = 1.47608e-05, Final residual = 9.95976e-08, No Iterations 187
time step continuity errors : sum local = 2.34546e-10, global = 1.93021e-11, cumulative = -5.24362e-08
ExecutionTime = 135.75 s  ClockTime = 137 s

Courant Number mean: 0.202571 max: 0.422085
Interface Courant Number mean: 0.000654514 max: 0.357019
deltaT = 0.000238943
Time = 0.00255713

PIMPLE: iteration 1
smoothSolver:  Solving for alpha.water, Initial residual = 0.0190872, Final residual = 9.40487e-09, No Iterations 3
Phase-1 volume fraction = 0.997811  Min(alpha.water) = 9.59422e-05  Max(alpha.water) = 1
MULES: Correcting alpha.water
MULES: Correcting alpha.water
Phase-1 volume fraction = 0.997811  Min(alpha.water) = 9.58881e-05  Max(alpha.water) = 1.00011
DICPCG:  Solving for p_rgh, Initial residual = 0.0837619, Final residual = 0.00313756, No Iterations 4
DICPCG:  Solving for p_rgh, Initial residual = 0.00313652, Final residual = 0.00014641, No Iterations 14
time step continuity errors : sum local = 3.12692e-07, global = -1.56297e-08, cumulative = -6.80659e-08
DICPCG:  Solving for p_rgh, Initial residual = 0.00189733, Final residual = 9.48599e-05, No Iterations 6
DICPCG:  Solving for p_rgh, Initial residual = 9.48675e-05, Final residual = 4.32345e-06, No Iterations 217
time step continuity errors : sum local = 9.22394e-09, global = 7.86238e-11, cumulative = -6.79872e-08
DICPCG:  Solving for p_rgh, Initial residual = 0.000255144, Final residual = 1.15115e-05, No Iterations 203
DICPCG:  Solving for p_rgh, Initial residual = 1.15399e-05, Final residual = 9.9366e-08, No Iterations 101
time step continuity errors : sum local = 2.10707e-10, global = 1.63502e-11, cumulative = -6.79709e-08
ExecutionTime = 142.3 s  ClockTime = 144 s

Courant Number mean: 0.191638 max: 0.405163
Interface Courant Number mean: 0.000622181 max: 0.333353
deltaT = 0.000235714
Time = 0.00279284

PIMPLE: iteration 1
smoothSolver:  Solving for alpha.water, Initial residual = 0.0188346, Final residual = 7.56828e-09, No Iterations 3
Phase-1 volume fraction = 0.997811  Min(alpha.water) = 0.000105186  Max(alpha.water) = 1
MULES: Correcting alpha.water
MULES: Correcting alpha.water
Phase-1 volume fraction = 0.997811  Min(alpha.water) = 0.000105186  Max(alpha.water) = 1.00004
DICPCG:  Solving for p_rgh, Initial residual = 0.0827378, Final residual = 0.00316442, No Iterations 4
DICPCG:  Solving for p_rgh, Initial residual = 0.00316739, Final residual = 0.000141219, No Iterations 14
time step continuity errors : sum local = 2.91467e-07, global = -1.66729e-08, cumulative = -8.46438e-08
DICPCG:  Solving for p_rgh, Initial residual = 0.0017309, Final residual = 8.50992e-05, No Iterations 7
DICPCG:  Solving for p_rgh, Initial residual = 8.51056e-05, Final residual = 4.11043e-06, No Iterations 220
time step continuity errors : sum local = 8.47445e-09, global = 4.19847e-11, cumulative = -8.46018e-08
DICPCG:  Solving for p_rgh, Initial residual = 0.000229887, Final residual = 1.11594e-05, No Iterations 203
DICPCG:  Solving for p_rgh, Initial residual = 1.11883e-05, Final residual = 9.96785e-08, No Iterations 100
time step continuity errors : sum local = 2.04329e-10, global = 1.97862e-11, cumulative = -8.4582e-08
ExecutionTime = 149.05 s  ClockTime = 151 s

Courant Number mean: 0.189061 max: 0.380832
Interface Courant Number mean: 0.00061567 max: 0.328139
deltaT = 0.000245817
Time = 0.00303866

PIMPLE: iteration 1
smoothSolver:  Solving for alpha.water, Initial residual = 0.0198002, Final residual = 7.58603e-09, No Iterations 3
Phase-1 volume fraction = 0.997811  Min(alpha.water) = 0.000118032  Max(alpha.water) = 1
MULES: Correcting alpha.water
MULES: Correcting alpha.water
Phase-1 volume fraction = 0.997811  Min(alpha.water) = 0.000118145  Max(alpha.water) = 1.00006
DICPCG:  Solving for p_rgh, Initial residual = 0.0875469, Final residual = 0.0034126, No Iterations 4
DICPCG:  Solving for p_rgh, Initial residual = 0.00341423, Final residual = 0.000149604, No Iterations 14
time step continuity errors : sum local = 3.29608e-07, global = -2.0089e-08, cumulative = -1.04671e-07
DICPCG:  Solving for p_rgh, Initial residual = 0.00174345, Final residual = 8.38454e-05, No Iterations 8
DICPCG:  Solving for p_rgh, Initial residual = 8.38544e-05, Final residual = 4.04377e-06, No Iterations 216
time step continuity errors : sum local = 8.89765e-09, global = 1.2597e-10, cumulative = -1.04545e-07
DICPCG:  Solving for p_rgh, Initial residual = 0.000238509, Final residual = 1.14464e-05, No Iterations 203
DICPCG:  Solving for p_rgh, Initial residual = 1.14801e-05, Final residual = 9.9258e-08, No Iterations 96
time step continuity errors : sum local = 2.17161e-10, global = 1.85011e-11, cumulative = -1.04527e-07
ExecutionTime = 156.02 s  ClockTime = 158 s

Courant Number mean: 0.197177 max: 0.388258
Interface Courant Number mean: 0.000638533 max: 0.351373
deltaT = 0.000253154
Time = 0.00329181

PIMPLE: iteration 1
smoothSolver:  Solving for alpha.water, Initial residual = 0.0205356, Final residual = 6.60063e-09, No Iterations 3
Phase-1 volume fraction = 0.997811  Min(alpha.water) = 0.000140973  Max(alpha.water) = 1
MULES: Correcting alpha.water
MULES: Correcting alpha.water
Phase-1 volume fraction = 0.997811  Min(alpha.water) = 0.000140973  Max(alpha.water) = 1.00003
DICPCG:  Solving for p_rgh, Initial residual = 0.0907476, Final residual = 0.00361615, No Iterations 4
DICPCG:  Solving for p_rgh, Initial residual = 0.0036129, Final residual = 0.000148881, No Iterations 14
time step continuity errors : sum local = 3.43117e-07, global = -2.3049e-08, cumulative = -1.27576e-07
DICPCG:  Solving for p_rgh, Initial residual = 0.00175114, Final residual = 8.01734e-05, No Iterations 8
DICPCG:  Solving for p_rgh, Initial residual = 8.01919e-05, Final residual = 3.65554e-06, No Iterations 215
time step continuity errors : sum local = 8.41051e-09, global = 1.07833e-10, cumulative = -1.27468e-07
DICPCG:  Solving for p_rgh, Initial residual = 0.000239987, Final residual = 1.15547e-05, No Iterations 203
DICPCG:  Solving for p_rgh, Initial residual = 1.15922e-05, Final residual = 9.98301e-08, No Iterations 73
time step continuity errors : sum local = 2.28395e-10, global = 1.6984e-11, cumulative = -1.27451e-07
ExecutionTime = 162.38 s  ClockTime = 164 s

Courant Number mean: 0.203069 max: 0.389373
Interface Courant Number mean: 0.00066061 max: 0.334658
deltaT = 0.000261065
Time = 0.00355288

PIMPLE: iteration 1
smoothSolver:  Solving for alpha.water, Initial residual = 0.0212766, Final residual = 5.05573e-09, No Iterations 3
Phase-1 volume fraction = 0.997811  Min(alpha.water) = 0.000180237  Max(alpha.water) = 1
MULES: Correcting alpha.water
MULES: Correcting alpha.water
Phase-1 volume fraction = 0.997811  Min(alpha.water) = 0.000180237  Max(alpha.water) = 1.00006
DICPCG:  Solving for p_rgh, Initial residual = 0.0918153, Final residual = 0.00376505, No Iterations 4
DICPCG:  Solving for p_rgh, Initial residual = 0.00375226, Final residual = 0.000151888, No Iterations 14
time step continuity errors : sum local = 3.68802e-07, global = -2.63066e-08, cumulative = -1.53757e-07
DICPCG:  Solving for p_rgh, Initial residual = 0.001703, Final residual = 8.17692e-05, No Iterations 8
DICPCG:  Solving for p_rgh, Initial residual = 8.17953e-05, Final residual = 3.98871e-06, No Iterations 215
time step continuity errors : sum local = 9.6661e-09, global = 9.26663e-11, cumulative = -1.53665e-07
DICPCG:  Solving for p_rgh, Initial residual = 0.000238262, Final residual = 1.04755e-05, No Iterations 204
DICPCG:  Solving for p_rgh, Initial residual = 1.05125e-05, Final residual = 9.9925e-08, No Iterations 73
time step continuity errors : sum local = 2.40801e-10, global = 1.69425e-11, cumulative = -1.53648e-07
ExecutionTime = 169.05 s  ClockTime = 171 s

Courant Number mean: 0.209419 max: 0.377213
Interface Courant Number mean: 0.000685845 max: 0.361654
deltaT = 0.000278765
Time = 0.00383164

PIMPLE: iteration 1
smoothSolver:  Solving for alpha.water, Initial residual = 0.0228638, Final residual = 4.14563e-09, No Iterations 3
Phase-1 volume fraction = 0.997811  Min(alpha.water) = 0.000231627  Max(alpha.water) = 1
MULES: Correcting alpha.water
MULES: Correcting alpha.water
Phase-1 volume fraction = 0.997811  Min(alpha.water) = 0.000231627  Max(alpha.water) = 1.00002
DICPCG:  Solving for p_rgh, Initial residual = 0.0963953, Final residual = 0.00404585, No Iterations 4
DICPCG:  Solving for p_rgh, Initial residual = 0.00403461, Final residual = 0.000175887, No Iterations 14
time step continuity errors : sum local = 4.77427e-07, global = -3.2612e-08, cumulative = -1.8626e-07
DICPCG:  Solving for p_rgh, Initial residual = 0.00181144, Final residual = 9.03279e-05, No Iterations 8
DICPCG:  Solving for p_rgh, Initial residual = 9.03498e-05, Final residual = 4.34183e-06, No Iterations 218
time step continuity errors : sum local = 1.1762e-08, global = 2.23238e-10, cumulative = -1.86037e-07
DICPCG:  Solving for p_rgh, Initial residual = 0.000268043, Final residual = 1.29305e-05, No Iterations 204
DICPCG:  Solving for p_rgh, Initial residual = 1.29823e-05, Final residual = 9.8008e-08, No Iterations 105
time step continuity errors : sum local = 2.63947e-10, global = 2.12251e-11, cumulative = -1.86015e-07
ExecutionTime = 175.71 s  ClockTime = 177 s

Courant Number mean: 0.223625 max: 0.420091
Interface Courant Number mean: 0.000727596 max: 0.362594
deltaT = 0.000265055
Time = 0.0040967

PIMPLE: iteration 1
smoothSolver:  Solving for alpha.water, Initial residual = 0.0217099, Final residual = 2.00883e-09, No Iterations 3
Phase-1 volume fraction = 0.997811  Min(alpha.water) = 0.000243206  Max(alpha.water) = 1.00001
MULES: Correcting alpha.water
MULES: Correcting alpha.water
Phase-1 volume fraction = 0.997811  Min(alpha.water) = 0.000243193  Max(alpha.water) = 1.00002
DICPCG:  Solving for p_rgh, Initial residual = 0.09283, Final residual = 0.00387108, No Iterations 4
DICPCG:  Solving for p_rgh, Initial residual = 0.00387357, Final residual = 0.000182728, No Iterations 14
time step continuity errors : sum local = 4.49414e-07, global = -2.96089e-08, cumulative = -2.15624e-07
DICPCG:  Solving for p_rgh, Initial residual = 0.00173987, Final residual = 8.44524e-05, No Iterations 10
DICPCG:  Solving for p_rgh, Initial residual = 8.44696e-05, Final residual = 3.93128e-06, No Iterations 209
time step continuity errors : sum local = 9.65136e-09, global = 9.35044e-11, cumulative = -2.15531e-07
DICPCG:  Solving for p_rgh, Initial residual = 0.000249572, Final residual = 1.22025e-05, No Iterations 204
DICPCG:  Solving for p_rgh, Initial residual = 1.22485e-05, Final residual = 9.81827e-08, No Iterations 94
time step continuity errors : sum local = 2.39664e-10, global = 1.95249e-11, cumulative = -2.15511e-07
ExecutionTime = 182.86 s  ClockTime = 185 s

Courant Number mean: 0.212641 max: 0.414705
Interface Courant Number mean: 0.000708183 max: 0.361231
deltaT = 0.000256505
Time = 0.0043532

PIMPLE: iteration 1
smoothSolver:  Solving for alpha.water, Initial residual = 0.0210327, Final residual = 1.22779e-09, No Iterations 3
Phase-1 volume fraction = 0.997811  Min(alpha.water) = 0.000258224  Max(alpha.water) = 1.00001
MULES: Correcting alpha.water
MULES: Correcting alpha.water
Phase-1 volume fraction = 0.997811  Min(alpha.water) = 0.000258223  Max(alpha.water) = 1.00003
DICPCG:  Solving for p_rgh, Initial residual = 0.0906073, Final residual = 0.00373859, No Iterations 4
DICPCG:  Solving for p_rgh, Initial residual = 0.00373384, Final residual = 0.00016113, No Iterations 14
time step continuity errors : sum local = 3.7125e-07, global = -2.82579e-08, cumulative = -2.43769e-07
DICPCG:  Solving for p_rgh, Initial residual = 0.00165388, Final residual = 8.25456e-05, No Iterations 8
DICPCG:  Solving for p_rgh, Initial residual = 8.25656e-05, Final residual = 3.9896e-06, No Iterations 219
time step continuity errors : sum local = 9.17521e-09, global = 1.20498e-10, cumulative = -2.43649e-07
DICPCG:  Solving for p_rgh, Initial residual = 0.000227064, Final residual = 1.07296e-05, No Iterations 204
DICPCG:  Solving for p_rgh, Initial residual = 1.07693e-05, Final residual = 9.96557e-08, No Iterations 82
time step continuity errors : sum local = 2.28007e-10, global = 1.35239e-11, cumulative = -2.43635e-07
ExecutionTime = 190.2 s  ClockTime = 192 s

Courant Number mean: 0.205796 max: 0.396352
Interface Courant Number mean: 0.000698216 max: 0.35593
deltaT = 0.00026078
Time = 0.00461398

PIMPLE: iteration 1
smoothSolver:  Solving for alpha.water, Initial residual = 0.021523, Final residual = 1.06106e-09, No Iterations 3
Phase-1 volume fraction = 0.997811  Min(alpha.water) = 0.000282263  Max(alpha.water) = 1
MULES: Correcting alpha.water
MULES: Correcting alpha.water
Phase-1 volume fraction = 0.997811  Min(alpha.water) = 0.000282262  Max(alpha.water) = 1.00002
DICPCG:  Solving for p_rgh, Initial residual = 0.0920002, Final residual = 0.00375648, No Iterations 4
DICPCG:  Solving for p_rgh, Initial residual = 0.00374727, Final residual = 0.000153714, No Iterations 14
time step continuity errors : sum local = 3.6275e-07, global = -3.04327e-08, cumulative = -2.74068e-07
DICPCG:  Solving for p_rgh, Initial residual = 0.00160365, Final residual = 7.7992e-05, No Iterations 8
DICPCG:  Solving for p_rgh, Initial residual = 7.80056e-05, Final residual = 3.66958e-06, No Iterations 194
time step continuity errors : sum local = 8.64476e-09, global = -5.61858e-11, cumulative = -2.74124e-07
DICPCG:  Solving for p_rgh, Initial residual = 0.000220953, Final residual = 9.91313e-06, No Iterations 204
DICPCG:  Solving for p_rgh, Initial residual = 9.95168e-06, Final residual = 9.56101e-08, No Iterations 53
time step continuity errors : sum local = 2.24159e-10, global = 2.18723e-11, cumulative = -2.74102e-07
ExecutionTime = 197.05 s  ClockTime = 199 s

Courant Number mean: 0.209244 max: 0.376012
Interface Courant Number mean: 0.000717715 max: 0.360011
deltaT = 0.000279746
Time = 0.00489373

PIMPLE: iteration 1
smoothSolver:  Solving for alpha.water, Initial residual = 0.0230742, Final residual = 1.32905e-09, No Iterations 3
Phase-1 volume fraction = 0.997811  Min(alpha.water) = 0.000329281  Max(alpha.water) = 1
MULES: Correcting alpha.water
MULES: Correcting alpha.water
Phase-1 volume fraction = 0.997811  Min(alpha.water) = 0.000329281  Max(alpha.water) = 1.00001
DICPCG:  Solving for p_rgh, Initial residual = 0.0987126, Final residual = 0.00398418, No Iterations 4
DICPCG:  Solving for p_rgh, Initial residual = 0.00399234, Final residual = 0.000170584, No Iterations 14
time step continuity errors : sum local = 4.49045e-07, global = -3.72477e-08, cumulative = -3.1135e-07
DICPCG:  Solving for p_rgh, Initial residual = 0.00167186, Final residual = 7.9875e-05, No Iterations 8
DICPCG:  Solving for p_rgh, Initial residual = 7.98805e-05, Final residual = 3.77852e-06, No Iterations 213
time step continuity errors : sum local = 9.92986e-09, global = 1.79598e-12, cumulative = -3.11348e-07
DICPCG:  Solving for p_rgh, Initial residual = 0.000244587, Final residual = 1.14473e-05, No Iterations 204
DICPCG:  Solving for p_rgh, Initial residual = 1.14977e-05, Final residual = 9.87758e-08, No Iterations 67
time step continuity errors : sum local = 2.58289e-10, global = 1.73004e-11, cumulative = -3.11331e-07
ExecutionTime = 203.55 s  ClockTime = 205 s

Courant Number mean: 0.224481 max: 0.395759
Interface Courant Number mean: 0.00078433 max: 0.395759
deltaT = 0.000285024
Time = 0.00517875

PIMPLE: iteration 1
smoothSolver:  Solving for alpha.water, Initial residual = 0.0232148, Final residual = 1.19884e-09, No Iterations 3
Phase-1 volume fraction = 0.997811  Min(alpha.water) = 0.000400345  Max(alpha.water) = 1
MULES: Correcting alpha.water
MULES: Correcting alpha.water
Phase-1 volume fraction = 0.997811  Min(alpha.water) = 0.000400231  Max(alpha.water) = 1.00001
DICPCG:  Solving for p_rgh, Initial residual = 0.102551, Final residual = 0.00408749, No Iterations 4
DICPCG:  Solving for p_rgh, Initial residual = 0.00408936, Final residual = 0.000188266, No Iterations 14
time step continuity errors : sum local = 5.07011e-07, global = -3.96317e-08, cumulative = -3.50962e-07
DICPCG:  Solving for p_rgh, Initial residual = 0.00165139, Final residual = 8.24729e-05, No Iterations 8
DICPCG:  Solving for p_rgh, Initial residual = 8.24731e-05, Final residual = 4.03264e-06, No Iterations 220
time step continuity errors : sum local = 1.08429e-08, global = 1.34281e-10, cumulative = -3.50828e-07
DICPCG:  Solving for p_rgh, Initial residual = 0.000253573, Final residual = 1.20439e-05, No Iterations 205
DICPCG:  Solving for p_rgh, Initial residual = 1.20983e-05, Final residual = 9.70421e-08, No Iterations 84
time step continuity errors : sum local = 2.5957e-10, global = 1.40864e-11, cumulative = -3.50814e-07
ExecutionTime = 210.67 s  ClockTime = 212 s

Courant Number mean: 0.228739 max: 0.40187
Interface Courant Number mean: 0.000799231 max: 0.398024
deltaT = 0.000285024
Time = 0.00546378

PIMPLE: iteration 1
smoothSolver:  Solving for alpha.water, Initial residual = 0.0227464, Final residual = 9.72384e-10, No Iterations 3
Phase-1 volume fraction = 0.997811  Min(alpha.water) = 0.000416934  Max(alpha.water) = 1
MULES: Correcting alpha.water
MULES: Correcting alpha.water
Phase-1 volume fraction = 0.997811  Min(alpha.water) = 0.000416935  Max(alpha.water) = 1.00001
DICPCG:  Solving for p_rgh, Initial residual = 0.101735, Final residual = 0.00401514, No Iterations 4
DICPCG:  Solving for p_rgh, Initial residual = 0.00400084, Final residual = 0.000195253, No Iterations 14
time step continuity errors : sum local = 5.25e-07, global = -4.02325e-08, cumulative = -3.91047e-07
DICPCG:  Solving for p_rgh, Initial residual = 0.00169419, Final residual = 8.30588e-05, No Iterations 8
DICPCG:  Solving for p_rgh, Initial residual = 8.30551e-05, Final residual = 3.95885e-06, No Iterations 215
time step continuity errors : sum local = 1.06293e-08, global = -8.86311e-11, cumulative = -3.91135e-07
DICPCG:  Solving for p_rgh, Initial residual = 0.000259149, Final residual = 1.19945e-05, No Iterations 205
DICPCG:  Solving for p_rgh, Initial residual = 1.20484e-05, Final residual = 9.92081e-08, No Iterations 86
time step continuity errors : sum local = 2.65006e-10, global = 1.49733e-11, cumulative = -3.9112e-07
ExecutionTime = 220.51 s  ClockTime = 222 s

Courant Number mean: 0.228763 max: 0.394357
Interface Courant Number mean: 0.000797764 max: 0.38023
deltaT = 0.000290724
Time = 0.0057545

PIMPLE: iteration 1
smoothSolver:  Solving for alpha.water, Initial residual = 0.0228803, Final residual = 9.85426e-10, No Iterations 3
Phase-1 volume fraction = 0.997811  Min(alpha.water) = 0.000440987  Max(alpha.water) = 1
MULES: Correcting alpha.water
MULES: Correcting alpha.water
Phase-1 volume fraction = 0.997811  Min(alpha.water) = 0.000440962  Max(alpha.water) = 1.00001
DICPCG:  Solving for p_rgh, Initial residual = 0.100119, Final residual = 0.00386462, No Iterations 4
DICPCG:  Solving for p_rgh, Initial residual = 0.00385186, Final residual = 0.000191307, No Iterations 14
time step continuity errors : sum local = 5.31267e-07, global = -4.28632e-08, cumulative = -4.33983e-07
DICPCG:  Solving for p_rgh, Initial residual = 0.00172433, Final residual = 7.98574e-05, No Iterations 8
DICPCG:  Solving for p_rgh, Initial residual = 7.98511e-05, Final residual = 3.9273e-06, No Iterations 215
time step continuity errors : sum local = 1.0891e-08, global = 8.7822e-11, cumulative = -4.33896e-07
DICPCG:  Solving for p_rgh, Initial residual = 0.000268115, Final residual = 1.28749e-05, No Iterations 204
DICPCG:  Solving for p_rgh, Initial residual = 1.29347e-05, Final residual = 9.97049e-08, No Iterations 86
time step continuity errors : sum local = 2.7513e-10, global = 1.49269e-11, cumulative = -4.33881e-07
ExecutionTime = 228.9 s  ClockTime = 231 s

Courant Number mean: 0.233364 max: 0.379234
Interface Courant Number mean: 0.00083016 max: 0.374346
deltaT = 0.000309685
Time = 0.00606419

PIMPLE: iteration 1
smoothSolver:  Solving for alpha.water, Initial residual = 0.0240301, Final residual = 1.34296e-09, No Iterations 3
Phase-1 volume fraction = 0.997811  Min(alpha.water) = 0.000481625  Max(alpha.water) = 1
MULES: Correcting alpha.water
MULES: Correcting alpha.water
Phase-1 volume fraction = 0.997811  Min(alpha.water) = 0.000481615  Max(alpha.water) = 1.00002
DICPCG:  Solving for p_rgh, Initial residual = 0.105109, Final residual = 0.00388935, No Iterations 4
DICPCG:  Solving for p_rgh, Initial residual = 0.0038996, Final residual = 0.000180347, No Iterations 15
time step continuity errors : sum local = 5.51054e-07, global = -5.08724e-08, cumulative = -4.84753e-07
DICPCG:  Solving for p_rgh, Initial residual = 0.00172033, Final residual = 7.7913e-05, No Iterations 8
DICPCG:  Solving for p_rgh, Initial residual = 7.79017e-05, Final residual = 3.85624e-06, No Iterations 92
time step continuity errors : sum local = 1.17659e-08, global = -3.48577e-11, cumulative = -4.84788e-07
DICPCG:  Solving for p_rgh, Initial residual = 0.000277143, Final residual = 1.22305e-05, No Iterations 204
DICPCG:  Solving for p_rgh, Initial residual = 1.22944e-05, Final residual = 9.67899e-08, No Iterations 69
time step continuity errors : sum local = 2.93785e-10, global = 1.8827e-11, cumulative = -4.84769e-07
ExecutionTime = 235.85 s  ClockTime = 238 s

Courant Number mean: 0.248614 max: 0.418013
Interface Courant Number mean: 0.000890443 max: 0.382977
deltaT = 0.000296507
Time = 0.00636069

PIMPLE: iteration 1
smoothSolver:  Solving for alpha.water, Initial residual = 0.0226646, Final residual = 1.04039e-09, No Iterations 3
Phase-1 volume fraction = 0.997811  Min(alpha.water) = 0.000525641  Max(alpha.water) = 1
MULES: Correcting alpha.water
MULES: Correcting alpha.water
Phase-1 volume fraction = 0.997811  Min(alpha.water) = 0.000525624  Max(alpha.water) = 1.00003
DICPCG:  Solving for p_rgh, Initial residual = 0.104573, Final residual = 0.00366344, No Iterations 4
DICPCG:  Solving for p_rgh, Initial residual = 0.00366517, Final residual = 0.000170153, No Iterations 15
time step continuity errors : sum local = 4.77552e-07, global = -4.54727e-08, cumulative = -5.30242e-07
DICPCG:  Solving for p_rgh, Initial residual = 0.00153867, Final residual = 6.99005e-05, No Iterations 8
DICPCG:  Solving for p_rgh, Initial residual = 6.98912e-05, Final residual = 3.26199e-06, No Iterations 101
time step continuity errors : sum local = 9.14252e-09, global = -7.87181e-11, cumulative = -5.3032e-07
DICPCG:  Solving for p_rgh, Initial residual = 0.000237803, Final residual = 1.16764e-05, No Iterations 204
DICPCG:  Solving for p_rgh, Initial residual = 1.17337e-05, Final residual = 9.80293e-08, No Iterations 68
time step continuity errors : sum local = 2.73409e-10, global = 1.72978e-11, cumulative = -5.30303e-07
ExecutionTime = 242.24 s  ClockTime = 244 s

Courant Number mean: 0.238062 max: 0.404059
Interface Courant Number mean: 0.000864222 max: 0.380652
deltaT = 0.000296507
Time = 0.0066572

PIMPLE: iteration 1
smoothSolver:  Solving for alpha.water, Initial residual = 0.022383, Final residual = 1.06344e-09, No Iterations 3
Phase-1 volume fraction = 0.997811  Min(alpha.water) = 0.000536247  Max(alpha.water) = 1
MULES: Correcting alpha.water
MULES: Correcting alpha.water
Phase-1 volume fraction = 0.997811  Min(alpha.water) = 0.000536247  Max(alpha.water) = 1.00001
DICPCG:  Solving for p_rgh, Initial residual = 0.104203, Final residual = 0.00362956, No Iterations 4
DICPCG:  Solving for p_rgh, Initial residual = 0.00361875, Final residual = 0.000178085, No Iterations 14
time step continuity errors : sum local = 4.98451e-07, global = -4.59645e-08, cumulative = -5.76268e-07
DICPCG:  Solving for p_rgh, Initial residual = 0.00157832, Final residual = 6.57407e-05, No Iterations 8
DICPCG:  Solving for p_rgh, Initial residual = 6.57365e-05, Final residual = 3.1034e-06, No Iterations 208
time step continuity errors : sum local = 8.67318e-09, global = -8.86959e-11, cumulative = -5.76356e-07
DICPCG:  Solving for p_rgh, Initial residual = 0.000236988, Final residual = 1.13331e-05, No Iterations 204
DICPCG:  Solving for p_rgh, Initial residual = 1.13895e-05, Final residual = 9.89406e-08, No Iterations 63
time step continuity errors : sum local = 2.7534e-10, global = 1.76221e-11, cumulative = -5.76339e-07
ExecutionTime = 248.59 s  ClockTime = 250 s

Courant Number mean: 0.238088 max: 0.394341
Interface Courant Number mean: 0.000845291 max: 0.363669
deltaT = 0.000303245
Time = 0.00696044

PIMPLE: iteration 1
smoothSolver:  Solving for alpha.water, Initial residual = 0.0226819, Final residual = 1.2669e-09, No Iterations 3
Phase-1 volume fraction = 0.997811  Min(alpha.water) = 0.000553283  Max(alpha.water) = 1
MULES: Correcting alpha.water
MULES: Correcting alpha.water
Phase-1 volume fraction = 0.997811  Min(alpha.water) = 0.000553283  Max(alpha.water) = 1.00001
DICPCG:  Solving for p_rgh, Initial residual = 0.103544, Final residual = 0.00366342, No Iterations 4
DICPCG:  Solving for p_rgh, Initial residual = 0.00364856, Final residual = 0.000176535, No Iterations 15
time step continuity errors : sum local = 5.13486e-07, global = -4.883e-08, cumulative = -6.25169e-07
DICPCG:  Solving for p_rgh, Initial residual = 0.00167209, Final residual = 8.2581e-05, No Iterations 7
DICPCG:  Solving for p_rgh, Initial residual = 8.25837e-05, Final residual = 3.75036e-06, No Iterations 217
time step continuity errors : sum local = 1.08894e-08, global = 2.60761e-11, cumulative = -6.25143e-07
DICPCG:  Solving for p_rgh, Initial residual = 0.000253023, Final residual = 1.22043e-05, No Iterations 204
DICPCG:  Solving for p_rgh, Initial residual = 1.22659e-05, Final residual = 9.71404e-08, No Iterations 72
time step continuity errors : sum local = 2.80774e-10, global = 1.79368e-11, cumulative = -6.25125e-07
ExecutionTime = 255.04 s  ClockTime = 257 s

Courant Number mean: 0.243522 max: 0.400597
Interface Courant Number mean: 0.00087935 max: 0.376272
deltaT = 0.000303245
Time = 0.00726369

PIMPLE: iteration 1
smoothSolver:  Solving for alpha.water, Initial residual = 0.0225391, Final residual = 1.30615e-09, No Iterations 3
Phase-1 volume fraction = 0.997811  Min(alpha.water) = 0.000579436  Max(alpha.water) = 1
MULES: Correcting alpha.water
MULES: Correcting alpha.water
Phase-1 volume fraction = 0.997811  Min(alpha.water) = 0.000579366  Max(alpha.water) = 1.00003
DICPCG:  Solving for p_rgh, Initial residual = 0.101896, Final residual = 0.00355801, No Iterations 4
DICPCG:  Solving for p_rgh, Initial residual = 0.00355089, Final residual = 0.000156998, No Iterations 17
time step continuity errors : sum local = 4.54559e-07, global = -4.87945e-08, cumulative = -6.73919e-07
DICPCG:  Solving for p_rgh, Initial residual = 0.00162209, Final residual = 7.38004e-05, No Iterations 8
DICPCG:  Solving for p_rgh, Initial residual = 7.38006e-05, Final residual = 3.54995e-06, No Iterations 135
time step continuity errors : sum local = 1.02603e-08, global = 1.36827e-09, cumulative = -6.72551e-07
DICPCG:  Solving for p_rgh, Initial residual = 0.000247561, Final residual = 1.12679e-05, No Iterations 205
DICPCG:  Solving for p_rgh, Initial residual = 1.13265e-05, Final residual = 9.87806e-08, No Iterations 85
time step continuity errors : sum local = 2.84036e-10, global = 1.53426e-11, cumulative = -6.72536e-07
ExecutionTime = 260.92 s  ClockTime = 263 s

Courant Number mean: 0.243544 max: 0.390974
Interface Courant Number mean: 0.000874748 max: 0.3736
deltaT = 0.000310642
Time = 0.00757433

PIMPLE: iteration 1
smoothSolver:  Solving for alpha.water, Initial residual = 0.0229687, Final residual = 1.55064e-09, No Iterations 3
Phase-1 volume fraction = 0.997811  Min(alpha.water) = 0.000628638  Max(alpha.water) = 1
MULES: Correcting alpha.water
MULES: Correcting alpha.water
Phase-1 volume fraction = 0.997811  Min(alpha.water) = 0.000628638  Max(alpha.water) = 1.00004
DICPCG:  Solving for p_rgh, Initial residual = 0.106507, Final residual = 0.00368944, No Iterations 4
DICPCG:  Solving for p_rgh, Initial residual = 0.00369313, Final residual = 0.000177492, No Iterations 15
time step continuity errors : sum local = 5.29457e-07, global = -5.22452e-08, cumulative = -7.24781e-07
DICPCG:  Solving for p_rgh, Initial residual = 0.00159833, Final residual = 7.43415e-05, No Iterations 8
DICPCG:  Solving for p_rgh, Initial residual = 7.43427e-05, Final residual = 3.6046e-06, No Iterations 214
time step continuity errors : sum local = 1.07328e-08, global = -5.34055e-11, cumulative = -7.24834e-07
DICPCG:  Solving for p_rgh, Initial residual = 0.000250988, Final residual = 1.22024e-05, No Iterations 204
DICPCG:  Solving for p_rgh, Initial residual = 1.22663e-05, Final residual = 9.99744e-08, No Iterations 69
time step continuity errors : sum local = 2.96311e-10, global = 1.88428e-11, cumulative = -7.24815e-07
ExecutionTime = 267.32 s  ClockTime = 269 s

Courant Number mean: 0.24951 max: 0.410488
Interface Courant Number mean: 0.000905982 max: 0.396564
deltaT = 0.000303065
Time = 0.0078774

PIMPLE: iteration 1
smoothSolver:  Solving for alpha.water, Initial residual = 0.0223609, Final residual = 1.45594e-09, No Iterations 3
Phase-1 volume fraction = 0.997811  Min(alpha.water) = 0.00064264  Max(alpha.water) = 1
MULES: Correcting alpha.water
MULES: Correcting alpha.water
Phase-1 volume fraction = 0.997811  Min(alpha.water) = 0.000642637  Max(alpha.water) = 1.00002
DICPCG:  Solving for p_rgh, Initial residual = 0.105018, Final residual = 0.00375395, No Iterations 4
DICPCG:  Solving for p_rgh, Initial residual = 0.00375211, Final residual = 0.000169533, No Iterations 14
time step continuity errors : sum local = 4.80311e-07, global = -4.84477e-08, cumulative = -7.73263e-07
DICPCG:  Solving for p_rgh, Initial residual = 0.00162822, Final residual = 7.86428e-05, No Iterations 7
DICPCG:  Solving for p_rgh, Initial residual = 7.86449e-05, Final residual = 3.63206e-06, No Iterations 211
time step continuity errors : sum local = 1.02712e-08, global = 7.54566e-11, cumulative = -7.73188e-07
DICPCG:  Solving for p_rgh, Initial residual = 0.000245908, Final residual = 1.05884e-05, No Iterations 204
DICPCG:  Solving for p_rgh, Initial residual = 1.06436e-05, Final residual = 9.6346e-08, No Iterations 45
time step continuity errors : sum local = 2.71448e-10, global = 2.83107e-11, cumulative = -7.73159e-07
ExecutionTime = 273.45 s  ClockTime = 275 s

Courant Number mean: 0.243456 max: 0.407655
Interface Courant Number mean: 0.000881022 max: 0.392656
deltaT = 0.000295673
Time = 0.00817307

PIMPLE: iteration 1
smoothSolver:  Solving for alpha.water, Initial residual = 0.0217662, Final residual = 1.48191e-09, No Iterations 3
Phase-1 volume fraction = 0.997811  Min(alpha.water) = 0.00066437  Max(alpha.water) = 1
MULES: Correcting alpha.water
MULES: Correcting alpha.water
Phase-1 volume fraction = 0.997811  Min(alpha.water) = 0.000664365  Max(alpha.water) = 1.00003
DICPCG:  Solving for p_rgh, Initial residual = 0.103626, Final residual = 0.00367238, No Iterations 4
DICPCG:  Solving for p_rgh, Initial residual = 0.00364943, Final residual = 0.000176601, No Iterations 14
time step continuity errors : sum local = 4.80912e-07, global = -4.54076e-08, cumulative = -8.18567e-07
DICPCG:  Solving for p_rgh, Initial residual = 0.00164188, Final residual = 8.07588e-05, No Iterations 7
DICPCG:  Solving for p_rgh, Initial residual = 8.07611e-05, Final residual = 3.90641e-06, No Iterations 188
time step continuity errors : sum local = 1.06189e-08, global = 3.51946e-10, cumulative = -8.18215e-07
DICPCG:  Solving for p_rgh, Initial residual = 0.000240085, Final residual = 1.03344e-05, No Iterations 204
DICPCG:  Solving for p_rgh, Initial residual = 1.03852e-05, Final residual = 9.92101e-08, No Iterations 53
time step continuity errors : sum local = 2.68704e-10, global = 2.02775e-11, cumulative = -8.18195e-07
ExecutionTime = 280.12 s  ClockTime = 282 s

Courant Number mean: 0.237545 max: 0.415691
Interface Courant Number mean: 0.000858936 max: 0.379821
deltaT = 0.000281594
Time = 0.00845466

PIMPLE: iteration 1
smoothSolver:  Solving for alpha.water, Initial residual = 0.020829, Final residual = 1.28372e-09, No Iterations 3
Phase-1 volume fraction = 0.997811  Min(alpha.water) = 0.000689756  Max(alpha.water) = 1
MULES: Correcting alpha.water
MULES: Correcting alpha.water
Phase-1 volume fraction = 0.997811  Min(alpha.water) = 0.00068972  Max(alpha.water) = 1.00006
DICPCG:  Solving for p_rgh, Initial residual = 0.0968088, Final residual = 0.00352446, No Iterations 4
DICPCG:  Solving for p_rgh, Initial residual = 0.00351288, Final residual = 0.000169899, No Iterations 15
time step continuity errors : sum local = 4.24377e-07, global = -4.00184e-08, cumulative = -8.58213e-07
DICPCG:  Solving for p_rgh, Initial residual = 0.00154581, Final residual = 7.33849e-05, No Iterations 8
DICPCG:  Solving for p_rgh, Initial residual = 7.33838e-05, Final residual = 3.5087e-06, No Iterations 129
time step continuity errors : sum local = 8.75013e-09, global = -9.4429e-10, cumulative = -8.59157e-07
DICPCG:  Solving for p_rgh, Initial residual = 0.000221873, Final residual = 1.06695e-05, No Iterations 204
DICPCG:  Solving for p_rgh, Initial residual = 1.07139e-05, Final residual = 9.97507e-08, No Iterations 58
time step continuity errors : sum local = 2.4775e-10, global = 2.04832e-11, cumulative = -8.59137e-07
ExecutionTime = 285.73 s  ClockTime = 288 s

Courant Number mean: 0.226256 max: 0.397849
Interface Courant Number mean: 0.000822691 max: 0.374542
deltaT = 0.000281594
Time = 0.00873626

PIMPLE: iteration 1
smoothSolver:  Solving for alpha.water, Initial residual = 0.0209526, Final residual = 1.39605e-09, No Iterations 3
Phase-1 volume fraction = 0.997811  Min(alpha.water) = 0.000728987  Max(alpha.water) = 1
MULES: Correcting alpha.water
MULES: Correcting alpha.water
Phase-1 volume fraction = 0.997811  Min(alpha.water) = 0.000728887  Max(alpha.water) = 1.00013
DICPCG:  Solving for p_rgh, Initial residual = 0.0989181, Final residual = 0.00358084, No Iterations 4
DICPCG:  Solving for p_rgh, Initial residual = 0.00358755, Final residual = 0.000171859, No Iterations 15
time step continuity errors : sum local = 4.24118e-07, global = -3.97114e-08, cumulative = -8.98848e-07
DICPCG:  Solving for p_rgh, Initial residual = 0.00149428, Final residual = 7.45367e-05, No Iterations 8
DICPCG:  Solving for p_rgh, Initial residual = 7.45345e-05, Final residual = 3.27964e-06, No Iterations 215
time step continuity errors : sum local = 8.08111e-09, global = 3.99313e-12, cumulative = -8.98844e-07
DICPCG:  Solving for p_rgh, Initial residual = 0.000217129, Final residual = 1.01098e-05, No Iterations 204
DICPCG:  Solving for p_rgh, Initial residual = 1.01539e-05, Final residual = 9.69637e-08, No Iterations 55
time step continuity errors : sum local = 2.3797e-10, global = 2.13792e-11, cumulative = -8.98823e-07
ExecutionTime = 291.97 s  ClockTime = 294 s

Courant Number mean: 0.226278 max: 0.408141
Interface Courant Number mean: 0.000820323 max: 0.36068
deltaT = 0.000274725
Time = 0.00901098

PIMPLE: iteration 1
smoothSolver:  Solving for alpha.water, Initial residual = 0.0205506, Final residual = 1.26544e-09, No Iterations 3
Phase-1 volume fraction = 0.997811  Min(alpha.water) = 0.000739012  Max(alpha.water) = 1
MULES: Correcting alpha.water
MULES: Correcting alpha.water
Phase-1 volume fraction = 0.997811  Min(alpha.water) = 0.000738918  Max(alpha.water) = 1.00003
DICPCG:  Solving for p_rgh, Initial residual = 0.0986621, Final residual = 0.00352073, No Iterations 4
DICPCG:  Solving for p_rgh, Initial residual = 0.00352748, Final residual = 0.000161556, No Iterations 14
time step continuity errors : sum local = 3.77378e-07, global = -3.72114e-08, cumulative = -9.36034e-07
DICPCG:  Solving for p_rgh, Initial residual = 0.00148733, Final residual = 6.69546e-05, No Iterations 8
DICPCG:  Solving for p_rgh, Initial residual = 6.69472e-05, Final residual = 3.17741e-06, No Iterations 215
time step continuity errors : sum local = 7.41198e-09, global = -3.87502e-11, cumulative = -9.36073e-07
DICPCG:  Solving for p_rgh, Initial residual = 0.000212456, Final residual = 9.9773e-06, No Iterations 203
DICPCG:  Solving for p_rgh, Initial residual = 1.00208e-05, Final residual = 9.18674e-08, No Iterations 44
time step continuity errors : sum local = 2.13642e-10, global = 2.10861e-11, cumulative = -9.36052e-07
ExecutionTime = 298.24 s  ClockTime = 300 s

Courant Number mean: 0.220779 max: 0.42613
Interface Courant Number mean: 0.000806976 max: 0.356865
deltaT = 0.000255559
Time = 0.00926654

PIMPLE: iteration 1
smoothSolver:  Solving for alpha.water, Initial residual = 0.0191172, Final residual = 8.08209e-10, No Iterations 3
Phase-1 volume fraction = 0.997811  Min(alpha.water) = 0.000748913  Max(alpha.water) = 1
MULES: Correcting alpha.water
MULES: Correcting alpha.water
Phase-1 volume fraction = 0.997811  Min(alpha.water) = 0.000748911  Max(alpha.water) = 1.00002
DICPCG:  Solving for p_rgh, Initial residual = 0.0928238, Final residual = 0.00330283, No Iterations 4
DICPCG:  Solving for p_rgh, Initial residual = 0.00328116, Final residual = 0.000146853, No Iterations 14
time step continuity errors : sum local = 3.04359e-07, global = -3.06417e-08, cumulative = -9.66694e-07
DICPCG:  Solving for p_rgh, Initial residual = 0.00146163, Final residual = 6.99712e-05, No Iterations 7
DICPCG:  Solving for p_rgh, Initial residual = 6.99637e-05, Final residual = 3.30485e-06, No Iterations 218
time step continuity errors : sum local = 6.84077e-09, global = -9.51307e-11, cumulative = -9.66789e-07
DICPCG:  Solving for p_rgh, Initial residual = 0.000194321, Final residual = 9.05036e-06, No Iterations 203
DICPCG:  Solving for p_rgh, Initial residual = 9.0852e-06, Final residual = 9.91366e-08, No Iterations 55
time step continuity errors : sum local = 2.04671e-10, global = 1.79474e-11, cumulative = -9.66771e-07
ExecutionTime = 304.55 s  ClockTime = 306 s

Courant Number mean: 0.205392 max: 0.404153
Interface Courant Number mean: 0.00072635 max: 0.332951
deltaT = 0.000255559
Time = 0.0095221

PIMPLE: iteration 1
smoothSolver:  Solving for alpha.water, Initial residual = 0.0190889, Final residual = 8.2854e-10, No Iterations 3
Phase-1 volume fraction = 0.997811  Min(alpha.water) = 0.000763165  Max(alpha.water) = 1
MULES: Correcting alpha.water
MULES: Correcting alpha.water
Phase-1 volume fraction = 0.997811  Min(alpha.water) = 0.000763149  Max(alpha.water) = 1.00002
DICPCG:  Solving for p_rgh, Initial residual = 0.0921666, Final residual = 0.00329747, No Iterations 4
DICPCG:  Solving for p_rgh, Initial residual = 0.00327162, Final residual = 0.000157802, No Iterations 14
time step continuity errors : sum local = 3.30346e-07, global = -3.0621e-08, cumulative = -9.97392e-07
DICPCG:  Solving for p_rgh, Initial residual = 0.00148348, Final residual = 6.7137e-05, No Iterations 8
DICPCG:  Solving for p_rgh, Initial residual = 6.71272e-05, Final residual = 3.10122e-06, No Iterations 212
time step continuity errors : sum local = 6.48466e-09, global = 1.20399e-10, cumulative = -9.97272e-07
DICPCG:  Solving for p_rgh, Initial residual = 0.000196242, Final residual = 8.41037e-06, No Iterations 204
DICPCG:  Solving for p_rgh, Initial residual = 8.44133e-06, Final residual = 9.8258e-08, No Iterations 44
time step continuity errors : sum local = 2.04861e-10, global = 1.88452e-11, cumulative = -9.97253e-07
ExecutionTime = 310.64 s  ClockTime = 313 s

Courant Number mean: 0.205406 max: 0.394277
Interface Courant Number mean: 0.000725521 max: 0.355755
deltaT = 0.000261948
Time = 0.00978405

PIMPLE: iteration 1
smoothSolver:  Solving for alpha.water, Initial residual = 0.0197122, Final residual = 1.0234e-09, No Iterations 3
Phase-1 volume fraction = 0.997811  Min(alpha.water) = 0.000786891  Max(alpha.water) = 1
MULES: Correcting alpha.water
MULES: Correcting alpha.water
Phase-1 volume fraction = 0.997811  Min(alpha.water) = 0.000786891  Max(alpha.water) = 1.00005
DICPCG:  Solving for p_rgh, Initial residual = 0.0911894, Final residual = 0.00339515, No Iterations 4
DICPCG:  Solving for p_rgh, Initial residual = 0.00339094, Final residual = 0.000161016, No Iterations 15
time step continuity errors : sum local = 3.5081e-07, global = -3.24507e-08, cumulative = -1.0297e-06
DICPCG:  Solving for p_rgh, Initial residual = 0.00145924, Final residual = 6.66716e-05, No Iterations 9
DICPCG:  Solving for p_rgh, Initial residual = 6.66596e-05, Final residual = 3.25722e-06, No Iterations 138
time step continuity errors : sum local = 7.08851e-09, global = -7.39493e-10, cumulative = -1.03044e-06
DICPCG:  Solving for p_rgh, Initial residual = 0.000199366, Final residual = 8.88401e-06, No Iterations 205
DICPCG:  Solving for p_rgh, Initial residual = 8.9145e-06, Final residual = 9.38126e-08, No Iterations 65
time step continuity errors : sum local = 2.03487e-10, global = 1.33721e-11, cumulative = -1.03043e-06
ExecutionTime = 316.55 s  ClockTime = 319 s

Courant Number mean: 0.210555 max: 0.393577
Interface Courant Number mean: 0.000738585 max: 0.330102
deltaT = 0.000268841
Time = 0.0100529

PIMPLE: iteration 1
smoothSolver:  Solving for alpha.water, Initial residual = 0.0204433, Final residual = 1.30054e-09, No Iterations 3
Phase-1 volume fraction = 0.997811  Min(alpha.water) = 0.000828331  Max(alpha.water) = 1
MULES: Correcting alpha.water
MULES: Correcting alpha.water
Phase-1 volume fraction = 0.997811  Min(alpha.water) = 0.000828212  Max(alpha.water) = 1.00003
DICPCG:  Solving for p_rgh, Initial residual = 0.0977551, Final residual = 0.00351235, No Iterations 4
DICPCG:  Solving for p_rgh, Initial residual = 0.00353065, Final residual = 0.000162425, No Iterations 14
time step continuity errors : sum local = 3.64119e-07, global = -3.42224e-08, cumulative = -1.06465e-06
DICPCG:  Solving for p_rgh, Initial residual = 0.00142752, Final residual = 6.9629e-05, No Iterations 9
DICPCG:  Solving for p_rgh, Initial residual = 6.96175e-05, Final residual = 3.35561e-06, No Iterations 217
time step continuity errors : sum local = 7.51315e-09, global = -5.07701e-12, cumulative = -1.06466e-06
DICPCG:  Solving for p_rgh, Initial residual = 0.000198853, Final residual = 9.49202e-06, No Iterations 204
DICPCG:  Solving for p_rgh, Initial residual = 9.52954e-06, Final residual = 9.97074e-08, No Iterations 52
time step continuity errors : sum local = 2.2255e-10, global = 2.18469e-11, cumulative = -1.06464e-06
ExecutionTime = 322.72 s  ClockTime = 325 s

Courant Number mean: 0.216113 max: 0.429922
Interface Courant Number mean: 0.000771483 max: 0.345525
deltaT = 0.000248678
Time = 0.0103016

PIMPLE: iteration 1
smoothSolver:  Solving for alpha.water, Initial residual = 0.0190737, Final residual = 8.53759e-10, No Iterations 3
Phase-1 volume fraction = 0.997811  Min(alpha.water) = 0.00087349  Max(alpha.water) = 1
MULES: Correcting alpha.water
MULES: Correcting alpha.water
Phase-1 volume fraction = 0.997811  Min(alpha.water) = 0.000873464  Max(alpha.water) = 1.00001
DICPCG:  Solving for p_rgh, Initial residual = 0.0924924, Final residual = 0.00330553, No Iterations 4
DICPCG:  Solving for p_rgh, Initial residual = 0.00330004, Final residual = 0.000145754, No Iterations 14
time step continuity errors : sum local = 2.84117e-07, global = -2.771e-08, cumulative = -1.09235e-06
DICPCG:  Solving for p_rgh, Initial residual = 0.00132693, Final residual = 6.01577e-05, No Iterations 9
DICPCG:  Solving for p_rgh, Initial residual = 6.01494e-05, Final residual = 3.00592e-06, No Iterations 212
time step continuity errors : sum local = 5.8527e-09, global = -4.57691e-11, cumulative = -1.09239e-06
DICPCG:  Solving for p_rgh, Initial residual = 0.000174741, Final residual = 8.08198e-06, No Iterations 204
DICPCG:  Solving for p_rgh, Initial residual = 8.11054e-06, Final residual = 9.78901e-08, No Iterations 52
time step continuity errors : sum local = 1.90114e-10, global = 1.78267e-11, cumulative = -1.09237e-06
ExecutionTime = 328.96 s  ClockTime = 331 s

Courant Number mean: 0.19992 max: 0.407121
Interface Courant Number mean: 0.000718644 max: 0.323343
deltaT = 0.000242461
Time = 0.010544

PIMPLE: iteration 1
smoothSolver:  Solving for alpha.water, Initial residual = 0.0186536, Final residual = 7.22702e-10, No Iterations 3
Phase-1 volume fraction = 0.997811  Min(alpha.water) = 0.000880172  Max(alpha.water) = 1
MULES: Correcting alpha.water
MULES: Correcting alpha.water
Phase-1 volume fraction = 0.997811  Min(alpha.water) = 0.000880172  Max(alpha.water) = 1.00001
DICPCG:  Solving for p_rgh, Initial residual = 0.0915136, Final residual = 0.0032394, No Iterations 4
DICPCG:  Solving for p_rgh, Initial residual = 0.0032238, Final residual = 0.000138794, No Iterations 14
time step continuity errors : sum local = 2.59764e-07, global = -2.58711e-08, cumulative = -1.11824e-06
DICPCG:  Solving for p_rgh, Initial residual = 0.00137978, Final residual = 6.83778e-05, No Iterations 7
DICPCG:  Solving for p_rgh, Initial residual = 6.83754e-05, Final residual = 3.19589e-06, No Iterations 215
time step continuity errors : sum local = 5.97364e-09, global = 2.59861e-11, cumulative = -1.11822e-06
DICPCG:  Solving for p_rgh, Initial residual = 0.000174683, Final residual = 8.51294e-06, No Iterations 203
DICPCG:  Solving for p_rgh, Initial residual = 8.54178e-06, Final residual = 9.94062e-08, No Iterations 49
time step continuity errors : sum local = 1.85394e-10, global = 1.74888e-11, cumulative = -1.1182e-06
ExecutionTime = 335.12 s  ClockTime = 337 s

Courant Number mean: 0.194934 max: 0.390858
Interface Courant Number mean: 0.000677527 max: 0.320394
deltaT = 0.000248841
Time = 0.0107929

PIMPLE: iteration 1
smoothSolver:  Solving for alpha.water, Initial residual = 0.0192665, Final residual = 8.77134e-10, No Iterations 3
Phase-1 volume fraction = 0.997811  Min(alpha.water) = 0.000891133  Max(alpha.water) = 1
MULES: Correcting alpha.water
MULES: Correcting alpha.water
Phase-1 volume fraction = 0.997811  Min(alpha.water) = 0.000891134  Max(alpha.water) = 1.00003
DICPCG:  Solving for p_rgh, Initial residual = 0.0924463, Final residual = 0.00332413, No Iterations 4
DICPCG:  Solving for p_rgh, Initial residual = 0.00329556, Final residual = 0.000151169, No Iterations 14
time step continuity errors : sum local = 2.99643e-07, global = -2.75477e-08, cumulative = -1.14575e-06
DICPCG:  Solving for p_rgh, Initial residual = 0.00143743, Final residual = 6.60174e-05, No Iterations 8
DICPCG:  Solving for p_rgh, Initial residual = 6.6014e-05, Final residual = 3.22366e-06, No Iterations 172
time step continuity errors : sum local = 6.38164e-09, global = -1.87417e-10, cumulative = -1.14594e-06
DICPCG:  Solving for p_rgh, Initial residual = 0.000185779, Final residual = 8.05176e-06, No Iterations 204
DICPCG:  Solving for p_rgh, Initial residual = 8.07903e-06, Final residual = 9.95728e-08, No Iterations 45
time step continuity errors : sum local = 1.96623e-10, global = 1.63627e-11, cumulative = -1.14592e-06
ExecutionTime = 340.84 s  ClockTime = 343 s

Courant Number mean: 0.200074 max: 0.381746
Interface Courant Number mean: 0.000707195 max: 0.352791
deltaT = 0.000263061
Time = 0.0110559

PIMPLE: iteration 1
smoothSolver:  Solving for alpha.water, Initial residual = 0.0205804, Final residual = 1.27957e-09, No Iterations 3
Phase-1 volume fraction = 0.997811  Min(alpha.water) = 0.000911854  Max(alpha.water) = 1
MULES: Correcting alpha.water
MULES: Correcting alpha.water
Phase-1 volume fraction = 0.997811  Min(alpha.water) = 0.000911856  Max(alpha.water) = 1.00007
DICPCG:  Solving for p_rgh, Initial residual = 0.0941937, Final residual = 0.00350624, No Iterations 4
DICPCG:  Solving for p_rgh, Initial residual = 0.00350417, Final residual = 0.00015142, No Iterations 14
time step continuity errors : sum local = 3.29287e-07, global = -3.15072e-08, cumulative = -1.17743e-06
DICPCG:  Solving for p_rgh, Initial residual = 0.00148887, Final residual = 7.43524e-05, No Iterations 7
DICPCG:  Solving for p_rgh, Initial residual = 7.43487e-05, Final residual = 3.71328e-06, No Iterations 214
time step continuity errors : sum local = 8.06354e-09, global = -3.6707e-11, cumulative = -1.17746e-06
DICPCG:  Solving for p_rgh, Initial residual = 0.000198874, Final residual = 9.20989e-06, No Iterations 203
DICPCG:  Solving for p_rgh, Initial residual = 9.24389e-06, Final residual = 9.89894e-08, No Iterations 54
time step continuity errors : sum local = 2.14415e-10, global = 1.9462e-11, cumulative = -1.17744e-06
ExecutionTime = 348.54 s  ClockTime = 351 s

Courant Number mean: 0.211515 max: 0.397868
Interface Courant Number mean: 0.000736165 max: 0.3311
deltaT = 0.000263061
Time = 0.011319

PIMPLE: iteration 1
smoothSolver:  Solving for alpha.water, Initial residual = 0.0207508, Final residual = 1.26665e-09, No Iterations 3
Phase-1 volume fraction = 0.997811  Min(alpha.water) = 0.000943487  Max(alpha.water) = 1
MULES: Correcting alpha.water
MULES: Correcting alpha.water
Phase-1 volume fraction = 0.997811  Min(alpha.water) = 0.000943242  Max(alpha.water) = 1.00005
DICPCG:  Solving for p_rgh, Initial residual = 0.0979037, Final residual = 0.00354366, No Iterations 4
DICPCG:  Solving for p_rgh, Initial residual = 0.00355095, Final residual = 0.000174058, No Iterations 13
time step continuity errors : sum local = 3.74733e-07, global = -3.11116e-08, cumulative = -1.20856e-06
DICPCG:  Solving for p_rgh, Initial residual = 0.00140622, Final residual = 6.73471e-05, No Iterations 9
DICPCG:  Solving for p_rgh, Initial residual = 6.73462e-05, Final residual = 3.09014e-06, No Iterations 216
time step continuity errors : sum local = 6.64282e-09, global = 1.71569e-11, cumulative = -1.20854e-06
DICPCG:  Solving for p_rgh, Initial residual = 0.000193644, Final residual = 9.67979e-06, No Iterations 203
DICPCG:  Solving for p_rgh, Initial residual = 9.71561e-06, Final residual = 9.54644e-08, No Iterations 55
time step continuity errors : sum local = 2.04706e-10, global = 2.13851e-11, cumulative = -1.20852e-06
ExecutionTime = 355.12 s  ClockTime = 357 s

Courant Number mean: 0.211522 max: 0.417267
Interface Courant Number mean: 0.000741401 max: 0.344434
deltaT = 0.000255324
Time = 0.0115743

PIMPLE: iteration 1
smoothSolver:  Solving for alpha.water, Initial residual = 0.0202082, Final residual = 9.73811e-10, No Iterations 3
Phase-1 volume fraction = 0.997811  Min(alpha.water) = 0.000983615  Max(alpha.water) = 1
MULES: Correcting alpha.water
MULES: Correcting alpha.water
Phase-1 volume fraction = 0.997811  Min(alpha.water) = 0.000983615  Max(alpha.water) = 1.00002
DICPCG:  Solving for p_rgh, Initial residual = 0.0965376, Final residual = 0.00348527, No Iterations 4
DICPCG:  Solving for p_rgh, Initial residual = 0.00348144, Final residual = 0.000170381, No Iterations 13
time step continuity errors : sum local = 3.46957e-07, global = -2.84941e-08, cumulative = -1.23701e-06
DICPCG:  Solving for p_rgh, Initial residual = 0.00137534, Final residual = 6.54095e-05, No Iterations 9
DICPCG:  Solving for p_rgh, Initial residual = 6.54089e-05, Final residual = 3.24499e-06, No Iterations 214
time step continuity errors : sum local = 6.59843e-09, global = 3.48029e-11, cumulative = -1.23698e-06
DICPCG:  Solving for p_rgh, Initial residual = 0.000189639, Final residual = 8.6713e-06, No Iterations 204
DICPCG:  Solving for p_rgh, Initial residual = 8.70172e-06, Final residual = 9.54799e-08, No Iterations 64
time step continuity errors : sum local = 1.93694e-10, global = 1.16517e-11, cumulative = -1.23696e-06
ExecutionTime = 361.72 s  ClockTime = 364 s

Courant Number mean: 0.205309 max: 0.409434
Interface Courant Number mean: 0.00072893 max: 0.342262
deltaT = 0.000247814
Time = 0.0118221

PIMPLE: iteration 1
smoothSolver:  Solving for alpha.water, Initial residual = 0.0195972, Final residual = 7.31935e-10, No Iterations 3
Phase-1 volume fraction = 0.997811  Min(alpha.water) = 0.000998083  Max(alpha.water) = 1.00001
MULES: Correcting alpha.water
MULES: Correcting alpha.water
Phase-1 volume fraction = 0.997811  Min(alpha.water) = 0.000997714  Max(alpha.water) = 1.00001
DICPCG:  Solving for p_rgh, Initial residual = 0.0952026, Final residual = 0.00338287, No Iterations 4
DICPCG:  Solving for p_rgh, Initial residual = 0.00336605, Final residual = 0.000167802, No Iterations 13
time step continuity errors : sum local = 3.25622e-07, global = -2.61672e-08, cumulative = -1.26313e-06
DICPCG:  Solving for p_rgh, Initial residual = 0.00145029, Final residual = 6.5965e-05, No Iterations 9
DICPCG:  Solving for p_rgh, Initial residual = 6.59668e-05, Final residual = 3.21855e-06, No Iterations 169
time step continuity errors : sum local = 6.23678e-09, global = -4.93484e-11, cumulative = -1.26318e-06
DICPCG:  Solving for p_rgh, Initial residual = 0.000193268, Final residual = 9.2022e-06, No Iterations 203
DICPCG:  Solving for p_rgh, Initial residual = 9.23241e-06, Final residual = 9.93314e-08, No Iterations 56
time step continuity errors : sum local = 1.92044e-10, global = 1.56049e-11, cumulative = -1.26317e-06
ExecutionTime = 368.85 s  ClockTime = 371 s

Courant Number mean: 0.19928 max: 0.390503
Interface Courant Number mean: 0.000697093 max: 0.334521
deltaT = 0.000255558
Time = 0.0120777

PIMPLE: iteration 1
smoothSolver:  Solving for alpha.water, Initial residual = 0.0202905, Final residual = 8.57185e-10, No Iterations 3
Phase-1 volume fraction = 0.997811  Min(alpha.water) = 0.00101152  Max(alpha.water) = 1.00001
MULES: Correcting alpha.water
MULES: Correcting alpha.water
Phase-1 volume fraction = 0.997811  Min(alpha.water) = 0.00101152  Max(alpha.water) = 1.00005
DICPCG:  Solving for p_rgh, Initial residual = 0.0959127, Final residual = 0.00346645, No Iterations 4
DICPCG:  Solving for p_rgh, Initial residual = 0.00344444, Final residual = 0.000161818, No Iterations 13
time step continuity errors : sum local = 3.33597e-07, global = -2.81505e-08, cumulative = -1.29132e-06
DICPCG:  Solving for p_rgh, Initial residual = 0.00151578, Final residual = 7.40555e-05, No Iterations 8
DICPCG:  Solving for p_rgh, Initial residual = 7.40561e-05, Final residual = 3.60714e-06, No Iterations 190
time step continuity errors : sum local = 7.42549e-09, global = -5.06565e-11, cumulative = -1.29137e-06
DICPCG:  Solving for p_rgh, Initial residual = 0.000205775, Final residual = 9.2527e-06, No Iterations 203
DICPCG:  Solving for p_rgh, Initial residual = 9.28421e-06, Final residual = 9.41558e-08, No Iterations 54
time step continuity errors : sum local = 1.93409e-10, global = 1.47416e-11, cumulative = -1.29135e-06
ExecutionTime = 376.18 s  ClockTime = 378 s

Courant Number mean: 0.205516 max: 0.383212
Interface Courant Number mean: 0.000731041 max: 0.354519
deltaT = 0.000264077
Time = 0.0123418

PIMPLE: iteration 1
smoothSolver:  Solving for alpha.water, Initial residual = 0.0211024, Final residual = 1.02652e-09, No Iterations 3
Phase-1 volume fraction = 0.997811  Min(alpha.water) = 0.00103112  Max(alpha.water) = 1.00001
MULES: Correcting alpha.water
MULES: Correcting alpha.water
Phase-1 volume fraction = 0.997811  Min(alpha.water) = 0.00103112  Max(alpha.water) = 1.00005
DICPCG:  Solving for p_rgh, Initial residual = 0.0967888, Final residual = 0.00357711, No Iterations 4
DICPCG:  Solving for p_rgh, Initial residual = 0.00357307, Final residual = 0.000157064, No Iterations 13
time step continuity errors : sum local = 3.41573e-07, global = -3.0323e-08, cumulative = -1.32167e-06
DICPCG:  Solving for p_rgh, Initial residual = 0.00150761, Final residual = 6.55247e-05, No Iterations 9
DICPCG:  Solving for p_rgh, Initial residual = 6.5524e-05, Final residual = 2.92446e-06, No Iterations 214
time step continuity errors : sum local = 6.35017e-09, global = -2.33004e-11, cumulative = -1.3217e-06
DICPCG:  Solving for p_rgh, Initial residual = 0.000206757, Final residual = 8.98515e-06, No Iterations 203
DICPCG:  Solving for p_rgh, Initial residual = 9.0172e-06, Final residual = 9.94539e-08, No Iterations 44
time step continuity errors : sum local = 2.15503e-10, global = 2.103e-11, cumulative = -1.32168e-06
ExecutionTime = 383.7 s  ClockTime = 386 s

Courant Number mean: 0.212376 max: 0.393794
Interface Courant Number mean: 0.000743212 max: 0.341133
deltaT = 0.000264077
Time = 0.0126058

PIMPLE: iteration 1
smoothSolver:  Solving for alpha.water, Initial residual = 0.0211811, Final residual = 9.76064e-10, No Iterations 3
Phase-1 volume fraction = 0.997811  Min(alpha.water) = 0.00106173  Max(alpha.water) = 1
MULES: Correcting alpha.water
MULES: Correcting alpha.water
Phase-1 volume fraction = 0.997811  Min(alpha.water) = 0.00106146  Max(alpha.water) = 1.00005
DICPCG:  Solving for p_rgh, Initial residual = 0.0986991, Final residual = 0.00361036, No Iterations 4
DICPCG:  Solving for p_rgh, Initial residual = 0.00360945, Final residual = 0.000160798, No Iterations 13
time step continuity errors : sum local = 3.47773e-07, global = -2.99365e-08, cumulative = -1.35161e-06
DICPCG:  Solving for p_rgh, Initial residual = 0.00138512, Final residual = 6.59194e-05, No Iterations 9
DICPCG:  Solving for p_rgh, Initial residual = 6.59189e-05, Final residual = 3.21655e-06, No Iterations 216
time step continuity errors : sum local = 6.94598e-09, global = 5.70054e-12, cumulative = -1.35161e-06
DICPCG:  Solving for p_rgh, Initial residual = 0.000194611, Final residual = 9.43903e-06, No Iterations 203
DICPCG:  Solving for p_rgh, Initial residual = 9.4723e-06, Final residual = 9.99952e-08, No Iterations 56
time step continuity errors : sum local = 2.15479e-10, global = 2.03509e-11, cumulative = -1.35159e-06
ExecutionTime = 390.39 s  ClockTime = 393 s

Courant Number mean: 0.212388 max: 0.411364
Interface Courant Number mean: 0.000755876 max: 0.347617
deltaT = 0.000254971
Time = 0.0128608

PIMPLE: iteration 1
smoothSolver:  Solving for alpha.water, Initial residual = 0.0203952, Final residual = 7.12029e-10, No Iterations 3
Phase-1 volume fraction = 0.997811  Min(alpha.water) = 0.00110114  Max(alpha.water) = 1
MULES: Correcting alpha.water
MULES: Correcting alpha.water
Phase-1 volume fraction = 0.997811  Min(alpha.water) = 0.00110112  Max(alpha.water) = 1.00002
DICPCG:  Solving for p_rgh, Initial residual = 0.0979656, Final residual = 0.00351149, No Iterations 4
DICPCG:  Solving for p_rgh, Initial residual = 0.00351191, Final residual = 0.000166984, No Iterations 13
time step continuity errors : sum local = 3.37639e-07, global = -2.70288e-08, cumulative = -1.37862e-06
DICPCG:  Solving for p_rgh, Initial residual = 0.00139441, Final residual = 6.64614e-05, No Iterations 9
DICPCG:  Solving for p_rgh, Initial residual = 6.64588e-05, Final residual = 3.03946e-06, No Iterations 215
time step continuity errors : sum local = 6.13718e-09, global = 3.26255e-11, cumulative = -1.37858e-06
DICPCG:  Solving for p_rgh, Initial residual = 0.000192897, Final residual = 9.36396e-06, No Iterations 203
DICPCG:  Solving for p_rgh, Initial residual = 9.39493e-06, Final residual = 9.67301e-08, No Iterations 68
time step continuity errors : sum local = 1.94916e-10, global = 1.0885e-11, cumulative = -1.37857e-06
ExecutionTime = 397.31 s  ClockTime = 399 s

Courant Number mean: 0.205077 max: 0.39791
Interface Courant Number mean: 0.000731695 max: 0.341792
deltaT = 0.000254971
Time = 0.0131158

PIMPLE: iteration 1
smoothSolver:  Solving for alpha.water, Initial residual = 0.0202726, Final residual = 6.54609e-10, No Iterations 3
Phase-1 volume fraction = 0.997811  Min(alpha.water) = 0.00111384  Max(alpha.water) = 1
MULES: Correcting alpha.water
MULES: Correcting alpha.water
Phase-1 volume fraction = 0.997811  Min(alpha.water) = 0.00111332  Max(alpha.water) = 1.00001
DICPCG:  Solving for p_rgh, Initial residual = 0.098817, Final residual = 0.00351048, No Iterations 4
DICPCG:  Solving for p_rgh, Initial residual = 0.00349532, Final residual = 0.000150369, No Iterations 14
time step continuity errors : sum local = 3.04944e-07, global = -2.6849e-08, cumulative = -1.40542e-06
DICPCG:  Solving for p_rgh, Initial residual = 0.00146581, Final residual = 6.88388e-05, No Iterations 8
DICPCG:  Solving for p_rgh, Initial residual = 6.88352e-05, Final residual = 3.37073e-06, No Iterations 217
time step continuity errors : sum local = 6.82638e-09, global = 3.19052e-11, cumulative = -1.40539e-06
DICPCG:  Solving for p_rgh, Initial residual = 0.000200048, Final residual = 9.84971e-06, No Iterations 203
DICPCG:  Solving for p_rgh, Initial residual = 9.88161e-06, Final residual = 9.95141e-08, No Iterations 83
time step continuity errors : sum local = 2.01128e-10, global = 1.01565e-11, cumulative = -1.40538e-06
ExecutionTime = 404.3 s  ClockTime = 406 s

Courant Number mean: 0.205089 max: 0.385066
Interface Courant Number mean: 0.000725417 max: 0.34157
deltaT = 0.000264778
Time = 0.0133806

PIMPLE: iteration 1
smoothSolver:  Solving for alpha.water, Initial residual = 0.0209703, Final residual = 7.97648e-10, No Iterations 3
Phase-1 volume fraction = 0.997811  Min(alpha.water) = 0.00112861  Max(alpha.water) = 1
MULES: Correcting alpha.water
MULES: Correcting alpha.water
Phase-1 volume fraction = 0.997811  Min(alpha.water) = 0.00112861  Max(alpha.water) = 1.00004
DICPCG:  Solving for p_rgh, Initial residual = 0.099512, Final residual = 0.00362475, No Iterations 4
DICPCG:  Solving for p_rgh, Initial residual = 0.00361373, Final residual = 0.000174725, No Iterations 13
time step continuity errors : sum local = 3.78616e-07, global = -2.93523e-08, cumulative = -1.43473e-06
DICPCG:  Solving for p_rgh, Initial residual = 0.00157478, Final residual = 7.16806e-05, No Iterations 8
DICPCG:  Solving for p_rgh, Initial residual = 7.16773e-05, Final residual = 3.42482e-06, No Iterations 212
time step continuity errors : sum local = 7.41068e-09, global = 1.15614e-10, cumulative = -1.43462e-06
DICPCG:  Solving for p_rgh, Initial residual = 0.000221418, Final residual = 9.81106e-06, No Iterations 203
DICPCG:  Solving for p_rgh, Initial residual = 9.84452e-06, Final residual = 9.81646e-08, No Iterations 66
time step continuity errors : sum local = 2.12001e-10, global = 1.28569e-11, cumulative = -1.4346e-06
ExecutionTime = 410.78 s  ClockTime = 413 s

Courant Number mean: 0.212989 max: 0.374074
Interface Courant Number mean: 0.000758589 max: 0.34724
deltaT = 0.000287802
Time = 0.0136684

PIMPLE: iteration 1
smoothSolver:  Solving for alpha.water, Initial residual = 0.0227488, Final residual = 1.28567e-09, No Iterations 3
Phase-1 volume fraction = 0.997811  Min(alpha.water) = 0.00116027  Max(alpha.water) = 1
MULES: Correcting alpha.water
MULES: Correcting alpha.water
Phase-1 volume fraction = 0.997811  Min(alpha.water) = 0.00116026  Max(alpha.water) = 1.00005
DICPCG:  Solving for p_rgh, Initial residual = 0.10583, Final residual = 0.0039409, No Iterations 4
DICPCG:  Solving for p_rgh, Initial residual = 0.00393716, Final residual = 0.000190033, No Iterations 13
time step continuity errors : sum local = 4.74063e-07, global = -3.60077e-08, cumulative = -1.47061e-06
DICPCG:  Solving for p_rgh, Initial residual = 0.0016377, Final residual = 7.87559e-05, No Iterations 8
DICPCG:  Solving for p_rgh, Initial residual = 7.87497e-05, Final residual = 3.81532e-06, No Iterations 215
time step continuity errors : sum local = 9.50278e-09, global = -6.25856e-11, cumulative = -1.47067e-06
DICPCG:  Solving for p_rgh, Initial residual = 0.000243555, Final residual = 1.13761e-05, No Iterations 203
DICPCG:  Solving for p_rgh, Initial residual = 1.14195e-05, Final residual = 9.57723e-08, No Iterations 68
time step continuity errors : sum local = 2.38039e-10, global = 1.71081e-11, cumulative = -1.47066e-06
ExecutionTime = 416.93 s  ClockTime = 419 s

Courant Number mean: 0.231522 max: 0.423747
Interface Courant Number mean: 0.000819483 max: 0.367885
deltaT = 0.000275289
Time = 0.0139437

PIMPLE: iteration 1
smoothSolver:  Solving for alpha.water, Initial residual = 0.021637, Final residual = 9.30124e-10, No Iterations 3
Phase-1 volume fraction = 0.997811  Min(alpha.water) = 0.0011997  Max(alpha.water) = 1
MULES: Correcting alpha.water
MULES: Correcting alpha.water
Phase-1 volume fraction = 0.997811  Min(alpha.water) = 0.00119943  Max(alpha.water) = 1.00003
DICPCG:  Solving for p_rgh, Initial residual = 0.103554, Final residual = 0.00379318, No Iterations 4
DICPCG:  Solving for p_rgh, Initial residual = 0.00379727, Final residual = 0.000185014, No Iterations 13
time step continuity errors : sum local = 4.23879e-07, global = -3.14624e-08, cumulative = -1.50212e-06
DICPCG:  Solving for p_rgh, Initial residual = 0.0014736, Final residual = 7.32961e-05, No Iterations 8
DICPCG:  Solving for p_rgh, Initial residual = 7.32898e-05, Final residual = 3.26383e-06, No Iterations 214
time step continuity errors : sum local = 7.4668e-09, global = 2.6198e-11, cumulative = -1.50209e-06
DICPCG:  Solving for p_rgh, Initial residual = 0.000215933, Final residual = 1.06051e-05, No Iterations 203
DICPCG:  Solving for p_rgh, Initial residual = 1.06425e-05, Final residual = 9.98134e-08, No Iterations 69
time step continuity errors : sum local = 2.27876e-10, global = 1.51268e-11, cumulative = -1.50208e-06
ExecutionTime = 422.95 s  ClockTime = 425 s

Courant Number mean: 0.22147 max: 0.413636
Interface Courant Number mean: 0.000795083 max: 0.359506
deltaT = 0.00026332
Time = 0.014207

PIMPLE: iteration 1
smoothSolver:  Solving for alpha.water, Initial residual = 0.0204897, Final residual = 6.77288e-10, No Iterations 3
Phase-1 volume fraction = 0.997811  Min(alpha.water) = 0.00124486  Max(alpha.water) = 1
MULES: Correcting alpha.water
MULES: Correcting alpha.water
Phase-1 volume fraction = 0.997811  Min(alpha.water) = 0.00124486  Max(alpha.water) = 1.00001
DICPCG:  Solving for p_rgh, Initial residual = 0.102334, Final residual = 0.0036305, No Iterations 4
DICPCG:  Solving for p_rgh, Initial residual = 0.00362831, Final residual = 0.000177861, No Iterations 13
time step continuity errors : sum local = 3.75443e-07, global = -2.78235e-08, cumulative = -1.5299e-06
DICPCG:  Solving for p_rgh, Initial residual = 0.00146815, Final residual = 6.69723e-05, No Iterations 8
DICPCG:  Solving for p_rgh, Initial residual = 6.69663e-05, Final residual = 3.18672e-06, No Iterations 215
time step continuity errors : sum local = 6.71774e-09, global = -2.35158e-11, cumulative = -1.52992e-06
DICPCG:  Solving for p_rgh, Initial residual = 0.000208028, Final residual = 1.03766e-05, No Iterations 203
DICPCG:  Solving for p_rgh, Initial residual = 1.0411e-05, Final residual = 9.75595e-08, No Iterations 70
time step continuity errors : sum local = 2.05305e-10, global = 1.23391e-11, cumulative = -1.52991e-06
ExecutionTime = 429.23 s  ClockTime = 431 s

Courant Number mean: 0.211855 max: 0.385254
Interface Courant Number mean: 0.000751625 max: 0.348135
deltaT = 0.000275859
Time = 0.0144828

PIMPLE: iteration 1
smoothSolver:  Solving for alpha.water, Initial residual = 0.02126, Final residual = 8.70809e-10, No Iterations 3
Phase-1 volume fraction = 0.997811  Min(alpha.water) = 0.00125646  Max(alpha.water) = 1
MULES: Correcting alpha.water
MULES: Correcting alpha.water
Phase-1 volume fraction = 0.997811  Min(alpha.water) = 0.00125643  Max(alpha.water) = 1.00001
DICPCG:  Solving for p_rgh, Initial residual = 0.105569, Final residual = 0.00378647, No Iterations 4
DICPCG:  Solving for p_rgh, Initial residual = 0.00377133, Final residual = 0.000163141, No Iterations 14
time step continuity errors : sum local = 3.7441e-07, global = -3.12104e-08, cumulative = -1.56112e-06
DICPCG:  Solving for p_rgh, Initial residual = 0.00159993, Final residual = 7.65472e-05, No Iterations 6
DICPCG:  Solving for p_rgh, Initial residual = 7.65414e-05, Final residual = 3.60465e-06, No Iterations 216
time step continuity errors : sum local = 8.26042e-09, global = 7.02165e-11, cumulative = -1.56105e-06
DICPCG:  Solving for p_rgh, Initial residual = 0.000230336, Final residual = 9.83877e-06, No Iterations 203
DICPCG:  Solving for p_rgh, Initial residual = 9.87354e-06, Final residual = 9.77015e-08, No Iterations 70
time step continuity errors : sum local = 2.23528e-10, global = 1.17268e-11, cumulative = -1.56104e-06
ExecutionTime = 435.36 s  ClockTime = 438 s

Courant Number mean: 0.221958 max: 0.378837
Interface Courant Number mean: 0.000786327 max: 0.364507
deltaT = 0.000290377
Time = 0.0147732

PIMPLE: iteration 1
smoothSolver:  Solving for alpha.water, Initial residual = 0.022254, Final residual = 1.17196e-09, No Iterations 3
Phase-1 volume fraction = 0.997811  Min(alpha.water) = 0.00127823  Max(alpha.water) = 1
MULES: Correcting alpha.water
MULES: Correcting alpha.water
Phase-1 volume fraction = 0.997811  Min(alpha.water) = 0.00127823  Max(alpha.water) = 1.00001
DICPCG:  Solving for p_rgh, Initial residual = 0.107463, Final residual = 0.00399048, No Iterations 4
DICPCG:  Solving for p_rgh, Initial residual = 0.00398636, Final residual = 0.000175398, No Iterations 14
time step continuity errors : sum local = 4.38395e-07, global = -3.51669e-08, cumulative = -1.59621e-06
DICPCG:  Solving for p_rgh, Initial residual = 0.00169035, Final residual = 8.29331e-05, No Iterations 6
DICPCG:  Solving for p_rgh, Initial residual = 8.29263e-05, Final residual = 3.86129e-06, No Iterations 169
time step continuity errors : sum local = 9.63536e-09, global = -1.57086e-10, cumulative = -1.59636e-06
DICPCG:  Solving for p_rgh, Initial residual = 0.000252437, Final residual = 1.10052e-05, No Iterations 203
DICPCG:  Solving for p_rgh, Initial residual = 1.10456e-05, Final residual = 9.93436e-08, No Iterations 73
time step continuity errors : sum local = 2.47368e-10, global = 1.70309e-11, cumulative = -1.59635e-06
ExecutionTime = 440.83 s  ClockTime = 443 s

Courant Number mean: 0.233655 max: 0.414486
Interface Courant Number mean: 0.000847247 max: 0.379897
deltaT = 0.000275094
Time = 0.0150483

PIMPLE: iteration 1
smoothSolver:  Solving for alpha.water, Initial residual = 0.0210132, Final residual = 8.64175e-10, No Iterations 3
Phase-1 volume fraction = 0.997811  Min(alpha.water) = 0.00130474  Max(alpha.water) = 1
MULES: Correcting alpha.water
MULES: Correcting alpha.water
Phase-1 volume fraction = 0.997811  Min(alpha.water) = 0.00130474  Max(alpha.water) = 1.00003
DICPCG:  Solving for p_rgh, Initial residual = 0.102159, Final residual = 0.00380244, No Iterations 4
DICPCG:  Solving for p_rgh, Initial residual = 0.00380317, Final residual = 0.000170749, No Iterations 14
time step continuity errors : sum local = 3.85969e-07, global = -3.00023e-08, cumulative = -1.62635e-06
DICPCG:  Solving for p_rgh, Initial residual = 0.00148219, Final residual = 7.1254e-05, No Iterations 8
DICPCG:  Solving for p_rgh, Initial residual = 7.12462e-05, Final residual = 3.41203e-06, No Iterations 215
time step continuity errors : sum local = 7.70154e-09, global = 5.69078e-11, cumulative = -1.62629e-06
DICPCG:  Solving for p_rgh, Initial residual = 0.000214703, Final residual = 1.03389e-05, No Iterations 204
DICPCG:  Solving for p_rgh, Initial residual = 1.0373e-05, Final residual = 9.98863e-08, No Iterations 67
time step continuity errors : sum local = 2.24946e-10, global = 1.74051e-11, cumulative = -1.62628e-06
ExecutionTime = 446.76 s  ClockTime = 449 s

Courant Number mean: 0.22137 max: 0.408661
Interface Courant Number mean: 0.000803367 max: 0.355836
deltaT = 0.000275094
Time = 0.0153234

PIMPLE: iteration 1
smoothSolver:  Solving for alpha.water, Initial residual = 0.0208922, Final residual = 8.76943e-10, No Iterations 3
Phase-1 volume fraction = 0.997811  Min(alpha.water) = 0.00134424  Max(alpha.water) = 1
MULES: Correcting alpha.water
MULES: Correcting alpha.water
Phase-1 volume fraction = 0.997811  Min(alpha.water) = 0.00134367  Max(alpha.water) = 1.00002
DICPCG:  Solving for p_rgh, Initial residual = 0.10476, Final residual = 0.00379277, No Iterations 4
DICPCG:  Solving for p_rgh, Initial residual = 0.0037912, Final residual = 0.000171657, No Iterations 13
time step continuity errors : sum local = 3.86001e-07, global = -2.98784e-08, cumulative = -1.65615e-06
DICPCG:  Solving for p_rgh, Initial residual = 0.00143781, Final residual = 6.91652e-05, No Iterations 8
DICPCG:  Solving for p_rgh, Initial residual = 6.91601e-05, Final residual = 3.42629e-06, No Iterations 216
time step continuity errors : sum local = 7.6935e-09, global = 5.17094e-11, cumulative = -1.6561e-06
DICPCG:  Solving for p_rgh, Initial residual = 0.000209804, Final residual = 9.77641e-06, No Iterations 204
DICPCG:  Solving for p_rgh, Initial residual = 9.8096e-06, Final residual = 9.77242e-08, No Iterations 66
time step continuity errors : sum local = 2.19042e-10, global = 1.46213e-11, cumulative = -1.65609e-06
ExecutionTime = 452.59 s  ClockTime = 455 s

Courant Number mean: 0.221385 max: 0.405782
Interface Courant Number mean: 0.000787875 max: 0.358003
deltaT = 0.000275094
Time = 0.0155985

PIMPLE: iteration 1
smoothSolver:  Solving for alpha.water, Initial residual = 0.0207695, Final residual = 8.8663e-10, No Iterations 3
Phase-1 volume fraction = 0.997811  Min(alpha.water) = 0.00135305  Max(alpha.water) = 1
MULES: Correcting alpha.water
MULES: Correcting alpha.water
Phase-1 volume fraction = 0.997811  Min(alpha.water) = 0.0013518  Max(alpha.water) = 1.00001
DICPCG:  Solving for p_rgh, Initial residual = 0.106795, Final residual = 0.00378175, No Iterations 4
DICPCG:  Solving for p_rgh, Initial residual = 0.003773, Final residual = 0.00015956, No Iterations 13
time step continuity errors : sum local = 3.58383e-07, global = -2.95651e-08, cumulative = -1.68565e-06
DICPCG:  Solving for p_rgh, Initial residual = 0.00154406, Final residual = 7.20139e-05, No Iterations 7
DICPCG:  Solving for p_rgh, Initial residual = 7.20092e-05, Final residual = 3.3779e-06, No Iterations 215
time step continuity errors : sum local = 7.57583e-09, global = -3.03732e-11, cumulative = -1.68568e-06
DICPCG:  Solving for p_rgh, Initial residual = 0.000219344, Final residual = 1.02538e-05, No Iterations 203
DICPCG:  Solving for p_rgh, Initial residual = 1.02893e-05, Final residual = 9.81097e-08, No Iterations 69
time step continuity errors : sum local = 2.19765e-10, global = 1.18946e-11, cumulative = -1.68567e-06
ExecutionTime = 458.45 s  ClockTime = 461 s

Courant Number mean: 0.221401 max: 0.387628
Interface Courant Number mean: 0.000781935 max: 0.36367
deltaT = 0.000275094
Time = 0.0158736

PIMPLE: iteration 1
smoothSolver:  Solving for alpha.water, Initial residual = 0.0206842, Final residual = 9.06329e-10, No Iterations 3
Phase-1 volume fraction = 0.997811  Min(alpha.water) = 0.00136599  Max(alpha.water) = 1
MULES: Correcting alpha.water
MULES: Correcting alpha.water
Phase-1 volume fraction = 0.997811  Min(alpha.water) = 0.00136599  Max(alpha.water) = 1.00001
DICPCG:  Solving for p_rgh, Initial residual = 0.103893, Final residual = 0.00378162, No Iterations 4
DICPCG:  Solving for p_rgh, Initial residual = 0.00376957, Final residual = 0.00017433, No Iterations 13
time step continuity errors : sum local = 3.92029e-07, global = -2.92347e-08, cumulative = -1.71491e-06
DICPCG:  Solving for p_rgh, Initial residual = 0.00163848, Final residual = 7.81223e-05, No Iterations 7
DICPCG:  Solving for p_rgh, Initial residual = 7.81165e-05, Final residual = 3.48603e-06, No Iterations 215
time step continuity errors : sum local = 7.82794e-09, global = 5.84223e-11, cumulative = -1.71485e-06
DICPCG:  Solving for p_rgh, Initial residual = 0.000233852, Final residual = 1.11009e-05, No Iterations 203
DICPCG:  Solving for p_rgh, Initial residual = 1.11381e-05, Final residual = 9.99078e-08, No Iterations 76
time step continuity errors : sum local = 2.24002e-10, global = 1.45843e-11, cumulative = -1.71483e-06
ExecutionTime = 464.4 s  ClockTime = 467 s

Courant Number mean: 0.221416 max: 0.396012
Interface Courant Number mean: 0.000790983 max: 0.357235
deltaT = 0.000275094
Time = 0.0161487

PIMPLE: iteration 1
smoothSolver:  Solving for alpha.water, Initial residual = 0.0206983, Final residual = 9.45477e-10, No Iterations 3
Phase-1 volume fraction = 0.997811  Min(alpha.water) = 0.0013859  Max(alpha.water) = 1
MULES: Correcting alpha.water
MULES: Correcting alpha.water
Phase-1 volume fraction = 0.997811  Min(alpha.water) = 0.0013859  Max(alpha.water) = 1.00002
DICPCG:  Solving for p_rgh, Initial residual = 0.102432, Final residual = 0.00380275, No Iterations 4
DICPCG:  Solving for p_rgh, Initial residual = 0.00379695, Final residual = 0.00018693, No Iterations 13
time step continuity errors : sum local = 4.19294e-07, global = -2.89366e-08, cumulative = -1.74377e-06
DICPCG:  Solving for p_rgh, Initial residual = 0.00157235, Final residual = 7.79268e-05, No Iterations 8
DICPCG:  Solving for p_rgh, Initial residual = 7.79167e-05, Final residual = 3.75695e-06, No Iterations 215
time step continuity errors : sum local = 8.4156e-09, global = 7.20721e-11, cumulative = -1.7437e-06
DICPCG:  Solving for p_rgh, Initial residual = 0.000225021, Final residual = 1.10124e-05, No Iterations 204
DICPCG:  Solving for p_rgh, Initial residual = 1.10473e-05, Final residual = 9.4789e-08, No Iterations 94
time step continuity errors : sum local = 2.11871e-10, global = 1.23349e-11, cumulative = -1.74369e-06
ExecutionTime = 470.59 s  ClockTime = 473 s

Courant Number mean: 0.22143 max: 0.420827
Interface Courant Number mean: 0.000806584 max: 0.35262
deltaT = 0.000256755
Time = 0.0164054

PIMPLE: iteration 1
smoothSolver:  Solving for alpha.water, Initial residual = 0.0193379, Final residual = 6.63816e-10, No Iterations 3
Phase-1 volume fraction = 0.997811  Min(alpha.water) = 0.00140811  Max(alpha.water) = 1
MULES: Correcting alpha.water
MULES: Correcting alpha.water
Phase-1 volume fraction = 0.997811  Min(alpha.water) = 0.00140732  Max(alpha.water) = 1.00002
DICPCG:  Solving for p_rgh, Initial residual = 0.0970678, Final residual = 0.00355235, No Iterations 4
DICPCG:  Solving for p_rgh, Initial residual = 0.00355415, Final residual = 0.000167658, No Iterations 13
time step continuity errors : sum local = 3.31025e-07, global = -2.3893e-08, cumulative = -1.76758e-06
DICPCG:  Solving for p_rgh, Initial residual = 0.00134726, Final residual = 6.31653e-05, No Iterations 9
DICPCG:  Solving for p_rgh, Initial residual = 6.31594e-05, Final residual = 2.90116e-06, No Iterations 216
time step continuity errors : sum local = 5.72071e-09, global = 6.51837e-11, cumulative = -1.76751e-06
DICPCG:  Solving for p_rgh, Initial residual = 0.000185374, Final residual = 8.55161e-06, No Iterations 205
DICPCG:  Solving for p_rgh, Initial residual = 8.57603e-06, Final residual = 9.59095e-08, No Iterations 62
time step continuity errors : sum local = 1.88758e-10, global = 1.33502e-11, cumulative = -1.7675e-06
ExecutionTime = 476.35 s  ClockTime = 479 s

Courant Number mean: 0.20668 max: 0.398869
Interface Courant Number mean: 0.000741902 max: 0.32795
deltaT = 0.000256755
Time = 0.0166622

PIMPLE: iteration 1
smoothSolver:  Solving for alpha.water, Initial residual = 0.0193202, Final residual = 6.96202e-10, No Iterations 3
Phase-1 volume fraction = 0.997811  Min(alpha.water) = 0.0014405  Max(alpha.water) = 1.00001
MULES: Correcting alpha.water
MULES: Correcting alpha.water
Phase-1 volume fraction = 0.997811  Min(alpha.water) = 0.00143965  Max(alpha.water) = 1.00003
DICPCG:  Solving for p_rgh, Initial residual = 0.101159, Final residual = 0.00354681, No Iterations 4
DICPCG:  Solving for p_rgh, Initial residual = 0.00354098, Final residual = 0.000150101, No Iterations 13
time step continuity errors : sum local = 2.9564e-07, global = -2.3792e-08, cumulative = -1.79129e-06
DICPCG:  Solving for p_rgh, Initial residual = 0.00134893, Final residual = 6.19354e-05, No Iterations 8
DICPCG:  Solving for p_rgh, Initial residual = 6.19308e-05, Final residual = 3.03646e-06, No Iterations 208
time step continuity errors : sum local = 5.97288e-09, global = 1.68521e-11, cumulative = -1.79128e-06
DICPCG:  Solving for p_rgh, Initial residual = 0.000184366, Final residual = 8.56312e-06, No Iterations 204
DICPCG:  Solving for p_rgh, Initial residual = 8.58843e-06, Final residual = 9.91482e-08, No Iterations 65
time step continuity errors : sum local = 1.94783e-10, global = 1.24696e-11, cumulative = -1.79126e-06
ExecutionTime = 482.31 s  ClockTime = 485 s

Courant Number mean: 0.206694 max: 0.390915
Interface Courant Number mean: 0.000726227 max: 0.335898
deltaT = 0.000256755
Time = 0.0169189

PIMPLE: iteration 1
smoothSolver:  Solving for alpha.water, Initial residual = 0.0193057, Final residual = 7.14933e-10, No Iterations 3
Phase-1 volume fraction = 0.997811  Min(alpha.water) = 0.00144633  Max(alpha.water) = 1.00001
MULES: Correcting alpha.water
MULES: Correcting alpha.water
Phase-1 volume fraction = 0.997811  Min(alpha.water) = 0.00144628  Max(alpha.water) = 1.00005
DICPCG:  Solving for p_rgh, Initial residual = 0.101072, Final residual = 0.00356843, No Iterations 4
DICPCG:  Solving for p_rgh, Initial residual = 0.00356093, Final residual = 0.000144298, No Iterations 13
time step continuity errors : sum local = 2.84009e-07, global = -2.35618e-08, cumulative = -1.81482e-06
DICPCG:  Solving for p_rgh, Initial residual = 0.00147504, Final residual = 6.73728e-05, No Iterations 7
DICPCG:  Solving for p_rgh, Initial residual = 6.73668e-05, Final residual = 3.14096e-06, No Iterations 216
time step continuity errors : sum local = 6.17396e-09, global = -4.95319e-13, cumulative = -1.81482e-06
DICPCG:  Solving for p_rgh, Initial residual = 0.000199365, Final residual = 8.51937e-06, No Iterations 203
DICPCG:  Solving for p_rgh, Initial residual = 8.54502e-06, Final residual = 9.76439e-08, No Iterations 65
time step continuity errors : sum local = 1.91764e-10, global = 1.03309e-11, cumulative = -1.81481e-06
ExecutionTime = 488.16 s  ClockTime = 490 s

Courant Number mean: 0.206708 max: 0.375175
Interface Courant Number mean: 0.000720685 max: 0.36551
deltaT = 0.000280096
Time = 0.017199

PIMPLE: iteration 1
smoothSolver:  Solving for alpha.water, Initial residual = 0.0210302, Final residual = 1.24274e-09, No Iterations 3
Phase-1 volume fraction = 0.997811  Min(alpha.water) = 0.00146228  Max(alpha.water) = 1.00001
MULES: Correcting alpha.water
MULES: Correcting alpha.water
Phase-1 volume fraction = 0.997811  Min(alpha.water) = 0.00146221  Max(alpha.water) = 1.00013
DICPCG:  Solving for p_rgh, Initial residual = 0.106565, Final residual = 0.00388799, No Iterations 4
DICPCG:  Solving for p_rgh, Initial residual = 0.00387272, Final residual = 0.000178267, No Iterations 13
time step continuity errors : sum local = 4.09711e-07, global = -2.92994e-08, cumulative = -1.84411e-06
DICPCG:  Solving for p_rgh, Initial residual = 0.00165527, Final residual = 8.16977e-05, No Iterations 7
DICPCG:  Solving for p_rgh, Initial residual = 8.16874e-05, Final residual = 3.92507e-06, No Iterations 216
time step continuity errors : sum local = 9.00827e-09, global = 6.04522e-11, cumulative = -1.84405e-06
DICPCG:  Solving for p_rgh, Initial residual = 0.000237388, Final residual = 1.11311e-05, No Iterations 203
DICPCG:  Solving for p_rgh, Initial residual = 1.11679e-05, Final residual = 9.79266e-08, No Iterations 83
time step continuity errors : sum local = 2.24443e-10, global = 1.43674e-11, cumulative = -1.84404e-06
ExecutionTime = 494.59 s  ClockTime = 497 s

Courant Number mean: 0.225514 max: 0.430434
Interface Courant Number mean: 0.000813094 max: 0.363341
deltaT = 0.000254633
Time = 0.0174537

PIMPLE: iteration 1
smoothSolver:  Solving for alpha.water, Initial residual = 0.0191984, Final residual = 7.41713e-10, No Iterations 3
Phase-1 volume fraction = 0.997811  Min(alpha.water) = 0.0014789  Max(alpha.water) = 1.00001
MULES: Correcting alpha.water
MULES: Correcting alpha.water
Phase-1 volume fraction = 0.997811  Min(alpha.water) = 0.00147886  Max(alpha.water) = 1.00013
DICPCG:  Solving for p_rgh, Initial residual = 0.0963204, Final residual = 0.0035466, No Iterations 4
DICPCG:  Solving for p_rgh, Initial residual = 0.00354776, Final residual = 0.00017211, No Iterations 13
time step continuity errors : sum local = 3.33126e-07, global = -2.24184e-08, cumulative = -1.86646e-06
DICPCG:  Solving for p_rgh, Initial residual = 0.00143979, Final residual = 6.81069e-05, No Iterations 9
DICPCG:  Solving for p_rgh, Initial residual = 6.80961e-05, Final residual = 3.17545e-06, No Iterations 218
time step continuity errors : sum local = 6.13924e-09, global = 4.32493e-11, cumulative = -1.86641e-06
DICPCG:  Solving for p_rgh, Initial residual = 0.000194689, Final residual = 9.35182e-06, No Iterations 204
DICPCG:  Solving for p_rgh, Initial residual = 9.37692e-06, Final residual = 9.58871e-08, No Iterations 93
time step continuity errors : sum local = 1.85032e-10, global = 1.04761e-11, cumulative = -1.8664e-06
ExecutionTime = 500.89 s  ClockTime = 503 s

Courant Number mean: 0.205024 max: 0.403233
Interface Courant Number mean: 0.00073812 max: 0.33009
deltaT = 0.000254633
Time = 0.0177083

PIMPLE: iteration 1
smoothSolver:  Solving for alpha.water, Initial residual = 0.0192972, Final residual = 8.00679e-10, No Iterations 3
Phase-1 volume fraction = 0.997811  Min(alpha.water) = 0.00150386  Max(alpha.water) = 1.00001
MULES: Correcting alpha.water
MULES: Correcting alpha.water
Phase-1 volume fraction = 0.997811  Min(alpha.water) = 0.00150386  Max(alpha.water) = 1.00002
DICPCG:  Solving for p_rgh, Initial residual = 0.0986583, Final residual = 0.00358084, No Iterations 4
DICPCG:  Solving for p_rgh, Initial residual = 0.00358875, Final residual = 0.000167801, No Iterations 13
time step continuity errors : sum local = 3.21629e-07, global = -2.23951e-08, cumulative = -1.8888e-06
DICPCG:  Solving for p_rgh, Initial residual = 0.00132838, Final residual = 6.58114e-05, No Iterations 9
DICPCG:  Solving for p_rgh, Initial residual = 6.58028e-05, Final residual = 3.24699e-06, No Iterations 179
time step continuity errors : sum local = 6.21616e-09, global = -2.10417e-10, cumulative = -1.88901e-06
DICPCG:  Solving for p_rgh, Initial residual = 0.000180054, Final residual = 8.43412e-06, No Iterations 204
DICPCG:  Solving for p_rgh, Initial residual = 8.45705e-06, Final residual = 9.95288e-08, No Iterations 57
time step continuity errors : sum local = 1.90222e-10, global = 1.67933e-11, cumulative = -1.88899e-06
ExecutionTime = 506.39 s  ClockTime = 509 s

Courant Number mean: 0.205035 max: 0.40194
Interface Courant Number mean: 0.000734278 max: 0.33119
deltaT = 0.000254633
Time = 0.0179629

PIMPLE: iteration 1
smoothSolver:  Solving for alpha.water, Initial residual = 0.0193491, Final residual = 8.25378e-10, No Iterations 3
Phase-1 volume fraction = 0.997811  Min(alpha.water) = 0.00154199  Max(alpha.water) = 1.00001
MULES: Correcting alpha.water
MULES: Correcting alpha.water
Phase-1 volume fraction = 0.997811  Min(alpha.water) = 0.00154199  Max(alpha.water) = 1.00002
DICPCG:  Solving for p_rgh, Initial residual = 0.102804, Final residual = 0.00359837, No Iterations 4
DICPCG:  Solving for p_rgh, Initial residual = 0.00359275, Final residual = 0.00015028, No Iterations 13
time step continuity errors : sum local = 2.87466e-07, global = -2.21248e-08, cumulative = -1.91112e-06
DICPCG:  Solving for p_rgh, Initial residual = 0.00133714, Final residual = 6.30026e-05, No Iterations 8
DICPCG:  Solving for p_rgh, Initial residual = 6.29974e-05, Final residual = 2.94544e-06, No Iterations 216
time step continuity errors : sum local = 5.62697e-09, global = 1.29275e-11, cumulative = -1.9111e-06
DICPCG:  Solving for p_rgh, Initial residual = 0.000181851, Final residual = 8.40298e-06, No Iterations 203
DICPCG:  Solving for p_rgh, Initial residual = 8.42675e-06, Final residual = 9.85801e-08, No Iterations 65
time step continuity errors : sum local = 1.88126e-10, global = 1.22962e-11, cumulative = -1.91109e-06
ExecutionTime = 512.36 s  ClockTime = 515 s

Courant Number mean: 0.205046 max: 0.393331
Interface Courant Number mean: 0.000728027 max: 0.349164
deltaT = 0.000254633
Time = 0.0182176

PIMPLE: iteration 1
smoothSolver:  Solving for alpha.water, Initial residual = 0.0193984, Final residual = 8.16999e-10, No Iterations 3
Phase-1 volume fraction = 0.997811  Min(alpha.water) = 0.00154936  Max(alpha.water) = 1.00001
MULES: Correcting alpha.water
MULES: Correcting alpha.water
Phase-1 volume fraction = 0.997811  Min(alpha.water) = 0.00154893  Max(alpha.water) = 1.00004
DICPCG:  Solving for p_rgh, Initial residual = 0.102129, Final residual = 0.00360637, No Iterations 4
DICPCG:  Solving for p_rgh, Initial residual = 0.00358953, Final residual = 0.000150264, No Iterations 13
time step continuity errors : sum local = 2.88783e-07, global = -2.19721e-08, cumulative = -1.93306e-06
DICPCG:  Solving for p_rgh, Initial residual = 0.00145282, Final residual = 7.00527e-05, No Iterations 7
DICPCG:  Solving for p_rgh, Initial residual = 7.00469e-05, Final residual = 3.37027e-06, No Iterations 214
time step continuity errors : sum local = 6.46859e-09, global = 3.0434e-11, cumulative = -1.93303e-06
DICPCG:  Solving for p_rgh, Initial residual = 0.000195336, Final residual = 8.53132e-06, No Iterations 203
DICPCG:  Solving for p_rgh, Initial residual = 8.55564e-06, Final residual = 9.75925e-08, No Iterations 65
time step continuity errors : sum local = 1.87162e-10, global = 9.72504e-12, cumulative = -1.93302e-06
ExecutionTime = 518.2 s  ClockTime = 521 s

Courant Number mean: 0.205058 max: 0.380251
Interface Courant Number mean: 0.00072469 max: 0.339618
deltaT = 0.000254633
Time = 0.0184722

PIMPLE: iteration 1
smoothSolver:  Solving for alpha.water, Initial residual = 0.0194523, Final residual = 8.06585e-10, No Iterations 3
Phase-1 volume fraction = 0.997811  Min(alpha.water) = 0.00155983  Max(alpha.water) = 1.00001
MULES: Correcting alpha.water
MULES: Correcting alpha.water
Phase-1 volume fraction = 0.997811  Min(alpha.water) = 0.00155983  Max(alpha.water) = 1.00002
DICPCG:  Solving for p_rgh, Initial residual = 0.0989978, Final residual = 0.00359855, No Iterations 4
DICPCG:  Solving for p_rgh, Initial residual = 0.00358482, Final residual = 0.000161156, No Iterations 13
time step continuity errors : sum local = 3.1086e-07, global = -2.17751e-08, cumulative = -1.9548e-06
DICPCG:  Solving for p_rgh, Initial residual = 0.00150317, Final residual = 6.70344e-05, No Iterations 8
DICPCG:  Solving for p_rgh, Initial residual = 6.70267e-05, Final residual = 3.32593e-06, No Iterations 214
time step continuity errors : sum local = 6.40765e-09, global = -2.55749e-12, cumulative = -1.9548e-06
DICPCG:  Solving for p_rgh, Initial residual = 0.000200708, Final residual = 9.42697e-06, No Iterations 203
DICPCG:  Solving for p_rgh, Initial residual = 9.45265e-06, Final residual = 9.98162e-08, No Iterations 76
time step continuity errors : sum local = 1.92076e-10, global = 1.04241e-11, cumulative = -1.95479e-06
ExecutionTime = 524.35 s  ClockTime = 527 s

Courant Number mean: 0.205067 max: 0.392526
Interface Courant Number mean: 0.000732036 max: 0.336253
deltaT = 0.000254633
Time = 0.0187268

PIMPLE: iteration 1
smoothSolver:  Solving for alpha.water, Initial residual = 0.0195551, Final residual = 8.12921e-10, No Iterations 3
Phase-1 volume fraction = 0.997811  Min(alpha.water) = 0.0015754  Max(alpha.water) = 1
MULES: Correcting alpha.water
MULES: Correcting alpha.water
Phase-1 volume fraction = 0.997811  Min(alpha.water) = 0.0015754  Max(alpha.water) = 1.00003
DICPCG:  Solving for p_rgh, Initial residual = 0.0979475, Final residual = 0.00360799, No Iterations 4
DICPCG:  Solving for p_rgh, Initial residual = 0.0036121, Final residual = 0.00016491, No Iterations 13
time step continuity errors : sum local = 3.16025e-07, global = -2.15671e-08, cumulative = -1.97636e-06
DICPCG:  Solving for p_rgh, Initial residual = 0.00143446, Final residual = 6.91799e-05, No Iterations 9
DICPCG:  Solving for p_rgh, Initial residual = 6.91699e-05, Final residual = 3.04958e-06, No Iterations 219
time step continuity errors : sum local = 5.83722e-09, global = -3.19996e-11, cumulative = -1.97639e-06
DICPCG:  Solving for p_rgh, Initial residual = 0.000192665, Final residual = 9.05673e-06, No Iterations 205
DICPCG:  Solving for p_rgh, Initial residual = 9.08061e-06, Final residual = 9.88989e-08, No Iterations 81
time step continuity errors : sum local = 1.8901e-10, global = 1.52819e-11, cumulative = -1.97638e-06
ExecutionTime = 530.6 s  ClockTime = 533 s

Courant Number mean: 0.205076 max: 0.39519
Interface Courant Number mean: 0.000743803 max: 0.338219
deltaT = 0.000254633
Time = 0.0189815

PIMPLE: iteration 1
smoothSolver:  Solving for alpha.water, Initial residual = 0.0196592, Final residual = 8.43245e-10, No Iterations 3
Phase-1 volume fraction = 0.997811  Min(alpha.water) = 0.00159918  Max(alpha.water) = 1
MULES: Correcting alpha.water
MULES: Correcting alpha.water
Phase-1 volume fraction = 0.997811  Min(alpha.water) = 0.00159918  Max(alpha.water) = 1.00003
DICPCG:  Solving for p_rgh, Initial residual = 0.100213, Final residual = 0.00365071, No Iterations 4
DICPCG:  Solving for p_rgh, Initial residual = 0.00365577, Final residual = 0.000166448, No Iterations 13
time step continuity errors : sum local = 3.16514e-07, global = -2.13689e-08, cumulative = -1.99774e-06
DICPCG:  Solving for p_rgh, Initial residual = 0.00133199, Final residual = 6.0823e-05, No Iterations 10
DICPCG:  Solving for p_rgh, Initial residual = 6.08174e-05, Final residual = 2.91905e-06, No Iterations 213
time step continuity errors : sum local = 5.54372e-09, global = 4.67848e-11, cumulative = -1.9977e-06
DICPCG:  Solving for p_rgh, Initial residual = 0.000179891, Final residual = 8.51195e-06, No Iterations 204
DICPCG:  Solving for p_rgh, Initial residual = 8.53444e-06, Final residual = 9.98641e-08, No Iterations 56
time step continuity errors : sum local = 1.89373e-10, global = 1.71304e-11, cumulative = -1.99768e-06
ExecutionTime = 536.35 s  ClockTime = 539 s

Courant Number mean: 0.205083 max: 0.39078
Interface Courant Number mean: 0.000748133 max: 0.339361
deltaT = 0.000254633
Time = 0.0192361

PIMPLE: iteration 1
smoothSolver:  Solving for alpha.water, Initial residual = 0.0197333, Final residual = 8.34879e-10, No Iterations 3
Phase-1 volume fraction = 0.997811  Min(alpha.water) = 0.00163498  Max(alpha.water) = 1.00001
MULES: Correcting alpha.water
MULES: Correcting alpha.water
Phase-1 volume fraction = 0.997811  Min(alpha.water) = 0.00163458  Max(alpha.water) = 1.00001
DICPCG:  Solving for p_rgh, Initial residual = 0.104301, Final residual = 0.00366409, No Iterations 4
DICPCG:  Solving for p_rgh, Initial residual = 0.00366032, Final residual = 0.00015152, No Iterations 13
time step continuity errors : sum local = 2.87317e-07, global = -2.11838e-08, cumulative = -2.01886e-06
DICPCG:  Solving for p_rgh, Initial residual = 0.0013354, Final residual = 6.00251e-05, No Iterations 9
DICPCG:  Solving for p_rgh, Initial residual = 6.0022e-05, Final residual = 2.77675e-06, No Iterations 192
time step continuity errors : sum local = 5.25812e-09, global = -3.03212e-11, cumulative = -2.01889e-06
DICPCG:  Solving for p_rgh, Initial residual = 0.000182751, Final residual = 8.74649e-06, No Iterations 203
DICPCG:  Solving for p_rgh, Initial residual = 8.77023e-06, Final residual = 9.98943e-08, No Iterations 65
time step continuity errors : sum local = 1.88959e-10, global = 1.22023e-11, cumulative = -2.01888e-06
ExecutionTime = 542.14 s  ClockTime = 545 s

Courant Number mean: 0.205091 max: 0.380489
Interface Courant Number mean: 0.000732957 max: 0.346082
deltaT = 0.000254633
Time = 0.0194907

PIMPLE: iteration 1
smoothSolver:  Solving for alpha.water, Initial residual = 0.0197906, Final residual = 7.9908e-10, No Iterations 3
Phase-1 volume fraction = 0.997811  Min(alpha.water) = 0.00164328  Max(alpha.water) = 1.00001
MULES: Correcting alpha.water
MULES: Correcting alpha.water
Phase-1 volume fraction = 0.997811  Min(alpha.water) = 0.00164287  Max(alpha.water) = 1.00002
DICPCG:  Solving for p_rgh, Initial residual = 0.103708, Final residual = 0.00365988, No Iterations 4
DICPCG:  Solving for p_rgh, Initial residual = 0.00363497, Final residual = 0.000150327, No Iterations 13
time step continuity errors : sum local = 2.87683e-07, global = -2.10046e-08, cumulative = -2.03989e-06
DICPCG:  Solving for p_rgh, Initial residual = 0.00145509, Final residual = 7.07393e-05, No Iterations 7
DICPCG:  Solving for p_rgh, Initial residual = 7.07362e-05, Final residual = 3.43781e-06, No Iterations 211
time step continuity errors : sum local = 6.56977e-09, global = -8.85668e-11, cumulative = -2.03998e-06
DICPCG:  Solving for p_rgh, Initial residual = 0.000194695, Final residual = 9.58418e-06, No Iterations 202
DICPCG:  Solving for p_rgh, Initial residual = 9.61025e-06, Final residual = 9.80935e-08, No Iterations 73
time step continuity errors : sum local = 1.87312e-10, global = 1.0979e-11, cumulative = -2.03996e-06
ExecutionTime = 547.95 s  ClockTime = 550 s

Courant Number mean: 0.2051 max: 0.367368
Interface Courant Number mean: 0.000731763 max: 0.345843
deltaT = 0.000254633
Time = 0.0197454

PIMPLE: iteration 1
smoothSolver:  Solving for alpha.water, Initial residual = 0.0198731, Final residual = 7.65989e-10, No Iterations 3
Phase-1 volume fraction = 0.997811  Min(alpha.water) = 0.00165314  Max(alpha.water) = 1
MULES: Correcting alpha.water
MULES: Correcting alpha.water
Phase-1 volume fraction = 0.997811  Min(alpha.water) = 0.00165314  Max(alpha.water) = 1.00002
DICPCG:  Solving for p_rgh, Initial residual = 0.0995429, Final residual = 0.00363585, No Iterations 4
DICPCG:  Solving for p_rgh, Initial residual = 0.0036207, Final residual = 0.000150329, No Iterations 13
time step continuity errors : sum local = 2.88938e-07, global = -2.08068e-08, cumulative = -2.06077e-06
DICPCG:  Solving for p_rgh, Initial residual = 0.00150229, Final residual = 7.20717e-05, No Iterations 7
DICPCG:  Solving for p_rgh, Initial residual = 7.20646e-05, Final residual = 3.47832e-06, No Iterations 215
time step continuity errors : sum local = 6.67699e-09, global = 7.84543e-11, cumulative = -2.06069e-06
DICPCG:  Solving for p_rgh, Initial residual = 0.00020034, Final residual = 8.82982e-06, No Iterations 203
DICPCG:  Solving for p_rgh, Initial residual = 8.85309e-06, Final residual = 9.99814e-08, No Iterations 69
time step continuity errors : sum local = 1.91738e-10, global = 1.13444e-11, cumulative = -2.06068e-06
ExecutionTime = 554.05 s  ClockTime = 557 s

Courant Number mean: 0.205107 max: 0.366681
Interface Courant Number mean: 0.000730776 max: 0.338103
deltaT = 0.000254633
Time = 0.02

PIMPLE: iteration 1
smoothSolver:  Solving for alpha.water, Initial residual = 0.0199323, Final residual = 7.46812e-10, No Iterations 3
Phase-1 volume fraction = 0.997811  Min(alpha.water) = 0.00166761  Max(alpha.water) = 1
MULES: Correcting alpha.water
MULES: Correcting alpha.water
Phase-1 volume fraction = 0.997811  Min(alpha.water) = 0.00166761  Max(alpha.water) = 1.00002
DICPCG:  Solving for p_rgh, Initial residual = 0.0985825, Final residual = 0.00364533, No Iterations 4
DICPCG:  Solving for p_rgh, Initial residual = 0.00364972, Final residual = 0.000159674, No Iterations 13
time step continuity errors : sum local = 3.04882e-07, global = -2.06416e-08, cumulative = -2.08132e-06
DICPCG:  Solving for p_rgh, Initial residual = 0.00142024, Final residual = 6.89352e-05, No Iterations 8
DICPCG:  Solving for p_rgh, Initial residual = 6.8928e-05, Final residual = 3.36564e-06, No Iterations 217
time step continuity errors : sum local = 6.41818e-09, global = 3.28837e-11, cumulative = -2.08129e-06
DICPCG:  Solving for p_rgh, Initial residual = 0.000192014, Final residual = 9.26794e-06, No Iterations 203
DICPCG:  Solving for p_rgh, Initial residual = 9.29164e-06, Final residual = 9.98836e-08, No Iterations 68
time step continuity errors : sum local = 1.90231e-10, global = 1.44286e-11, cumulative = -2.08128e-06
ExecutionTime = 561.36 s  ClockTime = 565 s

Courant Number mean: 0.205114 max: 0.365963
Interface Courant Number mean: 0.000745106 max: 0.337429
deltaT = 0.000277778
Time = 0.0202778

PIMPLE: iteration 1
smoothSolver:  Solving for alpha.water, Initial residual = 0.0217544, Final residual = 1.24175e-09, No Iterations 3
Phase-1 volume fraction = 0.997811  Min(alpha.water) = 0.0016999  Max(alpha.water) = 1
MULES: Correcting alpha.water
MULES: Correcting alpha.water
Phase-1 volume fraction = 0.997811  Min(alpha.water) = 0.0016999  Max(alpha.water) = 1.00006
DICPCG:  Solving for p_rgh, Initial residual = 0.109397, Final residual = 0.004003, No Iterations 4
DICPCG:  Solving for p_rgh, Initial residual = 0.00400909, Final residual = 0.000173536, No Iterations 13
time step continuity errors : sum local = 3.8262e-07, global = -2.56907e-08, cumulative = -2.10697e-06
DICPCG:  Solving for p_rgh, Initial residual = 0.00145897, Final residual = 7.07047e-05, No Iterations 9
DICPCG:  Solving for p_rgh, Initial residual = 7.07004e-05, Final residual = 3.53454e-06, No Iterations 213
time step continuity errors : sum local = 7.78125e-09, global = 7.75543e-11, cumulative = -2.10689e-06
DICPCG:  Solving for p_rgh, Initial residual = 0.000211474, Final residual = 1.01416e-05, No Iterations 203
DICPCG:  Solving for p_rgh, Initial residual = 1.01715e-05, Final residual = 9.80446e-08, No Iterations 72
time step continuity errors : sum local = 2.15564e-10, global = 1.69509e-11, cumulative = -2.10687e-06
ExecutionTime = 567.7 s  ClockTime = 571 s

Courant Number mean: 0.223765 max: 0.391036
Interface Courant Number mean: 0.000815437 max: 0.371822
deltaT = 0.000285829
Time = 0.0205636

PIMPLE: iteration 1
smoothSolver:  Solving for alpha.water, Initial residual = 0.0223574, Final residual = 1.41494e-09, No Iterations 3
Phase-1 volume fraction = 0.997811  Min(alpha.water) = 0.00175669  Max(alpha.water) = 1.00001
MULES: Correcting alpha.water
MULES: Correcting alpha.water
Phase-1 volume fraction = 0.997811  Min(alpha.water) = 0.00175669  Max(alpha.water) = 1.00003
DICPCG:  Solving for p_rgh, Initial residual = 0.115978, Final residual = 0.00412299, No Iterations 4
DICPCG:  Solving for p_rgh, Initial residual = 0.0041108, Final residual = 0.000176051, No Iterations 13
time step continuity errors : sum local = 4.08197e-07, global = -2.7234e-08, cumulative = -2.13411e-06
DICPCG:  Solving for p_rgh, Initial residual = 0.0015438, Final residual = 7.29816e-05, No Iterations 8
DICPCG:  Solving for p_rgh, Initial residual = 7.29765e-05, Final residual = 3.54017e-06, No Iterations 216
time step continuity errors : sum local = 8.19536e-09, global = 8.75907e-11, cumulative = -2.13402e-06
DICPCG:  Solving for p_rgh, Initial residual = 0.000227316, Final residual = 1.05742e-05, No Iterations 203
DICPCG:  Solving for p_rgh, Initial residual = 1.06072e-05, Final residual = 9.88824e-08, No Iterations 91
time step continuity errors : sum local = 2.28678e-10, global = 1.4969e-11, cumulative = -2.134e-06
ExecutionTime = 573.82 s  ClockTime = 577 s

Courant Number mean: 0.23026 max: 0.390933
Interface Courant Number mean: 0.000835275 max: 0.388097
deltaT = 0.000294491
Time = 0.0208581

PIMPLE: iteration 1
smoothSolver:  Solving for alpha.water, Initial residual = 0.0230079, Final residual = 1.59167e-09, No Iterations 3
Phase-1 volume fraction = 0.997811  Min(alpha.water) = 0.00177209  Max(alpha.water) = 1.00001
MULES: Correcting alpha.water
MULES: Correcting alpha.water
Phase-1 volume fraction = 0.997811  Min(alpha.water) = 0.00177172  Max(alpha.water) = 1.00002
DICPCG:  Solving for p_rgh, Initial residual = 0.116604, Final residual = 0.00423742, No Iterations 4
DICPCG:  Solving for p_rgh, Initial residual = 0.00421399, Final residual = 0.000177046, No Iterations 13
time step continuity errors : sum local = 4.34915e-07, global = -2.90855e-08, cumulative = -2.16309e-06
DICPCG:  Solving for p_rgh, Initial residual = 0.00170944, Final residual = 8.46393e-05, No Iterations 7
DICPCG:  Solving for p_rgh, Initial residual = 8.46315e-05, Final residual = 3.97559e-06, No Iterations 215
time step continuity errors : sum local = 9.75031e-09, global = 8.92121e-11, cumulative = -2.163e-06
DICPCG:  Solving for p_rgh, Initial residual = 0.000254359, Final residual = 1.24473e-05, No Iterations 202
DICPCG:  Solving for p_rgh, Initial residual = 1.24875e-05, Final residual = 9.96925e-08, No Iterations 99
time step continuity errors : sum local = 2.44292e-10, global = 2.18474e-11, cumulative = -2.16298e-06
ExecutionTime = 580.02 s  ClockTime = 583 s

Courant Number mean: 0.237248 max: 0.395163
Interface Courant Number mean: 0.000866194 max: 0.395163
deltaT = 0.000299092
Time = 0.0211572

PIMPLE: iteration 1
smoothSolver:  Solving for alpha.water, Initial residual = 0.0233609, Final residual = 1.68625e-09, No Iterations 3
Phase-1 volume fraction = 0.997811  Min(alpha.water) = 0.0017953  Max(alpha.water) = 1.00001
MULES: Correcting alpha.water
MULES: Correcting alpha.water
Phase-1 volume fraction = 0.997811  Min(alpha.water) = 0.0017953  Max(alpha.water) = 1.00002
DICPCG:  Solving for p_rgh, Initial residual = 0.114364, Final residual = 0.00429735, No Iterations 4
DICPCG:  Solving for p_rgh, Initial residual = 0.00429727, Final residual = 0.00017666, No Iterations 13
time step continuity errors : sum local = 4.43569e-07, global = -2.98903e-08, cumulative = -2.19287e-06
DICPCG:  Solving for p_rgh, Initial residual = 0.00170396, Final residual = 8.51278e-05, No Iterations 7
DICPCG:  Solving for p_rgh, Initial residual = 8.51191e-05, Final residual = 3.93765e-06, No Iterations 215
time step continuity errors : sum local = 9.8709e-09, global = 3.21811e-11, cumulative = -2.19284e-06
DICPCG:  Solving for p_rgh, Initial residual = 0.000258353, Final residual = 1.17444e-05, No Iterations 203
DICPCG:  Solving for p_rgh, Initial residual = 1.17822e-05, Final residual = 9.99874e-08, No Iterations 93
time step continuity errors : sum local = 2.50367e-10, global = 1.48298e-11, cumulative = -2.19282e-06
ExecutionTime = 586.38 s  ClockTime = 590 s

Courant Number mean: 0.240966 max: 0.399269
Interface Courant Number mean: 0.000890488 max: 0.386489
deltaT = 0.000299092
Time = 0.0214563

PIMPLE: iteration 1
smoothSolver:  Solving for alpha.water, Initial residual = 0.0233383, Final residual = 1.64085e-09, No Iterations 3
Phase-1 volume fraction = 0.997811  Min(alpha.water) = 0.00183027  Max(alpha.water) = 1.00001
MULES: Correcting alpha.water
MULES: Correcting alpha.water
Phase-1 volume fraction = 0.997811  Min(alpha.water) = 0.00183027  Max(alpha.water) = 1.00005
DICPCG:  Solving for p_rgh, Initial residual = 0.11589, Final residual = 0.00432732, No Iterations 4
DICPCG:  Solving for p_rgh, Initial residual = 0.00433559, Final residual = 0.000189613, No Iterations 13
time step continuity errors : sum local = 4.71704e-07, global = -2.95594e-08, cumulative = -2.22238e-06
DICPCG:  Solving for p_rgh, Initial residual = 0.00160401, Final residual = 7.6844e-05, No Iterations 9
DICPCG:  Solving for p_rgh, Initial residual = 7.68376e-05, Final residual = 3.51617e-06, No Iterations 213
time step continuity errors : sum local = 8.73254e-09, global = 6.42e-11, cumulative = -2.22232e-06
DICPCG:  Solving for p_rgh, Initial residual = 0.000246849, Final residual = 1.17967e-05, No Iterations 203
DICPCG:  Solving for p_rgh, Initial residual = 1.18338e-05, Final residual = 9.80125e-08, No Iterations 96
time step continuity errors : sum local = 2.43075e-10, global = 1.30511e-11, cumulative = -2.2223e-06
ExecutionTime = 592.76 s  ClockTime = 596 s

Courant Number mean: 0.240978 max: 0.394268
Interface Courant Number mean: 0.000898121 max: 0.391998
deltaT = 0.000303995
Time = 0.0217603

PIMPLE: iteration 1
smoothSolver:  Solving for alpha.water, Initial residual = 0.0235752, Final residual = 1.77424e-09, No Iterations 3
Phase-1 volume fraction = 0.997811  Min(alpha.water) = 0.00188671  Max(alpha.water) = 1.00001
MULES: Correcting alpha.water
MULES: Correcting alpha.water
Phase-1 volume fraction = 0.997811  Min(alpha.water) = 0.0018862  Max(alpha.water) = 1.00005
DICPCG:  Solving for p_rgh, Initial residual = 0.12105, Final residual = 0.00439427, No Iterations 4
DICPCG:  Solving for p_rgh, Initial residual = 0.00438228, Final residual = 0.000189765, No Iterations 13
time step continuity errors : sum local = 4.8526e-07, global = -3.05403e-08, cumulative = -2.25284e-06
DICPCG:  Solving for p_rgh, Initial residual = 0.00163109, Final residual = 7.7171e-05, No Iterations 8
DICPCG:  Solving for p_rgh, Initial residual = 7.71642e-05, Final residual = 3.69797e-06, No Iterations 214
time step continuity errors : sum local = 9.44032e-09, global = 1.03768e-10, cumulative = -2.25274e-06
DICPCG:  Solving for p_rgh, Initial residual = 0.000251137, Final residual = 1.14585e-05, No Iterations 203
DICPCG:  Solving for p_rgh, Initial residual = 1.14957e-05, Final residual = 9.96664e-08, No Iterations 81
time step continuity errors : sum local = 2.54136e-10, global = 1.91216e-11, cumulative = -2.25272e-06
ExecutionTime = 598.78 s  ClockTime = 602 s

Courant Number mean: 0.244941 max: 0.405802
Interface Courant Number mean: 0.000895475 max: 0.405802
deltaT = 0.000299012
Time = 0.0220593

PIMPLE: iteration 1
smoothSolver:  Solving for alpha.water, Initial residual = 0.0230908, Final residual = 1.54404e-09, No Iterations 3
Phase-1 volume fraction = 0.997811  Min(alpha.water) = 0.0019629  Max(alpha.water) = 1.00001
MULES: Correcting alpha.water
MULES: Correcting alpha.water
Phase-1 volume fraction = 0.997811  Min(alpha.water) = 0.00196218  Max(alpha.water) = 1.00002
DICPCG:  Solving for p_rgh, Initial residual = 0.117414, Final residual = 0.00430727, No Iterations 4
DICPCG:  Solving for p_rgh, Initial residual = 0.00428684, Final residual = 0.000191088, No Iterations 13
time step continuity errors : sum local = 4.76889e-07, global = -2.89324e-08, cumulative = -2.28165e-06
DICPCG:  Solving for p_rgh, Initial residual = 0.00169246, Final residual = 7.47945e-05, No Iterations 8
DICPCG:  Solving for p_rgh, Initial residual = 7.47862e-05, Final residual = 3.57088e-06, No Iterations 218
time step continuity errors : sum local = 8.89754e-09, global = 2.97921e-11, cumulative = -2.28162e-06
DICPCG:  Solving for p_rgh, Initial residual = 0.000256739, Final residual = 1.20356e-05, No Iterations 203
DICPCG:  Solving for p_rgh, Initial residual = 1.20737e-05, Final residual = 9.98789e-08, No Iterations 100
time step continuity errors : sum local = 2.48651e-10, global = 2.243e-11, cumulative = -2.2816e-06
ExecutionTime = 604.96 s  ClockTime = 608 s

Courant Number mean: 0.240938 max: 0.396785
Interface Courant Number mean: 0.00088245 max: 0.396785
deltaT = 0.000299012
Time = 0.0223583

PIMPLE: iteration 1
smoothSolver:  Solving for alpha.water, Initial residual = 0.0229984, Final residual = 1.52452e-09, No Iterations 3
Phase-1 volume fraction = 0.997811  Min(alpha.water) = 0.00198004  Max(alpha.water) = 1.00001
MULES: Correcting alpha.water
MULES: Correcting alpha.water
Phase-1 volume fraction = 0.997811  Min(alpha.water) = 0.00198004  Max(alpha.water) = 1.00002
DICPCG:  Solving for p_rgh, Initial residual = 0.114453, Final residual = 0.00431957, No Iterations 4
DICPCG:  Solving for p_rgh, Initial residual = 0.00432063, Final residual = 0.000184634, No Iterations 13
time step continuity errors : sum local = 4.58257e-07, global = -2.86998e-08, cumulative = -2.3103e-06
DICPCG:  Solving for p_rgh, Initial residual = 0.00167519, Final residual = 8.07729e-05, No Iterations 8
DICPCG:  Solving for p_rgh, Initial residual = 8.07646e-05, Final residual = 3.80947e-06, No Iterations 217
time step continuity errors : sum local = 9.43969e-09, global = 1.96005e-11, cumulative = -2.31028e-06
DICPCG:  Solving for p_rgh, Initial residual = 0.000256204, Final residual = 1.16374e-05, No Iterations 204
DICPCG:  Solving for p_rgh, Initial residual = 1.16735e-05, Final residual = 9.99289e-08, No Iterations 97
time step continuity errors : sum local = 2.47358e-10, global = 1.8936e-11, cumulative = -2.31026e-06
ExecutionTime = 611.18 s  ClockTime = 615 s

Courant Number mean: 0.24095 max: 0.386006
Interface Courant Number mean: 0.000900444 max: 0.385805
deltaT = 0.000309503
Time = 0.0226678

PIMPLE: iteration 1
smoothSolver:  Solving for alpha.water, Initial residual = 0.0237213, Final residual = 1.82613e-09, No Iterations 3
Phase-1 volume fraction = 0.997811  Min(alpha.water) = 0.00201006  Max(alpha.water) = 1.00001
MULES: Correcting alpha.water
MULES: Correcting alpha.water
Phase-1 volume fraction = 0.997811  Min(alpha.water) = 0.00201006  Max(alpha.water) = 1.00005
DICPCG:  Solving for p_rgh, Initial residual = 0.119319, Final residual = 0.00449568, No Iterations 4
DICPCG:  Solving for p_rgh, Initial residual = 0.00450052, Final residual = 0.000195392, No Iterations 13
time step continuity errors : sum local = 5.10626e-07, global = -3.10906e-08, cumulative = -2.34135e-06
DICPCG:  Solving for p_rgh, Initial residual = 0.00165219, Final residual = 7.76506e-05, No Iterations 9
DICPCG:  Solving for p_rgh, Initial residual = 7.76439e-05, Final residual = 3.84765e-06, No Iterations 214
time step continuity errors : sum local = 1.00376e-08, global = 7.50458e-11, cumulative = -2.34128e-06
DICPCG:  Solving for p_rgh, Initial residual = 0.00026045, Final residual = 1.28081e-05, No Iterations 203
DICPCG:  Solving for p_rgh, Initial residual = 1.28489e-05, Final residual = 9.85418e-08, No Iterations 116
time step continuity errors : sum local = 2.5672e-10, global = 1.5143e-11, cumulative = -2.34126e-06
ExecutionTime = 617.54 s  ClockTime = 621 s

Courant Number mean: 0.24942 max: 0.398568
Interface Courant Number mean: 0.000940018 max: 0.392428
deltaT = 0.000309503
Time = 0.0229773

PIMPLE: iteration 1
smoothSolver:  Solving for alpha.water, Initial residual = 0.0236363, Final residual = 1.82411e-09, No Iterations 3
Phase-1 volume fraction = 0.997811  Min(alpha.water) = 0.0020569  Max(alpha.water) = 1.00001
MULES: Correcting alpha.water
MULES: Correcting alpha.water
Phase-1 volume fraction = 0.997811  Min(alpha.water) = 0.0020558  Max(alpha.water) = 1.00007
DICPCG:  Solving for p_rgh, Initial residual = 0.122282, Final residual = 0.00448201, No Iterations 4
DICPCG:  Solving for p_rgh, Initial residual = 0.00446936, Final residual = 0.000182477, No Iterations 13
time step continuity errors : sum local = 4.76632e-07, global = -3.07006e-08, cumulative = -2.37196e-06
DICPCG:  Solving for p_rgh, Initial residual = 0.00165674, Final residual = 8.16194e-05, No Iterations 8
DICPCG:  Solving for p_rgh, Initial residual = 8.16117e-05, Final residual = 3.71786e-06, No Iterations 217
time step continuity errors : sum local = 9.69444e-09, global = 1.07287e-11, cumulative = -2.37195e-06
DICPCG:  Solving for p_rgh, Initial residual = 0.000257246, Final residual = 1.14266e-05, No Iterations 203
DICPCG:  Solving for p_rgh, Initial residual = 1.14634e-05, Final residual = 9.93754e-08, No Iterations 94
time step continuity errors : sum local = 2.58831e-10, global = 1.76226e-11, cumulative = -2.37193e-06
ExecutionTime = 623.67 s  ClockTime = 627 s

Courant Number mean: 0.249434 max: 0.402647
Interface Courant Number mean: 0.000921379 max: 0.396484
deltaT = 0.000309503
Time = 0.0232868

PIMPLE: iteration 1
smoothSolver:  Solving for alpha.water, Initial residual = 0.0234992, Final residual = 1.80954e-09, No Iterations 3
Phase-1 volume fraction = 0.997811  Min(alpha.water) = 0.00212799  Max(alpha.water) = 1.00001
MULES: Correcting alpha.water
MULES: Correcting alpha.water
Phase-1 volume fraction = 0.997811  Min(alpha.water) = 0.00212785  Max(alpha.water) = 1.00002
DICPCG:  Solving for p_rgh, Initial residual = 0.120389, Final residual = 0.00446518, No Iterations 4
DICPCG:  Solving for p_rgh, Initial residual = 0.00444232, Final residual = 0.000185516, No Iterations 13
time step continuity errors : sum local = 4.8691e-07, global = -3.04021e-08, cumulative = -2.40234e-06
DICPCG:  Solving for p_rgh, Initial residual = 0.001711, Final residual = 7.79422e-05, No Iterations 8
DICPCG:  Solving for p_rgh, Initial residual = 7.79313e-05, Final residual = 3.74667e-06, No Iterations 217
time step continuity errors : sum local = 9.81762e-09, global = 2.5841e-11, cumulative = -2.40231e-06
DICPCG:  Solving for p_rgh, Initial residual = 0.00026523, Final residual = 1.29638e-05, No Iterations 203
DICPCG:  Solving for p_rgh, Initial residual = 1.30054e-05, Final residual = 9.88893e-08, No Iterations 118
time step continuity errors : sum local = 2.58883e-10, global = 1.63653e-11, cumulative = -2.40229e-06
ExecutionTime = 630.27 s  ClockTime = 634 s

Courant Number mean: 0.249449 max: 0.402923
Interface Courant Number mean: 0.00093156 max: 0.402721
deltaT = 0.000309503
Time = 0.0235963

PIMPLE: iteration 1
smoothSolver:  Solving for alpha.water, Initial residual = 0.0233825, Final residual = 1.85513e-09, No Iterations 3
Phase-1 volume fraction = 0.997811  Min(alpha.water) = 0.00214619  Max(alpha.water) = 1
MULES: Correcting alpha.water
MULES: Correcting alpha.water
Phase-1 volume fraction = 0.997811  Min(alpha.water) = 0.00214619  Max(alpha.water) = 1.00002
DICPCG:  Solving for p_rgh, Initial residual = 0.118208, Final residual = 0.0044644, No Iterations 4
DICPCG:  Solving for p_rgh, Initial residual = 0.00446701, Final residual = 0.00020561, No Iterations 13
time step continuity errors : sum local = 5.36154e-07, global = -3.0127e-08, cumulative = -2.43242e-06
DICPCG:  Solving for p_rgh, Initial residual = 0.00169942, Final residual = 8.10038e-05, No Iterations 9
DICPCG:  Solving for p_rgh, Initial residual = 8.09932e-05, Final residual = 3.85888e-06, No Iterations 217
time step continuity errors : sum local = 1.00461e-08, global = 1.41319e-11, cumulative = -2.43241e-06
DICPCG:  Solving for p_rgh, Initial residual = 0.000261828, Final residual = 1.22428e-05, No Iterations 204
DICPCG:  Solving for p_rgh, Initial residual = 1.22818e-05, Final residual = 9.90631e-08, No Iterations 102
time step continuity errors : sum local = 2.57651e-10, global = 2.29051e-11, cumulative = -2.43238e-06
ExecutionTime = 636.46 s  ClockTime = 640 s

Courant Number mean: 0.249464 max: 0.398066
Interface Courant Number mean: 0.00094722 max: 0.396597
deltaT = 0.000309503
Time = 0.0239058

PIMPLE: iteration 1
smoothSolver:  Solving for alpha.water, Initial residual = 0.0233567, Final residual = 1.87338e-09, No Iterations 3
Phase-1 volume fraction = 0.997811  Min(alpha.water) = 0.00217357  Max(alpha.water) = 1.00001
MULES: Correcting alpha.water
MULES: Correcting alpha.water
Phase-1 volume fraction = 0.997811  Min(alpha.water) = 0.00217357  Max(alpha.water) = 1.00007
DICPCG:  Solving for p_rgh, Initial residual = 0.119936, Final residual = 0.00448753, No Iterations 4
DICPCG:  Solving for p_rgh, Initial residual = 0.00448629, Final residual = 0.000192372, No Iterations 13
time step continuity errors : sum local = 4.99099e-07, global = -2.98429e-08, cumulative = -2.46223e-06
DICPCG:  Solving for p_rgh, Initial residual = 0.00162464, Final residual = 7.95355e-05, No Iterations 8
DICPCG:  Solving for p_rgh, Initial residual = 7.95297e-05, Final residual = 3.48668e-06, No Iterations 215
time step continuity errors : sum local = 9.03024e-09, global = 8.57831e-12, cumulative = -2.46222e-06
DICPCG:  Solving for p_rgh, Initial residual = 0.000252162, Final residual = 1.16892e-05, No Iterations 204
DICPCG:  Solving for p_rgh, Initial residual = 1.17256e-05, Final residual = 9.88967e-08, No Iterations 96
time step continuity errors : sum local = 2.55834e-10, global = 1.34921e-11, cumulative = -2.46221e-06
ExecutionTime = 643.61 s  ClockTime = 647 s

Courant Number mean: 0.249479 max: 0.401139
Interface Courant Number mean: 0.00093075 max: 0.390349
deltaT = 0.000309503
Time = 0.0242153

PIMPLE: iteration 1
smoothSolver:  Solving for alpha.water, Initial residual = 0.0233568, Final residual = 1.91122e-09, No Iterations 3
Phase-1 volume fraction = 0.997811  Min(alpha.water) = 0.00221628  Max(alpha.water) = 1.00001
MULES: Correcting alpha.water
MULES: Correcting alpha.water
Phase-1 volume fraction = 0.997811  Min(alpha.water) = 0.00221313  Max(alpha.water) = 1.00007
DICPCG:  Solving for p_rgh, Initial residual = 0.121543, Final residual = 0.00447875, No Iterations 4
DICPCG:  Solving for p_rgh, Initial residual = 0.00446006, Final residual = 0.000191677, No Iterations 13
time step continuity errors : sum local = 4.98556e-07, global = -2.95941e-08, cumulative = -2.4918e-06
DICPCG:  Solving for p_rgh, Initial residual = 0.0016754, Final residual = 8.10703e-05, No Iterations 9
DICPCG:  Solving for p_rgh, Initial residual = 8.10586e-05, Final residual = 3.88455e-06, No Iterations 217
time step continuity errors : sum local = 1.00876e-08, global = 1.2522e-11, cumulative = -2.49179e-06
DICPCG:  Solving for p_rgh, Initial residual = 0.000256526, Final residual = 1.19562e-05, No Iterations 203
DICPCG:  Solving for p_rgh, Initial residual = 1.19933e-05, Final residual = 9.77529e-08, No Iterations 114
time step continuity errors : sum local = 2.53563e-10, global = 1.38701e-11, cumulative = -2.49177e-06
ExecutionTime = 650.4 s  ClockTime = 654 s

Courant Number mean: 0.249493 max: 0.40438
Interface Courant Number mean: 0.000927515 max: 0.387983
deltaT = 0.000303551
Time = 0.0245189

PIMPLE: iteration 1
smoothSolver:  Solving for alpha.water, Initial residual = 0.0228275, Final residual = 1.76281e-09, No Iterations 3
Phase-1 volume fraction = 0.997811  Min(alpha.water) = 0.0022785  Max(alpha.water) = 1
MULES: Correcting alpha.water
MULES: Correcting alpha.water
Phase-1 volume fraction = 0.997811  Min(alpha.water) = 0.0022785  Max(alpha.water) = 1.00003
DICPCG:  Solving for p_rgh, Initial residual = 0.117273, Final residual = 0.00436393, No Iterations 4
DICPCG:  Solving for p_rgh, Initial residual = 0.00434824, Final residual = 0.000189739, No Iterations 13
time step continuity errors : sum local = 4.78323e-07, global = -2.78954e-08, cumulative = -2.51967e-06
DICPCG:  Solving for p_rgh, Initial residual = 0.00166722, Final residual = 7.6834e-05, No Iterations 8
DICPCG:  Solving for p_rgh, Initial residual = 7.68208e-05, Final residual = 3.72742e-06, No Iterations 198
time step continuity errors : sum local = 9.38274e-09, global = 1.08374e-10, cumulative = -2.51956e-06
DICPCG:  Solving for p_rgh, Initial residual = 0.000255128, Final residual = 1.18048e-05, No Iterations 203
DICPCG:  Solving for p_rgh, Initial residual = 1.18403e-05, Final residual = 9.86418e-08, No Iterations 108
time step continuity errors : sum local = 2.48069e-10, global = 1.80505e-11, cumulative = -2.51954e-06
ExecutionTime = 656.52 s  ClockTime = 660 s

Courant Number mean: 0.244711 max: 0.389077
Interface Courant Number mean: 0.000922495 max: 0.38126
deltaT = 0.000309623
Time = 0.0248285

PIMPLE: iteration 1
smoothSolver:  Solving for alpha.water, Initial residual = 0.0231774, Final residual = 2.08804e-09, No Iterations 3
Phase-1 volume fraction = 0.997811  Min(alpha.water) = 0.00229554  Max(alpha.water) = 1
MULES: Correcting alpha.water
MULES: Correcting alpha.water
Phase-1 volume fraction = 0.997811  Min(alpha.water) = 0.00229552  Max(alpha.water) = 1.00003
DICPCG:  Solving for p_rgh, Initial residual = 0.118512, Final residual = 0.00446087, No Iterations 4
DICPCG:  Solving for p_rgh, Initial residual = 0.00445738, Final residual = 0.00020926, No Iterations 13
time step continuity errors : sum local = 5.43796e-07, global = -2.91813e-08, cumulative = -2.54872e-06
DICPCG:  Solving for p_rgh, Initial residual = 0.00167454, Final residual = 8.02074e-05, No Iterations 10
DICPCG:  Solving for p_rgh, Initial residual = 8.01963e-05, Final residual = 3.81952e-06, No Iterations 218
time step continuity errors : sum local = 9.90984e-09, global = 5.95181e-11, cumulative = -2.54866e-06
DICPCG:  Solving for p_rgh, Initial residual = 0.000257273, Final residual = 1.22963e-05, No Iterations 204
DICPCG:  Solving for p_rgh, Initial residual = 1.23344e-05, Final residual = 9.94273e-08, No Iterations 105
time step continuity errors : sum local = 2.57745e-10, global = 2.48048e-11, cumulative = -2.54864e-06
ExecutionTime = 662.71 s  ClockTime = 666 s

Courant Number mean: 0.24962 max: 0.400163
Interface Courant Number mean: 0.000942141 max: 0.393811
deltaT = 0.000309623
Time = 0.0251381

PIMPLE: iteration 1
smoothSolver:  Solving for alpha.water, Initial residual = 0.0231797, Final residual = 2.13745e-09, No Iterations 3
Phase-1 volume fraction = 0.997811  Min(alpha.water) = 0.00232178  Max(alpha.water) = 1.00001
MULES: Correcting alpha.water
MULES: Correcting alpha.water
Phase-1 volume fraction = 0.997811  Min(alpha.water) = 0.00232178  Max(alpha.water) = 1.00003
DICPCG:  Solving for p_rgh, Initial residual = 0.119423, Final residual = 0.00447778, No Iterations 4
DICPCG:  Solving for p_rgh, Initial residual = 0.00446751, Final residual = 0.000198682, No Iterations 13
time step continuity errors : sum local = 5.15932e-07, global = -2.88412e-08, cumulative = -2.57748e-06
DICPCG:  Solving for p_rgh, Initial residual = 0.00163584, Final residual = 8.0129e-05, No Iterations 8
DICPCG:  Solving for p_rgh, Initial residual = 8.01208e-05, Final residual = 3.89778e-06, No Iterations 218
time step continuity errors : sum local = 1.01049e-08, global = -3.32039e-11, cumulative = -2.57751e-06
DICPCG:  Solving for p_rgh, Initial residual = 0.000250763, Final residual = 1.20361e-05, No Iterations 204
DICPCG:  Solving for p_rgh, Initial residual = 1.20727e-05, Final residual = 9.85729e-08, No Iterations 107
time step continuity errors : sum local = 2.55296e-10, global = 2.10517e-11, cumulative = -2.57749e-06
ExecutionTime = 668.96 s  ClockTime = 673 s

Courant Number mean: 0.249635 max: 0.405991
Interface Courant Number mean: 0.000926209 max: 0.387284
deltaT = 0.000303304
Time = 0.0254414

PIMPLE: iteration 1
smoothSolver:  Solving for alpha.water, Initial residual = 0.0228053, Final residual = 1.90682e-09, No Iterations 3
Phase-1 volume fraction = 0.997811  Min(alpha.water) = 0.00235909  Max(alpha.water) = 1.00001
MULES: Correcting alpha.water
MULES: Correcting alpha.water
Phase-1 volume fraction = 0.997811  Min(alpha.water) = 0.00235909  Max(alpha.water) = 1.00009
DICPCG:  Solving for p_rgh, Initial residual = 0.119016, Final residual = 0.00438714, No Iterations 4
DICPCG:  Solving for p_rgh, Initial residual = 0.00438061, Final residual = 0.000181941, No Iterations 13
time step continuity errors : sum local = 4.55001e-07, global = -2.71117e-08, cumulative = -2.6046e-06
DICPCG:  Solving for p_rgh, Initial residual = 0.00166271, Final residual = 8.24337e-05, No Iterations 8
DICPCG:  Solving for p_rgh, Initial residual = 8.24213e-05, Final residual = 3.81198e-06, No Iterations 216
time step continuity errors : sum local = 9.51858e-09, global = 4.52099e-11, cumulative = -2.60456e-06
DICPCG:  Solving for p_rgh, Initial residual = 0.000250884, Final residual = 1.23195e-05, No Iterations 202
DICPCG:  Solving for p_rgh, Initial residual = 1.23555e-05, Final residual = 9.97292e-08, No Iterations 120
time step continuity errors : sum local = 2.4878e-10, global = 1.26989e-11, cumulative = -2.60455e-06
ExecutionTime = 675.42 s  ClockTime = 679 s

Courant Number mean: 0.244554 max: 0.402087
Interface Courant Number mean: 0.000899727 max: 0.378544
deltaT = 0.000303304
Time = 0.0257447

PIMPLE: iteration 1
smoothSolver:  Solving for alpha.water, Initial residual = 0.0228123, Final residual = 1.99119e-09, No Iterations 3
Phase-1 volume fraction = 0.997811  Min(alpha.water) = 0.00241813  Max(alpha.water) = 1.00001
MULES: Correcting alpha.water
MULES: Correcting alpha.water
Phase-1 volume fraction = 0.997811  Min(alpha.water) = 0.00241813  Max(alpha.water) = 1.00003
DICPCG:  Solving for p_rgh, Initial residual = 0.117082, Final residual = 0.00439152, No Iterations 4
DICPCG:  Solving for p_rgh, Initial residual = 0.00438096, Final residual = 0.000187809, No Iterations 13
time step continuity errors : sum local = 4.69608e-07, global = -2.69739e-08, cumulative = -2.63152e-06
DICPCG:  Solving for p_rgh, Initial residual = 0.00167593, Final residual = 8.01771e-05, No Iterations 8
DICPCG:  Solving for p_rgh, Initial residual = 8.01629e-05, Final residual = 3.77669e-06, No Iterations 215
time step continuity errors : sum local = 9.42976e-09, global = 3.85114e-11, cumulative = -2.63148e-06
DICPCG:  Solving for p_rgh, Initial residual = 0.000258585, Final residual = 1.26572e-05, No Iterations 202
DICPCG:  Solving for p_rgh, Initial residual = 1.26939e-05, Final residual = 9.75703e-08, No Iterations 122
time step continuity errors : sum local = 2.43382e-10, global = 1.38017e-11, cumulative = -2.63147e-06
ExecutionTime = 681.77 s  ClockTime = 685 s

Courant Number mean: 0.244567 max: 0.395174
Interface Courant Number mean: 0.0009266 max: 0.375979
deltaT = 0.000309897
Time = 0.0260546

PIMPLE: iteration 1
smoothSolver:  Solving for alpha.water, Initial residual = 0.0232863, Final residual = 2.41165e-09, No Iterations 3
Phase-1 volume fraction = 0.997811  Min(alpha.water) = 0.00246778  Max(alpha.water) = 1.00001
MULES: Correcting alpha.water
MULES: Correcting alpha.water
Phase-1 volume fraction = 0.997811  Min(alpha.water) = 0.00246744  Max(alpha.water) = 1.00004
DICPCG:  Solving for p_rgh, Initial residual = 0.118972, Final residual = 0.0045043, No Iterations 4
DICPCG:  Solving for p_rgh, Initial residual = 0.00449867, Final residual = 0.000203507, No Iterations 13
time step continuity errors : sum local = 5.26583e-07, global = -2.82729e-08, cumulative = -2.65974e-06
DICPCG:  Solving for p_rgh, Initial residual = 0.00170667, Final residual = 7.96812e-05, No Iterations 10
DICPCG:  Solving for p_rgh, Initial residual = 7.96681e-05, Final residual = 3.90046e-06, No Iterations 214
time step continuity errors : sum local = 1.00771e-08, global = 1.29176e-10, cumulative = -2.65961e-06
DICPCG:  Solving for p_rgh, Initial residual = 0.000264232, Final residual = 1.27706e-05, No Iterations 203
DICPCG:  Solving for p_rgh, Initial residual = 1.2809e-05, Final residual = 9.88421e-08, No Iterations 119
time step continuity errors : sum local = 2.55145e-10, global = 1.73377e-11, cumulative = -2.65959e-06
ExecutionTime = 688.4 s  ClockTime = 692 s

Courant Number mean: 0.249897 max: 0.407209
Interface Courant Number mean: 0.00093689 max: 0.387493
deltaT = 0.00030316
Time = 0.0263578

PIMPLE: iteration 1
smoothSolver:  Solving for alpha.water, Initial residual = 0.0228496, Final residual = 2.14171e-09, No Iterations 3
Phase-1 volume fraction = 0.997811  Min(alpha.water) = 0.00248857  Max(alpha.water) = 1
MULES: Correcting alpha.water
MULES: Correcting alpha.water
Phase-1 volume fraction = 0.997811  Min(alpha.water) = 0.00248857  Max(alpha.water) = 1.00002
DICPCG:  Solving for p_rgh, Initial residual = 0.118208, Final residual = 0.00440884, No Iterations 4
DICPCG:  Solving for p_rgh, Initial residual = 0.00439564, Final residual = 0.000189894, No Iterations 13
time step continuity errors : sum local = 4.73646e-07, global = -2.64278e-08, cumulative = -2.68602e-06
DICPCG:  Solving for p_rgh, Initial residual = 0.001644, Final residual = 8.18007e-05, No Iterations 8
DICPCG:  Solving for p_rgh, Initial residual = 8.17905e-05, Final residual = 3.75206e-06, No Iterations 218
time step continuity errors : sum local = 9.34424e-09, global = 6.74889e-11, cumulative = -2.68595e-06
DICPCG:  Solving for p_rgh, Initial residual = 0.000248268, Final residual = 1.18515e-05, No Iterations 203
DICPCG:  Solving for p_rgh, Initial residual = 1.18858e-05, Final residual = 9.85077e-08, No Iterations 111
time step continuity errors : sum local = 2.45127e-10, global = 1.91044e-11, cumulative = -2.68594e-06
ExecutionTime = 694.77 s  ClockTime = 698 s

Courant Number mean: 0.244477 max: 0.401212
Interface Courant Number mean: 0.000913953 max: 0.379185
deltaT = 0.00030316
Time = 0.0266609

PIMPLE: iteration 1
smoothSolver:  Solving for alpha.water, Initial residual = 0.0229752, Final residual = 2.09025e-09, No Iterations 3
Phase-1 volume fraction = 0.997811  Min(alpha.water) = 0.00252102  Max(alpha.water) = 1.00001
MULES: Correcting alpha.water
MULES: Correcting alpha.water
Phase-1 volume fraction = 0.997811  Min(alpha.water) = 0.00252102  Max(alpha.water) = 1.00003
DICPCG:  Solving for p_rgh, Initial residual = 0.119398, Final residual = 0.00443129, No Iterations 4
DICPCG:  Solving for p_rgh, Initial residual = 0.00442977, Final residual = 0.000184686, No Iterations 13
time step continuity errors : sum local = 4.58844e-07, global = -2.62882e-08, cumulative = -2.71222e-06
DICPCG:  Solving for p_rgh, Initial residual = 0.00168339, Final residual = 7.82484e-05, No Iterations 8
DICPCG:  Solving for p_rgh, Initial residual = 7.82409e-05, Final residual = 3.56316e-06, No Iterations 214
time step continuity errors : sum local = 8.8383e-09, global = -9.48244e-12, cumulative = -2.71223e-06
DICPCG:  Solving for p_rgh, Initial residual = 0.00025592, Final residual = 1.23518e-05, No Iterations 201
DICPCG:  Solving for p_rgh, Initial residual = 1.23873e-05, Final residual = 9.98975e-08, No Iterations 102
time step continuity errors : sum local = 2.47588e-10, global = 1.9617e-11, cumulative = -2.71221e-06
ExecutionTime = 701.75 s  ClockTime = 705 s

Courant Number mean: 0.24449 max: 0.405259
Interface Courant Number mean: 0.000908829 max: 0.391499
deltaT = 0.000296423
Time = 0.0269574

PIMPLE: iteration 1
smoothSolver:  Solving for alpha.water, Initial residual = 0.0225588, Final residual = 1.88036e-09, No Iterations 3
Phase-1 volume fraction = 0.997811  Min(alpha.water) = 0.00256784  Max(alpha.water) = 1.00001
MULES: Correcting alpha.water
MULES: Correcting alpha.water
Phase-1 volume fraction = 0.997811  Min(alpha.water) = 0.00256563  Max(alpha.water) = 1.00002
DICPCG:  Solving for p_rgh, Initial residual = 0.115656, Final residual = 0.00434157, No Iterations 4
DICPCG:  Solving for p_rgh, Initial residual = 0.00432866, Final residual = 0.000185791, No Iterations 13
time step continuity errors : sum local = 4.44523e-07, global = -2.46043e-08, cumulative = -2.73682e-06
DICPCG:  Solving for p_rgh, Initial residual = 0.00167451, Final residual = 8.0284e-05, No Iterations 8
DICPCG:  Solving for p_rgh, Initial residual = 8.02732e-05, Final residual = 3.97837e-06, No Iterations 214
time step continuity errors : sum local = 9.50452e-09, global = 1.25989e-11, cumulative = -2.7368e-06
DICPCG:  Solving for p_rgh, Initial residual = 0.000254579, Final residual = 1.17142e-05, No Iterations 202
DICPCG:  Solving for p_rgh, Initial residual = 1.17462e-05, Final residual = 9.91651e-08, No Iterations 120
time step continuity errors : sum local = 2.36684e-10, global = 1.2294e-11, cumulative = -2.73679e-06
ExecutionTime = 708.86 s  ClockTime = 712 s

Courant Number mean: 0.239068 max: 0.399231
Interface Courant Number mean: 0.000910183 max: 0.369398
deltaT = 0.000296423
Time = 0.0272538

PIMPLE: iteration 1
smoothSolver:  Solving for alpha.water, Initial residual = 0.022615, Final residual = 1.98162e-09, No Iterations 3
Phase-1 volume fraction = 0.997811  Min(alpha.water) = 0.0026383  Max(alpha.water) = 1
MULES: Correcting alpha.water
MULES: Correcting alpha.water
Phase-1 volume fraction = 0.997811  Min(alpha.water) = 0.00263827  Max(alpha.water) = 1.00004
DICPCG:  Solving for p_rgh, Initial residual = 0.115188, Final residual = 0.00435103, No Iterations 4
DICPCG:  Solving for p_rgh, Initial residual = 0.00434095, Final residual = 0.000191866, No Iterations 13
time step continuity errors : sum local = 4.58946e-07, global = -2.4486e-08, cumulative = -2.76128e-06
DICPCG:  Solving for p_rgh, Initial residual = 0.00167645, Final residual = 8.37175e-05, No Iterations 8
DICPCG:  Solving for p_rgh, Initial residual = 8.37067e-05, Final residual = 4.03056e-06, No Iterations 215
time step continuity errors : sum local = 9.62694e-09, global = 5.48573e-11, cumulative = -2.76122e-06
DICPCG:  Solving for p_rgh, Initial residual = 0.000251673, Final residual = 1.24534e-05, No Iterations 202
DICPCG:  Solving for p_rgh, Initial residual = 1.24873e-05, Final residual = 9.97266e-08, No Iterations 140
time step continuity errors : sum local = 2.3799e-10, global = 1.57179e-11, cumulative = -2.76121e-06
ExecutionTime = 715.25 s  ClockTime = 719 s

Courant Number mean: 0.239079 max: 0.403517
Interface Courant Number mean: 0.000900341 max: 0.377413
deltaT = 0.000296423
Time = 0.0275502

PIMPLE: iteration 1
smoothSolver:  Solving for alpha.water, Initial residual = 0.0227017, Final residual = 1.99153e-09, No Iterations 3
Phase-1 volume fraction = 0.997811  Min(alpha.water) = 0.00265387  Max(alpha.water) = 1
MULES: Correcting alpha.water
MULES: Correcting alpha.water
Phase-1 volume fraction = 0.997811  Min(alpha.water) = 0.00265387  Max(alpha.water) = 1.00003
DICPCG:  Solving for p_rgh, Initial residual = 0.116643, Final residual = 0.00434299, No Iterations 4
DICPCG:  Solving for p_rgh, Initial residual = 0.00433392, Final residual = 0.000181144, No Iterations 13
time step continuity errors : sum local = 4.33098e-07, global = -2.42967e-08, cumulative = -2.7855e-06
DICPCG:  Solving for p_rgh, Initial residual = 0.00164163, Final residual = 8.02035e-05, No Iterations 8
DICPCG:  Solving for p_rgh, Initial residual = 8.01958e-05, Final residual = 3.38639e-06, No Iterations 215
time step continuity errors : sum local = 8.08394e-09, global = 2.6699e-11, cumulative = -2.78548e-06
DICPCG:  Solving for p_rgh, Initial residual = 0.000247093, Final residual = 1.1294e-05, No Iterations 202
DICPCG:  Solving for p_rgh, Initial residual = 1.1325e-05, Final residual = 9.86522e-08, No Iterations 99
time step continuity errors : sum local = 2.35341e-10, global = 1.86516e-11, cumulative = -2.78546e-06
ExecutionTime = 721.54 s  ClockTime = 725 s

Courant Number mean: 0.239089 max: 0.405453
Interface Courant Number mean: 0.000900943 max: 0.405453
deltaT = 0.00028953
Time = 0.0278397

PIMPLE: iteration 1
smoothSolver:  Solving for alpha.water, Initial residual = 0.0222729, Final residual = 1.66355e-09, No Iterations 3
Phase-1 volume fraction = 0.997811  Min(alpha.water) = 0.00267536  Max(alpha.water) = 1.00002
MULES: Correcting alpha.water
MULES: Correcting alpha.water
Phase-1 volume fraction = 0.997811  Min(alpha.water) = 0.00267536  Max(alpha.water) = 1.00003
DICPCG:  Solving for p_rgh, Initial residual = 0.114815, Final residual = 0.00426182, No Iterations 4
DICPCG:  Solving for p_rgh, Initial residual = 0.004244, Final residual = 0.000168965, No Iterations 13
time step continuity errors : sum local = 3.89517e-07, global = -2.26848e-08, cumulative = -2.80814e-06
DICPCG:  Solving for p_rgh, Initial residual = 0.00162268, Final residual = 7.67942e-05, No Iterations 8
DICPCG:  Solving for p_rgh, Initial residual = 7.67898e-05, Final residual = 3.6822e-06, No Iterations 215
time step continuity errors : sum local = 8.47531e-09, global = 3.77425e-11, cumulative = -2.80811e-06
DICPCG:  Solving for p_rgh, Initial residual = 0.000238707, Final residual = 1.17206e-05, No Iterations 201
DICPCG:  Solving for p_rgh, Initial residual = 1.17513e-05, Final residual = 9.73922e-08, No Iterations 112
time step continuity errors : sum local = 2.24012e-10, global = 1.72395e-11, cumulative = -2.80809e-06
ExecutionTime = 728.11 s  ClockTime = 732 s

Courant Number mean: 0.23354 max: 0.414615
Interface Courant Number mean: 0.000880413 max: 0.407559
deltaT = 0.000276369
Time = 0.0281161

PIMPLE: iteration 1
smoothSolver:  Solving for alpha.water, Initial residual = 0.0213229, Final residual = 1.2648e-09, No Iterations 3
Phase-1 volume fraction = 0.997811  Min(alpha.water) = 0.00270225  Max(alpha.water) = 1.00002
MULES: Correcting alpha.water
MULES: Correcting alpha.water
Phase-1 volume fraction = 0.997811  Min(alpha.water) = 0.00270225  Max(alpha.water) = 1.00003
DICPCG:  Solving for p_rgh, Initial residual = 0.109566, Final residual = 0.00406262, No Iterations 4
DICPCG:  Solving for p_rgh, Initial residual = 0.0040516, Final residual = 0.000167461, No Iterations 13
time step continuity errors : sum local = 3.56444e-07, global = -2.00072e-08, cumulative = -2.8281e-06
DICPCG:  Solving for p_rgh, Initial residual = 0.00158244, Final residual = 7.32532e-05, No Iterations 8
DICPCG:  Solving for p_rgh, Initial residual = 7.32475e-05, Final residual = 3.51772e-06, No Iterations 215
time step continuity errors : sum local = 7.47696e-09, global = -2.68904e-12, cumulative = -2.8281e-06
DICPCG:  Solving for p_rgh, Initial residual = 0.000228149, Final residual = 1.10486e-05, No Iterations 201
DICPCG:  Solving for p_rgh, Initial residual = 1.10749e-05, Final residual = 9.99519e-08, No Iterations 111
time step continuity errors : sum local = 2.12276e-10, global = 1.50785e-11, cumulative = -2.82808e-06
ExecutionTime = 734.94 s  ClockTime = 739 s

Courant Number mean: 0.222935 max: 0.405963
Interface Courant Number mean: 0.000843437 max: 0.357914
deltaT = 0.000270088
Time = 0.0283862

PIMPLE: iteration 1
smoothSolver:  Solving for alpha.water, Initial residual = 0.020906, Final residual = 1.13827e-09, No Iterations 3
Phase-1 volume fraction = 0.997811  Min(alpha.water) = 0.00273886  Max(alpha.water) = 1.00001
MULES: Correcting alpha.water
MULES: Correcting alpha.water
Phase-1 volume fraction = 0.997811  Min(alpha.water) = 0.00273886  Max(alpha.water) = 1.00003
DICPCG:  Solving for p_rgh, Initial residual = 0.106058, Final residual = 0.00396853, No Iterations 4
DICPCG:  Solving for p_rgh, Initial residual = 0.00395618, Final residual = 0.000170733, No Iterations 13
time step continuity errors : sum local = 3.49811e-07, global = -1.87979e-08, cumulative = -2.84688e-06
DICPCG:  Solving for p_rgh, Initial residual = 0.0015462, Final residual = 7.40497e-05, No Iterations 8
DICPCG:  Solving for p_rgh, Initial residual = 7.40417e-05, Final residual = 3.64429e-06, No Iterations 215
time step continuity errors : sum local = 7.45708e-09, global = -1.12772e-11, cumulative = -2.84689e-06
DICPCG:  Solving for p_rgh, Initial residual = 0.000219988, Final residual = 1.06114e-05, No Iterations 202
DICPCG:  Solving for p_rgh, Initial residual = 1.06354e-05, Final residual = 9.85163e-08, No Iterations 125
time step continuity errors : sum local = 2.01425e-10, global = 1.27101e-11, cumulative = -2.84688e-06
ExecutionTime = 741.6 s  ClockTime = 745 s

Courant Number mean: 0.217877 max: 0.387622
Interface Courant Number mean: 0.000817022 max: 0.357986
deltaT = 0.000276519
Time = 0.0286627

PIMPLE: iteration 1
smoothSolver:  Solving for alpha.water, Initial residual = 0.0214501, Final residual = 1.34101e-09, No Iterations 3
Phase-1 volume fraction = 0.997811  Min(alpha.water) = 0.00279623  Max(alpha.water) = 1.00001
MULES: Correcting alpha.water
MULES: Correcting alpha.water
Phase-1 volume fraction = 0.997811  Min(alpha.water) = 0.00279423  Max(alpha.water) = 1.00004
DICPCG:  Solving for p_rgh, Initial residual = 0.109185, Final residual = 0.00405411, No Iterations 4
DICPCG:  Solving for p_rgh, Initial residual = 0.00405119, Final residual = 0.000167171, No Iterations 13
time step continuity errors : sum local = 3.55833e-07, global = -1.99008e-08, cumulative = -2.86678e-06
DICPCG:  Solving for p_rgh, Initial residual = 0.0015691, Final residual = 7.08817e-05, No Iterations 8
DICPCG:  Solving for p_rgh, Initial residual = 7.08738e-05, Final residual = 3.01901e-06, No Iterations 214
time step continuity errors : sum local = 6.41742e-09, global = -5.52151e-11, cumulative = -2.86684e-06
DICPCG:  Solving for p_rgh, Initial residual = 0.000224421, Final residual = 1.0478e-05, No Iterations 201
DICPCG:  Solving for p_rgh, Initial residual = 1.05031e-05, Final residual = 9.83464e-08, No Iterations 97
time step continuity errors : sum local = 2.08928e-10, global = 1.52218e-11, cumulative = -2.86682e-06
ExecutionTime = 747.86 s  ClockTime = 752 s

Courant Number mean: 0.223074 max: 0.390218
Interface Courant Number mean: 0.000830735 max: 0.390218
deltaT = 0.000283432
Time = 0.0289462

PIMPLE: iteration 1
smoothSolver:  Solving for alpha.water, Initial residual = 0.0220022, Final residual = 1.51636e-09, No Iterations 3
Phase-1 volume fraction = 0.997811  Min(alpha.water) = 0.00280961  Max(alpha.water) = 1.00001
MULES: Correcting alpha.water
MULES: Correcting alpha.water
Phase-1 volume fraction = 0.997811  Min(alpha.water) = 0.00280961  Max(alpha.water) = 1.00003
DICPCG:  Solving for p_rgh, Initial residual = 0.112362, Final residual = 0.00416037, No Iterations 4
DICPCG:  Solving for p_rgh, Initial residual = 0.00414505, Final residual = 0.000164966, No Iterations 13
time step continuity errors : sum local = 3.67728e-07, global = -2.10349e-08, cumulative = -2.88786e-06
DICPCG:  Solving for p_rgh, Initial residual = 0.00158602, Final residual = 7.43628e-05, No Iterations 8
DICPCG:  Solving for p_rgh, Initial residual = 7.43576e-05, Final residual = 3.54127e-06, No Iterations 215
time step continuity errors : sum local = 7.88223e-09, global = -5.24943e-13, cumulative = -2.88786e-06
DICPCG:  Solving for p_rgh, Initial residual = 0.000230488, Final residual = 1.02919e-05, No Iterations 202
DICPCG:  Solving for p_rgh, Initial residual = 1.03173e-05, Final residual = 9.99134e-08, No Iterations 111
time step continuity errors : sum local = 2.22264e-10, global = 1.52276e-11, cumulative = -2.88784e-06
ExecutionTime = 754.06 s  ClockTime = 758 s

Courant Number mean: 0.228662 max: 0.416712
Interface Courant Number mean: 0.00085642 max: 0.386969
deltaT = 0.000269606
Time = 0.0292158

PIMPLE: iteration 1
smoothSolver:  Solving for alpha.water, Initial residual = 0.0209499, Final residual = 1.09599e-09, No Iterations 3
Phase-1 volume fraction = 0.997811  Min(alpha.water) = 0.00282602  Max(alpha.water) = 1.00001
MULES: Correcting alpha.water
MULES: Correcting alpha.water
Phase-1 volume fraction = 0.997811  Min(alpha.water) = 0.00282602  Max(alpha.water) = 1.00001
DICPCG:  Solving for p_rgh, Initial residual = 0.107797, Final residual = 0.00395571, No Iterations 4
DICPCG:  Solving for p_rgh, Initial residual = 0.00393906, Final residual = 0.000160776, No Iterations 13
time step continuity errors : sum local = 3.30023e-07, global = -1.82969e-08, cumulative = -2.90614e-06
DICPCG:  Solving for p_rgh, Initial residual = 0.00155949, Final residual = 7.69329e-05, No Iterations 7
DICPCG:  Solving for p_rgh, Initial residual = 7.69286e-05, Final residual = 3.4756e-06, No Iterations 210
time step continuity errors : sum local = 7.12429e-09, global = -1.88879e-10, cumulative = -2.90633e-06
DICPCG:  Solving for p_rgh, Initial residual = 0.000218705, Final residual = 9.59801e-06, No Iterations 201
DICPCG:  Solving for p_rgh, Initial residual = 9.61952e-06, Final residual = 9.74341e-08, No Iterations 95
time step continuity errors : sum local = 1.99595e-10, global = 1.33913e-11, cumulative = -2.90631e-06
ExecutionTime = 760.36 s  ClockTime = 764 s

Courant Number mean: 0.217519 max: 0.404858
Interface Courant Number mean: 0.000814458 max: 0.354341
deltaT = 0.000269606
Time = 0.0294854

PIMPLE: iteration 1
smoothSolver:  Solving for alpha.water, Initial residual = 0.0209941, Final residual = 1.12078e-09, No Iterations 3
Phase-1 volume fraction = 0.997811  Min(alpha.water) = 0.00285056  Max(alpha.water) = 1.00001
MULES: Correcting alpha.water
MULES: Correcting alpha.water
Phase-1 volume fraction = 0.997811  Min(alpha.water) = 0.00284798  Max(alpha.water) = 1.00002
DICPCG:  Solving for p_rgh, Initial residual = 0.106114, Final residual = 0.00393886, No Iterations 4
DICPCG:  Solving for p_rgh, Initial residual = 0.00392497, Final residual = 0.000168823, No Iterations 13
time step continuity errors : sum local = 3.47485e-07, global = -1.82538e-08, cumulative = -2.92457e-06
DICPCG:  Solving for p_rgh, Initial residual = 0.00155301, Final residual = 7.03823e-05, No Iterations 8
DICPCG:  Solving for p_rgh, Initial residual = 7.03764e-05, Final residual = 3.49819e-06, No Iterations 211
time step continuity errors : sum local = 7.19073e-09, global = -1.17876e-10, cumulative = -2.92469e-06
DICPCG:  Solving for p_rgh, Initial residual = 0.000222224, Final residual = 1.04377e-05, No Iterations 201
DICPCG:  Solving for p_rgh, Initial residual = 1.04606e-05, Final residual = 9.93144e-08, No Iterations 97
time step continuity errors : sum local = 2.04008e-10, global = 1.47418e-11, cumulative = -2.92467e-06
ExecutionTime = 766.46 s  ClockTime = 770 s

Courant Number mean: 0.21753 max: 0.395911
Interface Courant Number mean: 0.000816918 max: 0.358806
deltaT = 0.000269606
Time = 0.029755

PIMPLE: iteration 1
smoothSolver:  Solving for alpha.water, Initial residual = 0.0210211, Final residual = 1.16981e-09, No Iterations 3
Phase-1 volume fraction = 0.997811  Min(alpha.water) = 0.00288647  Max(alpha.water) = 1.00001
MULES: Correcting alpha.water
MULES: Correcting alpha.water
Phase-1 volume fraction = 0.997811  Min(alpha.water) = 0.00288647  Max(alpha.water) = 1.00004
DICPCG:  Solving for p_rgh, Initial residual = 0.106099, Final residual = 0.00393917, No Iterations 4
DICPCG:  Solving for p_rgh, Initial residual = 0.00394121, Final residual = 0.000155615, No Iterations 13
time step continuity errors : sum local = 3.18582e-07, global = -1.81434e-08, cumulative = -2.94281e-06
DICPCG:  Solving for p_rgh, Initial residual = 0.00154017, Final residual = 7.19466e-05, No Iterations 8
DICPCG:  Solving for p_rgh, Initial residual = 7.19386e-05, Final residual = 3.28883e-06, No Iterations 215
time step continuity errors : sum local = 6.72444e-09, global = 2.95819e-12, cumulative = -2.94281e-06
DICPCG:  Solving for p_rgh, Initial residual = 0.00021943, Final residual = 9.72177e-06, No Iterations 202
DICPCG:  Solving for p_rgh, Initial residual = 9.74319e-06, Final residual = 9.73667e-08, No Iterations 111
time step continuity errors : sum local = 1.98953e-10, global = 1.32261e-11, cumulative = -2.9428e-06
ExecutionTime = 772.83 s  ClockTime = 777 s

Courant Number mean: 0.217541 max: 0.383365
Interface Courant Number mean: 0.000818532 max: 0.375544
deltaT = 0.000284584
Time = 0.0300396

PIMPLE: iteration 1
smoothSolver:  Solving for alpha.water, Initial residual = 0.022148, Final residual = 1.64299e-09, No Iterations 3
Phase-1 volume fraction = 0.997811  Min(alpha.water) = 0.00293717  Max(alpha.water) = 1.00001
MULES: Correcting alpha.water
MULES: Correcting alpha.water
Phase-1 volume fraction = 0.997811  Min(alpha.water) = 0.00293717  Max(alpha.water) = 1.00003
DICPCG:  Solving for p_rgh, Initial residual = 0.1139, Final residual = 0.00416626, No Iterations 4
DICPCG:  Solving for p_rgh, Initial residual = 0.00416359, Final residual = 0.000166258, No Iterations 13
time step continuity errors : sum local = 3.72817e-07, global = -2.07886e-08, cumulative = -2.96359e-06
DICPCG:  Solving for p_rgh, Initial residual = 0.00160495, Final residual = 7.92867e-05, No Iterations 7
DICPCG:  Solving for p_rgh, Initial residual = 7.92795e-05, Final residual = 3.52694e-06, No Iterations 209
time step continuity errors : sum local = 7.89761e-09, global = -3.54143e-11, cumulative = -2.96362e-06
DICPCG:  Solving for p_rgh, Initial residual = 0.000234762, Final residual = 1.1053e-05, No Iterations 201
DICPCG:  Solving for p_rgh, Initial residual = 1.10797e-05, Final residual = 9.97665e-08, No Iterations 117
time step continuity errors : sum local = 2.23291e-10, global = 1.29109e-11, cumulative = -2.96361e-06
ExecutionTime = 779.26 s  ClockTime = 783 s

Courant Number mean: 0.229639 max: 0.417959
Interface Courant Number mean: 0.000872449 max: 0.390143
deltaT = 0.000269201
Time = 0.0303088

PIMPLE: iteration 1
smoothSolver:  Solving for alpha.water, Initial residual = 0.0209234, Final residual = 1.16681e-09, No Iterations 3
Phase-1 volume fraction = 0.997811  Min(alpha.water) = 0.00294811  Max(alpha.water) = 1.00001
MULES: Correcting alpha.water
MULES: Correcting alpha.water
Phase-1 volume fraction = 0.997811  Min(alpha.water) = 0.00294811  Max(alpha.water) = 1.00001
DICPCG:  Solving for p_rgh, Initial residual = 0.107376, Final residual = 0.00393953, No Iterations 4
DICPCG:  Solving for p_rgh, Initial residual = 0.00392845, Final residual = 0.000159709, No Iterations 13
time step continuity errors : sum local = 3.25811e-07, global = -1.77799e-08, cumulative = -2.98139e-06
DICPCG:  Solving for p_rgh, Initial residual = 0.00154345, Final residual = 6.99069e-05, No Iterations 8
DICPCG:  Solving for p_rgh, Initial residual = 6.99013e-05, Final residual = 3.03528e-06, No Iterations 209
time step continuity errors : sum local = 6.18382e-09, global = -1.6745e-10, cumulative = -2.98156e-06
DICPCG:  Solving for p_rgh, Initial residual = 0.000217551, Final residual = 1.03271e-05, No Iterations 201
DICPCG:  Solving for p_rgh, Initial residual = 1.03494e-05, Final residual = 9.56763e-08, No Iterations 120
time step continuity errors : sum local = 1.94796e-10, global = 1.10656e-11, cumulative = -2.98155e-06
ExecutionTime = 785.55 s  ClockTime = 789 s

Courant Number mean: 0.217238 max: 0.407504
Interface Courant Number mean: 0.000818453 max: 0.348105
deltaT = 0.000261925
Time = 0.0305707

PIMPLE: iteration 1
smoothSolver:  Solving for alpha.water, Initial residual = 0.020337, Final residual = 9.94962e-10, No Iterations 3
Phase-1 volume fraction = 0.997811  Min(alpha.water) = 0.00296217  Max(alpha.water) = 1.00001
MULES: Correcting alpha.water
MULES: Correcting alpha.water
Phase-1 volume fraction = 0.997811  Min(alpha.water) = 0.00296217  Max(alpha.water) = 1.00001
DICPCG:  Solving for p_rgh, Initial residual = 0.103898, Final residual = 0.00382654, No Iterations 4
DICPCG:  Solving for p_rgh, Initial residual = 0.00380568, Final residual = 0.000158734, No Iterations 13
time step continuity errors : sum local = 3.10889e-07, global = -1.65148e-08, cumulative = -2.99806e-06
DICPCG:  Solving for p_rgh, Initial residual = 0.00152662, Final residual = 7.40426e-05, No Iterations 7
DICPCG:  Solving for p_rgh, Initial residual = 7.40387e-05, Final residual = 3.65633e-06, No Iterations 200
time step continuity errors : sum local = 7.1517e-09, global = 4.791e-11, cumulative = -2.99801e-06
DICPCG:  Solving for p_rgh, Initial residual = 0.000212825, Final residual = 1.03243e-05, No Iterations 201
DICPCG:  Solving for p_rgh, Initial residual = 1.03453e-05, Final residual = 9.95147e-08, No Iterations 121
time step continuity errors : sum local = 1.94524e-10, global = 1.21736e-11, cumulative = -2.998e-06
ExecutionTime = 791.97 s  ClockTime = 796 s

Courant Number mean: 0.211378 max: 0.394932
Interface Courant Number mean: 0.000784711 max: 0.345959
deltaT = 0.000261925
Time = 0.0308326

PIMPLE: iteration 1
smoothSolver:  Solving for alpha.water, Initial residual = 0.0203554, Final residual = 1.03519e-09, No Iterations 3
Phase-1 volume fraction = 0.997811  Min(alpha.water) = 0.00298313  Max(alpha.water) = 1.00001
MULES: Correcting alpha.water
MULES: Correcting alpha.water
Phase-1 volume fraction = 0.997811  Min(alpha.water) = 0.00298034  Max(alpha.water) = 1.00003
DICPCG:  Solving for p_rgh, Initial residual = 0.102838, Final residual = 0.00381092, No Iterations 4
DICPCG:  Solving for p_rgh, Initial residual = 0.00380087, Final residual = 0.000163018, No Iterations 13
time step continuity errors : sum local = 3.19599e-07, global = -1.64851e-08, cumulative = -3.01449e-06
DICPCG:  Solving for p_rgh, Initial residual = 0.00150765, Final residual = 6.9346e-05, No Iterations 8
DICPCG:  Solving for p_rgh, Initial residual = 6.93417e-05, Final residual = 3.28226e-06, No Iterations 213
time step continuity errors : sum local = 6.42662e-09, global = -5.31014e-11, cumulative = -3.01454e-06
DICPCG:  Solving for p_rgh, Initial residual = 0.000211487, Final residual = 1.02016e-05, No Iterations 201
DICPCG:  Solving for p_rgh, Initial residual = 1.02222e-05, Final residual = 9.96449e-08, No Iterations 112
time step continuity errors : sum local = 1.94977e-10, global = 1.47191e-11, cumulative = -3.01452e-06
ExecutionTime = 799.1 s  ClockTime = 803 s

Courant Number mean: 0.21139 max: 0.381263
Interface Courant Number mean: 0.000797891 max: 0.361071
deltaT = 0.0002778
Time = 0.0311104

PIMPLE: iteration 1
smoothSolver:  Solving for alpha.water, Initial residual = 0.0215885, Final residual = 1.52784e-09, No Iterations 3
Phase-1 volume fraction = 0.997811  Min(alpha.water) = 0.00302268  Max(alpha.water) = 1
MULES: Correcting alpha.water
MULES: Correcting alpha.water
Phase-1 volume fraction = 0.997811  Min(alpha.water) = 0.00301608  Max(alpha.water) = 1.00004
DICPCG:  Solving for p_rgh, Initial residual = 0.111443, Final residual = 0.00406112, No Iterations 4
DICPCG:  Solving for p_rgh, Initial residual = 0.00408447, Final residual = 0.000168932, No Iterations 13
time step continuity errors : sum local = 3.61225e-07, global = -1.91049e-08, cumulative = -3.03363e-06
DICPCG:  Solving for p_rgh, Initial residual = 0.00159876, Final residual = 7.8153e-05, No Iterations 7
DICPCG:  Solving for p_rgh, Initial residual = 7.8145e-05, Final residual = 3.80684e-06, No Iterations 215
time step continuity errors : sum local = 8.12926e-09, global = -4.22671e-11, cumulative = -3.03367e-06
DICPCG:  Solving for p_rgh, Initial residual = 0.000231567, Final residual = 1.00545e-05, No Iterations 202
DICPCG:  Solving for p_rgh, Initial residual = 1.00775e-05, Final residual = 9.96054e-08, No Iterations 111
time step continuity errors : sum local = 2.12608e-10, global = 1.42987e-11, cumulative = -3.03366e-06
ExecutionTime = 805.4 s  ClockTime = 809 s

Courant Number mean: 0.224214 max: 0.412014
Interface Courant Number mean: 0.00085912 max: 0.376209
deltaT = 0.000269382
Time = 0.0313798

PIMPLE: iteration 1
smoothSolver:  Solving for alpha.water, Initial residual = 0.0208778, Final residual = 1.29313e-09, No Iterations 3
Phase-1 volume fraction = 0.997811  Min(alpha.water) = 0.00303573  Max(alpha.water) = 1
MULES: Correcting alpha.water
MULES: Correcting alpha.water
Phase-1 volume fraction = 0.997811  Min(alpha.water) = 0.00303573  Max(alpha.water) = 1.00002
DICPCG:  Solving for p_rgh, Initial residual = 0.110001, Final residual = 0.00395487, No Iterations 4
DICPCG:  Solving for p_rgh, Initial residual = 0.0039409, Final residual = 0.000160716, No Iterations 13
time step continuity errors : sum local = 3.26829e-07, global = -1.74339e-08, cumulative = -3.05109e-06
DICPCG:  Solving for p_rgh, Initial residual = 0.00154454, Final residual = 7.40088e-05, No Iterations 7
DICPCG:  Solving for p_rgh, Initial residual = 7.40004e-05, Final residual = 3.62188e-06, No Iterations 214
time step continuity errors : sum local = 7.35628e-09, global = 2.81868e-11, cumulative = -3.05106e-06
DICPCG:  Solving for p_rgh, Initial residual = 0.000216763, Final residual = 9.57216e-06, No Iterations 201
DICPCG:  Solving for p_rgh, Initial residual = 9.59277e-06, Final residual = 9.90698e-08, No Iterations 93
time step continuity errors : sum local = 2.01125e-10, global = 1.5706e-11, cumulative = -3.05105e-06
ExecutionTime = 811.56 s  ClockTime = 815 s

Courant Number mean: 0.217433 max: 0.42104
Interface Courant Number mean: 0.000828637 max: 0.361275
deltaT = 0.000253536
Time = 0.0316333

PIMPLE: iteration 1
smoothSolver:  Solving for alpha.water, Initial residual = 0.0196117, Final residual = 9.11256e-10, No Iterations 3
Phase-1 volume fraction = 0.997811  Min(alpha.water) = 0.00304402  Max(alpha.water) = 1
MULES: Correcting alpha.water
MULES: Correcting alpha.water
Phase-1 volume fraction = 0.997811  Min(alpha.water) = 0.00304402  Max(alpha.water) = 1.00001
DICPCG:  Solving for p_rgh, Initial residual = 0.10137, Final residual = 0.00369842, No Iterations 4
DICPCG:  Solving for p_rgh, Initial residual = 0.00368173, Final residual = 0.000149459, No Iterations 13
time step continuity errors : sum local = 2.74914e-07, global = -1.48351e-08, cumulative = -3.06588e-06
DICPCG:  Solving for p_rgh, Initial residual = 0.00148959, Final residual = 7.11849e-05, No Iterations 7
DICPCG:  Solving for p_rgh, Initial residual = 7.11799e-05, Final residual = 3.52107e-06, No Iterations 220
time step continuity errors : sum local = 6.4687e-09, global = 8.8267e-11, cumulative = -3.06579e-06
DICPCG:  Solving for p_rgh, Initial residual = 0.000202002, Final residual = 9.66108e-06, No Iterations 200
DICPCG:  Solving for p_rgh, Initial residual = 9.67936e-06, Final residual = 9.96838e-08, No Iterations 109
time step continuity errors : sum local = 1.83012e-10, global = 1.00247e-11, cumulative = -3.06578e-06
ExecutionTime = 817.76 s  ClockTime = 822 s

Courant Number mean: 0.204653 max: 0.40326
Interface Courant Number mean: 0.000769983 max: 0.331809
deltaT = 0.000253536
Time = 0.0318869

PIMPLE: iteration 1
smoothSolver:  Solving for alpha.water, Initial residual = 0.0195922, Final residual = 9.24301e-10, No Iterations 3
Phase-1 volume fraction = 0.997811  Min(alpha.water) = 0.00305563  Max(alpha.water) = 1
MULES: Correcting alpha.water
MULES: Correcting alpha.water
Phase-1 volume fraction = 0.997811  Min(alpha.water) = 0.00305563  Max(alpha.water) = 1.00002
DICPCG:  Solving for p_rgh, Initial residual = 0.100279, Final residual = 0.00368315, No Iterations 4
DICPCG:  Solving for p_rgh, Initial residual = 0.00366337, Final residual = 0.000146806, No Iterations 13
time step continuity errors : sum local = 2.71976e-07, global = -1.48413e-08, cumulative = -3.08062e-06
DICPCG:  Solving for p_rgh, Initial residual = 0.00147803, Final residual = 7.26665e-05, No Iterations 7
DICPCG:  Solving for p_rgh, Initial residual = 7.26629e-05, Final residual = 3.23323e-06, No Iterations 214
time step continuity errors : sum local = 5.98243e-09, global = -8.56168e-12, cumulative = -3.08063e-06
DICPCG:  Solving for p_rgh, Initial residual = 0.000200708, Final residual = 8.7842e-06, No Iterations 201
DICPCG:  Solving for p_rgh, Initial residual = 8.80057e-06, Final residual = 9.95481e-08, No Iterations 98
time step continuity errors : sum local = 1.84074e-10, global = 1.37042e-11, cumulative = -3.08062e-06
ExecutionTime = 824.05 s  ClockTime = 828 s

Courant Number mean: 0.204664 max: 0.395014
Interface Courant Number mean: 0.000752906 max: 0.357817
deltaT = 0.000253536
Time = 0.0321404

PIMPLE: iteration 1
smoothSolver:  Solving for alpha.water, Initial residual = 0.0196044, Final residual = 9.64447e-10, No Iterations 3
Phase-1 volume fraction = 0.997811  Min(alpha.water) = 0.00307323  Max(alpha.water) = 1
MULES: Correcting alpha.water
MULES: Correcting alpha.water
Phase-1 volume fraction = 0.997811  Min(alpha.water) = 0.00307014  Max(alpha.water) = 1.00005
DICPCG:  Solving for p_rgh, Initial residual = 0.100265, Final residual = 0.00368677, No Iterations 4
DICPCG:  Solving for p_rgh, Initial residual = 0.00369322, Final residual = 0.000160298, No Iterations 13
time step continuity errors : sum local = 2.94756e-07, global = -1.47519e-08, cumulative = -3.09537e-06
DICPCG:  Solving for p_rgh, Initial residual = 0.00147502, Final residual = 6.85767e-05, No Iterations 8
DICPCG:  Solving for p_rgh, Initial residual = 6.85721e-05, Final residual = 3.40268e-06, No Iterations 214
time step continuity errors : sum local = 6.24928e-09, global = -9.1788e-11, cumulative = -3.09546e-06
DICPCG:  Solving for p_rgh, Initial residual = 0.000201398, Final residual = 9.91732e-06, No Iterations 201
DICPCG:  Solving for p_rgh, Initial residual = 9.93591e-06, Final residual = 9.8944e-08, No Iterations 123
time step continuity errors : sum local = 1.81606e-10, global = 1.11519e-11, cumulative = -3.09545e-06
ExecutionTime = 830.49 s  ClockTime = 834 s

Courant Number mean: 0.204674 max: 0.387885
Interface Courant Number mean: 0.000770949 max: 0.380628
deltaT = 0.000261987
Time = 0.0324024

PIMPLE: iteration 1
smoothSolver:  Solving for alpha.water, Initial residual = 0.0202637, Final residual = 1.21149e-09, No Iterations 3
Phase-1 volume fraction = 0.997811  Min(alpha.water) = 0.0031034  Max(alpha.water) = 1
MULES: Correcting alpha.water
MULES: Correcting alpha.water
Phase-1 volume fraction = 0.997811  Min(alpha.water) = 0.00309599  Max(alpha.water) = 1.00005
DICPCG:  Solving for p_rgh, Initial residual = 0.107667, Final residual = 0.00383449, No Iterations 4
DICPCG:  Solving for p_rgh, Initial residual = 0.00384846, Final residual = 0.000159437, No Iterations 13
time step continuity errors : sum local = 3.07079e-07, global = -1.59875e-08, cumulative = -3.11144e-06
DICPCG:  Solving for p_rgh, Initial residual = 0.00151967, Final residual = 7.55193e-05, No Iterations 7
DICPCG:  Solving for p_rgh, Initial residual = 7.55109e-05, Final residual = 3.71994e-06, No Iterations 195
time step continuity errors : sum local = 7.15615e-09, global = -3.01731e-10, cumulative = -3.11174e-06
DICPCG:  Solving for p_rgh, Initial residual = 0.000210108, Final residual = 1.04706e-05, No Iterations 200
DICPCG:  Solving for p_rgh, Initial residual = 1.04921e-05, Final residual = 9.76853e-08, No Iterations 98
time step continuity errors : sum local = 1.87859e-10, global = 1.87387e-11, cumulative = -3.11172e-06
ExecutionTime = 836.32 s  ClockTime = 840 s

Courant Number mean: 0.211509 max: 0.427654
Interface Courant Number mean: 0.000812813 max: 0.344622
deltaT = 0.000245084
Time = 0.0326475

PIMPLE: iteration 1
smoothSolver:  Solving for alpha.water, Initial residual = 0.0189319, Final residual = 8.41622e-10, No Iterations 3
Phase-1 volume fraction = 0.997811  Min(alpha.water) = 0.00311149  Max(alpha.water) = 1
MULES: Correcting alpha.water
MULES: Correcting alpha.water
Phase-1 volume fraction = 0.997811  Min(alpha.water) = 0.00311149  Max(alpha.water) = 1.00004
DICPCG:  Solving for p_rgh, Initial residual = 0.101418, Final residual = 0.00359444, No Iterations 4
DICPCG:  Solving for p_rgh, Initial residual = 0.00358357, Final residual = 0.000138402, No Iterations 13
time step continuity errors : sum local = 2.37846e-07, global = -1.3244e-08, cumulative = -3.12497e-06
DICPCG:  Solving for p_rgh, Initial residual = 0.00143993, Final residual = 6.58236e-05, No Iterations 7
DICPCG:  Solving for p_rgh, Initial residual = 6.58166e-05, Final residual = 3.02663e-06, No Iterations 217
time step continuity errors : sum local = 5.1958e-09, global = -2.06226e-11, cumulative = -3.12499e-06
DICPCG:  Solving for p_rgh, Initial residual = 0.000189742, Final residual = 8.18215e-06, No Iterations 201
DICPCG:  Solving for p_rgh, Initial residual = 8.19713e-06, Final residual = 9.9795e-08, No Iterations 83
time step continuity errors : sum local = 1.71263e-10, global = 1.07087e-11, cumulative = -3.12498e-06
ExecutionTime = 842.35 s  ClockTime = 846 s

Courant Number mean: 0.197874 max: 0.410607
Interface Courant Number mean: 0.000765279 max: 0.324829
deltaT = 0.000237178
Time = 0.0328846

PIMPLE: iteration 1
smoothSolver:  Solving for alpha.water, Initial residual = 0.0182809, Final residual = 7.13588e-10, No Iterations 3
Phase-1 volume fraction = 0.997811  Min(alpha.water) = 0.00311718  Max(alpha.water) = 1
MULES: Correcting alpha.water
MULES: Correcting alpha.water
Phase-1 volume fraction = 0.997811  Min(alpha.water) = 0.00311718  Max(alpha.water) = 1.00004
DICPCG:  Solving for p_rgh, Initial residual = 0.0966893, Final residual = 0.00344591, No Iterations 4
DICPCG:  Solving for p_rgh, Initial residual = 0.00342839, Final residual = 0.000141285, No Iterations 13
time step continuity errors : sum local = 2.3082e-07, global = -1.22124e-08, cumulative = -3.13719e-06
DICPCG:  Solving for p_rgh, Initial residual = 0.00141847, Final residual = 6.59041e-05, No Iterations 7
DICPCG:  Solving for p_rgh, Initial residual = 6.59009e-05, Final residual = 3.13015e-06, No Iterations 216
time step continuity errors : sum local = 5.10815e-09, global = -3.04781e-11, cumulative = -3.13722e-06
DICPCG:  Solving for p_rgh, Initial residual = 0.000184055, Final residual = 7.98494e-06, No Iterations 199
DICPCG:  Solving for p_rgh, Initial residual = 7.99828e-06, Final residual = 9.64743e-08, No Iterations 86
time step continuity errors : sum local = 1.57355e-10, global = 9.42294e-12, cumulative = -3.13721e-06
ExecutionTime = 848.48 s  ClockTime = 852 s

Courant Number mean: 0.191499 max: 0.394914
Interface Courant Number mean: 0.000720014 max: 0.335226
deltaT = 0.000237178
Time = 0.0331218

PIMPLE: iteration 1
smoothSolver:  Solving for alpha.water, Initial residual = 0.0182769, Final residual = 7.29518e-10, No Iterations 3
Phase-1 volume fraction = 0.997811  Min(alpha.water) = 0.00312494  Max(alpha.water) = 1
MULES: Correcting alpha.water
MULES: Correcting alpha.water
Phase-1 volume fraction = 0.997811  Min(alpha.water) = 0.00312494  Max(alpha.water) = 1.00005
DICPCG:  Solving for p_rgh, Initial residual = 0.0941056, Final residual = 0.00344487, No Iterations 4
DICPCG:  Solving for p_rgh, Initial residual = 0.00343369, Final residual = 0.000147114, No Iterations 13
time step continuity errors : sum local = 2.41138e-07, global = -1.21854e-08, cumulative = -3.1494e-06
DICPCG:  Solving for p_rgh, Initial residual = 0.00140579, Final residual = 6.93376e-05, No Iterations 7
DICPCG:  Solving for p_rgh, Initial residual = 6.93347e-05, Final residual = 3.12376e-06, No Iterations 182
time step continuity errors : sum local = 5.1145e-09, global = 2.74519e-10, cumulative = -3.14912e-06
DICPCG:  Solving for p_rgh, Initial residual = 0.000181594, Final residual = 9.02932e-06, No Iterations 199
DICPCG:  Solving for p_rgh, Initial residual = 9.04409e-06, Final residual = 9.67489e-08, No Iterations 114
time step continuity errors : sum local = 1.58304e-10, global = 8.3398e-12, cumulative = -3.14911e-06
ExecutionTime = 854.43 s  ClockTime = 858 s

Courant Number mean: 0.191508 max: 0.384093
Interface Courant Number mean: 0.000704282 max: 0.363386
deltaT = 0.000245649
Time = 0.0333675

PIMPLE: iteration 1
smoothSolver:  Solving for alpha.water, Initial residual = 0.0189682, Final residual = 9.28563e-10, No Iterations 3
Phase-1 volume fraction = 0.997811  Min(alpha.water) = 0.00313853  Max(alpha.water) = 1
MULES: Correcting alpha.water
MULES: Correcting alpha.water
Phase-1 volume fraction = 0.997811  Min(alpha.water) = 0.00313498  Max(alpha.water) = 1.00015
DICPCG:  Solving for p_rgh, Initial residual = 0.0979696, Final residual = 0.00358132, No Iterations 4
DICPCG:  Solving for p_rgh, Initial residual = 0.00358407, Final residual = 0.000151994, No Iterations 13
time step continuity errors : sum local = 2.63651e-07, global = -1.3368e-08, cumulative = -3.16248e-06
DICPCG:  Solving for p_rgh, Initial residual = 0.0014289, Final residual = 6.46949e-05, No Iterations 8
DICPCG:  Solving for p_rgh, Initial residual = 6.46914e-05, Final residual = 3.18678e-06, No Iterations 216
time step continuity errors : sum local = 5.52145e-09, global = 6.15094e-11, cumulative = -3.16242e-06
DICPCG:  Solving for p_rgh, Initial residual = 0.000189724, Final residual = 8.8505e-06, No Iterations 201
DICPCG:  Solving for p_rgh, Initial residual = 8.86588e-06, Final residual = 9.98389e-08, No Iterations 124
time step continuity errors : sum local = 1.72877e-10, global = 9.79503e-12, cumulative = -3.16241e-06
ExecutionTime = 860.97 s  ClockTime = 865 s

Courant Number mean: 0.198356 max: 0.40345
Interface Courant Number mean: 0.000733983 max: 0.319234
deltaT = 0.000245649
Time = 0.0336131

PIMPLE: iteration 1
smoothSolver:  Solving for alpha.water, Initial residual = 0.0189918, Final residual = 9.63858e-10, No Iterations 3
Phase-1 volume fraction = 0.997811  Min(alpha.water) = 0.00315897  Max(alpha.water) = 1.00001
MULES: Correcting alpha.water
MULES: Correcting alpha.water
Phase-1 volume fraction = 0.997811  Min(alpha.water) = 0.00315595  Max(alpha.water) = 1.00016
DICPCG:  Solving for p_rgh, Initial residual = 0.101822, Final residual = 0.00359526, No Iterations 4
DICPCG:  Solving for p_rgh, Initial residual = 0.00360797, Final residual = 0.000149474, No Iterations 13
time step continuity errors : sum local = 2.5657e-07, global = -1.32142e-08, cumulative = -3.17562e-06
DICPCG:  Solving for p_rgh, Initial residual = 0.00142336, Final residual = 6.79904e-05, No Iterations 8
DICPCG:  Solving for p_rgh, Initial residual = 6.79829e-05, Final residual = 3.27545e-06, No Iterations 195
time step continuity errors : sum local = 5.61631e-09, global = -2.33915e-10, cumulative = -3.17586e-06
DICPCG:  Solving for p_rgh, Initial residual = 0.000190769, Final residual = 8.81357e-06, No Iterations 200
DICPCG:  Solving for p_rgh, Initial residual = 8.8294e-06, Final residual = 9.5866e-08, No Iterations 98
time step continuity errors : sum local = 1.64322e-10, global = 1.57913e-11, cumulative = -3.17584e-06
ExecutionTime = 866.95 s  ClockTime = 871 s

Courant Number mean: 0.198365 max: 0.416952
Interface Courant Number mean: 0.000749246 max: 0.320516
deltaT = 0.000236551
Time = 0.0338497

PIMPLE: iteration 1
smoothSolver:  Solving for alpha.water, Initial residual = 0.0182748, Final residual = 8.02136e-10, No Iterations 3
Phase-1 volume fraction = 0.997811  Min(alpha.water) = 0.00318481  Max(alpha.water) = 1.00001
MULES: Correcting alpha.water
MULES: Correcting alpha.water
Phase-1 volume fraction = 0.997811  Min(alpha.water) = 0.00318161  Max(alpha.water) = 1.00002
DICPCG:  Solving for p_rgh, Initial residual = 0.0991579, Final residual = 0.00346777, No Iterations 4
DICPCG:  Solving for p_rgh, Initial residual = 0.00346473, Final residual = 0.000133111, No Iterations 13
time step continuity errors : sum local = 2.13526e-07, global = -1.1842e-08, cumulative = -3.18768e-06
DICPCG:  Solving for p_rgh, Initial residual = 0.00140262, Final residual = 6.52101e-05, No Iterations 7
DICPCG:  Solving for p_rgh, Initial residual = 6.52024e-05, Final residual = 3.16902e-06, No Iterations 215
time step continuity errors : sum local = 5.0786e-09, global = -2.43255e-11, cumulative = -3.18771e-06
DICPCG:  Solving for p_rgh, Initial residual = 0.000183009, Final residual = 8.28328e-06, No Iterations 201
DICPCG:  Solving for p_rgh, Initial residual = 8.29765e-06, Final residual = 9.71835e-08, No Iterations 98
time step continuity errors : sum local = 1.55724e-10, global = 1.37717e-11, cumulative = -3.18769e-06
ExecutionTime = 873.17 s  ClockTime = 877 s

Courant Number mean: 0.191028 max: 0.404782
Interface Courant Number mean: 0.000723535 max: 0.314238
deltaT = 0.000236551
Time = 0.0340862

PIMPLE: iteration 1
smoothSolver:  Solving for alpha.water, Initial residual = 0.0182659, Final residual = 8.37577e-10, No Iterations 3
Phase-1 volume fraction = 0.997811  Min(alpha.water) = 0.00319116  Max(alpha.water) = 1
MULES: Correcting alpha.water
MULES: Correcting alpha.water
Phase-1 volume fraction = 0.997811  Min(alpha.water) = 0.00319116  Max(alpha.water) = 1.00002
DICPCG:  Solving for p_rgh, Initial residual = 0.0985273, Final residual = 0.00344945, No Iterations 4
DICPCG:  Solving for p_rgh, Initial residual = 0.00343677, Final residual = 0.000133919, No Iterations 13
time step continuity errors : sum local = 2.1582e-07, global = -1.18724e-08, cumulative = -3.19957e-06
DICPCG:  Solving for p_rgh, Initial residual = 0.00142886, Final residual = 6.68792e-05, No Iterations 7
DICPCG:  Solving for p_rgh, Initial residual = 6.68746e-05, Final residual = 3.04107e-06, No Iterations 215
time step continuity errors : sum local = 4.89578e-09, global = -4.9761e-11, cumulative = -3.19962e-06
DICPCG:  Solving for p_rgh, Initial residual = 0.000187705, Final residual = 8.61423e-06, No Iterations 191
DICPCG:  Solving for p_rgh, Initial residual = 8.62857e-06, Final residual = 9.78874e-08, No Iterations 151
time step continuity errors : sum local = 1.57532e-10, global = 1.23817e-11, cumulative = -3.1996e-06
ExecutionTime = 879.62 s  ClockTime = 884 s

Courant Number mean: 0.191037 max: 0.398329
Interface Courant Number mean: 0.000708988 max: 0.341636
deltaT = 0.000236551
Time = 0.0343228

PIMPLE: iteration 1
smoothSolver:  Solving for alpha.water, Initial residual = 0.0182797, Final residual = 8.58846e-10, No Iterations 3
Phase-1 volume fraction = 0.997811  Min(alpha.water) = 0.00319787  Max(alpha.water) = 1
MULES: Correcting alpha.water
MULES: Correcting alpha.water
Phase-1 volume fraction = 0.997811  Min(alpha.water) = 0.00319787  Max(alpha.water) = 1.00005
DICPCG:  Solving for p_rgh, Initial residual = 0.097049, Final residual = 0.00345518, No Iterations 4
DICPCG:  Solving for p_rgh, Initial residual = 0.00344377, Final residual = 0.000138387, No Iterations 13
time step continuity errors : sum local = 2.23778e-07, global = -1.18161e-08, cumulative = -3.21142e-06
DICPCG:  Solving for p_rgh, Initial residual = 0.00143687, Final residual = 6.90199e-05, No Iterations 7
DICPCG:  Solving for p_rgh, Initial residual = 6.90162e-05, Final residual = 3.17044e-06, No Iterations 217
time step continuity errors : sum local = 5.12119e-09, global = 2.9705e-12, cumulative = -3.21142e-06
DICPCG:  Solving for p_rgh, Initial residual = 0.000188123, Final residual = 9.21889e-06, No Iterations 198
DICPCG:  Solving for p_rgh, Initial residual = 9.23386e-06, Final residual = 9.67022e-08, No Iterations 114
time step continuity errors : sum local = 1.56121e-10, global = 1.04674e-11, cumulative = -3.21141e-06
ExecutionTime = 885.96 s  ClockTime = 890 s

Courant Number mean: 0.191045 max: 0.386223
Interface Courant Number mean: 0.000697159 max: 0.320771
deltaT = 0.000246836
Time = 0.0345696

PIMPLE: iteration 1
smoothSolver:  Solving for alpha.water, Initial residual = 0.0190811, Final residual = 1.12256e-09, No Iterations 3
Phase-1 volume fraction = 0.997811  Min(alpha.water) = 0.00320972  Max(alpha.water) = 1
MULES: Correcting alpha.water
MULES: Correcting alpha.water
Phase-1 volume fraction = 0.997811  Min(alpha.water) = 0.00320972  Max(alpha.water) = 1.00004
DICPCG:  Solving for p_rgh, Initial residual = 0.0997791, Final residual = 0.00362559, No Iterations 4
DICPCG:  Solving for p_rgh, Initial residual = 0.00361882, Final residual = 0.000154279, No Iterations 13
time step continuity errors : sum local = 2.68984e-07, global = -1.3173e-08, cumulative = -3.22458e-06
DICPCG:  Solving for p_rgh, Initial residual = 0.00144956, Final residual = 6.71132e-05, No Iterations 8
DICPCG:  Solving for p_rgh, Initial residual = 6.71085e-05, Final residual = 3.28054e-06, No Iterations 218
time step continuity errors : sum local = 5.7132e-09, global = 4.43304e-11, cumulative = -3.22454e-06
DICPCG:  Solving for p_rgh, Initial residual = 0.000194095, Final residual = 9.34068e-06, No Iterations 201
DICPCG:  Solving for p_rgh, Initial residual = 9.35652e-06, Final residual = 9.82188e-08, No Iterations 125
time step continuity errors : sum local = 1.70932e-10, global = 1.02914e-11, cumulative = -3.22452e-06
ExecutionTime = 892.48 s  ClockTime = 896 s

Courant Number mean: 0.199358 max: 0.399635
Interface Courant Number mean: 0.000739557 max: 0.329925
deltaT = 0.000246836
Time = 0.0348164

PIMPLE: iteration 1
smoothSolver:  Solving for alpha.water, Initial residual = 0.0191422, Final residual = 1.14883e-09, No Iterations 3
Phase-1 volume fraction = 0.997811  Min(alpha.water) = 0.00322811  Max(alpha.water) = 1
MULES: Correcting alpha.water
MULES: Correcting alpha.water
Phase-1 volume fraction = 0.997811  Min(alpha.water) = 0.00322362  Max(alpha.water) = 1.00003
DICPCG:  Solving for p_rgh, Initial residual = 0.10195, Final residual = 0.00362031, No Iterations 4
DICPCG:  Solving for p_rgh, Initial residual = 0.00363165, Final residual = 0.000146405, No Iterations 13
time step continuity errors : sum local = 2.52838e-07, global = -1.30677e-08, cumulative = -3.23759e-06
DICPCG:  Solving for p_rgh, Initial residual = 0.00142038, Final residual = 6.56301e-05, No Iterations 8
DICPCG:  Solving for p_rgh, Initial residual = 6.56229e-05, Final residual = 3.23568e-06, No Iterations 218
time step continuity errors : sum local = 5.58209e-09, global = -5.18993e-11, cumulative = -3.23764e-06
DICPCG:  Solving for p_rgh, Initial residual = 0.000191239, Final residual = 9.54633e-06, No Iterations 201
DICPCG:  Solving for p_rgh, Initial residual = 9.5631e-06, Final residual = 9.97215e-08, No Iterations 117
time step continuity errors : sum local = 1.71961e-10, global = 1.06478e-11, cumulative = -3.23763e-06
ExecutionTime = 898.87 s  ClockTime = 903 s

Courant Number mean: 0.199366 max: 0.406928
Interface Courant Number mean: 0.000751781 max: 0.328599
deltaT = 0.000246836
Time = 0.0350633

PIMPLE: iteration 1
smoothSolver:  Solving for alpha.water, Initial residual = 0.0191961, Final residual = 1.18921e-09, No Iterations 3
Phase-1 volume fraction = 0.997811  Min(alpha.water) = 0.00325515  Max(alpha.water) = 1
MULES: Correcting alpha.water
MULES: Correcting alpha.water
Phase-1 volume fraction = 0.997811  Min(alpha.water) = 0.00324795  Max(alpha.water) = 1.00004
DICPCG:  Solving for p_rgh, Initial residual = 0.104195, Final residual = 0.0036334, No Iterations 4
DICPCG:  Solving for p_rgh, Initial residual = 0.00363557, Final residual = 0.000142217, No Iterations 13
time step continuity errors : sum local = 2.44545e-07, global = -1.29919e-08, cumulative = -3.25063e-06
DICPCG:  Solving for p_rgh, Initial residual = 0.00142522, Final residual = 6.9747e-05, No Iterations 7
DICPCG:  Solving for p_rgh, Initial residual = 6.97405e-05, Final residual = 3.09994e-06, No Iterations 217
time step continuity errors : sum local = 5.32462e-09, global = -1.93509e-11, cumulative = -3.25065e-06
DICPCG:  Solving for p_rgh, Initial residual = 0.000193723, Final residual = 9.16849e-06, No Iterations 201
DICPCG:  Solving for p_rgh, Initial residual = 9.18508e-06, Final residual = 9.95778e-08, No Iterations 105
time step continuity errors : sum local = 1.71009e-10, global = 1.59265e-11, cumulative = -3.25063e-06
ExecutionTime = 905.1 s  ClockTime = 909 s

Courant Number mean: 0.199375 max: 0.407435
Interface Courant Number mean: 0.000765004 max: 0.333723
deltaT = 0.000246836
Time = 0.0353101

PIMPLE: iteration 1
smoothSolver:  Solving for alpha.water, Initial residual = 0.0192279, Final residual = 1.22802e-09, No Iterations 3
Phase-1 volume fraction = 0.997811  Min(alpha.water) = 0.00326666  Max(alpha.water) = 1
MULES: Correcting alpha.water
MULES: Correcting alpha.water
Phase-1 volume fraction = 0.997811  Min(alpha.water) = 0.00326249  Max(alpha.water) = 1.00004
DICPCG:  Solving for p_rgh, Initial residual = 0.104863, Final residual = 0.00361757, No Iterations 4
DICPCG:  Solving for p_rgh, Initial residual = 0.0036049, Final residual = 0.000175828, No Iterations 12
time step continuity errors : sum local = 3.03565e-07, global = -1.29345e-08, cumulative = -3.26356e-06
DICPCG:  Solving for p_rgh, Initial residual = 0.00150498, Final residual = 7.47377e-05, No Iterations 7
DICPCG:  Solving for p_rgh, Initial residual = 7.47345e-05, Final residual = 3.47614e-06, No Iterations 217
time step continuity errors : sum local = 5.99475e-09, global = 3.76042e-11, cumulative = -3.26353e-06
DICPCG:  Solving for p_rgh, Initial residual = 0.000203035, Final residual = 9.16326e-06, No Iterations 200
DICPCG:  Solving for p_rgh, Initial residual = 9.17984e-06, Final residual = 9.91346e-08, No Iterations 95
time step continuity errors : sum local = 1.70941e-10, global = 1.34987e-11, cumulative = -3.26351e-06
ExecutionTime = 911.8 s  ClockTime = 916 s

Courant Number mean: 0.199384 max: 0.402199
Interface Courant Number mean: 0.000744621 max: 0.34175
deltaT = 0.000246836
Time = 0.035557

PIMPLE: iteration 1
smoothSolver:  Solving for alpha.water, Initial residual = 0.0192449, Final residual = 1.25162e-09, No Iterations 3
Phase-1 volume fraction = 0.997811  Min(alpha.water) = 0.00327478  Max(alpha.water) = 1
MULES: Correcting alpha.water
MULES: Correcting alpha.water
Phase-1 volume fraction = 0.997811  Min(alpha.water) = 0.00327461  Max(alpha.water) = 1.00001
DICPCG:  Solving for p_rgh, Initial residual = 0.103214, Final residual = 0.00362446, No Iterations 4
DICPCG:  Solving for p_rgh, Initial residual = 0.00360946, Final residual = 0.000147775, No Iterations 13
time step continuity errors : sum local = 2.56485e-07, global = -1.28901e-08, cumulative = -3.2764e-06
DICPCG:  Solving for p_rgh, Initial residual = 0.00152648, Final residual = 7.12342e-05, No Iterations 7
DICPCG:  Solving for p_rgh, Initial residual = 7.12303e-05, Final residual = 3.46741e-06, No Iterations 221
time step continuity errors : sum local = 6.0113e-09, global = 7.18065e-11, cumulative = -3.27633e-06
DICPCG:  Solving for p_rgh, Initial residual = 0.000203939, Final residual = 9.17796e-06, No Iterations 200
DICPCG:  Solving for p_rgh, Initial residual = 9.19376e-06, Final residual = 9.98682e-08, No Iterations 143
time step continuity errors : sum local = 1.73062e-10, global = 1.30042e-11, cumulative = -3.27632e-06
ExecutionTime = 918.76 s  ClockTime = 923 s

Courant Number mean: 0.199391 max: 0.394604
Interface Courant Number mean: 0.000742619 max: 0.340904
deltaT = 0.000246836
Time = 0.0358038

PIMPLE: iteration 1
smoothSolver:  Solving for alpha.water, Initial residual = 0.0192659, Final residual = 1.26248e-09, No Iterations 3
Phase-1 volume fraction = 0.997811  Min(alpha.water) = 0.00328578  Max(alpha.water) = 1
MULES: Correcting alpha.water
MULES: Correcting alpha.water
Phase-1 volume fraction = 0.997811  Min(alpha.water) = 0.00328578  Max(alpha.water) = 1.00003
DICPCG:  Solving for p_rgh, Initial residual = 0.100089, Final residual = 0.00364685, No Iterations 4
DICPCG:  Solving for p_rgh, Initial residual = 0.00363842, Final residual = 0.000161323, No Iterations 13
time step continuity errors : sum local = 2.80374e-07, global = -1.28327e-08, cumulative = -3.28915e-06
DICPCG:  Solving for p_rgh, Initial residual = 0.00150332, Final residual = 6.88274e-05, No Iterations 8
DICPCG:  Solving for p_rgh, Initial residual = 6.88212e-05, Final residual = 3.43744e-06, No Iterations 216
time step continuity errors : sum local = 5.9676e-09, global = 1.85927e-11, cumulative = -3.28913e-06
DICPCG:  Solving for p_rgh, Initial residual = 0.000200901, Final residual = 9.96372e-06, No Iterations 201
DICPCG:  Solving for p_rgh, Initial residual = 9.98019e-06, Final residual = 9.95109e-08, No Iterations 143
time step continuity errors : sum local = 1.72634e-10, global = 1.29314e-11, cumulative = -3.28912e-06
ExecutionTime = 925.2 s  ClockTime = 929 s

Courant Number mean: 0.199397 max: 0.383159
Interface Courant Number mean: 0.00074509 max: 0.336122
deltaT = 0.000262263
Time = 0.0360661

PIMPLE: iteration 1
smoothSolver:  Solving for alpha.water, Initial residual = 0.0204885, Final residual = 1.8162e-09, No Iterations 3
Phase-1 volume fraction = 0.997811  Min(alpha.water) = 0.00330713  Max(alpha.water) = 1
MULES: Correcting alpha.water
MULES: Correcting alpha.water
Phase-1 volume fraction = 0.997811  Min(alpha.water) = 0.00330096  Max(alpha.water) = 1.00004
DICPCG:  Solving for p_rgh, Initial residual = 0.105997, Final residual = 0.00386462, No Iterations 4
DICPCG:  Solving for p_rgh, Initial residual = 0.0038705, Final residual = 0.00016804, No Iterations 13
time step continuity errors : sum local = 3.22634e-07, global = -1.49767e-08, cumulative = -3.3041e-06
DICPCG:  Solving for p_rgh, Initial residual = 0.00149915, Final residual = 7.01372e-05, No Iterations 8
DICPCG:  Solving for p_rgh, Initial residual = 7.01297e-05, Final residual = 3.41611e-06, No Iterations 215
time step continuity errors : sum local = 6.55116e-09, global = -7.4951e-12, cumulative = -3.3041e-06
DICPCG:  Solving for p_rgh, Initial residual = 0.000212723, Final residual = 1.01494e-05, No Iterations 201
DICPCG:  Solving for p_rgh, Initial residual = 1.01682e-05, Final residual = 9.97118e-08, No Iterations 126
time step continuity errors : sum local = 1.91104e-10, global = 1.10551e-11, cumulative = -3.30409e-06
ExecutionTime = 931.68 s  ClockTime = 936 s

Courant Number mean: 0.211865 max: 0.403412
Interface Courant Number mean: 0.00081275 max: 0.366426
deltaT = 0.000262263
Time = 0.0363283

PIMPLE: iteration 1
smoothSolver:  Solving for alpha.water, Initial residual = 0.0204924, Final residual = 1.80699e-09, No Iterations 3
Phase-1 volume fraction = 0.997811  Min(alpha.water) = 0.00333941  Max(alpha.water) = 1
MULES: Correcting alpha.water
MULES: Correcting alpha.water
Phase-1 volume fraction = 0.997811  Min(alpha.water) = 0.00333615  Max(alpha.water) = 1.00002
DICPCG:  Solving for p_rgh, Initial residual = 0.109064, Final residual = 0.00386986, No Iterations 4
DICPCG:  Solving for p_rgh, Initial residual = 0.00387816, Final residual = 0.00019126, No Iterations 12
time step continuity errors : sum local = 3.64369e-07, global = -1.48337e-08, cumulative = -3.31893e-06
DICPCG:  Solving for p_rgh, Initial residual = 0.00151705, Final residual = 6.54257e-05, No Iterations 9
DICPCG:  Solving for p_rgh, Initial residual = 6.54225e-05, Final residual = 3.13086e-06, No Iterations 215
time step continuity errors : sum local = 5.95713e-09, global = -5.80112e-11, cumulative = -3.31898e-06
DICPCG:  Solving for p_rgh, Initial residual = 0.000215408, Final residual = 9.58429e-06, No Iterations 200
DICPCG:  Solving for p_rgh, Initial residual = 9.60296e-06, Final residual = 9.936e-08, No Iterations 98
time step continuity errors : sum local = 1.8902e-10, global = 1.50444e-11, cumulative = -3.31897e-06
ExecutionTime = 937.97 s  ClockTime = 942 s

Courant Number mean: 0.211871 max: 0.400521
Interface Courant Number mean: 0.000819926 max: 0.369422
deltaT = 0.000262263
Time = 0.0365906

PIMPLE: iteration 1
smoothSolver:  Solving for alpha.water, Initial residual = 0.0204734, Final residual = 1.75999e-09, No Iterations 3
Phase-1 volume fraction = 0.997811  Min(alpha.water) = 0.00338688  Max(alpha.water) = 1
MULES: Correcting alpha.water
MULES: Correcting alpha.water
Phase-1 volume fraction = 0.997811  Min(alpha.water) = 0.00338472  Max(alpha.water) = 1.00001
DICPCG:  Solving for p_rgh, Initial residual = 0.111985, Final residual = 0.00385443, No Iterations 4
DICPCG:  Solving for p_rgh, Initial residual = 0.00384, Final residual = 0.000181491, No Iterations 12
time step continuity errors : sum local = 3.47343e-07, global = -1.47482e-08, cumulative = -3.33372e-06
DICPCG:  Solving for p_rgh, Initial residual = 0.00160415, Final residual = 7.90863e-05, No Iterations 7
DICPCG:  Solving for p_rgh, Initial residual = 7.90846e-05, Final residual = 3.76576e-06, No Iterations 218
time step continuity errors : sum local = 7.19775e-09, global = 3.7778e-11, cumulative = -3.33368e-06
DICPCG:  Solving for p_rgh, Initial residual = 0.000224085, Final residual = 1.07345e-05, No Iterations 199
DICPCG:  Solving for p_rgh, Initial residual = 1.07557e-05, Final residual = 9.77709e-08, No Iterations 113
time step continuity errors : sum local = 1.86878e-10, global = 1.36037e-11, cumulative = -3.33367e-06
ExecutionTime = 944.27 s  ClockTime = 948 s

Courant Number mean: 0.211878 max: 0.394531
Interface Courant Number mean: 0.00080212 max: 0.356235
deltaT = 0.000262263
Time = 0.0368528

PIMPLE: iteration 1
smoothSolver:  Solving for alpha.water, Initial residual = 0.0204531, Final residual = 1.74106e-09, No Iterations 3
Phase-1 volume fraction = 0.997811  Min(alpha.water) = 0.00340467  Max(alpha.water) = 1.00001
MULES: Correcting alpha.water
MULES: Correcting alpha.water
Phase-1 volume fraction = 0.997811  Min(alpha.water) = 0.00340463  Max(alpha.water) = 1.00003
DICPCG:  Solving for p_rgh, Initial residual = 0.109028, Final residual = 0.00387266, No Iterations 4
DICPCG:  Solving for p_rgh, Initial residual = 0.00385358, Final residual = 0.000168826, No Iterations 13
time step continuity errors : sum local = 3.25375e-07, global = -1.46965e-08, cumulative = -3.34836e-06
DICPCG:  Solving for p_rgh, Initial residual = 0.00166826, Final residual = 8.10457e-05, No Iterations 6
DICPCG:  Solving for p_rgh, Initial residual = 8.1036e-05, Final residual = 4.00984e-06, No Iterations 219
time step continuity errors : sum local = 7.71921e-09, global = -6.52031e-11, cumulative = -3.34843e-06
DICPCG:  Solving for p_rgh, Initial residual = 0.000231968, Final residual = 1.07087e-05, No Iterations 201
DICPCG:  Solving for p_rgh, Initial residual = 1.07286e-05, Final residual = 9.9277e-08, No Iterations 160
time step continuity errors : sum local = 1.91044e-10, global = 1.41357e-11, cumulative = -3.34841e-06
ExecutionTime = 951.04 s  ClockTime = 955 s

Courant Number mean: 0.211885 max: 0.382973
Interface Courant Number mean: 0.000800469 max: 0.358616
deltaT = 0.000286105
Time = 0.0371389

PIMPLE: iteration 1
smoothSolver:  Solving for alpha.water, Initial residual = 0.0222958, Final residual = 2.94277e-09, No Iterations 3
Phase-1 volume fraction = 0.997811  Min(alpha.water) = 0.00342861  Max(alpha.water) = 1.00001
MULES: Correcting alpha.water
MULES: Correcting alpha.water
Phase-1 volume fraction = 0.997811  Min(alpha.water) = 0.00342815  Max(alpha.water) = 1.00003
DICPCG:  Solving for p_rgh, Initial residual = 0.113455, Final residual = 0.00423812, No Iterations 4
DICPCG:  Solving for p_rgh, Initial residual = 0.00423773, Final residual = 0.000202793, No Iterations 13
time step continuity errors : sum local = 4.52999e-07, global = -1.83261e-08, cumulative = -3.36674e-06
DICPCG:  Solving for p_rgh, Initial residual = 0.00174389, Final residual = 8.6422e-05, No Iterations 8
DICPCG:  Solving for p_rgh, Initial residual = 8.64098e-05, Final residual = 4.21099e-06, No Iterations 221
time step continuity errors : sum local = 9.39424e-09, global = 5.77239e-11, cumulative = -3.36668e-06
DICPCG:  Solving for p_rgh, Initial residual = 0.000259978, Final residual = 1.18384e-05, No Iterations 201
DICPCG:  Solving for p_rgh, Initial residual = 1.18624e-05, Final residual = 9.82658e-08, No Iterations 162
time step continuity errors : sum local = 2.19052e-10, global = 1.87617e-11, cumulative = -3.36666e-06
ExecutionTime = 957.97 s  ClockTime = 962 s

Courant Number mean: 0.231152 max: 0.399262
Interface Courant Number mean: 0.000882354 max: 0.390045
deltaT = 0.000286105
Time = 0.0374251

PIMPLE: iteration 1
smoothSolver:  Solving for alpha.water, Initial residual = 0.0222722, Final residual = 2.92604e-09, No Iterations 3
Phase-1 volume fraction = 0.997811  Min(alpha.water) = 0.00346414  Max(alpha.water) = 1.00001
MULES: Correcting alpha.water
MULES: Correcting alpha.water
Phase-1 volume fraction = 0.997811  Min(alpha.water) = 0.00345573  Max(alpha.water) = 1.00014
DICPCG:  Solving for p_rgh, Initial residual = 0.11474, Final residual = 0.00422933, No Iterations 4
DICPCG:  Solving for p_rgh, Initial residual = 0.00424158, Final residual = 0.000193593, No Iterations 13
time step continuity errors : sum local = 4.28259e-07, global = -1.81013e-08, cumulative = -3.38476e-06
DICPCG:  Solving for p_rgh, Initial residual = 0.00158177, Final residual = 7.21083e-05, No Iterations 9
DICPCG:  Solving for p_rgh, Initial residual = 7.20986e-05, Final residual = 3.42366e-06, No Iterations 214
time step continuity errors : sum local = 7.56368e-09, global = -4.35077e-11, cumulative = -3.38481e-06
DICPCG:  Solving for p_rgh, Initial residual = 0.000240696, Final residual = 1.17784e-05, No Iterations 201
DICPCG:  Solving for p_rgh, Initial residual = 1.18026e-05, Final residual = 9.74862e-08, No Iterations 139
time step continuity errors : sum local = 2.15225e-10, global = 1.42968e-11, cumulative = -3.38479e-06
ExecutionTime = 964.61 s  ClockTime = 969 s

Courant Number mean: 0.231157 max: 0.401126
Interface Courant Number mean: 0.00090089 max: 0.376604
deltaT = 0.000286105
Time = 0.0377112

PIMPLE: iteration 1
smoothSolver:  Solving for alpha.water, Initial residual = 0.0222012, Final residual = 2.8554e-09, No Iterations 3
Phase-1 volume fraction = 0.997811  Min(alpha.water) = 0.00351653  Max(alpha.water) = 1
MULES: Correcting alpha.water
MULES: Correcting alpha.water
Phase-1 volume fraction = 0.997811  Min(alpha.water) = 0.00351442  Max(alpha.water) = 1.00006
DICPCG:  Solving for p_rgh, Initial residual = 0.118263, Final residual = 0.00421663, No Iterations 4
DICPCG:  Solving for p_rgh, Initial residual = 0.00421319, Final residual = 0.000170432, No Iterations 13
time step continuity errors : sum local = 3.7623e-07, global = -1.80158e-08, cumulative = -3.40281e-06
DICPCG:  Solving for p_rgh, Initial residual = 0.00161316, Final residual = 7.65451e-05, No Iterations 7
DICPCG:  Solving for p_rgh, Initial residual = 7.65382e-05, Final residual = 3.67244e-06, No Iterations 215
time step continuity errors : sum local = 8.0957e-09, global = 3.34162e-11, cumulative = -3.40278e-06
DICPCG:  Solving for p_rgh, Initial residual = 0.000243496, Final residual = 1.20669e-05, No Iterations 193
DICPCG:  Solving for p_rgh, Initial residual = 1.20933e-05, Final residual = 9.73718e-08, No Iterations 187
time step continuity errors : sum local = 2.14639e-10, global = 1.74726e-11, cumulative = -3.40276e-06
ExecutionTime = 971.9 s  ClockTime = 976 s

Courant Number mean: 0.231162 max: 0.396855
Interface Courant Number mean: 0.000891897 max: 0.374068
deltaT = 0.000286105
Time = 0.0379973

PIMPLE: iteration 1
smoothSolver:  Solving for alpha.water, Initial residual = 0.0221294, Final residual = 2.7093e-09, No Iterations 3
Phase-1 volume fraction = 0.997811  Min(alpha.water) = 0.00353318  Max(alpha.water) = 1.00004
MULES: Correcting alpha.water
MULES: Correcting alpha.water
Phase-1 volume fraction = 0.997811  Min(alpha.water) = 0.00352896  Max(alpha.water) = 1.00004
DICPCG:  Solving for p_rgh, Initial residual = 0.11895, Final residual = 0.0042212, No Iterations 4
DICPCG:  Solving for p_rgh, Initial residual = 0.00420232, Final residual = 0.00016974, No Iterations 13
time step continuity errors : sum local = 3.77002e-07, global = -1.79297e-08, cumulative = -3.42069e-06
DICPCG:  Solving for p_rgh, Initial residual = 0.00175452, Final residual = 8.21714e-05, No Iterations 6
DICPCG:  Solving for p_rgh, Initial residual = 8.21626e-05, Final residual = 3.86824e-06, No Iterations 218
time step continuity errors : sum local = 8.5799e-09, global = 2.77274e-11, cumulative = -3.42066e-06
DICPCG:  Solving for p_rgh, Initial residual = 0.000261364, Final residual = 1.21868e-05, No Iterations 189
DICPCG:  Solving for p_rgh, Initial residual = 1.22135e-05, Final residual = 9.48604e-08, No Iterations 182
time step continuity errors : sum local = 2.10415e-10, global = 1.90218e-11, cumulative = -3.42064e-06
ExecutionTime = 979.36 s  ClockTime = 983 s

Courant Number mean: 0.23117 max: 0.385306
Interface Courant Number mean: 0.000885831 max: 0.378585
deltaT = 0.000286105
Time = 0.0382834

PIMPLE: iteration 1
smoothSolver:  Solving for alpha.water, Initial residual = 0.022098, Final residual = 2.63468e-09, No Iterations 3
Phase-1 volume fraction = 0.997811  Min(alpha.water) = 0.00355033  Max(alpha.water) = 1.00003
MULES: Correcting alpha.water
MULES: Correcting alpha.water
Phase-1 volume fraction = 0.997811  Min(alpha.water) = 0.00355033  Max(alpha.water) = 1.00004
DICPCG:  Solving for p_rgh, Initial residual = 0.114945, Final residual = 0.00425298, No Iterations 4
DICPCG:  Solving for p_rgh, Initial residual = 0.00424668, Final residual = 0.000189372, No Iterations 13
time step continuity errors : sum local = 4.20488e-07, global = -1.78395e-08, cumulative = -3.43848e-06
DICPCG:  Solving for p_rgh, Initial residual = 0.0017778, Final residual = 8.3134e-05, No Iterations 8
DICPCG:  Solving for p_rgh, Initial residual = 8.31244e-05, Final residual = 3.97174e-06, No Iterations 220
time step continuity errors : sum local = 8.80717e-09, global = 5.7064e-11, cumulative = -3.43842e-06
DICPCG:  Solving for p_rgh, Initial residual = 0.000267773, Final residual = 1.26882e-05, No Iterations 200
DICPCG:  Solving for p_rgh, Initial residual = 1.2714e-05, Final residual = 9.80767e-08, No Iterations 163
time step continuity errors : sum local = 2.17345e-10, global = 1.90148e-11, cumulative = -3.4384e-06
ExecutionTime = 986.08 s  ClockTime = 990 s

Courant Number mean: 0.231178 max: 0.391077
Interface Courant Number mean: 0.000903001 max: 0.382766
deltaT = 0.000286105
Time = 0.0385695

PIMPLE: iteration 1
smoothSolver:  Solving for alpha.water, Initial residual = 0.0220588, Final residual = 2.65105e-09, No Iterations 3
Phase-1 volume fraction = 0.997811  Min(alpha.water) = 0.00357799  Max(alpha.water) = 1.00002
MULES: Correcting alpha.water
MULES: Correcting alpha.water
Phase-1 volume fraction = 0.997811  Min(alpha.water) = 0.00357799  Max(alpha.water) = 1.00003
DICPCG:  Solving for p_rgh, Initial residual = 0.114155, Final residual = 0.00426612, No Iterations 4
DICPCG:  Solving for p_rgh, Initial residual = 0.00427239, Final residual = 0.000201521, No Iterations 13
time step continuity errors : sum local = 4.44297e-07, global = -1.77551e-08, cumulative = -3.45616e-06
DICPCG:  Solving for p_rgh, Initial residual = 0.00164907, Final residual = 7.55554e-05, No Iterations 10
DICPCG:  Solving for p_rgh, Initial residual = 7.55461e-05, Final residual = 3.76346e-06, No Iterations 219
time step continuity errors : sum local = 8.28629e-09, global = 3.32852e-12, cumulative = -3.45616e-06
DICPCG:  Solving for p_rgh, Initial residual = 0.000251178, Final residual = 1.23845e-05, No Iterations 201
DICPCG:  Solving for p_rgh, Initial residual = 1.24087e-05, Final residual = 9.58982e-08, No Iterations 161
time step continuity errors : sum local = 2.10949e-10, global = 1.9814e-11, cumulative = -3.45614e-06
ExecutionTime = 992.82 s  ClockTime = 997 s

Courant Number mean: 0.231183 max: 0.39592
Interface Courant Number mean: 0.000909808 max: 0.378597
deltaT = 0.000286105
Time = 0.0388556

PIMPLE: iteration 1
smoothSolver:  Solving for alpha.water, Initial residual = 0.0220432, Final residual = 2.69775e-09, No Iterations 3
Phase-1 volume fraction = 0.997811  Min(alpha.water) = 0.00361931  Max(alpha.water) = 1.00002
MULES: Correcting alpha.water
MULES: Correcting alpha.water
Phase-1 volume fraction = 0.997811  Min(alpha.water) = 0.00361085  Max(alpha.water) = 1.00002
DICPCG:  Solving for p_rgh, Initial residual = 0.116092, Final residual = 0.00423186, No Iterations 4
DICPCG:  Solving for p_rgh, Initial residual = 0.00422198, Final residual = 0.000178, No Iterations 13
time step continuity errors : sum local = 3.92603e-07, global = -1.76611e-08, cumulative = -3.4738e-06
DICPCG:  Solving for p_rgh, Initial residual = 0.00156347, Final residual = 7.18341e-05, No Iterations 9
DICPCG:  Solving for p_rgh, Initial residual = 7.18241e-05, Final residual = 3.38161e-06, No Iterations 216
time step continuity errors : sum local = 7.44888e-09, global = -7.29483e-11, cumulative = -3.47387e-06
DICPCG:  Solving for p_rgh, Initial residual = 0.000239213, Final residual = 1.06859e-05, No Iterations 201
DICPCG:  Solving for p_rgh, Initial residual = 1.07078e-05, Final residual = 9.90678e-08, No Iterations 102
time step continuity errors : sum local = 2.18116e-10, global = 1.79524e-11, cumulative = -3.47385e-06
ExecutionTime = 999.14 s  ClockTime = 1003 s

Courant Number mean: 0.231189 max: 0.391952
Interface Courant Number mean: 0.000897946 max: 0.379233
deltaT = 0.000286105
Time = 0.0391417

PIMPLE: iteration 1
smoothSolver:  Solving for alpha.water, Initial residual = 0.0220542, Final residual = 2.69418e-09, No Iterations 3
Phase-1 volume fraction = 0.997811  Min(alpha.water) = 0.00367861  Max(alpha.water) = 1.00002
MULES: Correcting alpha.water
MULES: Correcting alpha.water
Phase-1 volume fraction = 0.997811  Min(alpha.water) = 0.00367486  Max(alpha.water) = 1.00002
DICPCG:  Solving for p_rgh, Initial residual = 0.118117, Final residual = 0.00421817, No Iterations 4
DICPCG:  Solving for p_rgh, Initial residual = 0.00420387, Final residual = 0.000164055, No Iterations 13
time step continuity errors : sum local = 3.62992e-07, global = -1.75733e-08, cumulative = -3.49143e-06
DICPCG:  Solving for p_rgh, Initial residual = 0.00165894, Final residual = 7.60491e-05, No Iterations 7
DICPCG:  Solving for p_rgh, Initial residual = 7.60438e-05, Final residual = 3.61982e-06, No Iterations 213
time step continuity errors : sum local = 7.99806e-09, global = -4.61916e-11, cumulative = -3.49147e-06
DICPCG:  Solving for p_rgh, Initial residual = 0.00024813, Final residual = 1.09774e-05, No Iterations 190
DICPCG:  Solving for p_rgh, Initial residual = 1.1001e-05, Final residual = 9.97031e-08, No Iterations 153
time step continuity errors : sum local = 2.20301e-10, global = 1.805e-11, cumulative = -3.49145e-06
ExecutionTime = 1005.86 s  ClockTime = 1010 s

Courant Number mean: 0.231196 max: 0.394508
Interface Courant Number mean: 0.000893668 max: 0.394508
deltaT = 0.000286105
Time = 0.0394278

PIMPLE: iteration 1
smoothSolver:  Solving for alpha.water, Initial residual = 0.0220132, Final residual = 2.65862e-09, No Iterations 3
Phase-1 volume fraction = 0.997811  Min(alpha.water) = 0.00368985  Max(alpha.water) = 1.00002
MULES: Correcting alpha.water
MULES: Correcting alpha.water
Phase-1 volume fraction = 0.997811  Min(alpha.water) = 0.00368861  Max(alpha.water) = 1.00003
DICPCG:  Solving for p_rgh, Initial residual = 0.115602, Final residual = 0.00422363, No Iterations 4
DICPCG:  Solving for p_rgh, Initial residual = 0.00421522, Final residual = 0.00018035, No Iterations 13
time step continuity errors : sum local = 3.99347e-07, global = -1.74879e-08, cumulative = -3.50894e-06
DICPCG:  Solving for p_rgh, Initial residual = 0.00178401, Final residual = 8.54332e-05, No Iterations 7
DICPCG:  Solving for p_rgh, Initial residual = 8.54274e-05, Final residual = 3.74867e-06, No Iterations 215
time step continuity errors : sum local = 8.28901e-09, global = -5.42578e-11, cumulative = -3.509e-06
DICPCG:  Solving for p_rgh, Initial residual = 0.000268162, Final residual = 1.23936e-05, No Iterations 198
DICPCG:  Solving for p_rgh, Initial residual = 1.24197e-05, Final residual = 9.90316e-08, No Iterations 153
time step continuity errors : sum local = 2.18949e-10, global = 1.52951e-11, cumulative = -3.50898e-06
ExecutionTime = 1012.48 s  ClockTime = 1017 s

Courant Number mean: 0.231204 max: 0.404989
Interface Courant Number mean: 0.000891331 max: 0.370555
deltaT = 0.000286105
Time = 0.0397139

PIMPLE: iteration 1
smoothSolver:  Solving for alpha.water, Initial residual = 0.0219956, Final residual = 2.69592e-09, No Iterations 3
Phase-1 volume fraction = 0.997811  Min(alpha.water) = 0.00370939  Max(alpha.water) = 1.00001
MULES: Correcting alpha.water
MULES: Correcting alpha.water
Phase-1 volume fraction = 0.997811  Min(alpha.water) = 0.00370939  Max(alpha.water) = 1.00004
DICPCG:  Solving for p_rgh, Initial residual = 0.114095, Final residual = 0.00424727, No Iterations 4
DICPCG:  Solving for p_rgh, Initial residual = 0.00424551, Final residual = 0.000206542, No Iterations 13
time step continuity errors : sum local = 4.56097e-07, global = -1.74149e-08, cumulative = -3.5264e-06
DICPCG:  Solving for p_rgh, Initial residual = 0.00174505, Final residual = 7.92517e-05, No Iterations 9
DICPCG:  Solving for p_rgh, Initial residual = 7.92416e-05, Final residual = 3.78595e-06, No Iterations 214
time step continuity errors : sum local = 8.34954e-09, global = -1.13161e-10, cumulative = -3.52651e-06
DICPCG:  Solving for p_rgh, Initial residual = 0.000262238, Final residual = 1.24412e-05, No Iterations 201
DICPCG:  Solving for p_rgh, Initial residual = 1.24656e-05, Final residual = 9.81976e-08, No Iterations 160
time step continuity errors : sum local = 2.16403e-10, global = 1.92285e-11, cumulative = -3.52649e-06
ExecutionTime = 1019.31 s  ClockTime = 1023 s

Courant Number mean: 0.231211 max: 0.405844
Interface Courant Number mean: 0.000913767 max: 0.379178
deltaT = 0.000286105
Time = 0.04

PIMPLE: iteration 1
smoothSolver:  Solving for alpha.water, Initial residual = 0.0219676, Final residual = 2.82369e-09, No Iterations 3
Phase-1 volume fraction = 0.997811  Min(alpha.water) = 0.00373818  Max(alpha.water) = 1.00001
MULES: Correcting alpha.water
MULES: Correcting alpha.water
Phase-1 volume fraction = 0.997811  Min(alpha.water) = 0.00373818  Max(alpha.water) = 1.00006
DICPCG:  Solving for p_rgh, Initial residual = 0.114563, Final residual = 0.00425241, No Iterations 4
DICPCG:  Solving for p_rgh, Initial residual = 0.00424928, Final residual = 0.000210597, No Iterations 13
time step continuity errors : sum local = 4.63874e-07, global = -1.73145e-08, cumulative = -3.5438e-06
DICPCG:  Solving for p_rgh, Initial residual = 0.00163114, Final residual = 7.48162e-05, No Iterations 10
DICPCG:  Solving for p_rgh, Initial residual = 7.48073e-05, Final residual = 3.55071e-06, No Iterations 195
time step continuity errors : sum local = 7.81073e-09, global = -1.02458e-10, cumulative = -3.54391e-06
DICPCG:  Solving for p_rgh, Initial residual = 0.000246332, Final residual = 1.14371e-05, No Iterations 202
DICPCG:  Solving for p_rgh, Initial residual = 1.14594e-05, Final residual = 9.90869e-08, No Iterations 145
time step continuity errors : sum local = 2.17804e-10, global = 1.85045e-11, cumulative = -3.54389e-06
ExecutionTime = 1027.04 s  ClockTime = 1032 s

Courant Number mean: 0.231218 max: 0.397945
Interface Courant Number mean: 0.000928964 max: 0.390105
deltaT = 0.000285714
Time = 0.0402857

PIMPLE: iteration 1
smoothSolver:  Solving for alpha.water, Initial residual = 0.0219107, Final residual = 2.98863e-09, No Iterations 3
Phase-1 volume fraction = 0.997811  Min(alpha.water) = 0.00378095  Max(alpha.water) = 1.00001
MULES: Correcting alpha.water
MULES: Correcting alpha.water
Phase-1 volume fraction = 0.997811  Min(alpha.water) = 0.0037796  Max(alpha.water) = 1.00005
DICPCG:  Solving for p_rgh, Initial residual = 0.117576, Final residual = 0.00419231, No Iterations 4
DICPCG:  Solving for p_rgh, Initial residual = 0.00417666, Final residual = 0.000187468, No Iterations 13
time step continuity errors : sum local = 4.13306e-07, global = -1.71764e-08, cumulative = -3.56107e-06
DICPCG:  Solving for p_rgh, Initial residual = 0.0016021, Final residual = 7.76006e-05, No Iterations 8
DICPCG:  Solving for p_rgh, Initial residual = 7.75942e-05, Final residual = 3.85424e-06, No Iterations 216
time step continuity errors : sum local = 8.48574e-09, global = -8.38064e-12, cumulative = -3.56107e-06
DICPCG:  Solving for p_rgh, Initial residual = 0.000237824, Final residual = 1.1131e-05, No Iterations 201
DICPCG:  Solving for p_rgh, Initial residual = 1.11539e-05, Final residual = 9.5783e-08, No Iterations 140
time step continuity errors : sum local = 2.10839e-10, global = 1.50857e-11, cumulative = -3.56106e-06
ExecutionTime = 1033.76 s  ClockTime = 1039 s

Courant Number mean: 0.230911 max: 0.405678
Interface Courant Number mean: 0.000902029 max: 0.392981
deltaT = 0.000281633
Time = 0.0405673

PIMPLE: iteration 1
smoothSolver:  Solving for alpha.water, Initial residual = 0.021603, Final residual = 2.96679e-09, No Iterations 3
Phase-1 volume fraction = 0.997811  Min(alpha.water) = 0.00383812  Max(alpha.water) = 1.00001
MULES: Correcting alpha.water
MULES: Correcting alpha.water
Phase-1 volume fraction = 0.997811  Min(alpha.water) = 0.00383453  Max(alpha.water) = 1.00002
DICPCG:  Solving for p_rgh, Initial residual = 0.114202, Final residual = 0.00410726, No Iterations 4
DICPCG:  Solving for p_rgh, Initial residual = 0.00408479, Final residual = 0.000186414, No Iterations 13
time step continuity errors : sum local = 4.03792e-07, global = -1.6498e-08, cumulative = -3.57756e-06
DICPCG:  Solving for p_rgh, Initial residual = 0.00169707, Final residual = 8.09018e-05, No Iterations 7
DICPCG:  Solving for p_rgh, Initial residual = 8.08963e-05, Final residual = 3.96229e-06, No Iterations 217
time step continuity errors : sum local = 8.57137e-09, global = -4.49985e-11, cumulative = -3.5776e-06
DICPCG:  Solving for p_rgh, Initial residual = 0.000249569, Final residual = 1.1889e-05, No Iterations 190
DICPCG:  Solving for p_rgh, Initial residual = 1.19128e-05, Final residual = 9.79159e-08, No Iterations 183
time step continuity errors : sum local = 2.11797e-10, global = 2.1364e-11, cumulative = -3.57758e-06
ExecutionTime = 1040.85 s  ClockTime = 1046 s

Courant Number mean: 0.227621 max: 0.409977
Interface Courant Number mean: 0.00087201 max: 0.376217
deltaT = 0.000273699
Time = 0.040841

PIMPLE: iteration 1
smoothSolver:  Solving for alpha.water, Initial residual = 0.0210184, Final residual = 2.69929e-09, No Iterations 3
Phase-1 volume fraction = 0.997811  Min(alpha.water) = 0.00384897  Max(alpha.water) = 1.00001
MULES: Correcting alpha.water
MULES: Correcting alpha.water
Phase-1 volume fraction = 0.997811  Min(alpha.water) = 0.00384897  Max(alpha.water) = 1.00002
DICPCG:  Solving for p_rgh, Initial residual = 0.107714, Final residual = 0.00398418, No Iterations 4
DICPCG:  Solving for p_rgh, Initial residual = 0.00396651, Final residual = 0.000198236, No Iterations 13
time step continuity errors : sum local = 4.11018e-07, global = -1.52475e-08, cumulative = -3.59283e-06
DICPCG:  Solving for p_rgh, Initial residual = 0.00170063, Final residual = 8.32422e-05, No Iterations 8
DICPCG:  Solving for p_rgh, Initial residual = 8.32335e-05, Final residual = 3.8971e-06, No Iterations 210
time step continuity errors : sum local = 8.07052e-09, global = 6.67937e-11, cumulative = -3.59276e-06
DICPCG:  Solving for p_rgh, Initial residual = 0.00024584, Final residual = 1.14057e-05, No Iterations 188
DICPCG:  Solving for p_rgh, Initial residual = 1.14265e-05, Final residual = 9.58665e-08, No Iterations 160
time step continuity errors : sum local = 1.98445e-10, global = 1.91099e-11, cumulative = -3.59274e-06
ExecutionTime = 1047.84 s  ClockTime = 1053 s

Courant Number mean: 0.221216 max: 0.391672
Interface Courant Number mean: 0.000861167 max: 0.375913
deltaT = 0.000277666
Time = 0.0411187

PIMPLE: iteration 1
smoothSolver:  Solving for alpha.water, Initial residual = 0.0212918, Final residual = 3.24105e-09, No Iterations 3
Phase-1 volume fraction = 0.997811  Min(alpha.water) = 0.00386583  Max(alpha.water) = 1
MULES: Correcting alpha.water
MULES: Correcting alpha.water
Phase-1 volume fraction = 0.997811  Min(alpha.water) = 0.00386583  Max(alpha.water) = 1.00003
DICPCG:  Solving for p_rgh, Initial residual = 0.108825, Final residual = 0.00405736, No Iterations 4
DICPCG:  Solving for p_rgh, Initial residual = 0.00407015, Final residual = 0.000200209, No Iterations 13
time step continuity errors : sum local = 4.21499e-07, global = -1.58344e-08, cumulative = -3.60858e-06
DICPCG:  Solving for p_rgh, Initial residual = 0.00164958, Final residual = 7.35217e-05, No Iterations 9
DICPCG:  Solving for p_rgh, Initial residual = 7.35122e-05, Final residual = 3.49709e-06, No Iterations 218
time step continuity errors : sum local = 7.35363e-09, global = -6.68912e-11, cumulative = -3.60864e-06
DICPCG:  Solving for p_rgh, Initial residual = 0.000240836, Final residual = 1.16621e-05, No Iterations 197
DICPCG:  Solving for p_rgh, Initial residual = 1.16833e-05, Final residual = 9.5909e-08, No Iterations 182
time step continuity errors : sum local = 2.01533e-10, global = 1.74297e-11, cumulative = -3.60863e-06
ExecutionTime = 1054.63 s  ClockTime = 1060 s

Courant Number mean: 0.22443 max: 0.406115
Interface Courant Number mean: 0.000899252 max: 0.406115
deltaT = 0.000273642
Time = 0.0413924

PIMPLE: iteration 1
smoothSolver:  Solving for alpha.water, Initial residual = 0.0209336, Final residual = 3.35483e-09, No Iterations 3
Phase-1 volume fraction = 0.997811  Min(alpha.water) = 0.00388951  Max(alpha.water) = 1.00001
MULES: Correcting alpha.water
MULES: Correcting alpha.water
Phase-1 volume fraction = 0.997811  Min(alpha.water) = 0.00388951  Max(alpha.water) = 1.00006
DICPCG:  Solving for p_rgh, Initial residual = 0.111141, Final residual = 0.00400178, No Iterations 4
DICPCG:  Solving for p_rgh, Initial residual = 0.00400664, Final residual = 0.000194468, No Iterations 13
time step continuity errors : sum local = 3.96702e-07, global = -1.51378e-08, cumulative = -3.62376e-06
DICPCG:  Solving for p_rgh, Initial residual = 0.00154211, Final residual = 7.14578e-05, No Iterations 10
DICPCG:  Solving for p_rgh, Initial residual = 7.14514e-05, Final residual = 3.34963e-06, No Iterations 222
time step continuity errors : sum local = 6.82463e-09, global = 1.30558e-11, cumulative = -3.62375e-06
DICPCG:  Solving for p_rgh, Initial residual = 0.00022437, Final residual = 1.08171e-05, No Iterations 197
DICPCG:  Solving for p_rgh, Initial residual = 1.08369e-05, Final residual = 9.92682e-08, No Iterations 182
time step continuity errors : sum local = 2.02151e-10, global = 1.79752e-11, cumulative = -3.62373e-06
ExecutionTime = 1061.64 s  ClockTime = 1067 s

Courant Number mean: 0.221185 max: 0.41927
Interface Courant Number mean: 0.000879485 max: 0.400446
deltaT = 0.00026208
Time = 0.0416544

PIMPLE: iteration 1
smoothSolver:  Solving for alpha.water, Initial residual = 0.0200065, Final residual = 2.98395e-09, No Iterations 3
Phase-1 volume fraction = 0.997811  Min(alpha.water) = 0.00391863  Max(alpha.water) = 1.00001
MULES: Correcting alpha.water
MULES: Correcting alpha.water
Phase-1 volume fraction = 0.997811  Min(alpha.water) = 0.00391686  Max(alpha.water) = 1.00003
DICPCG:  Solving for p_rgh, Initial residual = 0.108507, Final residual = 0.00381105, No Iterations 4
DICPCG:  Solving for p_rgh, Initial residual = 0.00379241, Final residual = 0.000170345, No Iterations 13
time step continuity errors : sum local = 3.24312e-07, global = -1.34853e-08, cumulative = -3.63722e-06
DICPCG:  Solving for p_rgh, Initial residual = 0.00152564, Final residual = 6.91458e-05, No Iterations 8
DICPCG:  Solving for p_rgh, Initial residual = 6.91402e-05, Final residual = 3.44955e-06, No Iterations 219
time step continuity errors : sum local = 6.55984e-09, global = -2.30937e-11, cumulative = -3.63724e-06
DICPCG:  Solving for p_rgh, Initial residual = 0.000212214, Final residual = 9.67026e-06, No Iterations 200
DICPCG:  Solving for p_rgh, Initial residual = 9.68737e-06, Final residual = 9.70773e-08, No Iterations 129
time step continuity errors : sum local = 1.84587e-10, global = 1.12493e-11, cumulative = -3.63723e-06
ExecutionTime = 1068.22 s  ClockTime = 1073 s

Courant Number mean: 0.211847 max: 0.409676
Interface Courant Number mean: 0.0008183 max: 0.344753
deltaT = 0.0002548
Time = 0.0419092

PIMPLE: iteration 1
smoothSolver:  Solving for alpha.water, Initial residual = 0.0194549, Final residual = 2.8406e-09, No Iterations 3
Phase-1 volume fraction = 0.997811  Min(alpha.water) = 0.0039255  Max(alpha.water) = 1.00001
MULES: Correcting alpha.water
MULES: Correcting alpha.water
Phase-1 volume fraction = 0.997811  Min(alpha.water) = 0.00392438  Max(alpha.water) = 1.00002
DICPCG:  Solving for p_rgh, Initial residual = 0.102887, Final residual = 0.00367078, No Iterations 4
DICPCG:  Solving for p_rgh, Initial residual = 0.00363708, Final residual = 0.000177596, No Iterations 13
time step continuity errors : sum local = 3.26924e-07, global = -1.25376e-08, cumulative = -3.64977e-06
DICPCG:  Solving for p_rgh, Initial residual = 0.00155118, Final residual = 6.94809e-05, No Iterations 8
DICPCG:  Solving for p_rgh, Initial residual = 6.94744e-05, Final residual = 3.38073e-06, No Iterations 217
time step continuity errors : sum local = 6.21677e-09, global = -8.6945e-11, cumulative = -3.64985e-06
DICPCG:  Solving for p_rgh, Initial residual = 0.00021262, Final residual = 1.0477e-05, No Iterations 198
DICPCG:  Solving for p_rgh, Initial residual = 1.04941e-05, Final residual = 9.75617e-08, No Iterations 152
time step continuity errors : sum local = 1.79369e-10, global = 1.2204e-11, cumulative = -3.64984e-06
ExecutionTime = 1074.9 s  ClockTime = 1080 s

Courant Number mean: 0.205968 max: 0.389501
Interface Courant Number mean: 0.000785833 max: 0.362654
deltaT = 0.000262185
Time = 0.0421714

PIMPLE: iteration 1
smoothSolver:  Solving for alpha.water, Initial residual = 0.0200296, Final residual = 3.68961e-09, No Iterations 3
Phase-1 volume fraction = 0.997811  Min(alpha.water) = 0.00393329  Max(alpha.water) = 1.00001
MULES: Correcting alpha.water
MULES: Correcting alpha.water
Phase-1 volume fraction = 0.997811  Min(alpha.water) = 0.00393329  Max(alpha.water) = 1.00003
DICPCG:  Solving for p_rgh, Initial residual = 0.101488, Final residual = 0.00373126, No Iterations 4
DICPCG:  Solving for p_rgh, Initial residual = 0.00372287, Final residual = 0.000159009, No Iterations 14
time step continuity errors : sum local = 3.08236e-07, global = -1.34799e-08, cumulative = -3.66332e-06
DICPCG:  Solving for p_rgh, Initial residual = 0.00157356, Final residual = 7.52637e-05, No Iterations 7
DICPCG:  Solving for p_rgh, Initial residual = 7.52521e-05, Final residual = 3.53183e-06, No Iterations 216
time step continuity errors : sum local = 6.83946e-09, global = -6.15032e-11, cumulative = -3.66338e-06
DICPCG:  Solving for p_rgh, Initial residual = 0.000219975, Final residual = 9.82399e-06, No Iterations 188
DICPCG:  Solving for p_rgh, Initial residual = 9.84038e-06, Final residual = 9.97743e-08, No Iterations 149
time step continuity errors : sum local = 1.93147e-10, global = 1.55988e-11, cumulative = -3.66337e-06
ExecutionTime = 1081.39 s  ClockTime = 1087 s

Courant Number mean: 0.211944 max: 0.398963
Interface Courant Number mean: 0.000820037 max: 0.398963
deltaT = 0.000262185
Time = 0.0424336

PIMPLE: iteration 1
smoothSolver:  Solving for alpha.water, Initial residual = 0.020005, Final residual = 4.09146e-09, No Iterations 3
Phase-1 volume fraction = 0.997811  Min(alpha.water) = 0.00394496  Max(alpha.water) = 1.00001
MULES: Correcting alpha.water
MULES: Correcting alpha.water
Phase-1 volume fraction = 0.997811  Min(alpha.water) = 0.00394496  Max(alpha.water) = 1.00007
DICPCG:  Solving for p_rgh, Initial residual = 0.103974, Final residual = 0.00376051, No Iterations 4
DICPCG:  Solving for p_rgh, Initial residual = 0.0037868, Final residual = 0.000157956, No Iterations 14
time step continuity errors : sum local = 3.0112e-07, global = -1.33952e-08, cumulative = -3.67676e-06
DICPCG:  Solving for p_rgh, Initial residual = 0.00150169, Final residual = 6.74935e-05, No Iterations 8
DICPCG:  Solving for p_rgh, Initial residual = 6.74856e-05, Final residual = 3.13606e-06, No Iterations 220
time step continuity errors : sum local = 5.9719e-09, global = 7.03499e-12, cumulative = -3.67676e-06
DICPCG:  Solving for p_rgh, Initial residual = 0.00021052, Final residual = 9.97277e-06, No Iterations 189
DICPCG:  Solving for p_rgh, Initial residual = 9.9892e-06, Final residual = 9.78283e-08, No Iterations 150
time step continuity errors : sum local = 1.8619e-10, global = 1.90555e-11, cumulative = -3.67674e-06
ExecutionTime = 1088.12 s  ClockTime = 1093 s

Courant Number mean: 0.211951 max: 0.418998
Interface Courant Number mean: 0.000826516 max: 0.351414
deltaT = 0.000250949
Time = 0.0426846

PIMPLE: iteration 1
smoothSolver:  Solving for alpha.water, Initial residual = 0.0191214, Final residual = 3.67696e-09, No Iterations 3
Phase-1 volume fraction = 0.997811  Min(alpha.water) = 0.00395901  Max(alpha.water) = 1.00001
MULES: Correcting alpha.water
MULES: Correcting alpha.water
Phase-1 volume fraction = 0.997811  Min(alpha.water) = 0.00395901  Max(alpha.water) = 1.00006
DICPCG:  Solving for p_rgh, Initial residual = 0.102837, Final residual = 0.00363739, No Iterations 4
DICPCG:  Solving for p_rgh, Initial residual = 0.003645, Final residual = 0.00015231, No Iterations 14
time step continuity errors : sum local = 2.66983e-07, global = -1.18916e-08, cumulative = -3.68863e-06
DICPCG:  Solving for p_rgh, Initial residual = 0.00140758, Final residual = 6.52386e-05, No Iterations 8
DICPCG:  Solving for p_rgh, Initial residual = 6.52329e-05, Final residual = 3.06758e-06, No Iterations 222
time step continuity errors : sum local = 5.37129e-09, global = 7.10129e-12, cumulative = -3.68862e-06
DICPCG:  Solving for p_rgh, Initial residual = 0.000192134, Final residual = 9.20332e-06, No Iterations 185
DICPCG:  Solving for p_rgh, Initial residual = 9.21772e-06, Final residual = 9.97211e-08, No Iterations 102
time step continuity errors : sum local = 1.74528e-10, global = 8.79929e-12, cumulative = -3.68861e-06
ExecutionTime = 1094.72 s  ClockTime = 1100 s

Courant Number mean: 0.202873 max: 0.410034
Interface Courant Number mean: 0.000801911 max: 0.331872
deltaT = 0.00024388
Time = 0.0429284

PIMPLE: iteration 1
smoothSolver:  Solving for alpha.water, Initial residual = 0.0185612, Final residual = 3.4608e-09, No Iterations 3
Phase-1 volume fraction = 0.997811  Min(alpha.water) = 0.00397702  Max(alpha.water) = 1.00001
MULES: Correcting alpha.water
MULES: Correcting alpha.water
Phase-1 volume fraction = 0.997811  Min(alpha.water) = 0.00397087  Max(alpha.water) = 1.00003
DICPCG:  Solving for p_rgh, Initial residual = 0.101233, Final residual = 0.00351371, No Iterations 4
DICPCG:  Solving for p_rgh, Initial residual = 0.00349274, Final residual = 0.000139662, No Iterations 14
time step continuity errors : sum local = 2.34895e-07, global = -1.1048e-08, cumulative = -3.69966e-06
DICPCG:  Solving for p_rgh, Initial residual = 0.0014288, Final residual = 6.53159e-05, No Iterations 7
DICPCG:  Solving for p_rgh, Initial residual = 6.53099e-05, Final residual = 3.21026e-06, No Iterations 220
time step continuity errors : sum local = 5.39364e-09, global = -3.24894e-11, cumulative = -3.69969e-06
DICPCG:  Solving for p_rgh, Initial residual = 0.00018969, Final residual = 9.29367e-06, No Iterations 199
DICPCG:  Solving for p_rgh, Initial residual = 9.30792e-06, Final residual = 9.71175e-08, No Iterations 97
time step continuity errors : sum local = 1.63143e-10, global = 1.89427e-11, cumulative = -3.69967e-06
ExecutionTime = 1101.63 s  ClockTime = 1107 s

Courant Number mean: 0.197164 max: 0.392113
Interface Courant Number mean: 0.000747768 max: 0.343604
deltaT = 0.000247414
Time = 0.0431758

PIMPLE: iteration 1
smoothSolver:  Solving for alpha.water, Initial residual = 0.0188341, Final residual = 3.86024e-09, No Iterations 3
Phase-1 volume fraction = 0.997811  Min(alpha.water) = 0.00400339  Max(alpha.water) = 1.00001
MULES: Correcting alpha.water
MULES: Correcting alpha.water
Phase-1 volume fraction = 0.997811  Min(alpha.water) = 0.00399688  Max(alpha.water) = 1.00005
DICPCG:  Solving for p_rgh, Initial residual = 0.100301, Final residual = 0.00345637, No Iterations 4
DICPCG:  Solving for p_rgh, Initial residual = 0.00342716, Final residual = 0.00014667, No Iterations 14
time step continuity errors : sum local = 2.56629e-07, global = -1.14359e-08, cumulative = -3.71111e-06
DICPCG:  Solving for p_rgh, Initial residual = 0.00148976, Final residual = 6.89274e-05, No Iterations 7
DICPCG:  Solving for p_rgh, Initial residual = 6.89193e-05, Final residual = 3.38155e-06, No Iterations 217
time step continuity errors : sum local = 5.91102e-09, global = -2.65205e-11, cumulative = -3.71114e-06
DICPCG:  Solving for p_rgh, Initial residual = 0.00019967, Final residual = 9.73553e-06, No Iterations 200
DICPCG:  Solving for p_rgh, Initial residual = 9.75041e-06, Final residual = 9.75051e-08, No Iterations 158
time step continuity errors : sum local = 1.70405e-10, global = 1.10535e-11, cumulative = -3.71113e-06
ExecutionTime = 1108.34 s  ClockTime = 1114 s

Courant Number mean: 0.200027 max: 0.383511
Interface Courant Number mean: 0.000762855 max: 0.373734
deltaT = 0.000258833
Time = 0.0434347

PIMPLE: iteration 1
smoothSolver:  Solving for alpha.water, Initial residual = 0.0197353, Final residual = 4.88389e-09, No Iterations 3
Phase-1 volume fraction = 0.997811  Min(alpha.water) = 0.00401021  Max(alpha.water) = 1.00001
MULES: Correcting alpha.water
MULES: Correcting alpha.water
Phase-1 volume fraction = 0.997811  Min(alpha.water) = 0.00401021  Max(alpha.water) = 1.00008
DICPCG:  Solving for p_rgh, Initial residual = 0.101249, Final residual = 0.0034065, No Iterations 4
DICPCG:  Solving for p_rgh, Initial residual = 0.0034075, Final residual = 0.000150871, No Iterations 14
time step continuity errors : sum local = 2.84727e-07, global = -1.28402e-08, cumulative = -3.72397e-06
DICPCG:  Solving for p_rgh, Initial residual = 0.00156058, Final residual = 7.12561e-05, No Iterations 7
DICPCG:  Solving for p_rgh, Initial residual = 7.12487e-05, Final residual = 3.3981e-06, No Iterations 182
time step continuity errors : sum local = 6.40665e-09, global = -3.53787e-10, cumulative = -3.72432e-06
DICPCG:  Solving for p_rgh, Initial residual = 0.000215144, Final residual = 9.67968e-06, No Iterations 190
DICPCG:  Solving for p_rgh, Initial residual = 9.69536e-06, Final residual = 9.58485e-08, No Iterations 151
time step continuity errors : sum local = 1.80672e-10, global = 1.24908e-11, cumulative = -3.72431e-06
ExecutionTime = 1114.54 s  ClockTime = 1120 s

Courant Number mean: 0.209264 max: 0.415547
Interface Courant Number mean: 0.000803031 max: 0.398306
deltaT = 0.00025099
Time = 0.0436857

PIMPLE: iteration 1
smoothSolver:  Solving for alpha.water, Initial residual = 0.0191694, Final residual = 4.19198e-09, No Iterations 3
Phase-1 volume fraction = 0.997811  Min(alpha.water) = 0.00401815  Max(alpha.water) = 1.00001
MULES: Correcting alpha.water
MULES: Correcting alpha.water
Phase-1 volume fraction = 0.997811  Min(alpha.water) = 0.00401815  Max(alpha.water) = 1.00008
DICPCG:  Solving for p_rgh, Initial residual = 0.100976, Final residual = 0.0033375, No Iterations 4
DICPCG:  Solving for p_rgh, Initial residual = 0.00334879, Final residual = 0.000149858, No Iterations 14
time step continuity errors : sum local = 2.65563e-07, global = -1.16731e-08, cumulative = -3.73598e-06
DICPCG:  Solving for p_rgh, Initial residual = 0.00146319, Final residual = 7.12984e-05, No Iterations 7
DICPCG:  Solving for p_rgh, Initial residual = 7.12921e-05, Final residual = 3.48081e-06, No Iterations 217
time step continuity errors : sum local = 6.16267e-09, global = -4.53626e-11, cumulative = -3.73603e-06
DICPCG:  Solving for p_rgh, Initial residual = 0.000198227, Final residual = 9.08805e-06, No Iterations 197
DICPCG:  Solving for p_rgh, Initial residual = 9.1019e-06, Final residual = 9.87819e-08, No Iterations 146
time step continuity errors : sum local = 1.74814e-10, global = 1.53416e-11, cumulative = -3.73601e-06
ExecutionTime = 1121.31 s  ClockTime = 1127 s

Courant Number mean: 0.202929 max: 0.415486
Interface Courant Number mean: 0.000772907 max: 0.330205
deltaT = 0.000239917
Time = 0.0439256

PIMPLE: iteration 1
smoothSolver:  Solving for alpha.water, Initial residual = 0.0183299, Final residual = 3.57649e-09, No Iterations 3
Phase-1 volume fraction = 0.997811  Min(alpha.water) = 0.00402731  Max(alpha.water) = 1
MULES: Correcting alpha.water
MULES: Correcting alpha.water
Phase-1 volume fraction = 0.997811  Min(alpha.water) = 0.00402731  Max(alpha.water) = 1.00005
DICPCG:  Solving for p_rgh, Initial residual = 0.0988297, Final residual = 0.00328344, No Iterations 4
DICPCG:  Solving for p_rgh, Initial residual = 0.0032857, Final residual = 0.000141357, No Iterations 14
time step continuity errors : sum local = 2.3048e-07, global = -1.04085e-08, cumulative = -3.74642e-06
DICPCG:  Solving for p_rgh, Initial residual = 0.00137595, Final residual = 6.70427e-05, No Iterations 7
DICPCG:  Solving for p_rgh, Initial residual = 6.70361e-05, Final residual = 3.23044e-06, No Iterations 215
time step continuity errors : sum local = 5.26293e-09, global = -7.38747e-11, cumulative = -3.74649e-06
DICPCG:  Solving for p_rgh, Initial residual = 0.000182019, Final residual = 9.03211e-06, No Iterations 185
DICPCG:  Solving for p_rgh, Initial residual = 9.04491e-06, Final residual = 9.93139e-08, No Iterations 178
time step continuity errors : sum local = 1.61732e-10, global = 1.54769e-11, cumulative = -3.74648e-06
ExecutionTime = 1128.17 s  ClockTime = 1133 s

Courant Number mean: 0.193981 max: 0.397094
Interface Courant Number mean: 0.000752379 max: 0.320485
deltaT = 0.000239917
Time = 0.0441655

PIMPLE: iteration 1
smoothSolver:  Solving for alpha.water, Initial residual = 0.018317, Final residual = 3.90586e-09, No Iterations 3
Phase-1 volume fraction = 0.997811  Min(alpha.water) = 0.00404066  Max(alpha.water) = 1
MULES: Correcting alpha.water
MULES: Correcting alpha.water
Phase-1 volume fraction = 0.997811  Min(alpha.water) = 0.00402803  Max(alpha.water) = 1.00007
DICPCG:  Solving for p_rgh, Initial residual = 0.0988813, Final residual = 0.00329151, No Iterations 4
DICPCG:  Solving for p_rgh, Initial residual = 0.00328108, Final residual = 0.000142425, No Iterations 14
time step continuity errors : sum local = 2.33113e-07, global = -1.04062e-08, cumulative = -3.75688e-06
DICPCG:  Solving for p_rgh, Initial residual = 0.00142318, Final residual = 6.70781e-05, No Iterations 7
DICPCG:  Solving for p_rgh, Initial residual = 6.70714e-05, Final residual = 3.0731e-06, No Iterations 222
time step continuity errors : sum local = 5.02585e-09, global = -1.75982e-11, cumulative = -3.7569e-06
DICPCG:  Solving for p_rgh, Initial residual = 0.00018873, Final residual = 9.32209e-06, No Iterations 189
DICPCG:  Solving for p_rgh, Initial residual = 9.33539e-06, Final residual = 9.06862e-08, No Iterations 231
time step continuity errors : sum local = 1.48268e-10, global = -1.03879e-12, cumulative = -3.7569e-06
ExecutionTime = 1135.61 s  ClockTime = 1141 s

Courant Number mean: 0.193986 max: 0.389037
Interface Courant Number mean: 0.000733314 max: 0.346045
deltaT = 0.000247414
Time = 0.0444129

PIMPLE: iteration 1
smoothSolver:  Solving for alpha.water, Initial residual = 0.0189101, Final residual = 4.75697e-09, No Iterations 3
Phase-1 volume fraction = 0.997811  Min(alpha.water) = 0.00406229  Max(alpha.water) = 1
MULES: Correcting alpha.water
MULES: Correcting alpha.water
Phase-1 volume fraction = 0.997811  Min(alpha.water) = 0.00403653  Max(alpha.water) = 1.00015
DICPCG:  Solving for p_rgh, Initial residual = 0.100509, Final residual = 0.00337444, No Iterations 4
DICPCG:  Solving for p_rgh, Initial residual = 0.00336109, Final residual = 0.000155675, No Iterations 14
time step continuity errors : sum local = 2.70401e-07, global = -1.12908e-08, cumulative = -3.76819e-06
DICPCG:  Solving for p_rgh, Initial residual = 0.00150561, Final residual = 7.39936e-05, No Iterations 7
DICPCG:  Solving for p_rgh, Initial residual = 7.39867e-05, Final residual = 3.63078e-06, No Iterations 220
time step continuity errors : sum local = 6.30113e-09, global = -3.99101e-11, cumulative = -3.76823e-06
DICPCG:  Solving for p_rgh, Initial residual = 0.00020228, Final residual = 9.74587e-06, No Iterations 201
DICPCG:  Solving for p_rgh, Initial residual = 9.76051e-06, Final residual = 9.85669e-08, No Iterations 128
time step continuity errors : sum local = 1.71016e-10, global = 1.30486e-11, cumulative = -3.76822e-06
ExecutionTime = 1142.23 s  ClockTime = 1147 s

Courant Number mean: 0.200054 max: 0.385448
Interface Courant Number mean: 0.000766595 max: 0.366459
deltaT = 0.000255526
Time = 0.0446684

PIMPLE: iteration 1
smoothSolver:  Solving for alpha.water, Initial residual = 0.0195718, Final residual = 5.48242e-09, No Iterations 3
Phase-1 volume fraction = 0.997811  Min(alpha.water) = 0.00406083  Max(alpha.water) = 1
MULES: Correcting alpha.water
MULES: Correcting alpha.water
Phase-1 volume fraction = 0.997811  Min(alpha.water) = 0.00406083  Max(alpha.water) = 1.00019
DICPCG:  Solving for p_rgh, Initial residual = 0.102695, Final residual = 0.00362989, No Iterations 4
DICPCG:  Solving for p_rgh, Initial residual = 0.00363037, Final residual = 0.000153001, No Iterations 14
time step continuity errors : sum local = 2.8039e-07, global = -1.21714e-08, cumulative = -3.78039e-06
DICPCG:  Solving for p_rgh, Initial residual = 0.00155576, Final residual = 7.52748e-05, No Iterations 7
DICPCG:  Solving for p_rgh, Initial residual = 7.52681e-05, Final residual = 3.73711e-06, No Iterations 218
time step continuity errors : sum local = 6.84205e-09, global = -1.90671e-11, cumulative = -3.78041e-06
DICPCG:  Solving for p_rgh, Initial residual = 0.000213093, Final residual = 1.04909e-05, No Iterations 200
DICPCG:  Solving for p_rgh, Initial residual = 1.05077e-05, Final residual = 9.75446e-08, No Iterations 160
time step continuity errors : sum local = 1.78564e-10, global = 1.35891e-11, cumulative = -3.7804e-06
ExecutionTime = 1149.08 s  ClockTime = 1154 s

Courant Number mean: 0.206619 max: 0.413746
Interface Courant Number mean: 0.000792983 max: 0.333425
deltaT = 0.000247283
Time = 0.0449157

PIMPLE: iteration 1
smoothSolver:  Solving for alpha.water, Initial residual = 0.0189906, Final residual = 4.32969e-09, No Iterations 3
Phase-1 volume fraction = 0.997811  Min(alpha.water) = 0.00406762  Max(alpha.water) = 1.00001
MULES: Correcting alpha.water
MULES: Correcting alpha.water
Phase-1 volume fraction = 0.997811  Min(alpha.water) = 0.00406762  Max(alpha.water) = 1.00018
DICPCG:  Solving for p_rgh, Initial residual = 0.101641, Final residual = 0.0037791, No Iterations 4
DICPCG:  Solving for p_rgh, Initial residual = 0.00378372, Final residual = 0.000152264, No Iterations 14
time step continuity errors : sum local = 2.62233e-07, global = -1.11057e-08, cumulative = -3.7915e-06
DICPCG:  Solving for p_rgh, Initial residual = 0.0014764, Final residual = 6.8362e-05, No Iterations 8
DICPCG:  Solving for p_rgh, Initial residual = 6.83554e-05, Final residual = 3.0572e-06, No Iterations 215
time step continuity errors : sum local = 5.26038e-09, global = -7.1694e-11, cumulative = -3.79157e-06
DICPCG:  Solving for p_rgh, Initial residual = 0.000200207, Final residual = 9.41511e-06, No Iterations 197
DICPCG:  Solving for p_rgh, Initial residual = 9.42922e-06, Final residual = 9.99544e-08, No Iterations 148
time step continuity errors : sum local = 1.71942e-10, global = 1.38768e-11, cumulative = -3.79156e-06
ExecutionTime = 1155.92 s  ClockTime = 1161 s

Courant Number mean: 0.199961 max: 0.405679
Interface Courant Number mean: 0.000765892 max: 0.327441
deltaT = 0.000243295
Time = 0.045159

PIMPLE: iteration 1
smoothSolver:  Solving for alpha.water, Initial residual = 0.0187228, Final residual = 3.91139e-09, No Iterations 3
Phase-1 volume fraction = 0.997811  Min(alpha.water) = 0.00407565  Max(alpha.water) = 1.00001
MULES: Correcting alpha.water
MULES: Correcting alpha.water
Phase-1 volume fraction = 0.997811  Min(alpha.water) = 0.00407559  Max(alpha.water) = 1.00017
DICPCG:  Solving for p_rgh, Initial residual = 0.102147, Final residual = 0.00386881, No Iterations 4
DICPCG:  Solving for p_rgh, Initial residual = 0.00386975, Final residual = 0.000154, No Iterations 14
time step continuity errors : sum local = 2.56968e-07, global = -1.06243e-08, cumulative = -3.80218e-06
DICPCG:  Solving for p_rgh, Initial residual = 0.00144951, Final residual = 6.61534e-05, No Iterations 8
DICPCG:  Solving for p_rgh, Initial residual = 6.61475e-05, Final residual = 3.26661e-06, No Iterations 220
time step continuity errors : sum local = 5.44571e-09, global = 1.7846e-11, cumulative = -3.80217e-06
DICPCG:  Solving for p_rgh, Initial residual = 0.000195766, Final residual = 9.11069e-06, No Iterations 190
DICPCG:  Solving for p_rgh, Initial residual = 9.12393e-06, Final residual = 9.65091e-08, No Iterations 175
time step continuity errors : sum local = 1.6084e-10, global = 1.42063e-11, cumulative = -3.80215e-06
ExecutionTime = 1162.81 s  ClockTime = 1168 s

Courant Number mean: 0.196742 max: 0.400474
Interface Courant Number mean: 0.000741917 max: 0.329276
deltaT = 0.000243295
Time = 0.0454023

PIMPLE: iteration 1
smoothSolver:  Solving for alpha.water, Initial residual = 0.0187277, Final residual = 3.89407e-09, No Iterations 3
Phase-1 volume fraction = 0.997811  Min(alpha.water) = 0.00408722  Max(alpha.water) = 1
MULES: Correcting alpha.water
MULES: Correcting alpha.water
Phase-1 volume fraction = 0.997811  Min(alpha.water) = 0.00408718  Max(alpha.water) = 1.00008
DICPCG:  Solving for p_rgh, Initial residual = 0.101708, Final residual = 0.00390947, No Iterations 4
DICPCG:  Solving for p_rgh, Initial residual = 0.00390639, Final residual = 0.000159316, No Iterations 14
time step continuity errors : sum local = 2.65578e-07, global = -1.06142e-08, cumulative = -3.81277e-06
DICPCG:  Solving for p_rgh, Initial residual = 0.00147925, Final residual = 6.79658e-05, No Iterations 8
DICPCG:  Solving for p_rgh, Initial residual = 6.79595e-05, Final residual = 3.17185e-06, No Iterations 210
time step continuity errors : sum local = 5.28269e-09, global = -2.91334e-12, cumulative = -3.81277e-06
DICPCG:  Solving for p_rgh, Initial residual = 0.000200822, Final residual = 9.9568e-06, No Iterations 183
DICPCG:  Solving for p_rgh, Initial residual = 9.97119e-06, Final residual = 9.76085e-08, No Iterations 145
time step continuity errors : sum local = 1.62511e-10, global = 1.54776e-11, cumulative = -3.81275e-06
ExecutionTime = 1169.17 s  ClockTime = 1174 s

Courant Number mean: 0.196749 max: 0.39152
Interface Courant Number mean: 0.000731845 max: 0.342061
deltaT = 0.000247418
Time = 0.0456497

PIMPLE: iteration 1
smoothSolver:  Solving for alpha.water, Initial residual = 0.0190425, Final residual = 4.2551e-09, No Iterations 3
Phase-1 volume fraction = 0.997811  Min(alpha.water) = 0.00410569  Max(alpha.water) = 1
MULES: Correcting alpha.water
MULES: Correcting alpha.water
Phase-1 volume fraction = 0.997811  Min(alpha.water) = 0.00408483  Max(alpha.water) = 1.00004
DICPCG:  Solving for p_rgh, Initial residual = 0.101952, Final residual = 0.00396672, No Iterations 4
DICPCG:  Solving for p_rgh, Initial residual = 0.00395632, Final residual = 0.000168746, No Iterations 14
time step continuity errors : sum local = 2.90444e-07, global = -1.10525e-08, cumulative = -3.82381e-06
DICPCG:  Solving for p_rgh, Initial residual = 0.00153014, Final residual = 7.31167e-05, No Iterations 8
DICPCG:  Solving for p_rgh, Initial residual = 7.31099e-05, Final residual = 3.5183e-06, No Iterations 216
time step continuity errors : sum local = 6.05024e-09, global = -4.78819e-11, cumulative = -3.82385e-06
DICPCG:  Solving for p_rgh, Initial residual = 0.00020883, Final residual = 1.02302e-05, No Iterations 198
DICPCG:  Solving for p_rgh, Initial residual = 1.02453e-05, Final residual = 9.71797e-08, No Iterations 172
time step continuity errors : sum local = 1.67061e-10, global = 1.1096e-11, cumulative = -3.82384e-06
ExecutionTime = 1175.95 s  ClockTime = 1181 s

Courant Number mean: 0.200089 max: 0.382843
Interface Courant Number mean: 0.000747663 max: 0.334774
deltaT = 0.000256255
Time = 0.045906

PIMPLE: iteration 1
smoothSolver:  Solving for alpha.water, Initial residual = 0.0197606, Final residual = 5.14344e-09, No Iterations 3
Phase-1 volume fraction = 0.997811  Min(alpha.water) = 0.00413616  Max(alpha.water) = 1
MULES: Correcting alpha.water
MULES: Correcting alpha.water
Phase-1 volume fraction = 0.997811  Min(alpha.water) = 0.00408056  Max(alpha.water) = 1.00003
DICPCG:  Solving for p_rgh, Initial residual = 0.105055, Final residual = 0.00413055, No Iterations 4
DICPCG:  Solving for p_rgh, Initial residual = 0.00413293, Final residual = 0.000168675, No Iterations 14
time step continuity errors : sum local = 3.0756e-07, global = -1.20684e-08, cumulative = -3.83591e-06
DICPCG:  Solving for p_rgh, Initial residual = 0.00157908, Final residual = 7.18601e-05, No Iterations 8
DICPCG:  Solving for p_rgh, Initial residual = 7.18546e-05, Final residual = 3.53286e-06, No Iterations 199
time step continuity errors : sum local = 6.43506e-09, global = -2.02137e-10, cumulative = -3.83611e-06
DICPCG:  Solving for p_rgh, Initial residual = 0.000218933, Final residual = 9.95482e-06, No Iterations 178
DICPCG:  Solving for p_rgh, Initial residual = 9.97065e-06, Final residual = 9.63053e-08, No Iterations 153
time step continuity errors : sum local = 1.75391e-10, global = 1.37018e-11, cumulative = -3.8361e-06
ExecutionTime = 1182.28 s  ClockTime = 1188 s

Courant Number mean: 0.207242 max: 0.399275
Interface Courant Number mean: 0.000792375 max: 0.345653
deltaT = 0.000256255
Time = 0.0461622

PIMPLE: iteration 1
smoothSolver:  Solving for alpha.water, Initial residual = 0.0198142, Final residual = 5.29191e-09, No Iterations 3
Phase-1 volume fraction = 0.997811  Min(alpha.water) = 0.00409774  Max(alpha.water) = 1
MULES: Correcting alpha.water
MULES: Correcting alpha.water
Phase-1 volume fraction = 0.997811  Min(alpha.water) = 0.00409681  Max(alpha.water) = 1.00003
DICPCG:  Solving for p_rgh, Initial residual = 0.107862, Final residual = 0.00425375, No Iterations 4
DICPCG:  Solving for p_rgh, Initial residual = 0.00425361, Final residual = 0.000169082, No Iterations 14
time step continuity errors : sum local = 3.07517e-07, global = -1.19487e-08, cumulative = -3.84805e-06
DICPCG:  Solving for p_rgh, Initial residual = 0.00156008, Final residual = 7.43796e-05, No Iterations 8
DICPCG:  Solving for p_rgh, Initial residual = 7.43733e-05, Final residual = 3.38886e-06, No Iterations 215
time step continuity errors : sum local = 6.15663e-09, global = -5.29889e-11, cumulative = -3.8481e-06
DICPCG:  Solving for p_rgh, Initial residual = 0.000216525, Final residual = 1.0792e-05, No Iterations 188
DICPCG:  Solving for p_rgh, Initial residual = 1.08091e-05, Final residual = 9.76558e-08, No Iterations 175
time step continuity errors : sum local = 1.77385e-10, global = 2.08674e-11, cumulative = -3.84808e-06
ExecutionTime = 1188.95 s  ClockTime = 1194 s

Courant Number mean: 0.20725 max: 0.406121
Interface Courant Number mean: 0.000788357 max: 0.346865
deltaT = 0.000251596
Time = 0.0464138

PIMPLE: iteration 1
smoothSolver:  Solving for alpha.water, Initial residual = 0.0194993, Final residual = 4.80495e-09, No Iterations 3
Phase-1 volume fraction = 0.997811  Min(alpha.water) = 0.0041087  Max(alpha.water) = 1.00001
MULES: Correcting alpha.water
MULES: Correcting alpha.water
Phase-1 volume fraction = 0.997811  Min(alpha.water) = 0.00410868  Max(alpha.water) = 1.00003
DICPCG:  Solving for p_rgh, Initial residual = 0.106434, Final residual = 0.00428653, No Iterations 4
DICPCG:  Solving for p_rgh, Initial residual = 0.00428154, Final residual = 0.000171886, No Iterations 14
time step continuity errors : sum local = 3.02614e-07, global = -1.13658e-08, cumulative = -3.85945e-06
DICPCG:  Solving for p_rgh, Initial residual = 0.00152441, Final residual = 7.58364e-05, No Iterations 8
DICPCG:  Solving for p_rgh, Initial residual = 7.58306e-05, Final residual = 3.6145e-06, No Iterations 223
time step continuity errors : sum local = 6.35653e-09, global = 1.49782e-11, cumulative = -3.85943e-06
DICPCG:  Solving for p_rgh, Initial residual = 0.000211669, Final residual = 1.05766e-05, No Iterations 187
DICPCG:  Solving for p_rgh, Initial residual = 1.05927e-05, Final residual = 8.56184e-08, No Iterations 229
time step continuity errors : sum local = 1.50531e-10, global = -1.92378e-12, cumulative = -3.85943e-06
ExecutionTime = 1196.17 s  ClockTime = 1202 s

Courant Number mean: 0.20349 max: 0.39669
Interface Courant Number mean: 0.000762652 max: 0.346599
deltaT = 0.000251596
Time = 0.0466654

PIMPLE: iteration 1
smoothSolver:  Solving for alpha.water, Initial residual = 0.0195122, Final residual = 4.65116e-09, No Iterations 3
Phase-1 volume fraction = 0.997811  Min(alpha.water) = 0.00412094  Max(alpha.water) = 1
MULES: Correcting alpha.water
MULES: Correcting alpha.water
Phase-1 volume fraction = 0.997811  Min(alpha.water) = 0.00412068  Max(alpha.water) = 1.00004
DICPCG:  Solving for p_rgh, Initial residual = 0.105929, Final residual = 0.00432278, No Iterations 4
DICPCG:  Solving for p_rgh, Initial residual = 0.00431311, Final residual = 0.000176464, No Iterations 14
time step continuity errors : sum local = 3.11165e-07, global = -1.13959e-08, cumulative = -3.87083e-06
DICPCG:  Solving for p_rgh, Initial residual = 0.0015469, Final residual = 7.57015e-05, No Iterations 8
DICPCG:  Solving for p_rgh, Initial residual = 7.5697e-05, Final residual = 3.70249e-06, No Iterations 216
time step continuity errors : sum local = 6.5213e-09, global = 6.05176e-11, cumulative = -3.87077e-06
DICPCG:  Solving for p_rgh, Initial residual = 0.000215313, Final residual = 1.03688e-05, No Iterations 185
DICPCG:  Solving for p_rgh, Initial residual = 1.03846e-05, Final residual = 9.92086e-08, No Iterations 138
time step continuity errors : sum local = 1.74704e-10, global = 1.2428e-11, cumulative = -3.87076e-06
ExecutionTime = 1202.55 s  ClockTime = 1208 s

Courant Number mean: 0.203498 max: 0.390013
Interface Courant Number mean: 0.000749174 max: 0.348458
deltaT = 0.000256434
Time = 0.0469219

PIMPLE: iteration 1
smoothSolver:  Solving for alpha.water, Initial residual = 0.0198697, Final residual = 4.86372e-09, No Iterations 3
Phase-1 volume fraction = 0.997811  Min(alpha.water) = 0.00414017  Max(alpha.water) = 1
MULES: Correcting alpha.water
MULES: Correcting alpha.water
Phase-1 volume fraction = 0.997811  Min(alpha.water) = 0.00412788  Max(alpha.water) = 1.00002
DICPCG:  Solving for p_rgh, Initial residual = 0.10687, Final residual = 0.00439998, No Iterations 4
DICPCG:  Solving for p_rgh, Initial residual = 0.004384, Final residual = 0.000186079, No Iterations 14
time step continuity errors : sum local = 3.40716e-07, global = -1.19086e-08, cumulative = -3.88266e-06
DICPCG:  Solving for p_rgh, Initial residual = 0.00159316, Final residual = 7.39171e-05, No Iterations 9
DICPCG:  Solving for p_rgh, Initial residual = 7.39105e-05, Final residual = 3.51317e-06, No Iterations 214
time step continuity errors : sum local = 6.42558e-09, global = -8.76653e-11, cumulative = -3.88275e-06
DICPCG:  Solving for p_rgh, Initial residual = 0.000224348, Final residual = 1.12125e-05, No Iterations 195
DICPCG:  Solving for p_rgh, Initial residual = 1.12297e-05, Final residual = 9.98152e-08, No Iterations 176
time step continuity errors : sum local = 1.82507e-10, global = 1.74208e-11, cumulative = -3.88274e-06
ExecutionTime = 1209.27 s  ClockTime = 1215 s

Courant Number mean: 0.207419 max: 0.38806
Interface Courant Number mean: 0.000785727 max: 0.350647
deltaT = 0.000266901
Time = 0.0471888

PIMPLE: iteration 1
smoothSolver:  Solving for alpha.water, Initial residual = 0.0206741, Final residual = 5.70248e-09, No Iterations 3
Phase-1 volume fraction = 0.997811  Min(alpha.water) = 0.00417317  Max(alpha.water) = 1
MULES: Correcting alpha.water
MULES: Correcting alpha.water
Phase-1 volume fraction = 0.997811  Min(alpha.water) = 0.00413576  Max(alpha.water) = 1.00002
DICPCG:  Solving for p_rgh, Initial residual = 0.109565, Final residual = 0.00454292, No Iterations 4
DICPCG:  Solving for p_rgh, Initial residual = 0.00454062, Final residual = 0.000185172, No Iterations 14
time step continuity errors : sum local = 3.62862e-07, global = -1.313e-08, cumulative = -3.89587e-06
DICPCG:  Solving for p_rgh, Initial residual = 0.00162988, Final residual = 7.87981e-05, No Iterations 8
DICPCG:  Solving for p_rgh, Initial residual = 7.87902e-05, Final residual = 3.62644e-06, No Iterations 194
time step continuity errors : sum local = 7.09798e-09, global = -3.08139e-11, cumulative = -3.8959e-06
DICPCG:  Solving for p_rgh, Initial residual = 0.000234249, Final residual = 1.12087e-05, No Iterations 193
DICPCG:  Solving for p_rgh, Initial residual = 1.12273e-05, Final residual = 9.83173e-08, No Iterations 179
time step continuity errors : sum local = 1.92415e-10, global = 2.30848e-11, cumulative = -3.89587e-06
ExecutionTime = 1216.01 s  ClockTime = 1221 s

Courant Number mean: 0.215893 max: 0.399133
Interface Courant Number mean: 0.000829198 max: 0.358003
deltaT = 0.000266901
Time = 0.0474557

PIMPLE: iteration 1
smoothSolver:  Solving for alpha.water, Initial residual = 0.0207014, Final residual = 5.67605e-09, No Iterations 3
Phase-1 volume fraction = 0.997811  Min(alpha.water) = 0.00414934  Max(alpha.water) = 1
MULES: Correcting alpha.water
MULES: Correcting alpha.water
Phase-1 volume fraction = 0.997811  Min(alpha.water) = 0.00414054  Max(alpha.water) = 1.00002
DICPCG:  Solving for p_rgh, Initial residual = 0.110982, Final residual = 0.00451583, No Iterations 4
DICPCG:  Solving for p_rgh, Initial residual = 0.0045166, Final residual = 0.000180986, No Iterations 14
time step continuity errors : sum local = 3.53531e-07, global = -1.30342e-08, cumulative = -3.90891e-06
DICPCG:  Solving for p_rgh, Initial residual = 0.00159063, Final residual = 7.7284e-05, No Iterations 8
DICPCG:  Solving for p_rgh, Initial residual = 7.72788e-05, Final residual = 3.76021e-06, No Iterations 215
time step continuity errors : sum local = 7.336e-09, global = -7.08847e-11, cumulative = -3.90898e-06
DICPCG:  Solving for p_rgh, Initial residual = 0.000229877, Final residual = 1.11274e-05, No Iterations 197
DICPCG:  Solving for p_rgh, Initial residual = 1.11456e-05, Final residual = 9.65059e-08, No Iterations 180
time step continuity errors : sum local = 1.8824e-10, global = 1.86922e-11, cumulative = -3.90896e-06
ExecutionTime = 1222.94 s  ClockTime = 1228 s

Courant Number mean: 0.215903 max: 0.404522
Interface Courant Number mean: 0.000831751 max: 0.363299
deltaT = 0.00026134
Time = 0.047717

PIMPLE: iteration 1
smoothSolver:  Solving for alpha.water, Initial residual = 0.0202853, Final residual = 4.94152e-09, No Iterations 3
Phase-1 volume fraction = 0.997811  Min(alpha.water) = 0.00415725  Max(alpha.water) = 1
MULES: Correcting alpha.water
MULES: Correcting alpha.water
Phase-1 volume fraction = 0.997811  Min(alpha.water) = 0.00415719  Max(alpha.water) = 1.00001
DICPCG:  Solving for p_rgh, Initial residual = 0.109813, Final residual = 0.00442165, No Iterations 4
DICPCG:  Solving for p_rgh, Initial residual = 0.00441383, Final residual = 0.000176368, No Iterations 14
time step continuity errors : sum local = 3.32224e-07, global = -1.23011e-08, cumulative = -3.92126e-06
DICPCG:  Solving for p_rgh, Initial residual = 0.00157792, Final residual = 7.6843e-05, No Iterations 8
DICPCG:  Solving for p_rgh, Initial residual = 7.68385e-05, Final residual = 3.82829e-06, No Iterations 220
time step continuity errors : sum local = 7.20249e-09, global = -4.37158e-11, cumulative = -3.9213e-06
DICPCG:  Solving for p_rgh, Initial residual = 0.00022466, Final residual = 1.10336e-05, No Iterations 198
DICPCG:  Solving for p_rgh, Initial residual = 1.10511e-05, Final residual = 9.37287e-08, No Iterations 181
time step continuity errors : sum local = 1.76302e-10, global = 1.66368e-11, cumulative = -3.92129e-06
ExecutionTime = 1230.37 s  ClockTime = 1236 s

Courant Number mean: 0.211414 max: 0.394198
Interface Courant Number mean: 0.00079443 max: 0.357521
deltaT = 0.000267022
Time = 0.047984

PIMPLE: iteration 1
smoothSolver:  Solving for alpha.water, Initial residual = 0.0207222, Final residual = 5.39081e-09, No Iterations 3
Phase-1 volume fraction = 0.997811  Min(alpha.water) = 0.00417496  Max(alpha.water) = 1
MULES: Correcting alpha.water
MULES: Correcting alpha.water
Phase-1 volume fraction = 0.997811  Min(alpha.water) = 0.00417391  Max(alpha.water) = 1.00001
DICPCG:  Solving for p_rgh, Initial residual = 0.111536, Final residual = 0.0044812, No Iterations 4
DICPCG:  Solving for p_rgh, Initial residual = 0.00446496, Final residual = 0.000181204, No Iterations 14
time step continuity errors : sum local = 3.55833e-07, global = -1.30026e-08, cumulative = -3.93429e-06
DICPCG:  Solving for p_rgh, Initial residual = 0.00163626, Final residual = 7.7289e-05, No Iterations 8
DICPCG:  Solving for p_rgh, Initial residual = 7.72823e-05, Final residual = 3.83729e-06, No Iterations 220
time step continuity errors : sum local = 7.52635e-09, global = -3.65011e-11, cumulative = -3.93433e-06
DICPCG:  Solving for p_rgh, Initial residual = 0.000236993, Final residual = 1.13354e-05, No Iterations 189
DICPCG:  Solving for p_rgh, Initial residual = 1.13537e-05, Final residual = 9.6704e-08, No Iterations 227
time step continuity errors : sum local = 1.89636e-10, global = -4.496e-13, cumulative = -3.93433e-06
ExecutionTime = 1237.48 s  ClockTime = 1243 s

Courant Number mean: 0.216018 max: 0.39722
Interface Courant Number mean: 0.000828649 max: 0.364503
deltaT = 0.000267022
Time = 0.0482511

PIMPLE: iteration 1
smoothSolver:  Solving for alpha.water, Initial residual = 0.020709, Final residual = 5.42941e-09, No Iterations 3
Phase-1 volume fraction = 0.997811  Min(alpha.water) = 0.00419923  Max(alpha.water) = 1
MULES: Correcting alpha.water
MULES: Correcting alpha.water
Phase-1 volume fraction = 0.997811  Min(alpha.water) = 0.00418582  Max(alpha.water) = 1.00003
DICPCG:  Solving for p_rgh, Initial residual = 0.109463, Final residual = 0.00446178, No Iterations 4
DICPCG:  Solving for p_rgh, Initial residual = 0.00445739, Final residual = 0.000186716, No Iterations 14
time step continuity errors : sum local = 3.66296e-07, global = -1.29611e-08, cumulative = -3.94729e-06
DICPCG:  Solving for p_rgh, Initial residual = 0.00161955, Final residual = 7.85511e-05, No Iterations 9
DICPCG:  Solving for p_rgh, Initial residual = 7.85411e-05, Final residual = 3.4797e-06, No Iterations 180
time step continuity errors : sum local = 6.819e-09, global = -2.56503e-10, cumulative = -3.94754e-06
DICPCG:  Solving for p_rgh, Initial residual = 0.000234674, Final residual = 1.16256e-05, No Iterations 198
DICPCG:  Solving for p_rgh, Initial residual = 1.1644e-05, Final residual = 9.20959e-08, No Iterations 179
time step continuity errors : sum local = 1.80426e-10, global = 1.67942e-11, cumulative = -3.94753e-06
ExecutionTime = 1244.02 s  ClockTime = 1249 s

Courant Number mean: 0.216025 max: 0.387135
Interface Courant Number mean: 0.000838914 max: 0.361903
deltaT = 0.000273231
Time = 0.0485243

PIMPLE: iteration 1
smoothSolver:  Solving for alpha.water, Initial residual = 0.0211733, Final residual = 5.9938e-09, No Iterations 3
Phase-1 volume fraction = 0.997811  Min(alpha.water) = 0.00423651  Max(alpha.water) = 1
MULES: Correcting alpha.water
MULES: Correcting alpha.water
Phase-1 volume fraction = 0.997811  Min(alpha.water) = 0.00420669  Max(alpha.water) = 1.00002
DICPCG:  Solving for p_rgh, Initial residual = 0.111615, Final residual = 0.00453432, No Iterations 4
DICPCG:  Solving for p_rgh, Initial residual = 0.00453337, Final residual = 0.000181431, No Iterations 14
time step continuity errors : sum local = 3.69514e-07, global = -1.36126e-08, cumulative = -3.96114e-06
DICPCG:  Solving for p_rgh, Initial residual = 0.00157991, Final residual = 7.29047e-05, No Iterations 9
DICPCG:  Solving for p_rgh, Initial residual = 7.28966e-05, Final residual = 3.36087e-06, No Iterations 220
time step continuity errors : sum local = 6.83704e-09, global = -1.15555e-11, cumulative = -3.96115e-06
DICPCG:  Solving for p_rgh, Initial residual = 0.000234143, Final residual = 1.11968e-05, No Iterations 198
DICPCG:  Solving for p_rgh, Initial residual = 1.12155e-05, Final residual = 9.57862e-08, No Iterations 179
time step continuity errors : sum local = 1.94835e-10, global = 1.97025e-11, cumulative = -3.96113e-06
ExecutionTime = 1250.86 s  ClockTime = 1256 s

Courant Number mean: 0.221057 max: 0.396502
Interface Courant Number mean: 0.000867397 max: 0.366782
deltaT = 0.000273231
Time = 0.0487975

PIMPLE: iteration 1
smoothSolver:  Solving for alpha.water, Initial residual = 0.0211363, Final residual = 5.73553e-09, No Iterations 3
Phase-1 volume fraction = 0.997811  Min(alpha.water) = 0.00422065  Max(alpha.water) = 1
MULES: Correcting alpha.water
MULES: Correcting alpha.water
Phase-1 volume fraction = 0.997811  Min(alpha.water) = 0.00421041  Max(alpha.water) = 1.00002
DICPCG:  Solving for p_rgh, Initial residual = 0.113334, Final residual = 0.00445434, No Iterations 4
DICPCG:  Solving for p_rgh, Initial residual = 0.00445097, Final residual = 0.000173214, No Iterations 14
time step continuity errors : sum local = 3.52311e-07, global = -1.36011e-08, cumulative = -3.97473e-06
DICPCG:  Solving for p_rgh, Initial residual = 0.00157469, Final residual = 7.51165e-05, No Iterations 8
DICPCG:  Solving for p_rgh, Initial residual = 7.51102e-05, Final residual = 3.62477e-06, No Iterations 219
time step continuity errors : sum local = 7.36392e-09, global = 2.07559e-12, cumulative = -3.97473e-06
DICPCG:  Solving for p_rgh, Initial residual = 0.000232969, Final residual = 1.06173e-05, No Iterations 202
DICPCG:  Solving for p_rgh, Initial residual = 1.06354e-05, Final residual = 9.83073e-08, No Iterations 142
time step continuity errors : sum local = 1.99708e-10, global = 1.64169e-11, cumulative = -3.97471e-06
ExecutionTime = 1257.54 s  ClockTime = 1263 s

Courant Number mean: 0.221065 max: 0.395797
Interface Courant Number mean: 0.000864139 max: 0.370988
deltaT = 0.000273231
Time = 0.0490707

PIMPLE: iteration 1
smoothSolver:  Solving for alpha.water, Initial residual = 0.0210966, Final residual = 5.36806e-09, No Iterations 3
Phase-1 volume fraction = 0.997811  Min(alpha.water) = 0.00422943  Max(alpha.water) = 1
MULES: Correcting alpha.water
MULES: Correcting alpha.water
Phase-1 volume fraction = 0.997811  Min(alpha.water) = 0.00422757  Max(alpha.water) = 1.00004
DICPCG:  Solving for p_rgh, Initial residual = 0.113075, Final residual = 0.00437465, No Iterations 4
DICPCG:  Solving for p_rgh, Initial residual = 0.00436856, Final residual = 0.000170797, No Iterations 14
time step continuity errors : sum local = 3.47439e-07, global = -1.3563e-08, cumulative = -3.98828e-06
DICPCG:  Solving for p_rgh, Initial residual = 0.00165481, Final residual = 7.63934e-05, No Iterations 8
DICPCG:  Solving for p_rgh, Initial residual = 7.63854e-05, Final residual = 3.63605e-06, No Iterations 214
time step continuity errors : sum local = 7.3883e-09, global = -1.85979e-11, cumulative = -3.9883e-06
DICPCG:  Solving for p_rgh, Initial residual = 0.000242098, Final residual = 1.20916e-05, No Iterations 197
DICPCG:  Solving for p_rgh, Initial residual = 1.21118e-05, Final residual = 9.60347e-08, No Iterations 182
time step continuity errors : sum local = 1.9511e-10, global = 1.81259e-11, cumulative = -3.98828e-06
ExecutionTime = 1264.48 s  ClockTime = 1270 s

Courant Number mean: 0.221072 max: 0.391581
Interface Courant Number mean: 0.000850193 max: 0.366217
deltaT = 0.000280237
Time = 0.049351

PIMPLE: iteration 1
smoothSolver:  Solving for alpha.water, Initial residual = 0.0215914, Final residual = 5.79401e-09, No Iterations 3
Phase-1 volume fraction = 0.997811  Min(alpha.water) = 0.00425019  Max(alpha.water) = 1.00001
MULES: Correcting alpha.water
MULES: Correcting alpha.water
Phase-1 volume fraction = 0.997811  Min(alpha.water) = 0.00425019  Max(alpha.water) = 1.00003
DICPCG:  Solving for p_rgh, Initial residual = 0.114353, Final residual = 0.00446068, No Iterations 4
DICPCG:  Solving for p_rgh, Initial residual = 0.00445376, Final residual = 0.000181031, No Iterations 14
time step continuity errors : sum local = 3.84877e-07, global = -1.44243e-08, cumulative = -4.0027e-06
DICPCG:  Solving for p_rgh, Initial residual = 0.00169786, Final residual = 7.91482e-05, No Iterations 8
DICPCG:  Solving for p_rgh, Initial residual = 7.91366e-05, Final residual = 3.68399e-06, No Iterations 217
time step continuity errors : sum local = 7.82376e-09, global = -7.06132e-11, cumulative = -4.00277e-06
DICPCG:  Solving for p_rgh, Initial residual = 0.000254803, Final residual = 1.26855e-05, No Iterations 193
DICPCG:  Solving for p_rgh, Initial residual = 1.27066e-05, Final residual = 8.72724e-08, No Iterations 235
time step continuity errors : sum local = 1.8527e-10, global = 3.1016e-13, cumulative = -4.00277e-06
ExecutionTime = 1271.83 s  ClockTime = 1277 s

Courant Number mean: 0.226748 max: 0.39235
Interface Courant Number mean: 0.000894936 max: 0.380646
deltaT = 0.000287811
Time = 0.0496388

PIMPLE: iteration 1
smoothSolver:  Solving for alpha.water, Initial residual = 0.0221214, Final residual = 6.42682e-09, No Iterations 3
Phase-1 volume fraction = 0.997811  Min(alpha.water) = 0.00428525  Max(alpha.water) = 1
MULES: Correcting alpha.water
MULES: Correcting alpha.water
Phase-1 volume fraction = 0.997811  Min(alpha.water) = 0.00427494  Max(alpha.water) = 1.00003
DICPCG:  Solving for p_rgh, Initial residual = 0.115911, Final residual = 0.0045559, No Iterations 4
DICPCG:  Solving for p_rgh, Initial residual = 0.00455512, Final residual = 0.000192023, No Iterations 14
time step continuity errors : sum local = 4.26205e-07, global = -1.53985e-08, cumulative = -4.01817e-06
DICPCG:  Solving for p_rgh, Initial residual = 0.0016509, Final residual = 8.15639e-05, No Iterations 10
DICPCG:  Solving for p_rgh, Initial residual = 8.15528e-05, Final residual = 3.86495e-06, No Iterations 218
time step continuity errors : sum local = 8.56836e-09, global = 2.0175e-11, cumulative = -4.01815e-06
DICPCG:  Solving for p_rgh, Initial residual = 0.000253088, Final residual = 1.22214e-05, No Iterations 202
DICPCG:  Solving for p_rgh, Initial residual = 1.22426e-05, Final residual = 9.40196e-08, No Iterations 165
time step continuity errors : sum local = 2.08358e-10, global = 1.93103e-11, cumulative = -4.01813e-06
ExecutionTime = 1278.6 s  ClockTime = 1284 s

Courant Number mean: 0.232883 max: 0.388574
Interface Courant Number mean: 0.000929117 max: 0.386126
deltaT = 0.000296034
Time = 0.0499348

PIMPLE: iteration 1
smoothSolver:  Solving for alpha.water, Initial residual = 0.0226875, Final residual = 7.25717e-09, No Iterations 3
Phase-1 volume fraction = 0.997811  Min(alpha.water) = 0.00434381  Max(alpha.water) = 1
MULES: Correcting alpha.water
MULES: Correcting alpha.water
Phase-1 volume fraction = 0.997811  Min(alpha.water) = 0.00433052  Max(alpha.water) = 1.00005
DICPCG:  Solving for p_rgh, Initial residual = 0.120767, Final residual = 0.004594, No Iterations 4
DICPCG:  Solving for p_rgh, Initial residual = 0.00459302, Final residual = 0.000176885, No Iterations 14
time step continuity errors : sum local = 4.10941e-07, global = -1.64167e-08, cumulative = -4.03455e-06
DICPCG:  Solving for p_rgh, Initial residual = 0.0016331, Final residual = 7.60482e-05, No Iterations 8
DICPCG:  Solving for p_rgh, Initial residual = 7.60371e-05, Final residual = 3.73332e-06, No Iterations 213
time step continuity errors : sum local = 8.6626e-09, global = 4.1319e-11, cumulative = -4.03451e-06
DICPCG:  Solving for p_rgh, Initial residual = 0.000254483, Final residual = 1.20705e-05, No Iterations 198
DICPCG:  Solving for p_rgh, Initial residual = 1.20935e-05, Final residual = 9.67862e-08, No Iterations 159
time step continuity errors : sum local = 2.24577e-10, global = 1.84575e-11, cumulative = -4.03449e-06
ExecutionTime = 1285.32 s  ClockTime = 1291 s

Courant Number mean: 0.239543 max: 0.40577
Interface Courant Number mean: 0.00095013 max: 0.40577
deltaT = 0.000296034
Time = 0.0502309

PIMPLE: iteration 1
smoothSolver:  Solving for alpha.water, Initial residual = 0.0226412, Final residual = 7.42233e-09, No Iterations 3
Phase-1 volume fraction = 0.997811  Min(alpha.water) = 0.00434829  Max(alpha.water) = 1.00001
MULES: Correcting alpha.water
MULES: Correcting alpha.water
Phase-1 volume fraction = 0.997811  Min(alpha.water) = 0.00434776  Max(alpha.water) = 1.00006
DICPCG:  Solving for p_rgh, Initial residual = 0.121135, Final residual = 0.00446726, No Iterations 4
DICPCG:  Solving for p_rgh, Initial residual = 0.00445645, Final residual = 0.000209713, No Iterations 13
time step continuity errors : sum local = 4.8824e-07, global = -1.63231e-08, cumulative = -4.05081e-06
DICPCG:  Solving for p_rgh, Initial residual = 0.00177246, Final residual = 8.64191e-05, No Iterations 8
DICPCG:  Solving for p_rgh, Initial residual = 8.64096e-05, Final residual = 3.82171e-06, No Iterations 212
time step continuity errors : sum local = 8.88628e-09, global = -2.89325e-11, cumulative = -4.05084e-06
DICPCG:  Solving for p_rgh, Initial residual = 0.000272403, Final residual = 1.307e-05, No Iterations 190
DICPCG:  Solving for p_rgh, Initial residual = 1.30953e-05, Final residual = 9.85013e-08, No Iterations 232
time step continuity errors : sum local = 2.29095e-10, global = -7.62068e-13, cumulative = -4.05084e-06
ExecutionTime = 1292.66 s  ClockTime = 1298 s

Courant Number mean: 0.23955 max: 0.405851
Interface Courant Number mean: 0.00093759 max: 0.388733
deltaT = 0.000296034
Time = 0.0505269

PIMPLE: iteration 1
smoothSolver:  Solving for alpha.water, Initial residual = 0.02255, Final residual = 7.59315e-09, No Iterations 3
Phase-1 volume fraction = 0.997811  Min(alpha.water) = 0.00436859  Max(alpha.water) = 1.00001
MULES: Correcting alpha.water
MULES: Correcting alpha.water
Phase-1 volume fraction = 0.997811  Min(alpha.water) = 0.00436859  Max(alpha.water) = 1.00017
DICPCG:  Solving for p_rgh, Initial residual = 0.119125, Final residual = 0.00441044, No Iterations 4
DICPCG:  Solving for p_rgh, Initial residual = 0.00440924, Final residual = 0.000219121, No Iterations 13
time step continuity errors : sum local = 5.09153e-07, global = -1.62856e-08, cumulative = -4.06713e-06
DICPCG:  Solving for p_rgh, Initial residual = 0.00182807, Final residual = 8.86504e-05, No Iterations 8
DICPCG:  Solving for p_rgh, Initial residual = 8.86367e-05, Final residual = 4.00611e-06, No Iterations 216
time step continuity errors : sum local = 9.29815e-09, global = 9.82096e-12, cumulative = -4.06712e-06
DICPCG:  Solving for p_rgh, Initial residual = 0.000282522, Final residual = 1.31818e-05, No Iterations 191
DICPCG:  Solving for p_rgh, Initial residual = 1.32057e-05, Final residual = 9.67946e-08, No Iterations 224
time step continuity errors : sum local = 2.24586e-10, global = -3.15592e-13, cumulative = -4.06712e-06
ExecutionTime = 1300.6 s  ClockTime = 1306 s

Courant Number mean: 0.239557 max: 0.395864
Interface Courant Number mean: 0.00094554 max: 0.395864
deltaT = 0.000296034
Time = 0.0508229

PIMPLE: iteration 1
smoothSolver:  Solving for alpha.water, Initial residual = 0.0224745, Final residual = 8.06393e-09, No Iterations 3
Phase-1 volume fraction = 0.997811  Min(alpha.water) = 0.00439768  Max(alpha.water) = 1.00014
MULES: Correcting alpha.water
MULES: Correcting alpha.water
Phase-1 volume fraction = 0.997811  Min(alpha.water) = 0.00439768  Max(alpha.water) = 1.00014
DICPCG:  Solving for p_rgh, Initial residual = 0.117696, Final residual = 0.00441359, No Iterations 4
DICPCG:  Solving for p_rgh, Initial residual = 0.00442197, Final residual = 0.000196478, No Iterations 14
time step continuity errors : sum local = 4.53321e-07, global = -1.62168e-08, cumulative = -4.08333e-06
DICPCG:  Solving for p_rgh, Initial residual = 0.00170877, Final residual = 8.28519e-05, No Iterations 10
DICPCG:  Solving for p_rgh, Initial residual = 8.28381e-05, Final residual = 4.0507e-06, No Iterations 208
time step continuity errors : sum local = 9.33561e-09, global = 9.59562e-11, cumulative = -4.08324e-06
DICPCG:  Solving for p_rgh, Initial residual = 0.000265768, Final residual = 1.32815e-05, No Iterations 201
DICPCG:  Solving for p_rgh, Initial residual = 1.33041e-05, Final residual = 9.93404e-08, No Iterations 178
time step continuity errors : sum local = 2.28765e-10, global = 2.8844e-11, cumulative = -4.08321e-06
ExecutionTime = 1307.62 s  ClockTime = 1313 s

Courant Number mean: 0.239562 max: 0.405884
Interface Courant Number mean: 0.000971409 max: 0.391047
deltaT = 0.000296034
Time = 0.051119

PIMPLE: iteration 1
smoothSolver:  Solving for alpha.water, Initial residual = 0.0224373, Final residual = 8.15311e-09, No Iterations 3
Phase-1 volume fraction = 0.997811  Min(alpha.water) = 0.00444005  Max(alpha.water) = 1.00011
MULES: Correcting alpha.water
MULES: Correcting alpha.water
Phase-1 volume fraction = 0.997811  Min(alpha.water) = 0.00442834  Max(alpha.water) = 1.00011
DICPCG:  Solving for p_rgh, Initial residual = 0.119144, Final residual = 0.00438765, No Iterations 4
DICPCG:  Solving for p_rgh, Initial residual = 0.00437784, Final residual = 0.000188007, No Iterations 14
time step continuity errors : sum local = 4.3413e-07, global = -1.61166e-08, cumulative = -4.09933e-06
DICPCG:  Solving for p_rgh, Initial residual = 0.00162074, Final residual = 7.62527e-05, No Iterations 10
DICPCG:  Solving for p_rgh, Initial residual = 7.62399e-05, Final residual = 3.6679e-06, No Iterations 218
time step continuity errors : sum local = 8.46052e-09, global = 4.36057e-11, cumulative = -4.09928e-06
DICPCG:  Solving for p_rgh, Initial residual = 0.000250558, Final residual = 1.15912e-05, No Iterations 204
DICPCG:  Solving for p_rgh, Initial residual = 1.16121e-05, Final residual = 9.9959e-08, No Iterations 162
time step continuity errors : sum local = 2.30478e-10, global = 1.64817e-11, cumulative = -4.09927e-06
ExecutionTime = 1314.44 s  ClockTime = 1320 s

Courant Number mean: 0.239567 max: 0.406538
Interface Courant Number mean: 0.000963872 max: 0.386512
deltaT = 0.000296034
Time = 0.051415

PIMPLE: iteration 1
smoothSolver:  Solving for alpha.water, Initial residual = 0.0224131, Final residual = 7.97196e-09, No Iterations 3
Phase-1 volume fraction = 0.997811  Min(alpha.water) = 0.00449961  Max(alpha.water) = 1.00009
MULES: Correcting alpha.water
MULES: Correcting alpha.water
Phase-1 volume fraction = 0.997811  Min(alpha.water) = 0.00449352  Max(alpha.water) = 1.00009
DICPCG:  Solving for p_rgh, Initial residual = 0.12041, Final residual = 0.00434717, No Iterations 4
DICPCG:  Solving for p_rgh, Initial residual = 0.00433987, Final residual = 0.000199648, No Iterations 13
time step continuity errors : sum local = 4.612e-07, global = -1.60976e-08, cumulative = -4.11536e-06
DICPCG:  Solving for p_rgh, Initial residual = 0.00170209, Final residual = 8.07998e-05, No Iterations 8
DICPCG:  Solving for p_rgh, Initial residual = 8.07898e-05, Final residual = 4.02898e-06, No Iterations 218
time step continuity errors : sum local = 9.29646e-09, global = 5.07864e-11, cumulative = -4.11531e-06
DICPCG:  Solving for p_rgh, Initial residual = 0.000261518, Final residual = 1.20028e-05, No Iterations 203
DICPCG:  Solving for p_rgh, Initial residual = 1.20261e-05, Final residual = 9.79038e-08, No Iterations 164
time step continuity errors : sum local = 2.25952e-10, global = 1.69523e-11, cumulative = -4.1153e-06
ExecutionTime = 1321.37 s  ClockTime = 1327 s

Courant Number mean: 0.239573 max: 0.398295
Interface Courant Number mean: 0.000953726 max: 0.39312
deltaT = 0.000296034
Time = 0.051711

PIMPLE: iteration 1
smoothSolver:  Solving for alpha.water, Initial residual = 0.0223754, Final residual = 8.06436e-09, No Iterations 3
Phase-1 volume fraction = 0.997811  Min(alpha.water) = 0.00451059  Max(alpha.water) = 1.00008
MULES: Correcting alpha.water
MULES: Correcting alpha.water
Phase-1 volume fraction = 0.997811  Min(alpha.water) = 0.00450985  Max(alpha.water) = 1.00008
DICPCG:  Solving for p_rgh, Initial residual = 0.11906, Final residual = 0.00441203, No Iterations 4
DICPCG:  Solving for p_rgh, Initial residual = 0.00440534, Final residual = 0.000204162, No Iterations 13
time step continuity errors : sum local = 4.7182e-07, global = -1.60288e-08, cumulative = -4.13133e-06
DICPCG:  Solving for p_rgh, Initial residual = 0.00183324, Final residual = 8.89549e-05, No Iterations 8
DICPCG:  Solving for p_rgh, Initial residual = 8.89466e-05, Final residual = 4.13506e-06, No Iterations 222
time step continuity errors : sum local = 9.54435e-09, global = -5.19193e-11, cumulative = -4.13138e-06
DICPCG:  Solving for p_rgh, Initial residual = 0.000280765, Final residual = 1.30719e-05, No Iterations 187
DICPCG:  Solving for p_rgh, Initial residual = 1.30969e-05, Final residual = 9.90832e-08, No Iterations 174
time step continuity errors : sum local = 2.28735e-10, global = 2.12414e-11, cumulative = -4.13136e-06
ExecutionTime = 1328.08 s  ClockTime = 1334 s

Courant Number mean: 0.23958 max: 0.409633
Interface Courant Number mean: 0.000944833 max: 0.384474
deltaT = 0.000285826
Time = 0.0519969

PIMPLE: iteration 1
smoothSolver:  Solving for alpha.water, Initial residual = 0.0215632, Final residual = 7.07313e-09, No Iterations 3
Phase-1 volume fraction = 0.997811  Min(alpha.water) = 0.00452929  Max(alpha.water) = 1.00006
MULES: Correcting alpha.water
MULES: Correcting alpha.water
Phase-1 volume fraction = 0.997811  Min(alpha.water) = 0.00452929  Max(alpha.water) = 1.00006
DICPCG:  Solving for p_rgh, Initial residual = 0.114124, Final residual = 0.00434624, No Iterations 4
DICPCG:  Solving for p_rgh, Initial residual = 0.00434276, Final residual = 0.000181036, No Iterations 14
time step continuity errors : sum local = 3.93376e-07, global = -1.45524e-08, cumulative = -4.14591e-06
DICPCG:  Solving for p_rgh, Initial residual = 0.0017225, Final residual = 8.2898e-05, No Iterations 8
DICPCG:  Solving for p_rgh, Initial residual = 8.28872e-05, Final residual = 3.80998e-06, No Iterations 216
time step continuity errors : sum local = 8.26955e-09, global = -6.38254e-11, cumulative = -4.14597e-06
DICPCG:  Solving for p_rgh, Initial residual = 0.000258751, Final residual = 1.20044e-05, No Iterations 201
DICPCG:  Solving for p_rgh, Initial residual = 1.20236e-05, Final residual = 9.63374e-08, No Iterations 177
time step continuity errors : sum local = 2.08935e-10, global = 1.98403e-11, cumulative = -4.14595e-06
ExecutionTime = 1335.25 s  ClockTime = 1341 s

Courant Number mean: 0.231324 max: 0.401916
Interface Courant Number mean: 0.000925553 max: 0.372735
deltaT = 0.000285826
Time = 0.0522827

PIMPLE: iteration 1
smoothSolver:  Solving for alpha.water, Initial residual = 0.0215633, Final residual = 7.28302e-09, No Iterations 3
Phase-1 volume fraction = 0.997811  Min(alpha.water) = 0.0045551  Max(alpha.water) = 1.00006
MULES: Correcting alpha.water
MULES: Correcting alpha.water
Phase-1 volume fraction = 0.997811  Min(alpha.water) = 0.0045551  Max(alpha.water) = 1.00008
DICPCG:  Solving for p_rgh, Initial residual = 0.113625, Final residual = 0.00439681, No Iterations 4
DICPCG:  Solving for p_rgh, Initial residual = 0.00439197, Final residual = 0.000186008, No Iterations 14
time step continuity errors : sum local = 4.03625e-07, global = -1.45708e-08, cumulative = -4.16052e-06
DICPCG:  Solving for p_rgh, Initial residual = 0.00164324, Final residual = 7.47833e-05, No Iterations 10
DICPCG:  Solving for p_rgh, Initial residual = 7.47695e-05, Final residual = 3.63378e-06, No Iterations 218
time step continuity errors : sum local = 7.87709e-09, global = 2.63176e-11, cumulative = -4.1605e-06
DICPCG:  Solving for p_rgh, Initial residual = 0.000246486, Final residual = 1.21527e-05, No Iterations 202
DICPCG:  Solving for p_rgh, Initial residual = 1.21721e-05, Final residual = 9.96443e-08, No Iterations 179
time step continuity errors : sum local = 2.1583e-10, global = 2.43827e-11, cumulative = -4.16047e-06
ExecutionTime = 1342.19 s  ClockTime = 1348 s

Courant Number mean: 0.231329 max: 0.399908
Interface Courant Number mean: 0.000918883 max: 0.388991
deltaT = 0.000285826
Time = 0.0525685

PIMPLE: iteration 1
smoothSolver:  Solving for alpha.water, Initial residual = 0.0215556, Final residual = 7.10327e-09, No Iterations 3
Phase-1 volume fraction = 0.997811  Min(alpha.water) = 0.004592  Max(alpha.water) = 1.00005
MULES: Correcting alpha.water
MULES: Correcting alpha.water
Phase-1 volume fraction = 0.997811  Min(alpha.water) = 0.00458842  Max(alpha.water) = 1.00005
DICPCG:  Solving for p_rgh, Initial residual = 0.114615, Final residual = 0.00442505, No Iterations 4
DICPCG:  Solving for p_rgh, Initial residual = 0.00441667, Final residual = 0.000173855, No Iterations 14
time step continuity errors : sum local = 3.77377e-07, global = -1.45234e-08, cumulative = -4.175e-06
DICPCG:  Solving for p_rgh, Initial residual = 0.00160546, Final residual = 7.69955e-05, No Iterations 9
DICPCG:  Solving for p_rgh, Initial residual = 7.69839e-05, Final residual = 3.62453e-06, No Iterations 216
time step continuity errors : sum local = 7.85877e-09, global = -1.99105e-11, cumulative = -4.17502e-06
DICPCG:  Solving for p_rgh, Initial residual = 0.000239913, Final residual = 1.08879e-05, No Iterations 203
DICPCG:  Solving for p_rgh, Initial residual = 1.09065e-05, Final residual = 9.6704e-08, No Iterations 145
time step continuity errors : sum local = 2.09611e-10, global = 1.67287e-11, cumulative = -4.175e-06
ExecutionTime = 1348.95 s  ClockTime = 1355 s

Courant Number mean: 0.231335 max: 0.409268
Interface Courant Number mean: 0.000923325 max: 0.409268
deltaT = 0.00027524
Time = 0.0528438

PIMPLE: iteration 1
smoothSolver:  Solving for alpha.water, Initial residual = 0.0207555, Final residual = 5.17054e-09, No Iterations 3
Phase-1 volume fraction = 0.997811  Min(alpha.water) = 0.0046076  Max(alpha.water) = 1.00004
MULES: Correcting alpha.water
MULES: Correcting alpha.water
Phase-1 volume fraction = 0.997811  Min(alpha.water) = 0.00460639  Max(alpha.water) = 1.00004
DICPCG:  Solving for p_rgh, Initial residual = 0.11222, Final residual = 0.00432963, No Iterations 4
DICPCG:  Solving for p_rgh, Initial residual = 0.0043141, Final residual = 0.000203767, No Iterations 13
time step continuity errors : sum local = 4.16043e-07, global = -1.31318e-08, cumulative = -4.18813e-06
DICPCG:  Solving for p_rgh, Initial residual = 0.00164897, Final residual = 8.23963e-05, No Iterations 8
DICPCG:  Solving for p_rgh, Initial residual = 8.23899e-05, Final residual = 3.95508e-06, No Iterations 215
time step continuity errors : sum local = 8.06616e-09, global = 5.81566e-12, cumulative = -4.18812e-06
DICPCG:  Solving for p_rgh, Initial residual = 0.000238985, Final residual = 1.08329e-05, No Iterations 202
DICPCG:  Solving for p_rgh, Initial residual = 1.08515e-05, Final residual = 9.37386e-08, No Iterations 177
time step continuity errors : sum local = 1.91218e-10, global = 1.35986e-11, cumulative = -4.18811e-06
ExecutionTime = 1355.79 s  ClockTime = 1361 s

Courant Number mean: 0.222774 max: 0.407961
Interface Courant Number mean: 0.000888583 max: 0.369447
deltaT = 0.000265046
Time = 0.0531088

PIMPLE: iteration 1
smoothSolver:  Solving for alpha.water, Initial residual = 0.0199983, Final residual = 3.64083e-09, No Iterations 3
Phase-1 volume fraction = 0.997811  Min(alpha.water) = 0.00461615  Max(alpha.water) = 1.00004
MULES: Correcting alpha.water
MULES: Correcting alpha.water
Phase-1 volume fraction = 0.997811  Min(alpha.water) = 0.00461615  Max(alpha.water) = 1.00004
DICPCG:  Solving for p_rgh, Initial residual = 0.1064, Final residual = 0.0042175, No Iterations 4
DICPCG:  Solving for p_rgh, Initial residual = 0.00420169, Final residual = 0.000207933, No Iterations 13
time step continuity errors : sum local = 3.99591e-07, global = -1.19112e-08, cumulative = -4.20002e-06
DICPCG:  Solving for p_rgh, Initial residual = 0.00166035, Final residual = 7.95627e-05, No Iterations 9
DICPCG:  Solving for p_rgh, Initial residual = 7.95568e-05, Final residual = 3.86522e-06, No Iterations 219
time step continuity errors : sum local = 7.41994e-09, global = -1.11761e-10, cumulative = -4.20013e-06
DICPCG:  Solving for p_rgh, Initial residual = 0.000234917, Final residual = 1.1696e-05, No Iterations 190
DICPCG:  Solving for p_rgh, Initial residual = 1.1714e-05, Final residual = 9.68978e-08, No Iterations 230
time step continuity errors : sum local = 1.86004e-10, global = -8.75552e-14, cumulative = -4.20013e-06
ExecutionTime = 1362.95 s  ClockTime = 1369 s

Courant Number mean: 0.21453 max: 0.389864
Interface Courant Number mean: 0.00083982 max: 0.351743
deltaT = 0.000275648
Time = 0.0533844

PIMPLE: iteration 1
smoothSolver:  Solving for alpha.water, Initial residual = 0.0207726, Final residual = 3.94251e-09, No Iterations 3
Phase-1 volume fraction = 0.997811  Min(alpha.water) = 0.00462982  Max(alpha.water) = 1.00003
MULES: Correcting alpha.water
MULES: Correcting alpha.water
Phase-1 volume fraction = 0.997811  Min(alpha.water) = 0.00462982  Max(alpha.water) = 1.00003
DICPCG:  Solving for p_rgh, Initial residual = 0.109102, Final residual = 0.00447706, No Iterations 4
DICPCG:  Solving for p_rgh, Initial residual = 0.00447102, Final residual = 0.000181181, No Iterations 14
time step continuity errors : sum local = 3.7275e-07, global = -1.32095e-08, cumulative = -4.21334e-06
DICPCG:  Solving for p_rgh, Initial residual = 0.00167578, Final residual = 7.96605e-05, No Iterations 9
DICPCG:  Solving for p_rgh, Initial residual = 7.96516e-05, Final residual = 3.56329e-06, No Iterations 215
time step continuity errors : sum local = 7.32248e-09, global = -6.78895e-11, cumulative = -4.21341e-06
DICPCG:  Solving for p_rgh, Initial residual = 0.000244222, Final residual = 1.14394e-05, No Iterations 203
DICPCG:  Solving for p_rgh, Initial residual = 1.14567e-05, Final residual = 9.60638e-08, No Iterations 176
time step continuity errors : sum local = 1.97298e-10, global = 1.92282e-11, cumulative = -4.21339e-06
ExecutionTime = 1370.2 s  ClockTime = 1376 s

Courant Number mean: 0.223118 max: 0.392946
Interface Courant Number mean: 0.000879671 max: 0.392946
deltaT = 0.000275648
Time = 0.0536601

PIMPLE: iteration 1
smoothSolver:  Solving for alpha.water, Initial residual = 0.0207677, Final residual = 3.23901e-09, No Iterations 3
Phase-1 volume fraction = 0.997811  Min(alpha.water) = 0.00464946  Max(alpha.water) = 1.00003
MULES: Correcting alpha.water
MULES: Correcting alpha.water
Phase-1 volume fraction = 0.997811  Min(alpha.water) = 0.00464896  Max(alpha.water) = 1.00004
DICPCG:  Solving for p_rgh, Initial residual = 0.109957, Final residual = 0.00454326, No Iterations 4
DICPCG:  Solving for p_rgh, Initial residual = 0.00454588, Final residual = 0.000185994, No Iterations 14
time step continuity errors : sum local = 3.81009e-07, global = -1.30743e-08, cumulative = -4.22647e-06
DICPCG:  Solving for p_rgh, Initial residual = 0.00161905, Final residual = 7.76088e-05, No Iterations 10
DICPCG:  Solving for p_rgh, Initial residual = 7.75973e-05, Final residual = 3.70724e-06, No Iterations 214
time step continuity errors : sum local = 7.58588e-09, global = 6.55258e-12, cumulative = -4.22646e-06
DICPCG:  Solving for p_rgh, Initial residual = 0.000237754, Final residual = 1.1759e-05, No Iterations 192
DICPCG:  Solving for p_rgh, Initial residual = 1.17764e-05, Final residual = 9.89779e-08, No Iterations 231
time step continuity errors : sum local = 2.02408e-10, global = -1.80255e-12, cumulative = -4.22646e-06
ExecutionTime = 1378.05 s  ClockTime = 1384 s

Courant Number mean: 0.223124 max: 0.411969
Interface Courant Number mean: 0.000891412 max: 0.376642
deltaT = 0.000264163
Time = 0.0539243

PIMPLE: iteration 1
smoothSolver:  Solving for alpha.water, Initial residual = 0.0198804, Final residual = 2.19414e-09, No Iterations 3
Phase-1 volume fraction = 0.997811  Min(alpha.water) = 0.00467318  Max(alpha.water) = 1.00002
MULES: Correcting alpha.water
MULES: Correcting alpha.water
Phase-1 volume fraction = 0.997811  Min(alpha.water) = 0.00466422  Max(alpha.water) = 1.00005
DICPCG:  Solving for p_rgh, Initial residual = 0.106889, Final residual = 0.00437694, No Iterations 4
DICPCG:  Solving for p_rgh, Initial residual = 0.00437292, Final residual = 0.000173178, No Iterations 14
time step continuity errors : sum local = 3.29018e-07, global = -1.1724e-08, cumulative = -4.23819e-06
DICPCG:  Solving for p_rgh, Initial residual = 0.00155736, Final residual = 7.7411e-05, No Iterations 9
DICPCG:  Solving for p_rgh, Initial residual = 7.74021e-05, Final residual = 3.71908e-06, No Iterations 218
time step continuity errors : sum local = 7.05851e-09, global = -6.27828e-11, cumulative = -4.23825e-06
DICPCG:  Solving for p_rgh, Initial residual = 0.00021965, Final residual = 1.08724e-05, No Iterations 201
DICPCG:  Solving for p_rgh, Initial residual = 1.08884e-05, Final residual = 9.83558e-08, No Iterations 180
time step continuity errors : sum local = 1.86609e-10, global = 1.7763e-11, cumulative = -4.23823e-06
ExecutionTime = 1384.92 s  ClockTime = 1391 s

Courant Number mean: 0.213835 max: 0.40713
Interface Courant Number mean: 0.000845212 max: 0.37208
deltaT = 0.000264163
Time = 0.0541884

PIMPLE: iteration 1
smoothSolver:  Solving for alpha.water, Initial residual = 0.0198584, Final residual = 2.14264e-09, No Iterations 3
Phase-1 volume fraction = 0.997811  Min(alpha.water) = 0.0047051  Max(alpha.water) = 1.00002
MULES: Correcting alpha.water
MULES: Correcting alpha.water
Phase-1 volume fraction = 0.997811  Min(alpha.water) = 0.00469942  Max(alpha.water) = 1.00002
DICPCG:  Solving for p_rgh, Initial residual = 0.107057, Final residual = 0.00435136, No Iterations 4
DICPCG:  Solving for p_rgh, Initial residual = 0.00432855, Final residual = 0.000215974, No Iterations 13
time step continuity errors : sum local = 4.13324e-07, global = -1.16776e-08, cumulative = -4.24991e-06
DICPCG:  Solving for p_rgh, Initial residual = 0.00163153, Final residual = 7.76511e-05, No Iterations 9
DICPCG:  Solving for p_rgh, Initial residual = 7.76467e-05, Final residual = 3.48837e-06, No Iterations 216
time step continuity errors : sum local = 6.66831e-09, global = -1.21054e-10, cumulative = -4.25003e-06
DICPCG:  Solving for p_rgh, Initial residual = 0.000229236, Final residual = 1.1142e-05, No Iterations 188
DICPCG:  Solving for p_rgh, Initial residual = 1.11588e-05, Final residual = 9.71691e-08, No Iterations 228
time step continuity errors : sum local = 1.85741e-10, global = -1.23845e-12, cumulative = -4.25003e-06
ExecutionTime = 1392.72 s  ClockTime = 1398 s

Courant Number mean: 0.213843 max: 0.403852
Interface Courant Number mean: 0.00084775 max: 0.351103
deltaT = 0.000264163
Time = 0.0544526

PIMPLE: iteration 1
smoothSolver:  Solving for alpha.water, Initial residual = 0.0199268, Final residual = 2.18594e-09, No Iterations 3
Phase-1 volume fraction = 0.997811  Min(alpha.water) = 0.00471292  Max(alpha.water) = 1.00002
MULES: Correcting alpha.water
MULES: Correcting alpha.water
Phase-1 volume fraction = 0.997811  Min(alpha.water) = 0.00471292  Max(alpha.water) = 1.00004
DICPCG:  Solving for p_rgh, Initial residual = 0.104283, Final residual = 0.00429953, No Iterations 4
DICPCG:  Solving for p_rgh, Initial residual = 0.00427332, Final residual = 0.000169333, No Iterations 14
time step continuity errors : sum local = 3.27051e-07, global = -1.16787e-08, cumulative = -4.26171e-06
DICPCG:  Solving for p_rgh, Initial residual = 0.0016127, Final residual = 7.84434e-05, No Iterations 8
DICPCG:  Solving for p_rgh, Initial residual = 7.84375e-05, Final residual = 3.5453e-06, No Iterations 181
time step continuity errors : sum local = 6.83947e-09, global = -1.79612e-10, cumulative = -4.26189e-06
DICPCG:  Solving for p_rgh, Initial residual = 0.000227196, Final residual = 1.1353e-05, No Iterations 200
DICPCG:  Solving for p_rgh, Initial residual = 1.13695e-05, Final residual = 9.58166e-08, No Iterations 177
time step continuity errors : sum local = 1.84815e-10, global = 1.61838e-11, cumulative = -4.26187e-06
ExecutionTime = 1399.56 s  ClockTime = 1405 s

Courant Number mean: 0.21385 max: 0.392029
Interface Courant Number mean: 0.000848303 max: 0.377643
deltaT = 0.000264163
Time = 0.0547167

PIMPLE: iteration 1
smoothSolver:  Solving for alpha.water, Initial residual = 0.0199638, Final residual = 2.22312e-09, No Iterations 3
Phase-1 volume fraction = 0.997811  Min(alpha.water) = 0.00472243  Max(alpha.water) = 1.00002
MULES: Correcting alpha.water
MULES: Correcting alpha.water
Phase-1 volume fraction = 0.997811  Min(alpha.water) = 0.00472223  Max(alpha.water) = 1.00005
DICPCG:  Solving for p_rgh, Initial residual = 0.103845, Final residual = 0.00428193, No Iterations 4
DICPCG:  Solving for p_rgh, Initial residual = 0.00427839, Final residual = 0.0001729, No Iterations 14
time step continuity errors : sum local = 3.33529e-07, global = -1.15734e-08, cumulative = -4.27345e-06
DICPCG:  Solving for p_rgh, Initial residual = 0.00158149, Final residual = 7.69455e-05, No Iterations 8
DICPCG:  Solving for p_rgh, Initial residual = 7.69377e-05, Final residual = 3.50437e-06, No Iterations 181
time step continuity errors : sum local = 6.75226e-09, global = 2.16243e-10, cumulative = -4.27323e-06
DICPCG:  Solving for p_rgh, Initial residual = 0.000223201, Final residual = 1.0268e-05, No Iterations 202
DICPCG:  Solving for p_rgh, Initial residual = 1.02824e-05, Final residual = 9.85372e-08, No Iterations 147
time step continuity errors : sum local = 1.89783e-10, global = 1.8761e-11, cumulative = -4.27321e-06
ExecutionTime = 1405.83 s  ClockTime = 1412 s

Courant Number mean: 0.213857 max: 0.399751
Interface Courant Number mean: 0.000841676 max: 0.360475
deltaT = 0.000264163
Time = 0.0549809

PIMPLE: iteration 1
smoothSolver:  Solving for alpha.water, Initial residual = 0.019977, Final residual = 2.25956e-09, No Iterations 3
Phase-1 volume fraction = 0.997811  Min(alpha.water) = 0.00473618  Max(alpha.water) = 1.00002
MULES: Correcting alpha.water
MULES: Correcting alpha.water
Phase-1 volume fraction = 0.997811  Min(alpha.water) = 0.00473566  Max(alpha.water) = 1.00007
DICPCG:  Solving for p_rgh, Initial residual = 0.106423, Final residual = 0.00434201, No Iterations 4
DICPCG:  Solving for p_rgh, Initial residual = 0.00435296, Final residual = 0.000170095, No Iterations 14
time step continuity errors : sum local = 3.2552e-07, global = -1.16312e-08, cumulative = -4.28484e-06
DICPCG:  Solving for p_rgh, Initial residual = 0.00154318, Final residual = 7.54521e-05, No Iterations 9
DICPCG:  Solving for p_rgh, Initial residual = 7.54433e-05, Final residual = 3.34688e-06, No Iterations 215
time step continuity errors : sum local = 6.39811e-09, global = -3.26559e-11, cumulative = -4.28488e-06
DICPCG:  Solving for p_rgh, Initial residual = 0.000218988, Final residual = 1.03822e-05, No Iterations 187
DICPCG:  Solving for p_rgh, Initial residual = 1.03973e-05, Final residual = 9.8386e-08, No Iterations 170
time step continuity errors : sum local = 1.88047e-10, global = 1.62065e-11, cumulative = -4.28486e-06
ExecutionTime = 1412.67 s  ClockTime = 1418 s

Courant Number mean: 0.213865 max: 0.415382
Interface Courant Number mean: 0.00083988 max: 0.382661
deltaT = 0.000250954
Time = 0.0552319

PIMPLE: iteration 1
smoothSolver:  Solving for alpha.water, Initial residual = 0.0189552, Final residual = 1.70415e-09, No Iterations 3
Phase-1 volume fraction = 0.997811  Min(alpha.water) = 0.00475254  Max(alpha.water) = 1.00002
MULES: Correcting alpha.water
MULES: Correcting alpha.water
Phase-1 volume fraction = 0.997811  Min(alpha.water) = 0.00473413  Max(alpha.water) = 1.00004
DICPCG:  Solving for p_rgh, Initial residual = 0.103786, Final residual = 0.00414518, No Iterations 4
DICPCG:  Solving for p_rgh, Initial residual = 0.00415268, Final residual = 0.000159928, No Iterations 14
time step continuity errors : sum local = 2.78106e-07, global = -1.00965e-08, cumulative = -4.29496e-06
DICPCG:  Solving for p_rgh, Initial residual = 0.00149611, Final residual = 7.1139e-05, No Iterations 8
DICPCG:  Solving for p_rgh, Initial residual = 7.11308e-05, Final residual = 3.19797e-06, No Iterations 216
time step continuity errors : sum local = 5.55584e-09, global = -2.60303e-13, cumulative = -4.29496e-06
DICPCG:  Solving for p_rgh, Initial residual = 0.00020511, Final residual = 1.00839e-05, No Iterations 186
DICPCG:  Solving for p_rgh, Initial residual = 1.00975e-05, Final residual = 9.76796e-08, No Iterations 134
time step continuity errors : sum local = 1.69661e-10, global = 1.52692e-11, cumulative = -4.29494e-06
ExecutionTime = 1419.45 s  ClockTime = 1425 s

Courant Number mean: 0.20318 max: 0.397211
Interface Courant Number mean: 0.000797291 max: 0.331697
deltaT = 0.000250954
Time = 0.0554828

PIMPLE: iteration 1
smoothSolver:  Solving for alpha.water, Initial residual = 0.0189194, Final residual = 1.72986e-09, No Iterations 3
Phase-1 volume fraction = 0.997811  Min(alpha.water) = 0.00477449  Max(alpha.water) = 1.00002
MULES: Correcting alpha.water
MULES: Correcting alpha.water
Phase-1 volume fraction = 0.997811  Min(alpha.water) = 0.004748  Max(alpha.water) = 1.00002
DICPCG:  Solving for p_rgh, Initial residual = 0.102698, Final residual = 0.00408563, No Iterations 4
DICPCG:  Solving for p_rgh, Initial residual = 0.00406437, Final residual = 0.000155072, No Iterations 14
time step continuity errors : sum local = 2.71755e-07, global = -1.01247e-08, cumulative = -4.30507e-06
DICPCG:  Solving for p_rgh, Initial residual = 0.00154804, Final residual = 7.35148e-05, No Iterations 7
DICPCG:  Solving for p_rgh, Initial residual = 7.35086e-05, Final residual = 3.42625e-06, No Iterations 219
time step continuity errors : sum local = 5.99852e-09, global = -9.40309e-11, cumulative = -4.30516e-06
DICPCG:  Solving for p_rgh, Initial residual = 0.000211503, Final residual = 9.68805e-06, No Iterations 188
DICPCG:  Solving for p_rgh, Initial residual = 9.70089e-06, Final residual = 9.81471e-08, No Iterations 225
time step continuity errors : sum local = 1.718e-10, global = -1.17959e-12, cumulative = -4.30516e-06
ExecutionTime = 1427.21 s  ClockTime = 1433 s

Courant Number mean: 0.203188 max: 0.389906
Interface Courant Number mean: 0.000792222 max: 0.349777
deltaT = 0.000250954
Time = 0.0557338

PIMPLE: iteration 1
smoothSolver:  Solving for alpha.water, Initial residual = 0.018945, Final residual = 1.74044e-09, No Iterations 3
Phase-1 volume fraction = 0.997811  Min(alpha.water) = 0.004783  Max(alpha.water) = 1.00001
MULES: Correcting alpha.water
MULES: Correcting alpha.water
Phase-1 volume fraction = 0.997811  Min(alpha.water) = 0.0047759  Max(alpha.water) = 1.00011
DICPCG:  Solving for p_rgh, Initial residual = 0.0998428, Final residual = 0.00397676, No Iterations 4
DICPCG:  Solving for p_rgh, Initial residual = 0.00394936, Final residual = 0.000159472, No Iterations 14
time step continuity errors : sum local = 2.82555e-07, global = -1.01159e-08, cumulative = -4.31528e-06
DICPCG:  Solving for p_rgh, Initial residual = 0.00154333, Final residual = 7.60241e-05, No Iterations 7
DICPCG:  Solving for p_rgh, Initial residual = 7.60168e-05, Final residual = 3.74656e-06, No Iterations 200
time step continuity errors : sum local = 6.63212e-09, global = 1.45992e-10, cumulative = -4.31513e-06
DICPCG:  Solving for p_rgh, Initial residual = 0.000210906, Final residual = 1.04657e-05, No Iterations 189
DICPCG:  Solving for p_rgh, Initial residual = 1.0479e-05, Final residual = 9.98358e-08, No Iterations 173
time step continuity errors : sum local = 1.76662e-10, global = 1.97829e-11, cumulative = -4.31511e-06
ExecutionTime = 1433.66 s  ClockTime = 1439 s

Courant Number mean: 0.203196 max: 0.384095
Interface Courant Number mean: 0.000789026 max: 0.374712
deltaT = 0.000266639
Time = 0.0560004

PIMPLE: iteration 1
smoothSolver:  Solving for alpha.water, Initial residual = 0.0201932, Final residual = 2.46727e-09, No Iterations 3
Phase-1 volume fraction = 0.997811  Min(alpha.water) = 0.00479013  Max(alpha.water) = 1.00001
MULES: Correcting alpha.water
MULES: Correcting alpha.water
Phase-1 volume fraction = 0.997811  Min(alpha.water) = 0.00478978  Max(alpha.water) = 1.00014
DICPCG:  Solving for p_rgh, Initial residual = 0.104765, Final residual = 0.00418469, No Iterations 4
DICPCG:  Solving for p_rgh, Initial residual = 0.00418049, Final residual = 0.000165887, No Iterations 14
time step continuity errors : sum local = 3.26445e-07, global = -1.18007e-08, cumulative = -4.32691e-06
DICPCG:  Solving for p_rgh, Initial residual = 0.00156488, Final residual = 7.11125e-05, No Iterations 8
DICPCG:  Solving for p_rgh, Initial residual = 7.11055e-05, Final residual = 3.15762e-06, No Iterations 216
time step continuity errors : sum local = 6.2073e-09, global = -6.82737e-11, cumulative = -4.32698e-06
DICPCG:  Solving for p_rgh, Initial residual = 0.000223994, Final residual = 1.00729e-05, No Iterations 189
DICPCG:  Solving for p_rgh, Initial residual = 1.0087e-05, Final residual = 9.69331e-08, No Iterations 143
time step continuity errors : sum local = 1.90483e-10, global = 1.61411e-11, cumulative = -4.32696e-06
ExecutionTime = 1440.2 s  ClockTime = 1446 s

Courant Number mean: 0.215903 max: 0.42246
Interface Courant Number mean: 0.000854117 max: 0.385197
deltaT = 0.000249974
Time = 0.0562504

PIMPLE: iteration 1
smoothSolver:  Solving for alpha.water, Initial residual = 0.0189903, Final residual = 1.58957e-09, No Iterations 3
Phase-1 volume fraction = 0.997811  Min(alpha.water) = 0.00479974  Max(alpha.water) = 1.00001
MULES: Correcting alpha.water
MULES: Correcting alpha.water
Phase-1 volume fraction = 0.997811  Min(alpha.water) = 0.0047982  Max(alpha.water) = 1.0001
DICPCG:  Solving for p_rgh, Initial residual = 0.101766, Final residual = 0.00399003, No Iterations 4
DICPCG:  Solving for p_rgh, Initial residual = 0.00400392, Final residual = 0.000154344, No Iterations 14
time step continuity errors : sum local = 2.68808e-07, global = -9.86477e-09, cumulative = -4.33683e-06
DICPCG:  Solving for p_rgh, Initial residual = 0.0014435, Final residual = 6.6348e-05, No Iterations 8
DICPCG:  Solving for p_rgh, Initial residual = 6.63417e-05, Final residual = 2.95537e-06, No Iterations 200
time step continuity errors : sum local = 5.1423e-09, global = 2.45188e-12, cumulative = -4.33683e-06
DICPCG:  Solving for p_rgh, Initial residual = 0.000197808, Final residual = 9.0153e-06, No Iterations 188
DICPCG:  Solving for p_rgh, Initial residual = 9.02731e-06, Final residual = 9.51759e-08, No Iterations 173
time step continuity errors : sum local = 1.65588e-10, global = 1.7102e-11, cumulative = -4.33681e-06
ExecutionTime = 1446.74 s  ClockTime = 1452 s

Courant Number mean: 0.202417 max: 0.404529
Interface Courant Number mean: 0.000793072 max: 0.328446
deltaT = 0.000249974
Time = 0.0565004

PIMPLE: iteration 1
smoothSolver:  Solving for alpha.water, Initial residual = 0.018998, Final residual = 1.46624e-09, No Iterations 3
Phase-1 volume fraction = 0.997811  Min(alpha.water) = 0.00481308  Max(alpha.water) = 1.00001
MULES: Correcting alpha.water
MULES: Correcting alpha.water
Phase-1 volume fraction = 0.997811  Min(alpha.water) = 0.00479456  Max(alpha.water) = 1.0001
DICPCG:  Solving for p_rgh, Initial residual = 0.104503, Final residual = 0.00404207, No Iterations 4
DICPCG:  Solving for p_rgh, Initial residual = 0.0040475, Final residual = 0.000154439, No Iterations 14
time step continuity errors : sum local = 2.67651e-07, global = -9.90338e-09, cumulative = -4.34671e-06
DICPCG:  Solving for p_rgh, Initial residual = 0.00148638, Final residual = 7.39856e-05, No Iterations 7
DICPCG:  Solving for p_rgh, Initial residual = 7.39795e-05, Final residual = 3.44448e-06, No Iterations 215
time step continuity errors : sum local = 5.96361e-09, global = -1.39924e-11, cumulative = -4.34673e-06
DICPCG:  Solving for p_rgh, Initial residual = 0.000205348, Final residual = 9.29331e-06, No Iterations 180
DICPCG:  Solving for p_rgh, Initial residual = 9.30595e-06, Final residual = 9.89787e-08, No Iterations 172
time step continuity errors : sum local = 1.71374e-10, global = 1.83334e-11, cumulative = -4.34671e-06
ExecutionTime = 1453.34 s  ClockTime = 1459 s

Courant Number mean: 0.202424 max: 0.401936
Interface Courant Number mean: 0.00079092 max: 0.335336
deltaT = 0.000249974
Time = 0.0567503

PIMPLE: iteration 1
smoothSolver:  Solving for alpha.water, Initial residual = 0.0189667, Final residual = 1.38794e-09, No Iterations 3
Phase-1 volume fraction = 0.997811  Min(alpha.water) = 0.00483018  Max(alpha.water) = 1.00001
MULES: Correcting alpha.water
MULES: Correcting alpha.water
Phase-1 volume fraction = 0.997811  Min(alpha.water) = 0.00481303  Max(alpha.water) = 1.00003
DICPCG:  Solving for p_rgh, Initial residual = 0.103769, Final residual = 0.00400048, No Iterations 4
DICPCG:  Solving for p_rgh, Initial residual = 0.00398553, Final residual = 0.00015034, No Iterations 14
time step continuity errors : sum local = 2.61926e-07, global = -9.87485e-09, cumulative = -4.35658e-06
DICPCG:  Solving for p_rgh, Initial residual = 0.0015468, Final residual = 7.08584e-05, No Iterations 7
DICPCG:  Solving for p_rgh, Initial residual = 7.08505e-05, Final residual = 3.51721e-06, No Iterations 213
time step continuity errors : sum local = 6.12225e-09, global = -1.30571e-10, cumulative = -4.35671e-06
DICPCG:  Solving for p_rgh, Initial residual = 0.000213186, Final residual = 1.02034e-05, No Iterations 13
DICPCG:  Solving for p_rgh, Initial residual = 1.02035e-05, Final residual = 9.42121e-08, No Iterations 231
time step continuity errors : sum local = 1.64202e-10, global = -1.91119e-12, cumulative = -4.35671e-06
ExecutionTime = 1459.12 s  ClockTime = 1465 s

Courant Number mean: 0.202432 max: 0.403179
Interface Courant Number mean: 0.000783725 max: 0.362484
deltaT = 0.000249974
Time = 0.0570003

PIMPLE: iteration 1
smoothSolver:  Solving for alpha.water, Initial residual = 0.0189507, Final residual = 1.35387e-09, No Iterations 3
Phase-1 volume fraction = 0.997811  Min(alpha.water) = 0.00485558  Max(alpha.water) = 1.00001
MULES: Correcting alpha.water
MULES: Correcting alpha.water
Phase-1 volume fraction = 0.997811  Min(alpha.water) = 0.00481662  Max(alpha.water) = 1.00003
DICPCG:  Solving for p_rgh, Initial residual = 0.100622, Final residual = 0.0039147, No Iterations 4
DICPCG:  Solving for p_rgh, Initial residual = 0.00388913, Final residual = 0.000154577, No Iterations 14
time step continuity errors : sum local = 2.72221e-07, global = -9.86642e-09, cumulative = -4.36658e-06
DICPCG:  Solving for p_rgh, Initial residual = 0.00155206, Final residual = 7.33509e-05, No Iterations 7
DICPCG:  Solving for p_rgh, Initial residual = 7.33441e-05, Final residual = 3.4121e-06, No Iterations 217
time step continuity errors : sum local = 6.00351e-09, global = -5.97294e-11, cumulative = -4.36664e-06
DICPCG:  Solving for p_rgh, Initial residual = 0.000211549, Final residual = 9.77126e-06, No Iterations 13
DICPCG:  Solving for p_rgh, Initial residual = 9.77129e-06, Final residual = 9.86395e-08, No Iterations 230
time step continuity errors : sum local = 1.73708e-10, global = -2.07145e-13, cumulative = -4.36664e-06
ExecutionTime = 1464.91 s  ClockTime = 1471 s

Courant Number mean: 0.202439 max: 0.392075
Interface Courant Number mean: 0.000770916 max: 0.354602
deltaT = 0.000249974
Time = 0.0572503

PIMPLE: iteration 1
smoothSolver:  Solving for alpha.water, Initial residual = 0.0189798, Final residual = 1.37824e-09, No Iterations 3
Phase-1 volume fraction = 0.997811  Min(alpha.water) = 0.00483528  Max(alpha.water) = 1.00001
MULES: Correcting alpha.water
MULES: Correcting alpha.water
Phase-1 volume fraction = 0.997811  Min(alpha.water) = 0.00483175  Max(alpha.water) = 1.00004
DICPCG:  Solving for p_rgh, Initial residual = 0.099268, Final residual = 0.00383595, No Iterations 4
DICPCG:  Solving for p_rgh, Initial residual = 0.00383228, Final residual = 0.00015518, No Iterations 14
time step continuity errors : sum local = 2.73123e-07, global = -9.83657e-09, cumulative = -4.37648e-06
DICPCG:  Solving for p_rgh, Initial residual = 0.00149703, Final residual = 7.41371e-05, No Iterations 7
DICPCG:  Solving for p_rgh, Initial residual = 7.41307e-05, Final residual = 3.47568e-06, No Iterations 217
time step continuity errors : sum local = 6.11179e-09, global = -6.95444e-12, cumulative = -4.37648e-06
DICPCG:  Solving for p_rgh, Initial residual = 0.000205032, Final residual = 9.65297e-06, No Iterations 201
DICPCG:  Solving for p_rgh, Initial residual = 9.66495e-06, Final residual = 9.57905e-08, No Iterations 146
time step continuity errors : sum local = 1.6837e-10, global = 1.62337e-11, cumulative = -4.37647e-06
ExecutionTime = 1471.61 s  ClockTime = 1477 s

Courant Number mean: 0.202447 max: 0.398926
Interface Courant Number mean: 0.00077635 max: 0.334338
deltaT = 0.000249974
Time = 0.0575003

PIMPLE: iteration 1
smoothSolver:  Solving for alpha.water, Initial residual = 0.0190261, Final residual = 1.42394e-09, No Iterations 3
Phase-1 volume fraction = 0.997811  Min(alpha.water) = 0.00484511  Max(alpha.water) = 1.00001
MULES: Correcting alpha.water
MULES: Correcting alpha.water
Phase-1 volume fraction = 0.997811  Min(alpha.water) = 0.00484333  Max(alpha.water) = 1.00006
DICPCG:  Solving for p_rgh, Initial residual = 0.101229, Final residual = 0.0038727, No Iterations 4
DICPCG:  Solving for p_rgh, Initial residual = 0.00388371, Final residual = 0.000151012, No Iterations 14
time step continuity errors : sum local = 2.63607e-07, global = -9.7847e-09, cumulative = -4.38625e-06
DICPCG:  Solving for p_rgh, Initial residual = 0.00145345, Final residual = 7.1447e-05, No Iterations 7
DICPCG:  Solving for p_rgh, Initial residual = 7.14404e-05, Final residual = 3.56239e-06, No Iterations 220
time step continuity errors : sum local = 6.21266e-09, global = -1.22975e-10, cumulative = -4.38638e-06
DICPCG:  Solving for p_rgh, Initial residual = 0.000199901, Final residual = 9.40911e-06, No Iterations 191
DICPCG:  Solving for p_rgh, Initial residual = 9.42109e-06, Final residual = 8.76827e-08, No Iterations 230
time step continuity errors : sum local = 1.52874e-10, global = -1.64774e-12, cumulative = -4.38638e-06
ExecutionTime = 1479.03 s  ClockTime = 1485 s

Courant Number mean: 0.202454 max: 0.404729
Interface Courant Number mean: 0.000782043 max: 0.334457
deltaT = 0.000249974
Time = 0.0577502

PIMPLE: iteration 1
smoothSolver:  Solving for alpha.water, Initial residual = 0.019069, Final residual = 1.4456e-09, No Iterations 3
Phase-1 volume fraction = 0.997811  Min(alpha.water) = 0.00485748  Max(alpha.water) = 1.00001
MULES: Correcting alpha.water
MULES: Correcting alpha.water
Phase-1 volume fraction = 0.997811  Min(alpha.water) = 0.00485628  Max(alpha.water) = 1.00006
DICPCG:  Solving for p_rgh, Initial residual = 0.103652, Final residual = 0.0038882, No Iterations 4
DICPCG:  Solving for p_rgh, Initial residual = 0.00389791, Final residual = 0.000192722, No Iterations 13
time step continuity errors : sum local = 3.33916e-07, global = -9.79074e-09, cumulative = -4.39617e-06
DICPCG:  Solving for p_rgh, Initial residual = 0.00150963, Final residual = 7.11572e-05, No Iterations 8
DICPCG:  Solving for p_rgh, Initial residual = 7.11503e-05, Final residual = 3.52061e-06, No Iterations 214
time step continuity errors : sum local = 6.09435e-09, global = 1.14671e-11, cumulative = -4.39616e-06
DICPCG:  Solving for p_rgh, Initial residual = 0.000209229, Final residual = 1.04325e-05, No Iterations 178
DICPCG:  Solving for p_rgh, Initial residual = 1.04464e-05, Final residual = 8.861e-08, No Iterations 231
time step continuity errors : sum local = 1.53384e-10, global = 2.8755e-12, cumulative = -4.39615e-06
ExecutionTime = 1486.73 s  ClockTime = 1493 s

Courant Number mean: 0.202461 max: 0.41408
Interface Courant Number mean: 0.000794853 max: 0.34001
deltaT = 0.000249974
Time = 0.0580002

PIMPLE: iteration 1
smoothSolver:  Solving for alpha.water, Initial residual = 0.0190638, Final residual = 1.4277e-09, No Iterations 3
Phase-1 volume fraction = 0.997811  Min(alpha.water) = 0.00487558  Max(alpha.water) = 1.00001
MULES: Correcting alpha.water
MULES: Correcting alpha.water
Phase-1 volume fraction = 0.997811  Min(alpha.water) = 0.00485729  Max(alpha.water) = 1.00007
DICPCG:  Solving for p_rgh, Initial residual = 0.104382, Final residual = 0.00384811, No Iterations 4
DICPCG:  Solving for p_rgh, Initial residual = 0.00383509, Final residual = 0.000188247, No Iterations 13
time step continuity errors : sum local = 3.27671e-07, global = -9.76328e-09, cumulative = -4.40592e-06
DICPCG:  Solving for p_rgh, Initial residual = 0.00155422, Final residual = 7.07095e-05, No Iterations 8
DICPCG:  Solving for p_rgh, Initial residual = 7.07026e-05, Final residual = 3.30417e-06, No Iterations 214
time step continuity errors : sum local = 5.74635e-09, global = 2.25781e-11, cumulative = -4.4059e-06
DICPCG:  Solving for p_rgh, Initial residual = 0.000214252, Final residual = 9.71709e-06, No Iterations 178
DICPCG:  Solving for p_rgh, Initial residual = 9.73028e-06, Final residual = 9.97807e-08, No Iterations 175
time step continuity errors : sum local = 1.73548e-10, global = 1.49938e-11, cumulative = -4.40588e-06
ExecutionTime = 1493.74 s  ClockTime = 1500 s

Courant Number mean: 0.202468 max: 0.409856
Interface Courant Number mean: 0.000781735 max: 0.341148
deltaT = 0.000249974
Time = 0.0582502

PIMPLE: iteration 1
smoothSolver:  Solving for alpha.water, Initial residual = 0.019028, Final residual = 1.41793e-09, No Iterations 3
Phase-1 volume fraction = 0.997811  Min(alpha.water) = 0.00489704  Max(alpha.water) = 1.00001
MULES: Correcting alpha.water
MULES: Correcting alpha.water
Phase-1 volume fraction = 0.997811  Min(alpha.water) = 0.00484979  Max(alpha.water) = 1.00005
DICPCG:  Solving for p_rgh, Initial residual = 0.102227, Final residual = 0.00372286, No Iterations 4
DICPCG:  Solving for p_rgh, Initial residual = 0.00371229, Final residual = 0.000147103, No Iterations 14
time step continuity errors : sum local = 2.57012e-07, global = -9.7146e-09, cumulative = -4.41559e-06
DICPCG:  Solving for p_rgh, Initial residual = 0.00152654, Final residual = 7.22443e-05, No Iterations 7
DICPCG:  Solving for p_rgh, Initial residual = 7.22386e-05, Final residual = 3.42755e-06, No Iterations 216
time step continuity errors : sum local = 5.98307e-09, global = -5.83053e-11, cumulative = -4.41565e-06
DICPCG:  Solving for p_rgh, Initial residual = 0.000209675, Final residual = 9.9904e-06, No Iterations 13
DICPCG:  Solving for p_rgh, Initial residual = 9.99044e-06, Final residual = 9.67151e-08, No Iterations 233
time step continuity errors : sum local = 1.69031e-10, global = -1.85732e-12, cumulative = -4.41565e-06
ExecutionTime = 1499.43 s  ClockTime = 1505 s

Courant Number mean: 0.202475 max: 0.394627
Interface Courant Number mean: 0.000777048 max: 0.368397
deltaT = 0.000249974
Time = 0.0585002

PIMPLE: iteration 1
smoothSolver:  Solving for alpha.water, Initial residual = 0.0190384, Final residual = 1.43709e-09, No Iterations 3
Phase-1 volume fraction = 0.997811  Min(alpha.water) = 0.00486081  Max(alpha.water) = 1.00002
MULES: Correcting alpha.water
MULES: Correcting alpha.water
Phase-1 volume fraction = 0.997811  Min(alpha.water) = 0.0048516  Max(alpha.water) = 1.0001
DICPCG:  Solving for p_rgh, Initial residual = 0.101395, Final residual = 0.00347377, No Iterations 4
DICPCG:  Solving for p_rgh, Initial residual = 0.00346818, Final residual = 0.000143463, No Iterations 14
time step continuity errors : sum local = 2.50944e-07, global = -9.71572e-09, cumulative = -4.42537e-06
DICPCG:  Solving for p_rgh, Initial residual = 0.0015046, Final residual = 7.00338e-05, No Iterations 7
DICPCG:  Solving for p_rgh, Initial residual = 7.00292e-05, Final residual = 3.27514e-06, No Iterations 180
time step continuity errors : sum local = 5.72345e-09, global = 2.45982e-11, cumulative = -4.42535e-06
DICPCG:  Solving for p_rgh, Initial residual = 0.000205063, Final residual = 9.96798e-06, No Iterations 199
DICPCG:  Solving for p_rgh, Initial residual = 9.98074e-06, Final residual = 9.86474e-08, No Iterations 171
time step continuity errors : sum local = 1.7236e-10, global = 1.65171e-11, cumulative = -4.42533e-06
ExecutionTime = 1505.8 s  ClockTime = 1512 s

Courant Number mean: 0.202481 max: 0.395462
Interface Courant Number mean: 0.000779899 max: 0.34153
deltaT = 0.000249974
Time = 0.0587501

PIMPLE: iteration 1
smoothSolver:  Solving for alpha.water, Initial residual = 0.0190831, Final residual = 1.50009e-09, No Iterations 3
Phase-1 volume fraction = 0.997811  Min(alpha.water) = 0.00486299  Max(alpha.water) = 1.00002
MULES: Correcting alpha.water
MULES: Correcting alpha.water
Phase-1 volume fraction = 0.997811  Min(alpha.water) = 0.00485978  Max(alpha.water) = 1.00003
DICPCG:  Solving for p_rgh, Initial residual = 0.102769, Final residual = 0.00334785, No Iterations 4
DICPCG:  Solving for p_rgh, Initial residual = 0.003354, Final residual = 0.00014366, No Iterations 14
time step continuity errors : sum local = 2.49781e-07, global = -9.66251e-09, cumulative = -4.43499e-06
DICPCG:  Solving for p_rgh, Initial residual = 0.00148433, Final residual = 6.73822e-05, No Iterations 7
DICPCG:  Solving for p_rgh, Initial residual = 6.7375e-05, Final residual = 3.16812e-06, No Iterations 216
time step continuity errors : sum local = 5.5032e-09, global = -8.89516e-11, cumulative = -4.43508e-06
DICPCG:  Solving for p_rgh, Initial residual = 0.000203712, Final residual = 1.01599e-05, No Iterations 189
DICPCG:  Solving for p_rgh, Initial residual = 1.01728e-05, Final residual = 9.68651e-08, No Iterations 182
time step continuity errors : sum local = 1.68228e-10, global = 1.60968e-11, cumulative = -4.43506e-06
ExecutionTime = 1512.81 s  ClockTime = 1519 s

Courant Number mean: 0.202488 max: 0.410149
Interface Courant Number mean: 0.000789802 max: 0.342533
deltaT = 0.000249974
Time = 0.0590001

PIMPLE: iteration 1
smoothSolver:  Solving for alpha.water, Initial residual = 0.0191216, Final residual = 1.55552e-09, No Iterations 3
Phase-1 volume fraction = 0.997811  Min(alpha.water) = 0.0048722  Max(alpha.water) = 1.00001
MULES: Correcting alpha.water
MULES: Correcting alpha.water
Phase-1 volume fraction = 0.997811  Min(alpha.water) = 0.00487032  Max(alpha.water) = 1.00002
DICPCG:  Solving for p_rgh, Initial residual = 0.10414, Final residual = 0.00335995, No Iterations 4
DICPCG:  Solving for p_rgh, Initial residual = 0.00336196, Final residual = 0.000141591, No Iterations 14
time step continuity errors : sum local = 2.45295e-07, global = -9.62647e-09, cumulative = -4.44469e-06
DICPCG:  Solving for p_rgh, Initial residual = 0.00149682, Final residual = 6.79191e-05, No Iterations 7
DICPCG:  Solving for p_rgh, Initial residual = 6.79111e-05, Final residual = 3.30779e-06, No Iterations 214
time step continuity errors : sum local = 5.72542e-09, global = -5.00802e-11, cumulative = -4.44474e-06
DICPCG:  Solving for p_rgh, Initial residual = 0.000205729, Final residual = 9.23501e-06, No Iterations 190
DICPCG:  Solving for p_rgh, Initial residual = 9.2466e-06, Final residual = 9.96312e-08, No Iterations 149
time step continuity errors : sum local = 1.72393e-10, global = 1.83433e-11, cumulative = -4.44472e-06
ExecutionTime = 1519.39 s  ClockTime = 1525 s

Courant Number mean: 0.202495 max: 0.410823
Interface Courant Number mean: 0.00079338 max: 0.341434
deltaT = 0.000249974
Time = 0.0592501

PIMPLE: iteration 1
smoothSolver:  Solving for alpha.water, Initial residual = 0.0191238, Final residual = 1.54535e-09, No Iterations 3
Phase-1 volume fraction = 0.997811  Min(alpha.water) = 0.00488536  Max(alpha.water) = 1.00001
MULES: Correcting alpha.water
MULES: Correcting alpha.water
Phase-1 volume fraction = 0.997811  Min(alpha.water) = 0.0048835  Max(alpha.water) = 1.00002
DICPCG:  Solving for p_rgh, Initial residual = 0.103301, Final residual = 0.00334863, No Iterations 4
DICPCG:  Solving for p_rgh, Initial residual = 0.00333862, Final residual = 0.000143494, No Iterations 14
time step continuity errors : sum local = 2.49495e-07, global = -9.60462e-09, cumulative = -4.45433e-06
DICPCG:  Solving for p_rgh, Initial residual = 0.00151134, Final residual = 7.02939e-05, No Iterations 7
DICPCG:  Solving for p_rgh, Initial residual = 7.02844e-05, Final residual = 3.28886e-06, No Iterations 216
time step continuity errors : sum local = 5.71352e-09, global = -3.06937e-11, cumulative = -4.45436e-06
DICPCG:  Solving for p_rgh, Initial residual = 0.000207656, Final residual = 9.99822e-06, No Iterations 177
DICPCG:  Solving for p_rgh, Initial residual = 1.00108e-05, Final residual = 9.57379e-08, No Iterations 154
time step continuity errors : sum local = 1.66277e-10, global = 1.44196e-11, cumulative = -4.45434e-06
ExecutionTime = 1526 s  ClockTime = 1532 s

Courant Number mean: 0.202501 max: 0.402992
Interface Courant Number mean: 0.000790093 max: 0.342335
deltaT = 0.000249974
Time = 0.0595001

PIMPLE: iteration 1
smoothSolver:  Solving for alpha.water, Initial residual = 0.0191089, Final residual = 1.5101e-09, No Iterations 3
Phase-1 volume fraction = 0.997811  Min(alpha.water) = 0.00490439  Max(alpha.water) = 1.00001
MULES: Correcting alpha.water
MULES: Correcting alpha.water
Phase-1 volume fraction = 0.997811  Min(alpha.water) = 0.00488839  Max(alpha.water) = 1.00001
DICPCG:  Solving for p_rgh, Initial residual = 0.101099, Final residual = 0.00328171, No Iterations 4
DICPCG:  Solving for p_rgh, Initial residual = 0.00327324, Final residual = 0.000141593, No Iterations 14
time step continuity errors : sum local = 2.46867e-07, global = -9.59148e-09, cumulative = -4.46394e-06
DICPCG:  Solving for p_rgh, Initial residual = 0.00149598, Final residual = 7.05651e-05, No Iterations 7
DICPCG:  Solving for p_rgh, Initial residual = 7.05576e-05, Final residual = 3.49126e-06, No Iterations 213
time step continuity errors : sum local = 6.08145e-09, global = 1.32019e-11, cumulative = -4.46392e-06
DICPCG:  Solving for p_rgh, Initial residual = 0.000206212, Final residual = 9.72984e-06, No Iterations 13
DICPCG:  Solving for p_rgh, Initial residual = 9.72985e-06, Final residual = 9.73848e-08, No Iterations 232
time step continuity errors : sum local = 1.69832e-10, global = -2.18825e-12, cumulative = -4.46392e-06
ExecutionTime = 1532.35 s  ClockTime = 1538 s

Courant Number mean: 0.202506 max: 0.389976
Interface Courant Number mean: 0.000791994 max: 0.337076
deltaT = 0.000249974
Time = 0.05975

PIMPLE: iteration 1
smoothSolver:  Solving for alpha.water, Initial residual = 0.0190864, Final residual = 1.46737e-09, No Iterations 3
Phase-1 volume fraction = 0.997811  Min(alpha.water) = 0.00492465  Max(alpha.water) = 1.00001
MULES: Correcting alpha.water
MULES: Correcting alpha.water
Phase-1 volume fraction = 0.997811  Min(alpha.water) = 0.0048748  Max(alpha.water) = 1.00002
DICPCG:  Solving for p_rgh, Initial residual = 0.101676, Final residual = 0.00328862, No Iterations 4
DICPCG:  Solving for p_rgh, Initial residual = 0.00328701, Final residual = 0.000138418, No Iterations 14
time step continuity errors : sum local = 2.41049e-07, global = -9.59902e-09, cumulative = -4.47352e-06
DICPCG:  Solving for p_rgh, Initial residual = 0.00147061, Final residual = 7.31354e-05, No Iterations 6
DICPCG:  Solving for p_rgh, Initial residual = 7.31292e-05, Final residual = 3.54356e-06, No Iterations 185
time step continuity errors : sum local = 6.16476e-09, global = -3.59786e-10, cumulative = -4.47388e-06
DICPCG:  Solving for p_rgh, Initial residual = 0.000201591, Final residual = 9.75209e-06, No Iterations 201
DICPCG:  Solving for p_rgh, Initial residual = 9.76462e-06, Final residual = 9.62414e-08, No Iterations 161
time step continuity errors : sum local = 1.67441e-10, global = 1.08418e-11, cumulative = -4.47387e-06
ExecutionTime = 1538.9 s  ClockTime = 1545 s

Courant Number mean: 0.202511 max: 0.38645
Interface Courant Number mean: 0.000793711 max: 0.335489
deltaT = 0.000249974
Time = 0.06

PIMPLE: iteration 1
smoothSolver:  Solving for alpha.water, Initial residual = 0.0190851, Final residual = 1.4569e-09, No Iterations 3
Phase-1 volume fraction = 0.997811  Min(alpha.water) = 0.00488553  Max(alpha.water) = 1.00001
MULES: Correcting alpha.water
MULES: Correcting alpha.water
Phase-1 volume fraction = 0.997811  Min(alpha.water) = 0.00488188  Max(alpha.water) = 1.00003
DICPCG:  Solving for p_rgh, Initial residual = 0.103623, Final residual = 0.003453, No Iterations 4
DICPCG:  Solving for p_rgh, Initial residual = 0.00345885, Final residual = 0.000171618, No Iterations 13
time step continuity errors : sum local = 2.97258e-07, global = -9.46149e-09, cumulative = -4.48333e-06
DICPCG:  Solving for p_rgh, Initial residual = 0.00152034, Final residual = 7.01035e-05, No Iterations 7
DICPCG:  Solving for p_rgh, Initial residual = 7.0098e-05, Final residual = 3.10002e-06, No Iterations 220
time step continuity errors : sum local = 5.36397e-09, global = -5.73261e-11, cumulative = -4.48339e-06
DICPCG:  Solving for p_rgh, Initial residual = 0.000207917, Final residual = 9.52511e-06, No Iterations 187
DICPCG:  Solving for p_rgh, Initial residual = 9.53782e-06, Final residual = 9.83878e-08, No Iterations 164
time step continuity errors : sum local = 1.70269e-10, global = 1.35257e-11, cumulative = -4.48338e-06
ExecutionTime = 1546.93 s  ClockTime = 1554 s

Courant Number mean: 0.202516 max: 0.393994
Interface Courant Number mean: 0.00078718 max: 0.332337
deltaT = 0.000253165
Time = 0.0602532

PIMPLE: iteration 1
smoothSolver:  Solving for alpha.water, Initial residual = 0.0193039, Final residual = 1.58932e-09, No Iterations 3
Phase-1 volume fraction = 0.997811  Min(alpha.water) = 0.00489193  Max(alpha.water) = 1.00001
MULES: Correcting alpha.water
MULES: Correcting alpha.water
Phase-1 volume fraction = 0.997811  Min(alpha.water) = 0.00489116  Max(alpha.water) = 1.00003
DICPCG:  Solving for p_rgh, Initial residual = 0.105896, Final residual = 0.00358416, No Iterations 4
DICPCG:  Solving for p_rgh, Initial residual = 0.0035849, Final residual = 0.00013848, No Iterations 14
time step continuity errors : sum local = 2.44659e-07, global = -9.83257e-09, cumulative = -4.49321e-06
DICPCG:  Solving for p_rgh, Initial residual = 0.00153246, Final residual = 7.37683e-05, No Iterations 6
DICPCG:  Solving for p_rgh, Initial residual = 7.37591e-05, Final residual = 3.63398e-06, No Iterations 224
time step continuity errors : sum local = 6.41368e-09, global = 2.12335e-11, cumulative = -4.49319e-06
DICPCG:  Solving for p_rgh, Initial residual = 0.000213144, Final residual = 9.97357e-06, No Iterations 202
DICPCG:  Solving for p_rgh, Initial residual = 9.98668e-06, Final residual = 9.94971e-08, No Iterations 144
time step continuity errors : sum local = 1.75593e-10, global = 1.50106e-11, cumulative = -4.49317e-06
ExecutionTime = 1554.12 s  ClockTime = 1561 s

Courant Number mean: 0.205107 max: 0.398964
Interface Courant Number mean: 0.000794282 max: 0.339236
deltaT = 0.000253165
Time = 0.0605063

PIMPLE: iteration 1
smoothSolver:  Solving for alpha.water, Initial residual = 0.0192481, Final residual = 1.5827e-09, No Iterations 3
Phase-1 volume fraction = 0.997811  Min(alpha.water) = 0.00490367  Max(alpha.water) = 1.00001
MULES: Correcting alpha.water
MULES: Correcting alpha.water
Phase-1 volume fraction = 0.997811  Min(alpha.water) = 0.00490209  Max(alpha.water) = 1.00003
DICPCG:  Solving for p_rgh, Initial residual = 0.104297, Final residual = 0.00356802, No Iterations 4
DICPCG:  Solving for p_rgh, Initial residual = 0.00355827, Final residual = 0.000147982, No Iterations 14
time step continuity errors : sum local = 2.62284e-07, global = -9.8068e-09, cumulative = -4.50298e-06
DICPCG:  Solving for p_rgh, Initial residual = 0.00154223, Final residual = 7.65944e-05, No Iterations 6
DICPCG:  Solving for p_rgh, Initial residual = 7.65835e-05, Final residual = 3.78871e-06, No Iterations 218
time step continuity errors : sum local = 6.70859e-09, global = -9.31545e-11, cumulative = -4.50307e-06
DICPCG:  Solving for p_rgh, Initial residual = 0.000215193, Final residual = 1.03048e-05, No Iterations 177
DICPCG:  Solving for p_rgh, Initial residual = 1.03174e-05, Final residual = 9.52408e-08, No Iterations 225
time step continuity errors : sum local = 1.68575e-10, global = 2.52455e-12, cumulative = -4.50307e-06
ExecutionTime = 1561.24 s  ClockTime = 1568 s

Courant Number mean: 0.205112 max: 0.393436
Interface Courant Number mean: 0.000796763 max: 0.347378
deltaT = 0.000256496
Time = 0.0607628

PIMPLE: iteration 1
smoothSolver:  Solving for alpha.water, Initial residual = 0.0194624, Final residual = 1.70138e-09, No Iterations 3
Phase-1 volume fraction = 0.997811  Min(alpha.water) = 0.00491985  Max(alpha.water) = 1.00001
MULES: Correcting alpha.water
MULES: Correcting alpha.water
Phase-1 volume fraction = 0.997811  Min(alpha.water) = 0.0049138  Max(alpha.water) = 1.00003
DICPCG:  Solving for p_rgh, Initial residual = 0.104094, Final residual = 0.00360374, No Iterations 4
DICPCG:  Solving for p_rgh, Initial residual = 0.00359138, Final residual = 0.000155459, No Iterations 14
time step continuity errors : sum local = 2.83045e-07, global = -1.01323e-08, cumulative = -4.5132e-06
DICPCG:  Solving for p_rgh, Initial residual = 0.00152274, Final residual = 7.533e-05, No Iterations 7
DICPCG:  Solving for p_rgh, Initial residual = 7.53199e-05, Final residual = 3.76114e-06, No Iterations 185
time step continuity errors : sum local = 6.84108e-09, global = 1.83436e-10, cumulative = -4.51302e-06
DICPCG:  Solving for p_rgh, Initial residual = 0.000213351, Final residual = 1.05247e-05, No Iterations 14
DICPCG:  Solving for p_rgh, Initial residual = 1.05247e-05, Final residual = 9.60848e-08, No Iterations 229
time step continuity errors : sum local = 1.74904e-10, global = -1.82354e-12, cumulative = -4.51302e-06
ExecutionTime = 1566.87 s  ClockTime = 1574 s

Courant Number mean: 0.207816 max: 0.391491
Interface Courant Number mean: 0.000803594 max: 0.343163
deltaT = 0.000263523
Time = 0.0610263

PIMPLE: iteration 1
smoothSolver:  Solving for alpha.water, Initial residual = 0.0199762, Final residual = 1.96816e-09, No Iterations 3
Phase-1 volume fraction = 0.997811  Min(alpha.water) = 0.00494462  Max(alpha.water) = 1.00001
MULES: Correcting alpha.water
MULES: Correcting alpha.water
Phase-1 volume fraction = 0.997811  Min(alpha.water) = 0.00493523  Max(alpha.water) = 1.00006
DICPCG:  Solving for p_rgh, Initial residual = 0.105543, Final residual = 0.00372065, No Iterations 4
DICPCG:  Solving for p_rgh, Initial residual = 0.00372039, Final residual = 0.000153512, No Iterations 14
time step continuity errors : sum local = 2.92152e-07, global = -1.08835e-08, cumulative = -4.52391e-06
DICPCG:  Solving for p_rgh, Initial residual = 0.00151382, Final residual = 7.10994e-05, No Iterations 7
DICPCG:  Solving for p_rgh, Initial residual = 7.10917e-05, Final residual = 3.34148e-06, No Iterations 217
time step continuity errors : sum local = 6.35223e-09, global = -6.29216e-11, cumulative = -4.52397e-06
DICPCG:  Solving for p_rgh, Initial residual = 0.000215839, Final residual = 1.01837e-05, No Iterations 13
DICPCG:  Solving for p_rgh, Initial residual = 1.01837e-05, Final residual = 9.09806e-08, No Iterations 232
time step continuity errors : sum local = 1.73153e-10, global = -2.86647e-12, cumulative = -4.52397e-06
ExecutionTime = 1572.65 s  ClockTime = 1580 s

Courant Number mean: 0.213514 max: 0.390595
Interface Courant Number mean: 0.000837838 max: 0.354572
deltaT = 0.000271052
Time = 0.0612974

PIMPLE: iteration 1
smoothSolver:  Solving for alpha.water, Initial residual = 0.0205419, Final residual = 2.25357e-09, No Iterations 3
Phase-1 volume fraction = 0.997811  Min(alpha.water) = 0.00495465  Max(alpha.water) = 1.00001
MULES: Correcting alpha.water
MULES: Correcting alpha.water
Phase-1 volume fraction = 0.997811  Min(alpha.water) = 0.00495386  Max(alpha.water) = 1.00005
DICPCG:  Solving for p_rgh, Initial residual = 0.109656, Final residual = 0.00383582, No Iterations 4
DICPCG:  Solving for p_rgh, Initial residual = 0.00383838, Final residual = 0.000178194, No Iterations 13
time step continuity errors : sum local = 3.54747e-07, global = -1.15948e-08, cumulative = -4.53557e-06
DICPCG:  Solving for p_rgh, Initial residual = 0.00159549, Final residual = 7.91892e-05, No Iterations 7
DICPCG:  Solving for p_rgh, Initial residual = 7.91798e-05, Final residual = 3.69264e-06, No Iterations 221
time step continuity errors : sum local = 7.34314e-09, global = -5.22525e-11, cumulative = -4.53562e-06
DICPCG:  Solving for p_rgh, Initial residual = 0.000231891, Final residual = 1.1155e-05, No Iterations 186
DICPCG:  Solving for p_rgh, Initial residual = 1.11718e-05, Final residual = 9.86392e-08, No Iterations 168
time step continuity errors : sum local = 1.96205e-10, global = 1.83587e-11, cumulative = -4.5356e-06
ExecutionTime = 1579.35 s  ClockTime = 1586 s

Courant Number mean: 0.21962 max: 0.40504
Interface Courant Number mean: 0.000870442 max: 0.366571
deltaT = 0.00026718
Time = 0.0615646

PIMPLE: iteration 1
smoothSolver:  Solving for alpha.water, Initial residual = 0.0201851, Final residual = 1.97293e-09, No Iterations 3
Phase-1 volume fraction = 0.997811  Min(alpha.water) = 0.00496444  Max(alpha.water) = 1.00001
MULES: Correcting alpha.water
MULES: Correcting alpha.water
Phase-1 volume fraction = 0.997811  Min(alpha.water) = 0.00496398  Max(alpha.water) = 1.00003
DICPCG:  Solving for p_rgh, Initial residual = 0.109752, Final residual = 0.00377944, No Iterations 4
DICPCG:  Solving for p_rgh, Initial residual = 0.00377745, Final residual = 0.000158102, No Iterations 13
time step continuity errors : sum local = 3.06673e-07, global = -1.10657e-08, cumulative = -4.54667e-06
DICPCG:  Solving for p_rgh, Initial residual = 0.00161032, Final residual = 7.64179e-05, No Iterations 6
DICPCG:  Solving for p_rgh, Initial residual = 7.64094e-05, Final residual = 3.61639e-06, No Iterations 217
time step continuity errors : sum local = 7.00701e-09, global = 1.44758e-11, cumulative = -4.54665e-06
DICPCG:  Solving for p_rgh, Initial residual = 0.000231038, Final residual = 1.13436e-05, No Iterations 201
DICPCG:  Solving for p_rgh, Initial residual = 1.13603e-05, Final residual = 9.7147e-08, No Iterations 168
time step continuity errors : sum local = 1.88272e-10, global = 1.45957e-11, cumulative = -4.54664e-06
ExecutionTime = 1586.35 s  ClockTime = 1593 s

Courant Number mean: 0.216488 max: 0.396477
Interface Courant Number mean: 0.000860625 max: 0.355316
deltaT = 0.000271109
Time = 0.0618357

PIMPLE: iteration 1
smoothSolver:  Solving for alpha.water, Initial residual = 0.0203866, Final residual = 2.06527e-09, No Iterations 3
Phase-1 volume fraction = 0.997811  Min(alpha.water) = 0.00497728  Max(alpha.water) = 1.00001
MULES: Correcting alpha.water
MULES: Correcting alpha.water
Phase-1 volume fraction = 0.997811  Min(alpha.water) = 0.00497612  Max(alpha.water) = 1.00004
DICPCG:  Solving for p_rgh, Initial residual = 0.111564, Final residual = 0.00384989, No Iterations 4
DICPCG:  Solving for p_rgh, Initial residual = 0.0038559, Final residual = 0.000177559, No Iterations 13
time step continuity errors : sum local = 3.51391e-07, global = -1.15166e-08, cumulative = -4.55815e-06
DICPCG:  Solving for p_rgh, Initial residual = 0.00166818, Final residual = 8.33012e-05, No Iterations 7
DICPCG:  Solving for p_rgh, Initial residual = 8.32938e-05, Final residual = 3.74178e-06, No Iterations 218
time step continuity errors : sum local = 7.39635e-09, global = -1.04068e-10, cumulative = -4.55826e-06
DICPCG:  Solving for p_rgh, Initial residual = 0.000243506, Final residual = 1.14895e-05, No Iterations 201
DICPCG:  Solving for p_rgh, Initial residual = 1.15057e-05, Final residual = 9.99175e-08, No Iterations 178
time step continuity errors : sum local = 1.97466e-10, global = 1.62415e-11, cumulative = -4.55824e-06
ExecutionTime = 1593.44 s  ClockTime = 1600 s

Courant Number mean: 0.219677 max: 0.396979
Interface Courant Number mean: 0.00086582 max: 0.3617
deltaT = 0.000275217
Time = 0.0621109

PIMPLE: iteration 1
smoothSolver:  Solving for alpha.water, Initial residual = 0.0206454, Final residual = 2.18725e-09, No Iterations 3
Phase-1 volume fraction = 0.997811  Min(alpha.water) = 0.00499615  Max(alpha.water) = 1.00001
MULES: Correcting alpha.water
MULES: Correcting alpha.water
Phase-1 volume fraction = 0.997811  Min(alpha.water) = 0.00499454  Max(alpha.water) = 1.00005
DICPCG:  Solving for p_rgh, Initial residual = 0.112731, Final residual = 0.00391939, No Iterations 4
DICPCG:  Solving for p_rgh, Initial residual = 0.00390992, Final residual = 0.000195025, No Iterations 13
time step continuity errors : sum local = 3.96918e-07, global = -1.1902e-08, cumulative = -4.57014e-06
DICPCG:  Solving for p_rgh, Initial residual = 0.00166971, Final residual = 8.18385e-05, No Iterations 10
DICPCG:  Solving for p_rgh, Initial residual = 8.18282e-05, Final residual = 3.96243e-06, No Iterations 213
time step continuity errors : sum local = 8.05522e-09, global = -7.31051e-12, cumulative = -4.57015e-06
DICPCG:  Solving for p_rgh, Initial residual = 0.000245718, Final residual = 1.20569e-05, No Iterations 187
DICPCG:  Solving for p_rgh, Initial residual = 1.20732e-05, Final residual = 9.18051e-08, No Iterations 230
time step continuity errors : sum local = 1.86555e-10, global = -2.27697e-12, cumulative = -4.57015e-06
ExecutionTime = 1601.28 s  ClockTime = 1608 s

Courant Number mean: 0.223011 max: 0.392216
Interface Courant Number mean: 0.000883156 max: 0.374449
deltaT = 0.000279517
Time = 0.0623904

PIMPLE: iteration 1
smoothSolver:  Solving for alpha.water, Initial residual = 0.0209463, Final residual = 2.33306e-09, No Iterations 3
Phase-1 volume fraction = 0.997811  Min(alpha.water) = 0.00502371  Max(alpha.water) = 1.00001
MULES: Correcting alpha.water
MULES: Correcting alpha.water
Phase-1 volume fraction = 0.997811  Min(alpha.water) = 0.00501625  Max(alpha.water) = 1.0001
DICPCG:  Solving for p_rgh, Initial residual = 0.112333, Final residual = 0.00396342, No Iterations 4
DICPCG:  Solving for p_rgh, Initial residual = 0.00395057, Final residual = 0.000194543, No Iterations 13
time step continuity errors : sum local = 4.08054e-07, global = -1.23894e-08, cumulative = -4.58254e-06
DICPCG:  Solving for p_rgh, Initial residual = 0.00164517, Final residual = 7.74548e-05, No Iterations 8
DICPCG:  Solving for p_rgh, Initial residual = 7.74416e-05, Final residual = 3.65189e-06, No Iterations 187
time step continuity errors : sum local = 7.65163e-09, global = -2.00588e-10, cumulative = -4.58274e-06
DICPCG:  Solving for p_rgh, Initial residual = 0.000245077, Final residual = 1.17292e-05, No Iterations 191
DICPCG:  Solving for p_rgh, Initial residual = 1.17453e-05, Final residual = 9.83477e-08, No Iterations 230
time step continuity errors : sum local = 2.05964e-10, global = 2.07748e-12, cumulative = -4.58274e-06
ExecutionTime = 1608.38 s  ClockTime = 1615 s

Courant Number mean: 0.2265 max: 0.385094
Interface Courant Number mean: 0.000914926 max: 0.383502
deltaT = 0.000288682
Time = 0.0626791

PIMPLE: iteration 1
smoothSolver:  Solving for alpha.water, Initial residual = 0.0216184, Final residual = 2.76207e-09, No Iterations 3
Phase-1 volume fraction = 0.997811  Min(alpha.water) = 0.00504033  Max(alpha.water) = 1
MULES: Correcting alpha.water
MULES: Correcting alpha.water
Phase-1 volume fraction = 0.997811  Min(alpha.water) = 0.00503925  Max(alpha.water) = 1.0001
DICPCG:  Solving for p_rgh, Initial residual = 0.114896, Final residual = 0.00406854, No Iterations 4
DICPCG:  Solving for p_rgh, Initial residual = 0.00406116, Final residual = 0.000187452, No Iterations 13
time step continuity errors : sum local = 4.15962e-07, global = -1.33497e-08, cumulative = -4.59609e-06
DICPCG:  Solving for p_rgh, Initial residual = 0.00167052, Final residual = 8.05526e-05, No Iterations 7
DICPCG:  Solving for p_rgh, Initial residual = 8.05412e-05, Final residual = 3.72843e-06, No Iterations 180
time step continuity errors : sum local = 8.26358e-09, global = 3.51819e-12, cumulative = -4.59609e-06
DICPCG:  Solving for p_rgh, Initial residual = 0.000253485, Final residual = 1.21608e-05, No Iterations 200
DICPCG:  Solving for p_rgh, Initial residual = 1.21797e-05, Final residual = 9.92707e-08, No Iterations 156
time step continuity errors : sum local = 2.19999e-10, global = 1.97104e-11, cumulative = -4.59607e-06
ExecutionTime = 1614.82 s  ClockTime = 1622 s

Courant Number mean: 0.233932 max: 0.40417
Interface Courant Number mean: 0.000950978 max: 0.40034
deltaT = 0.000283949
Time = 0.0629631

PIMPLE: iteration 1
smoothSolver:  Solving for alpha.water, Initial residual = 0.0212331, Final residual = 2.41924e-09, No Iterations 3
Phase-1 volume fraction = 0.997811  Min(alpha.water) = 0.00504989  Max(alpha.water) = 1
MULES: Correcting alpha.water
MULES: Correcting alpha.water
Phase-1 volume fraction = 0.997811  Min(alpha.water) = 0.00504989  Max(alpha.water) = 1.00007
DICPCG:  Solving for p_rgh, Initial residual = 0.113355, Final residual = 0.00401105, No Iterations 4
DICPCG:  Solving for p_rgh, Initial residual = 0.00401685, Final residual = 0.000175643, No Iterations 13
time step continuity errors : sum local = 3.76632e-07, global = -1.27144e-08, cumulative = -4.60878e-06
DICPCG:  Solving for p_rgh, Initial residual = 0.00167339, Final residual = 7.48956e-05, No Iterations 7
DICPCG:  Solving for p_rgh, Initial residual = 7.48885e-05, Final residual = 3.69766e-06, No Iterations 219
time step continuity errors : sum local = 7.91896e-09, global = -4.16561e-11, cumulative = -4.60882e-06
DICPCG:  Solving for p_rgh, Initial residual = 0.000250091, Final residual = 1.24705e-05, No Iterations 201
DICPCG:  Solving for p_rgh, Initial residual = 1.24898e-05, Final residual = 9.81291e-08, No Iterations 174
time step continuity errors : sum local = 2.10169e-10, global = 1.50133e-11, cumulative = -4.60881e-06
ExecutionTime = 1621.74 s  ClockTime = 1629 s

Courant Number mean: 0.230102 max: 0.398336
Interface Courant Number mean: 0.000930337 max: 0.397516
deltaT = 0.000283949
Time = 0.063247

PIMPLE: iteration 1
smoothSolver:  Solving for alpha.water, Initial residual = 0.0211622, Final residual = 2.30991e-09, No Iterations 3
Phase-1 volume fraction = 0.997811  Min(alpha.water) = 0.00506273  Max(alpha.water) = 1.00003
MULES: Correcting alpha.water
MULES: Correcting alpha.water
Phase-1 volume fraction = 0.997811  Min(alpha.water) = 0.00506254  Max(alpha.water) = 1.00011
DICPCG:  Solving for p_rgh, Initial residual = 0.114617, Final residual = 0.00402897, No Iterations 4
DICPCG:  Solving for p_rgh, Initial residual = 0.00402392, Final residual = 0.000181523, No Iterations 13
time step continuity errors : sum local = 3.89219e-07, global = -1.27155e-08, cumulative = -4.62152e-06
DICPCG:  Solving for p_rgh, Initial residual = 0.00171431, Final residual = 8.16048e-05, No Iterations 7
DICPCG:  Solving for p_rgh, Initial residual = 8.15986e-05, Final residual = 3.95067e-06, No Iterations 216
time step continuity errors : sum local = 8.46004e-09, global = -2.60559e-10, cumulative = -4.62178e-06
DICPCG:  Solving for p_rgh, Initial residual = 0.000255709, Final residual = 1.20504e-05, No Iterations 189
DICPCG:  Solving for p_rgh, Initial residual = 1.20685e-05, Final residual = 9.62997e-08, No Iterations 232
time step continuity errors : sum local = 2.06215e-10, global = -2.2377e-12, cumulative = -4.62179e-06
ExecutionTime = 1629.27 s  ClockTime = 1636 s

Courant Number mean: 0.230108 max: 0.403215
Interface Courant Number mean: 0.000935177 max: 0.398693
deltaT = 0.000283949
Time = 0.063531

PIMPLE: iteration 1
smoothSolver:  Solving for alpha.water, Initial residual = 0.0211352, Final residual = 2.21213e-09, No Iterations 3
Phase-1 volume fraction = 0.997811  Min(alpha.water) = 0.00508067  Max(alpha.water) = 1.00003
MULES: Correcting alpha.water
MULES: Correcting alpha.water
Phase-1 volume fraction = 0.997811  Min(alpha.water) = 0.00507921  Max(alpha.water) = 1.00012
DICPCG:  Solving for p_rgh, Initial residual = 0.114984, Final residual = 0.00402577, No Iterations 4
DICPCG:  Solving for p_rgh, Initial residual = 0.00402075, Final residual = 0.000194982, No Iterations 13
time step continuity errors : sum local = 4.17923e-07, global = -1.26693e-08, cumulative = -4.63446e-06
DICPCG:  Solving for p_rgh, Initial residual = 0.00173322, Final residual = 8.54749e-05, No Iterations 9
DICPCG:  Solving for p_rgh, Initial residual = 8.54614e-05, Final residual = 4.00617e-06, No Iterations 218
time step continuity errors : sum local = 8.57709e-09, global = -9.83887e-11, cumulative = -4.63455e-06
DICPCG:  Solving for p_rgh, Initial residual = 0.00025948, Final residual = 1.27767e-05, No Iterations 183
DICPCG:  Solving for p_rgh, Initial residual = 1.27954e-05, Final residual = 9.59998e-08, No Iterations 170
time step continuity errors : sum local = 2.05474e-10, global = 2.23831e-11, cumulative = -4.63453e-06
ExecutionTime = 1636.05 s  ClockTime = 1643 s

Courant Number mean: 0.230114 max: 0.402648
Interface Courant Number mean: 0.000946104 max: 0.395307
deltaT = 0.000283949
Time = 0.0638149

PIMPLE: iteration 1
smoothSolver:  Solving for alpha.water, Initial residual = 0.0210717, Final residual = 2.15597e-09, No Iterations 3
Phase-1 volume fraction = 0.997811  Min(alpha.water) = 0.00510654  Max(alpha.water) = 1.00002
MULES: Correcting alpha.water
MULES: Correcting alpha.water
Phase-1 volume fraction = 0.997811  Min(alpha.water) = 0.00509639  Max(alpha.water) = 1.00005
DICPCG:  Solving for p_rgh, Initial residual = 0.113311, Final residual = 0.00402554, No Iterations 4
DICPCG:  Solving for p_rgh, Initial residual = 0.00401575, Final residual = 0.000191954, No Iterations 13
time step continuity errors : sum local = 4.12317e-07, global = -1.26053e-08, cumulative = -4.64714e-06
DICPCG:  Solving for p_rgh, Initial residual = 0.00168303, Final residual = 7.91334e-05, No Iterations 8
DICPCG:  Solving for p_rgh, Initial residual = 7.91205e-05, Final residual = 3.82746e-06, No Iterations 219
time step continuity errors : sum local = 8.21228e-09, global = -3.53514e-11, cumulative = -4.64717e-06
DICPCG:  Solving for p_rgh, Initial residual = 0.000252224, Final residual = 1.17183e-05, No Iterations 190
DICPCG:  Solving for p_rgh, Initial residual = 1.1735e-05, Final residual = 9.18126e-08, No Iterations 233
time step continuity errors : sum local = 1.96913e-10, global = 3.09424e-13, cumulative = -4.64717e-06
ExecutionTime = 1643.95 s  ClockTime = 1651 s

Courant Number mean: 0.23012 max: 0.393947
Interface Courant Number mean: 0.000935599 max: 0.390576
deltaT = 0.00028902
Time = 0.0641039

PIMPLE: iteration 1
smoothSolver:  Solving for alpha.water, Initial residual = 0.0213809, Final residual = 2.42145e-09, No Iterations 3
Phase-1 volume fraction = 0.997811  Min(alpha.water) = 0.00512634  Max(alpha.water) = 1.00002
MULES: Correcting alpha.water
MULES: Correcting alpha.water
Phase-1 volume fraction = 0.997811  Min(alpha.water) = 0.0051255  Max(alpha.water) = 1.00009
DICPCG:  Solving for p_rgh, Initial residual = 0.1147, Final residual = 0.00406537, No Iterations 4
DICPCG:  Solving for p_rgh, Initial residual = 0.00405744, Final residual = 0.000179962, No Iterations 13
time step continuity errors : sum local = 3.98769e-07, global = -1.32354e-08, cumulative = -4.66041e-06
DICPCG:  Solving for p_rgh, Initial residual = 0.00168372, Final residual = 7.9056e-05, No Iterations 7
DICPCG:  Solving for p_rgh, Initial residual = 7.90439e-05, Final residual = 3.92689e-06, No Iterations 218
time step continuity errors : sum local = 8.69126e-09, global = -7.8309e-11, cumulative = -4.66049e-06
DICPCG:  Solving for p_rgh, Initial residual = 0.000253804, Final residual = 1.21188e-05, No Iterations 202
DICPCG:  Solving for p_rgh, Initial residual = 1.21371e-05, Final residual = 9.97435e-08, No Iterations 177
time step continuity errors : sum local = 2.20707e-10, global = 1.91524e-11, cumulative = -4.66047e-06
ExecutionTime = 1651.42 s  ClockTime = 1658 s

Courant Number mean: 0.234237 max: 0.412748
Interface Courant Number mean: 0.000954112 max: 0.384968
deltaT = 0.000278879
Time = 0.0643828

PIMPLE: iteration 1
smoothSolver:  Solving for alpha.water, Initial residual = 0.0206509, Final residual = 2.00115e-09, No Iterations 3
Phase-1 volume fraction = 0.997811  Min(alpha.water) = 0.00513424  Max(alpha.water) = 1.00002
MULES: Correcting alpha.water
MULES: Correcting alpha.water
Phase-1 volume fraction = 0.997811  Min(alpha.water) = 0.00513396  Max(alpha.water) = 1.0001
DICPCG:  Solving for p_rgh, Initial residual = 0.109695, Final residual = 0.00392255, No Iterations 4
DICPCG:  Solving for p_rgh, Initial residual = 0.00390716, Final residual = 0.000167614, No Iterations 13
time step continuity errors : sum local = 3.50808e-07, global = -1.19439e-08, cumulative = -4.67241e-06
DICPCG:  Solving for p_rgh, Initial residual = 0.00163908, Final residual = 7.91863e-05, No Iterations 7
DICPCG:  Solving for p_rgh, Initial residual = 7.91784e-05, Final residual = 3.84675e-06, No Iterations 215
time step continuity errors : sum local = 8.04172e-09, global = -1.37954e-11, cumulative = -4.67242e-06
DICPCG:  Solving for p_rgh, Initial residual = 0.000239276, Final residual = 1.06264e-05, No Iterations 190
DICPCG:  Solving for p_rgh, Initial residual = 1.06415e-05, Final residual = 8.63119e-08, No Iterations 231
time step continuity errors : sum local = 1.80406e-10, global = -9.05781e-13, cumulative = -4.67242e-06
ExecutionTime = 1659.25 s  ClockTime = 1666 s

Courant Number mean: 0.226024 max: 0.401985
Interface Courant Number mean: 0.000912835 max: 0.400541
deltaT = 0.000278879
Time = 0.0646617

PIMPLE: iteration 1
smoothSolver:  Solving for alpha.water, Initial residual = 0.0206844, Final residual = 1.9868e-09, No Iterations 3
Phase-1 volume fraction = 0.997811  Min(alpha.water) = 0.00514413  Max(alpha.water) = 1.00001
MULES: Correcting alpha.water
MULES: Correcting alpha.water
Phase-1 volume fraction = 0.997811  Min(alpha.water) = 0.00514345  Max(alpha.water) = 1.00004
DICPCG:  Solving for p_rgh, Initial residual = 0.110562, Final residual = 0.00391972, No Iterations 4
DICPCG:  Solving for p_rgh, Initial residual = 0.00391504, Final residual = 0.000166922, No Iterations 13
time step continuity errors : sum local = 3.49236e-07, global = -1.20198e-08, cumulative = -4.68444e-06
DICPCG:  Solving for p_rgh, Initial residual = 0.0016742, Final residual = 7.93471e-05, No Iterations 7
DICPCG:  Solving for p_rgh, Initial residual = 7.93367e-05, Final residual = 3.79186e-06, No Iterations 190
time step continuity errors : sum local = 7.92468e-09, global = 1.78223e-10, cumulative = -4.68427e-06
DICPCG:  Solving for p_rgh, Initial residual = 0.000243331, Final residual = 1.14828e-05, No Iterations 173
DICPCG:  Solving for p_rgh, Initial residual = 1.1499e-05, Final residual = 9.60338e-08, No Iterations 230
time step continuity errors : sum local = 2.00667e-10, global = 1.32365e-12, cumulative = -4.68427e-06
ExecutionTime = 1666.92 s  ClockTime = 1674 s

Courant Number mean: 0.22603 max: 0.399594
Interface Courant Number mean: 0.000914795 max: 0.386658
deltaT = 0.000278879
Time = 0.0649406

PIMPLE: iteration 1
smoothSolver:  Solving for alpha.water, Initial residual = 0.0206996, Final residual = 1.91026e-09, No Iterations 3
Phase-1 volume fraction = 0.997811  Min(alpha.water) = 0.0051587  Max(alpha.water) = 1.00001
MULES: Correcting alpha.water
MULES: Correcting alpha.water
Phase-1 volume fraction = 0.997811  Min(alpha.water) = 0.00515816  Max(alpha.water) = 1.00003
DICPCG:  Solving for p_rgh, Initial residual = 0.110651, Final residual = 0.00393649, No Iterations 4
DICPCG:  Solving for p_rgh, Initial residual = 0.00394315, Final residual = 0.000166134, No Iterations 13
time step continuity errors : sum local = 3.45546e-07, global = -1.20183e-08, cumulative = -4.69628e-06
DICPCG:  Solving for p_rgh, Initial residual = 0.00167687, Final residual = 7.98907e-05, No Iterations 7
DICPCG:  Solving for p_rgh, Initial residual = 7.98778e-05, Final residual = 3.83207e-06, No Iterations 218
time step continuity errors : sum local = 7.962e-09, global = -5.25885e-11, cumulative = -4.69634e-06
DICPCG:  Solving for p_rgh, Initial residual = 0.000245525, Final residual = 1.15365e-05, No Iterations 189
DICPCG:  Solving for p_rgh, Initial residual = 1.15532e-05, Final residual = 9.91788e-08, No Iterations 182
time step continuity errors : sum local = 2.06047e-10, global = 2.67001e-11, cumulative = -4.69631e-06
ExecutionTime = 1674.92 s  ClockTime = 1682 s

Courant Number mean: 0.226037 max: 0.404363
Interface Courant Number mean: 0.000921628 max: 0.404363
deltaT = 0.000273808
Time = 0.0652144

PIMPLE: iteration 1
smoothSolver:  Solving for alpha.water, Initial residual = 0.0202927, Final residual = 1.68797e-09, No Iterations 3
Phase-1 volume fraction = 0.997811  Min(alpha.water) = 0.0051791  Max(alpha.water) = 1.00001
MULES: Correcting alpha.water
MULES: Correcting alpha.water
Phase-1 volume fraction = 0.997811  Min(alpha.water) = 0.0051573  Max(alpha.water) = 1.00002
DICPCG:  Solving for p_rgh, Initial residual = 0.110372, Final residual = 0.00387672, No Iterations 4
DICPCG:  Solving for p_rgh, Initial residual = 0.00388158, Final residual = 0.000164804, No Iterations 13
time step continuity errors : sum local = 3.30385e-07, global = -1.13308e-08, cumulative = -4.70764e-06
DICPCG:  Solving for p_rgh, Initial residual = 0.00163353, Final residual = 7.91468e-05, No Iterations 7
DICPCG:  Solving for p_rgh, Initial residual = 7.91358e-05, Final residual = 3.91413e-06, No Iterations 213
time step continuity errors : sum local = 7.83844e-09, global = -1.0682e-10, cumulative = -4.70775e-06
DICPCG:  Solving for p_rgh, Initial residual = 0.000237641, Final residual = 1.15587e-05, No Iterations 176
DICPCG:  Solving for p_rgh, Initial residual = 1.15745e-05, Final residual = 9.2809e-08, No Iterations 231
time step continuity errors : sum local = 1.8581e-10, global = 2.09288e-12, cumulative = -4.70774e-06
ExecutionTime = 1682.89 s  ClockTime = 1690 s

Courant Number mean: 0.221935 max: 0.41147
Interface Courant Number mean: 0.000914146 max: 0.375811
deltaT = 0.000264029
Time = 0.0654784

PIMPLE: iteration 1
smoothSolver:  Solving for alpha.water, Initial residual = 0.0195391, Final residual = 1.39561e-09, No Iterations 3
Phase-1 volume fraction = 0.997811  Min(alpha.water) = 0.00520322  Max(alpha.water) = 1.00001
MULES: Correcting alpha.water
MULES: Correcting alpha.water
Phase-1 volume fraction = 0.997811  Min(alpha.water) = 0.00512523  Max(alpha.water) = 1.00004
DICPCG:  Solving for p_rgh, Initial residual = 0.106068, Final residual = 0.0037308, No Iterations 4
DICPCG:  Solving for p_rgh, Initial residual = 0.00371498, Final residual = 0.000154493, No Iterations 13
time step continuity errors : sum local = 2.92369e-07, global = -1.03467e-08, cumulative = -4.71809e-06
DICPCG:  Solving for p_rgh, Initial residual = 0.00158996, Final residual = 7.27515e-05, No Iterations 7
DICPCG:  Solving for p_rgh, Initial residual = 7.27423e-05, Final residual = 3.63173e-06, No Iterations 215
time step continuity errors : sum local = 6.86573e-09, global = 2.28492e-11, cumulative = -4.71807e-06
DICPCG:  Solving for p_rgh, Initial residual = 0.000222931, Final residual = 1.07585e-05, No Iterations 13
DICPCG:  Solving for p_rgh, Initial residual = 1.07585e-05, Final residual = 9.25834e-08, No Iterations 233
time step continuity errors : sum local = 1.75222e-10, global = -1.63842e-12, cumulative = -4.71807e-06
ExecutionTime = 1689.31 s  ClockTime = 1696 s

Courant Number mean: 0.214016 max: 0.398283
Interface Courant Number mean: 0.00087346 max: 0.360427
deltaT = 0.000264029
Time = 0.0657424

PIMPLE: iteration 1
smoothSolver:  Solving for alpha.water, Initial residual = 0.0195886, Final residual = 1.47503e-09, No Iterations 3
Phase-1 volume fraction = 0.997811  Min(alpha.water) = 0.00514394  Max(alpha.water) = 1.00001
MULES: Correcting alpha.water
MULES: Correcting alpha.water
Phase-1 volume fraction = 0.997811  Min(alpha.water) = 0.00514199  Max(alpha.water) = 1.00004
DICPCG:  Solving for p_rgh, Initial residual = 0.105774, Final residual = 0.00371454, No Iterations 4
DICPCG:  Solving for p_rgh, Initial residual = 0.0036934, Final residual = 0.000157817, No Iterations 13
time step continuity errors : sum local = 3.01253e-07, global = -1.03708e-08, cumulative = -4.72844e-06
DICPCG:  Solving for p_rgh, Initial residual = 0.00159918, Final residual = 7.58311e-05, No Iterations 7
DICPCG:  Solving for p_rgh, Initial residual = 7.58231e-05, Final residual = 3.78462e-06, No Iterations 216
time step continuity errors : sum local = 7.21671e-09, global = -6.73488e-11, cumulative = -4.72851e-06
DICPCG:  Solving for p_rgh, Initial residual = 0.000224291, Final residual = 1.08639e-05, No Iterations 13
DICPCG:  Solving for p_rgh, Initial residual = 1.08639e-05, Final residual = 9.31703e-08, No Iterations 232
time step continuity errors : sum local = 1.77881e-10, global = -1.7694e-12, cumulative = -4.72851e-06
ExecutionTime = 1695.47 s  ClockTime = 1703 s

Courant Number mean: 0.214024 max: 0.385267
Interface Courant Number mean: 0.000863746 max: 0.385267
deltaT = 0.000274184
Time = 0.0660166

PIMPLE: iteration 1
smoothSolver:  Solving for alpha.water, Initial residual = 0.0204077, Final residual = 1.91166e-09, No Iterations 3
Phase-1 volume fraction = 0.997811  Min(alpha.water) = 0.00515441  Max(alpha.water) = 1.00001
MULES: Correcting alpha.water
MULES: Correcting alpha.water
Phase-1 volume fraction = 0.997811  Min(alpha.water) = 0.00515408  Max(alpha.water) = 1.00006
DICPCG:  Solving for p_rgh, Initial residual = 0.108498, Final residual = 0.00384436, No Iterations 4
DICPCG:  Solving for p_rgh, Initial residual = 0.00383806, Final residual = 0.000164599, No Iterations 13
time step continuity errors : sum local = 3.35745e-07, global = -1.14032e-08, cumulative = -4.73991e-06
DICPCG:  Solving for p_rgh, Initial residual = 0.00166063, Final residual = 7.50382e-05, No Iterations 7
DICPCG:  Solving for p_rgh, Initial residual = 7.50291e-05, Final residual = 3.39041e-06, No Iterations 215
time step continuity errors : sum local = 6.90817e-09, global = 1.74944e-11, cumulative = -4.7399e-06
DICPCG:  Solving for p_rgh, Initial residual = 0.000240405, Final residual = 1.18817e-05, No Iterations 12
DICPCG:  Solving for p_rgh, Initial residual = 1.18817e-05, Final residual = 9.59296e-08, No Iterations 234
time step continuity errors : sum local = 1.95702e-10, global = -1.06787e-12, cumulative = -4.7399e-06
ExecutionTime = 1701.21 s  ClockTime = 1708 s

Courant Number mean: 0.222263 max: 0.416033
Interface Courant Number mean: 0.000890546 max: 0.406116
deltaT = 0.000263838
Time = 0.0662804

PIMPLE: iteration 1
smoothSolver:  Solving for alpha.water, Initial residual = 0.0196851, Final residual = 1.51385e-09, No Iterations 3
Phase-1 volume fraction = 0.997811  Min(alpha.water) = 0.00516575  Max(alpha.water) = 1.00001
MULES: Correcting alpha.water
MULES: Correcting alpha.water
Phase-1 volume fraction = 0.997811  Min(alpha.water) = 0.00516411  Max(alpha.water) = 1.00004
DICPCG:  Solving for p_rgh, Initial residual = 0.105303, Final residual = 0.00369593, No Iterations 4
DICPCG:  Solving for p_rgh, Initial residual = 0.00369219, Final residual = 0.000160224, No Iterations 13
time step continuity errors : sum local = 3.05534e-07, global = -1.025e-08, cumulative = -4.75015e-06
DICPCG:  Solving for p_rgh, Initial residual = 0.00159013, Final residual = 7.14259e-05, No Iterations 7
DICPCG:  Solving for p_rgh, Initial residual = 7.14156e-05, Final residual = 3.37542e-06, No Iterations 217
time step continuity errors : sum local = 6.43036e-09, global = 5.99709e-11, cumulative = -4.75009e-06
DICPCG:  Solving for p_rgh, Initial residual = 0.000224508, Final residual = 1.0918e-05, No Iterations 13
DICPCG:  Solving for p_rgh, Initial residual = 1.0918e-05, Final residual = 9.62821e-08, No Iterations 233
time step continuity errors : sum local = 1.83602e-10, global = -1.31315e-12, cumulative = -4.75009e-06
ExecutionTime = 1707.03 s  ClockTime = 1714 s

Courant Number mean: 0.213883 max: 0.408127
Interface Courant Number mean: 0.00085216 max: 0.368237
deltaT = 0.00025886
Time = 0.0665393

PIMPLE: iteration 1
smoothSolver:  Solving for alpha.water, Initial residual = 0.0193494, Final residual = 1.34446e-09, No Iterations 3
Phase-1 volume fraction = 0.997811  Min(alpha.water) = 0.00517993  Max(alpha.water) = 1.00001
MULES: Correcting alpha.water
MULES: Correcting alpha.water
Phase-1 volume fraction = 0.997811  Min(alpha.water) = 0.00515971  Max(alpha.water) = 1.00003
DICPCG:  Solving for p_rgh, Initial residual = 0.103274, Final residual = 0.00362482, No Iterations 4
DICPCG:  Solving for p_rgh, Initial residual = 0.00362419, Final residual = 0.000152501, No Iterations 13
time step continuity errors : sum local = 2.80673e-07, global = -9.77916e-09, cumulative = -4.75987e-06
DICPCG:  Solving for p_rgh, Initial residual = 0.00157932, Final residual = 7.68294e-05, No Iterations 6
DICPCG:  Solving for p_rgh, Initial residual = 7.6819e-05, Final residual = 3.70146e-06, No Iterations 217
time step continuity errors : sum local = 6.80576e-09, global = 1.11583e-11, cumulative = -4.75986e-06
DICPCG:  Solving for p_rgh, Initial residual = 0.00022117, Final residual = 1.09169e-05, No Iterations 12
DICPCG:  Solving for p_rgh, Initial residual = 1.09168e-05, Final residual = 9.70437e-08, No Iterations 232
time step continuity errors : sum local = 1.78631e-10, global = -4.5129e-13, cumulative = -4.75986e-06
ExecutionTime = 1713.14 s  ClockTime = 1720 s

Courant Number mean: 0.209856 max: 0.405505
Interface Courant Number mean: 0.000852487 max: 0.381175
deltaT = 0.000253975
Time = 0.0667933

PIMPLE: iteration 1
smoothSolver:  Solving for alpha.water, Initial residual = 0.0190156, Final residual = 1.21077e-09, No Iterations 3
Phase-1 volume fraction = 0.997811  Min(alpha.water) = 0.00519668  Max(alpha.water) = 1.00001
MULES: Correcting alpha.water
MULES: Correcting alpha.water
Phase-1 volume fraction = 0.997811  Min(alpha.water) = 0.0051746  Max(alpha.water) = 1.00003
DICPCG:  Solving for p_rgh, Initial residual = 0.102119, Final residual = 0.00354714, No Iterations 4
DICPCG:  Solving for p_rgh, Initial residual = 0.00353849, Final residual = 0.000153879, No Iterations 13
time step continuity errors : sum local = 2.74561e-07, global = -9.28983e-09, cumulative = -4.76915e-06
DICPCG:  Solving for p_rgh, Initial residual = 0.00157522, Final residual = 7.80336e-05, No Iterations 6
DICPCG:  Solving for p_rgh, Initial residual = 7.8024e-05, Final residual = 3.87405e-06, No Iterations 210
time step continuity errors : sum local = 6.90574e-09, global = 3.95032e-11, cumulative = -4.76911e-06
DICPCG:  Solving for p_rgh, Initial residual = 0.000217357, Final residual = 1.02319e-05, No Iterations 12
DICPCG:  Solving for p_rgh, Initial residual = 1.02319e-05, Final residual = 9.03609e-08, No Iterations 231
time step continuity errors : sum local = 1.61252e-10, global = 5.69588e-14, cumulative = -4.76911e-06
ExecutionTime = 1718.87 s  ClockTime = 1726 s

Courant Number mean: 0.205905 max: 0.388824
Interface Courant Number mean: 0.000828017 max: 0.388356
deltaT = 0.000258955
Time = 0.0670522

PIMPLE: iteration 1
smoothSolver:  Solving for alpha.water, Initial residual = 0.0194225, Final residual = 1.39633e-09, No Iterations 3
Phase-1 volume fraction = 0.997811  Min(alpha.water) = 0.00520921  Max(alpha.water) = 1
MULES: Correcting alpha.water
MULES: Correcting alpha.water
Phase-1 volume fraction = 0.997811  Min(alpha.water) = 0.00519996  Max(alpha.water) = 1.00009
DICPCG:  Solving for p_rgh, Initial residual = 0.103965, Final residual = 0.00359809, No Iterations 4
DICPCG:  Solving for p_rgh, Initial residual = 0.003579, Final residual = 0.000156464, No Iterations 13
time step continuity errors : sum local = 2.91152e-07, global = -9.77305e-09, cumulative = -4.77888e-06
DICPCG:  Solving for p_rgh, Initial residual = 0.00160211, Final residual = 7.05818e-05, No Iterations 7
DICPCG:  Solving for p_rgh, Initial residual = 7.05734e-05, Final residual = 3.42501e-06, No Iterations 192
time step continuity errors : sum local = 6.36708e-09, global = 1.53865e-10, cumulative = -4.77873e-06
DICPCG:  Solving for p_rgh, Initial residual = 0.000223712, Final residual = 1.06877e-05, No Iterations 13
DICPCG:  Solving for p_rgh, Initial residual = 1.06877e-05, Final residual = 9.58615e-08, No Iterations 228
time step continuity errors : sum local = 1.78409e-10, global = -6.55695e-13, cumulative = -4.77873e-06
ExecutionTime = 1724.31 s  ClockTime = 1731 s

Courant Number mean: 0.209951 max: 0.420468
Interface Courant Number mean: 0.000838108 max: 0.405437
deltaT = 0.000244297
Time = 0.0672965

PIMPLE: iteration 1
smoothSolver:  Solving for alpha.water, Initial residual = 0.0183847, Final residual = 1.01485e-09, No Iterations 3
Phase-1 volume fraction = 0.997811  Min(alpha.water) = 0.00520784  Max(alpha.water) = 1
MULES: Correcting alpha.water
MULES: Correcting alpha.water
Phase-1 volume fraction = 0.997811  Min(alpha.water) = 0.00520568  Max(alpha.water) = 1.00013
DICPCG:  Solving for p_rgh, Initial residual = 0.097247, Final residual = 0.00338302, No Iterations 4
DICPCG:  Solving for p_rgh, Initial residual = 0.00337408, Final residual = 0.000144208, No Iterations 13
time step continuity errors : sum local = 2.4297e-07, global = -8.37735e-09, cumulative = -4.7871e-06
DICPCG:  Solving for p_rgh, Initial residual = 0.0015101, Final residual = 7.3031e-05, No Iterations 6
DICPCG:  Solving for p_rgh, Initial residual = 7.30237e-05, Final residual = 3.41844e-06, No Iterations 218
time step continuity errors : sum local = 5.7543e-09, global = -1.58364e-11, cumulative = -4.78712e-06
DICPCG:  Solving for p_rgh, Initial residual = 0.000202347, Final residual = 9.76579e-06, No Iterations 12
DICPCG:  Solving for p_rgh, Initial residual = 9.76572e-06, Final residual = 9.15369e-08, No Iterations 232
time step continuity errors : sum local = 1.54244e-10, global = -7.13876e-13, cumulative = -4.78712e-06
ExecutionTime = 1729.99 s  ClockTime = 1737 s

Courant Number mean: 0.198074 max: 0.40496
Interface Courant Number mean: 0.00079651 max: 0.386873
deltaT = 0.000239688
Time = 0.0675362

PIMPLE: iteration 1
smoothSolver:  Solving for alpha.water, Initial residual = 0.0180852, Final residual = 9.20465e-10, No Iterations 3
Phase-1 volume fraction = 0.997811  Min(alpha.water) = 0.00521369  Max(alpha.water) = 1.00001
MULES: Correcting alpha.water
MULES: Correcting alpha.water
Phase-1 volume fraction = 0.997811  Min(alpha.water) = 0.00521263  Max(alpha.water) = 1.00011
DICPCG:  Solving for p_rgh, Initial residual = 0.0962274, Final residual = 0.00331462, No Iterations 4
DICPCG:  Solving for p_rgh, Initial residual = 0.00331447, Final residual = 0.000144108, No Iterations 13
time step continuity errors : sum local = 2.3428e-07, global = -7.96187e-09, cumulative = -4.79508e-06
DICPCG:  Solving for p_rgh, Initial residual = 0.00147646, Final residual = 7.26521e-05, No Iterations 6
DICPCG:  Solving for p_rgh, Initial residual = 7.26445e-05, Final residual = 3.47619e-06, No Iterations 219
time step continuity errors : sum local = 5.64639e-09, global = -5.3487e-11, cumulative = -4.79514e-06
DICPCG:  Solving for p_rgh, Initial residual = 0.000196925, Final residual = 9.79566e-06, No Iterations 13
DICPCG:  Solving for p_rgh, Initial residual = 9.79558e-06, Final residual = 9.0289e-08, No Iterations 232
time step continuity errors : sum local = 1.46797e-10, global = -1.55026e-12, cumulative = -4.79514e-06
ExecutionTime = 1735.72 s  ClockTime = 1743 s

Courant Number mean: 0.194344 max: 0.391018
Interface Courant Number mean: 0.000776165 max: 0.388113
deltaT = 0.000244388
Time = 0.0677806

PIMPLE: iteration 1
smoothSolver:  Solving for alpha.water, Initial residual = 0.0184871, Final residual = 1.03718e-09, No Iterations 3
Phase-1 volume fraction = 0.997811  Min(alpha.water) = 0.00522269  Max(alpha.water) = 1.00001
MULES: Correcting alpha.water
MULES: Correcting alpha.water
Phase-1 volume fraction = 0.997811  Min(alpha.water) = 0.00522104  Max(alpha.water) = 1.00011
DICPCG:  Solving for p_rgh, Initial residual = 0.0992806, Final residual = 0.00338346, No Iterations 4
DICPCG:  Solving for p_rgh, Initial residual = 0.00338068, Final residual = 0.000144611, No Iterations 13
time step continuity errors : sum local = 2.43116e-07, global = -8.37189e-09, cumulative = -4.80351e-06
DICPCG:  Solving for p_rgh, Initial residual = 0.00151597, Final residual = 7.19911e-05, No Iterations 6
DICPCG:  Solving for p_rgh, Initial residual = 7.19825e-05, Final residual = 3.4951e-06, No Iterations 217
time step continuity errors : sum local = 5.87075e-09, global = -4.3169e-11, cumulative = -4.80355e-06
DICPCG:  Solving for p_rgh, Initial residual = 0.000205454, Final residual = 9.64018e-06, No Iterations 13
DICPCG:  Solving for p_rgh, Initial residual = 9.64009e-06, Final residual = 9.74474e-08, No Iterations 230
time step continuity errors : sum local = 1.63848e-10, global = -5.85961e-13, cumulative = -4.80355e-06
ExecutionTime = 1741.62 s  ClockTime = 1749 s

Courant Number mean: 0.198163 max: 0.419763
Interface Courant Number mean: 0.000799143 max: 0.419763
deltaT = 0.000234988
Time = 0.0680156

PIMPLE: iteration 1
smoothSolver:  Solving for alpha.water, Initial residual = 0.0177963, Final residual = 8.02022e-10, No Iterations 3
Phase-1 volume fraction = 0.997811  Min(alpha.water) = 0.00523371  Max(alpha.water) = 1
MULES: Correcting alpha.water
MULES: Correcting alpha.water
Phase-1 volume fraction = 0.997811  Min(alpha.water) = 0.00521383  Max(alpha.water) = 1.00005
DICPCG:  Solving for p_rgh, Initial residual = 0.0958358, Final residual = 0.00324792, No Iterations 4
DICPCG:  Solving for p_rgh, Initial residual = 0.00324516, Final residual = 0.000141508, No Iterations 13
time step continuity errors : sum local = 2.21903e-07, global = -7.51743e-09, cumulative = -4.81107e-06
DICPCG:  Solving for p_rgh, Initial residual = 0.00148515, Final residual = 7.20549e-05, No Iterations 6
DICPCG:  Solving for p_rgh, Initial residual = 7.20453e-05, Final residual = 3.30432e-06, No Iterations 204
time step continuity errors : sum local = 5.17746e-09, global = 1.12063e-10, cumulative = -4.81096e-06
DICPCG:  Solving for p_rgh, Initial residual = 0.000196341, Final residual = 9.27427e-06, No Iterations 13
DICPCG:  Solving for p_rgh, Initial residual = 9.27422e-06, Final residual = 9.3954e-08, No Iterations 231
time step continuity errors : sum local = 1.47358e-10, global = -1.83179e-12, cumulative = -4.81096e-06
ExecutionTime = 1747.18 s  ClockTime = 1754 s

Courant Number mean: 0.19055 max: 0.426278
Interface Courant Number mean: 0.000764968 max: 0.426278
deltaT = 0.000221933
Time = 0.0682375

PIMPLE: iteration 1
smoothSolver:  Solving for alpha.water, Initial residual = 0.0168337, Final residual = 5.65945e-10, No Iterations 3
Phase-1 volume fraction = 0.997811  Min(alpha.water) = 0.0052421  Max(alpha.water) = 1
MULES: Correcting alpha.water
MULES: Correcting alpha.water
Phase-1 volume fraction = 0.997811  Min(alpha.water) = 0.00519948  Max(alpha.water) = 1.00001
DICPCG:  Solving for p_rgh, Initial residual = 0.0894996, Final residual = 0.00305893, No Iterations 4
DICPCG:  Solving for p_rgh, Initial residual = 0.00304852, Final residual = 0.000136962, No Iterations 13
time step continuity errors : sum local = 1.95016e-07, global = -6.48964e-09, cumulative = -4.81745e-06
DICPCG:  Solving for p_rgh, Initial residual = 0.00141636, Final residual = 7.05335e-05, No Iterations 6
DICPCG:  Solving for p_rgh, Initial residual = 7.05259e-05, Final residual = 3.49232e-06, No Iterations 218
time step continuity errors : sum local = 4.9689e-09, global = -2.52432e-11, cumulative = -4.81748e-06
DICPCG:  Solving for p_rgh, Initial residual = 0.000180186, Final residual = 8.55339e-06, No Iterations 13
DICPCG:  Solving for p_rgh, Initial residual = 8.55333e-06, Final residual = 9.33161e-08, No Iterations 230
time step continuity errors : sum local = 1.32868e-10, global = 6.41638e-13, cumulative = -4.81747e-06
ExecutionTime = 1753.03 s  ClockTime = 1760 s

Courant Number mean: 0.179971 max: 0.41532
Interface Courant Number mean: 0.000716305 max: 0.41532
deltaT = 0.000213863
Time = 0.0684514

PIMPLE: iteration 1
smoothSolver:  Solving for alpha.water, Initial residual = 0.016235, Final residual = 4.54964e-10, No Iterations 3
Phase-1 volume fraction = 0.997811  Min(alpha.water) = 0.00520686  Max(alpha.water) = 1
MULES: Correcting alpha.water
MULES: Correcting alpha.water
Phase-1 volume fraction = 0.997811  Min(alpha.water) = 0.00518057  Max(alpha.water) = 1.00003
DICPCG:  Solving for p_rgh, Initial residual = 0.0862574, Final residual = 0.00293307, No Iterations 4
DICPCG:  Solving for p_rgh, Initial residual = 0.00292724, Final residual = 0.000125385, No Iterations 13
time step continuity errors : sum local = 1.67465e-07, global = -5.87924e-09, cumulative = -4.82335e-06
DICPCG:  Solving for p_rgh, Initial residual = 0.00136865, Final residual = 6.56462e-05, No Iterations 6
DICPCG:  Solving for p_rgh, Initial residual = 6.56408e-05, Final residual = 3.15019e-06, No Iterations 221
time step continuity errors : sum local = 4.20428e-09, global = -4.1522e-11, cumulative = -4.8234e-06
DICPCG:  Solving for p_rgh, Initial residual = 0.000169792, Final residual = 8.42967e-06, No Iterations 13
DICPCG:  Solving for p_rgh, Initial residual = 8.42962e-06, Final residual = 9.35353e-08, No Iterations 231
time step continuity errors : sum local = 1.24939e-10, global = 6.00258e-13, cumulative = -4.82339e-06
ExecutionTime = 1758.83 s  ClockTime = 1766 s

Courant Number mean: 0.173433 max: 0.405434
Interface Courant Number mean: 0.000685133 max: 0.405434
deltaT = 0.000209975
Time = 0.0686614

PIMPLE: iteration 1
smoothSolver:  Solving for alpha.water, Initial residual = 0.0159657, Final residual = 4.16579e-10, No Iterations 3
Phase-1 volume fraction = 0.997811  Min(alpha.water) = 0.0051862  Max(alpha.water) = 1
MULES: Correcting alpha.water
MULES: Correcting alpha.water
Phase-1 volume fraction = 0.997811  Min(alpha.water) = 0.0051835  Max(alpha.water) = 1.00004
DICPCG:  Solving for p_rgh, Initial residual = 0.0858761, Final residual = 0.00288756, No Iterations 4
DICPCG:  Solving for p_rgh, Initial residual = 0.0028858, Final residual = 0.000122673, No Iterations 13
time step continuity errors : sum local = 1.58437e-07, global = -5.60323e-09, cumulative = -4.829e-06
DICPCG:  Solving for p_rgh, Initial residual = 0.00133721, Final residual = 6.1907e-05, No Iterations 6
DICPCG:  Solving for p_rgh, Initial residual = 6.19011e-05, Final residual = 2.86737e-06, No Iterations 187
time step continuity errors : sum local = 3.70077e-09, global = -2.03636e-10, cumulative = -4.8292e-06
DICPCG:  Solving for p_rgh, Initial residual = 0.000164831, Final residual = 8.08523e-06, No Iterations 13
DICPCG:  Solving for p_rgh, Initial residual = 8.08515e-06, Final residual = 8.99865e-08, No Iterations 230
time step continuity errors : sum local = 1.16217e-10, global = 6.85004e-15, cumulative = -4.8292e-06
ExecutionTime = 1764.1 s  ClockTime = 1771 s

Courant Number mean: 0.170286 max: 0.394441
Interface Courant Number mean: 0.00067386 max: 0.394441
deltaT = 0.000213936
Time = 0.0688753

PIMPLE: iteration 1
smoothSolver:  Solving for alpha.water, Initial residual = 0.0163156, Final residual = 4.8222e-10, No Iterations 3
Phase-1 volume fraction = 0.997811  Min(alpha.water) = 0.00518751  Max(alpha.water) = 1
MULES: Correcting alpha.water
MULES: Correcting alpha.water
Phase-1 volume fraction = 0.997811  Min(alpha.water) = 0.00518522  Max(alpha.water) = 1.00007
DICPCG:  Solving for p_rgh, Initial residual = 0.0878288, Final residual = 0.00294025, No Iterations 4
DICPCG:  Solving for p_rgh, Initial residual = 0.00294173, Final residual = 0.000121016, No Iterations 13
time step continuity errors : sum local = 1.61099e-07, global = -5.85314e-09, cumulative = -4.83505e-06
DICPCG:  Solving for p_rgh, Initial residual = 0.00137041, Final residual = 6.27437e-05, No Iterations 6
DICPCG:  Solving for p_rgh, Initial residual = 6.27374e-05, Final residual = 2.96544e-06, No Iterations 217
time step continuity errors : sum local = 3.94487e-09, global = -3.09348e-11, cumulative = -4.83509e-06
DICPCG:  Solving for p_rgh, Initial residual = 0.000171991, Final residual = 8.18047e-06, No Iterations 13
DICPCG:  Solving for p_rgh, Initial residual = 8.18039e-06, Final residual = 9.83766e-08, No Iterations 230
time step continuity errors : sum local = 1.30993e-10, global = -9.61275e-13, cumulative = -4.83509e-06
ExecutionTime = 1769.69 s  ClockTime = 1777 s

Courant Number mean: 0.173505 max: 0.394265
Interface Courant Number mean: 0.000693651 max: 0.394265
deltaT = 0.000218131
Time = 0.0690934

PIMPLE: iteration 1
smoothSolver:  Solving for alpha.water, Initial residual = 0.0166693, Final residual = 5.51462e-10, No Iterations 3
Phase-1 volume fraction = 0.997811  Min(alpha.water) = 0.00519109  Max(alpha.water) = 1
MULES: Correcting alpha.water
MULES: Correcting alpha.water
Phase-1 volume fraction = 0.997811  Min(alpha.water) = 0.00518924  Max(alpha.water) = 1.00008
DICPCG:  Solving for p_rgh, Initial residual = 0.090082, Final residual = 0.00299351, No Iterations 4
DICPCG:  Solving for p_rgh, Initial residual = 0.00299651, Final residual = 0.000131426, No Iterations 13
time step continuity errors : sum local = 1.80409e-07, global = -6.17993e-09, cumulative = -4.84127e-06
DICPCG:  Solving for p_rgh, Initial residual = 0.00142151, Final residual = 6.85843e-05, No Iterations 6
DICPCG:  Solving for p_rgh, Initial residual = 6.85767e-05, Final residual = 3.29501e-06, No Iterations 223
time step continuity errors : sum local = 4.5199e-09, global = -3.54391e-11, cumulative = -4.8413e-06
DICPCG:  Solving for p_rgh, Initial residual = 0.000181325, Final residual = 9.04403e-06, No Iterations 187
DICPCG:  Solving for p_rgh, Initial residual = 9.05244e-06, Final residual = 9.95241e-08, No Iterations 163
time step continuity errors : sum local = 1.36521e-10, global = 1.0161e-11, cumulative = -4.84129e-06
ExecutionTime = 1776.82 s  ClockTime = 1784 s

Courant Number mean: 0.176914 max: 0.4146
Interface Courant Number mean: 0.000701863 max: 0.4146
deltaT = 0.000209742
Time = 0.0693032

PIMPLE: iteration 1
smoothSolver:  Solving for alpha.water, Initial residual = 0.016026, Final residual = 4.31452e-10, No Iterations 3
Phase-1 volume fraction = 0.997811  Min(alpha.water) = 0.0051958  Max(alpha.water) = 1
MULES: Correcting alpha.water
MULES: Correcting alpha.water
Phase-1 volume fraction = 0.997811  Min(alpha.water) = 0.0051892  Max(alpha.water) = 1.00005
DICPCG:  Solving for p_rgh, Initial residual = 0.0871051, Final residual = 0.0028823, No Iterations 4
DICPCG:  Solving for p_rgh, Initial residual = 0.00287824, Final residual = 0.00012951, No Iterations 13
time step continuity errors : sum local = 1.65956e-07, global = -5.52509e-09, cumulative = -4.84682e-06
DICPCG:  Solving for p_rgh, Initial residual = 0.00137966, Final residual = 6.82228e-05, No Iterations 6
DICPCG:  Solving for p_rgh, Initial residual = 6.82133e-05, Final residual = 3.31356e-06, No Iterations 217
time step continuity errors : sum local = 4.24346e-09, global = -3.83562e-12, cumulative = -4.84682e-06
DICPCG:  Solving for p_rgh, Initial residual = 0.000171314, Final residual = 8.37961e-06, No Iterations 14
DICPCG:  Solving for p_rgh, Initial residual = 8.37952e-06, Final residual = 9.98362e-08, No Iterations 229
time step continuity errors : sum local = 1.27954e-10, global = -1.07293e-12, cumulative = -4.84682e-06
ExecutionTime = 1782.94 s  ClockTime = 1790 s

Courant Number mean: 0.170117 max: 0.406005
Interface Courant Number mean: 0.000674285 max: 0.406005
deltaT = 0.000205708
Time = 0.0695089

PIMPLE: iteration 1
smoothSolver:  Solving for alpha.water, Initial residual = 0.015688, Final residual = 3.81063e-10, No Iterations 3
Phase-1 volume fraction = 0.997811  Min(alpha.water) = 0.00520153  Max(alpha.water) = 1
MULES: Correcting alpha.water
MULES: Correcting alpha.water
Phase-1 volume fraction = 0.997811  Min(alpha.water) = 0.00517961  Max(alpha.water) = 1.00003
DICPCG:  Solving for p_rgh, Initial residual = 0.0846623, Final residual = 0.00281241, No Iterations 4
DICPCG:  Solving for p_rgh, Initial residual = 0.00280555, Final residual = 0.000122847, No Iterations 13
time step continuity errors : sum local = 1.52521e-07, global = -5.28398e-09, cumulative = -4.85211e-06
DICPCG:  Solving for p_rgh, Initial residual = 0.00135338, Final residual = 6.73454e-05, No Iterations 6
DICPCG:  Solving for p_rgh, Initial residual = 6.73374e-05, Final residual = 3.2413e-06, No Iterations 181
time step continuity errors : sum local = 4.02179e-09, global = 8.39656e-11, cumulative = -4.85202e-06
DICPCG:  Solving for p_rgh, Initial residual = 0.000166265, Final residual = 8.18067e-06, No Iterations 13
DICPCG:  Solving for p_rgh, Initial residual = 8.18059e-06, Final residual = 9.84934e-08, No Iterations 229
time step continuity errors : sum local = 1.22289e-10, global = 1.31367e-12, cumulative = -4.85202e-06
ExecutionTime = 1788.33 s  ClockTime = 1796 s

Courant Number mean: 0.166852 max: 0.405106
Interface Courant Number mean: 0.000664899 max: 0.405106
deltaT = 0.000201752
Time = 0.0697106

PIMPLE: iteration 1
smoothSolver:  Solving for alpha.water, Initial residual = 0.0153935, Final residual = 3.35544e-10, No Iterations 3
Phase-1 volume fraction = 0.997811  Min(alpha.water) = 0.00520813  Max(alpha.water) = 1
MULES: Correcting alpha.water
MULES: Correcting alpha.water
Phase-1 volume fraction = 0.997811  Min(alpha.water) = 0.00515339  Max(alpha.water) = 1.00003
DICPCG:  Solving for p_rgh, Initial residual = 0.0826628, Final residual = 0.00275005, No Iterations 4
DICPCG:  Solving for p_rgh, Initial residual = 0.00275203, Final residual = 0.000135149, No Iterations 12
time step continuity errors : sum local = 1.61535e-07, global = -5.01523e-09, cumulative = -4.85704e-06
DICPCG:  Solving for p_rgh, Initial residual = 0.00135629, Final residual = 6.19313e-05, No Iterations 7
DICPCG:  Solving for p_rgh, Initial residual = 6.19268e-05, Final residual = 2.87685e-06, No Iterations 221
time step continuity errors : sum local = 3.43627e-09, global = -4.29735e-11, cumulative = -4.85708e-06
DICPCG:  Solving for p_rgh, Initial residual = 0.000165054, Final residual = 8.01596e-06, No Iterations 14
DICPCG:  Solving for p_rgh, Initial residual = 8.0159e-06, Final residual = 9.00659e-08, No Iterations 231
time step continuity errors : sum local = 1.07675e-10, global = 1.39687e-12, cumulative = -4.85708e-06
ExecutionTime = 1794.14 s  ClockTime = 1801 s

Courant Number mean: 0.163651 max: 0.404018
Interface Courant Number mean: 0.000652968 max: 0.404018
deltaT = 0.000197872
Time = 0.0699085

PIMPLE: iteration 1
smoothSolver:  Solving for alpha.water, Initial residual = 0.0151166, Final residual = 2.99848e-10, No Iterations 3
Phase-1 volume fraction = 0.997811  Min(alpha.water) = 0.00515833  Max(alpha.water) = 1
MULES: Correcting alpha.water
MULES: Correcting alpha.water
Phase-1 volume fraction = 0.997811  Min(alpha.water) = 0.00513546  Max(alpha.water) = 1.00005
DICPCG:  Solving for p_rgh, Initial residual = 0.0815865, Final residual = 0.0027042, No Iterations 4
DICPCG:  Solving for p_rgh, Initial residual = 0.00270119, Final residual = 0.000134024, No Iterations 12
time step continuity errors : sum local = 1.54807e-07, global = -4.74397e-09, cumulative = -4.86182e-06
DICPCG:  Solving for p_rgh, Initial residual = 0.00132494, Final residual = 6.14071e-05, No Iterations 7
DICPCG:  Solving for p_rgh, Initial residual = 6.14036e-05, Final residual = 3.06208e-06, No Iterations 216
time step continuity errors : sum local = 3.53458e-09, global = -7.93675e-12, cumulative = -4.86183e-06
DICPCG:  Solving for p_rgh, Initial residual = 0.000159634, Final residual = 7.95847e-06, No Iterations 13
DICPCG:  Solving for p_rgh, Initial residual = 7.95839e-06, Final residual = 9.38704e-08, No Iterations 231
time step continuity errors : sum local = 1.08441e-10, global = 1.12873e-12, cumulative = -4.86183e-06
ExecutionTime = 1799.97 s  ClockTime = 1807 s

Courant Number mean: 0.16051 max: 0.397259
Interface Courant Number mean: 0.000631447 max: 0.397259
deltaT = 0.000197872
Time = 0.0701064

PIMPLE: iteration 1
smoothSolver:  Solving for alpha.water, Initial residual = 0.0151193, Final residual = 3.05851e-10, No Iterations 3
Phase-1 volume fraction = 0.997811  Min(alpha.water) = 0.0051401  Max(alpha.water) = 1
MULES: Correcting alpha.water
MULES: Correcting alpha.water
Phase-1 volume fraction = 0.997811  Min(alpha.water) = 0.00513927  Max(alpha.water) = 1.00004
DICPCG:  Solving for p_rgh, Initial residual = 0.0822818, Final residual = 0.00270501, No Iterations 4
DICPCG:  Solving for p_rgh, Initial residual = 0.0027072, Final residual = 0.000131248, No Iterations 12
time step continuity errors : sum local = 1.51103e-07, global = -4.74742e-09, cumulative = -4.86658e-06
DICPCG:  Solving for p_rgh, Initial residual = 0.00133343, Final residual = 5.99543e-05, No Iterations 7
DICPCG:  Solving for p_rgh, Initial residual = 5.99496e-05, Final residual = 2.96172e-06, No Iterations 182
time step continuity errors : sum local = 3.40768e-09, global = -1.42677e-10, cumulative = -4.86672e-06
DICPCG:  Solving for p_rgh, Initial residual = 0.000160895, Final residual = 7.68201e-06, No Iterations 13
DICPCG:  Solving for p_rgh, Initial residual = 7.68193e-06, Final residual = 9.99453e-08, No Iterations 228
time step continuity errors : sum local = 1.15087e-10, global = 1.22869e-12, cumulative = -4.86672e-06
ExecutionTime = 1805.44 s  ClockTime = 1813 s

Courant Number mean: 0.160518 max: 0.393046
Interface Courant Number mean: 0.000632756 max: 0.393046
deltaT = 0.000201911
Time = 0.0703083

PIMPLE: iteration 1
smoothSolver:  Solving for alpha.water, Initial residual = 0.015434, Final residual = 3.53579e-10, No Iterations 3
Phase-1 volume fraction = 0.997811  Min(alpha.water) = 0.00514169  Max(alpha.water) = 1
MULES: Correcting alpha.water
MULES: Correcting alpha.water
Phase-1 volume fraction = 0.997811  Min(alpha.water) = 0.0051412  Max(alpha.water) = 1.00003
DICPCG:  Solving for p_rgh, Initial residual = 0.084126, Final residual = 0.00276795, No Iterations 4
DICPCG:  Solving for p_rgh, Initial residual = 0.00277198, Final residual = 0.000137648, No Iterations 12
time step continuity errors : sum local = 1.63556e-07, global = -4.97442e-09, cumulative = -4.87169e-06
DICPCG:  Solving for p_rgh, Initial residual = 0.00139603, Final residual = 6.38359e-05, No Iterations 7
DICPCG:  Solving for p_rgh, Initial residual = 6.38279e-05, Final residual = 3.17093e-06, No Iterations 220
time step continuity errors : sum local = 3.76569e-09, global = 4.28862e-13, cumulative = -4.87169e-06
DICPCG:  Solving for p_rgh, Initial residual = 0.000170522, Final residual = 8.38632e-06, No Iterations 13
DICPCG:  Solving for p_rgh, Initial residual = 8.38623e-06, Final residual = 9.69402e-08, No Iterations 231
time step continuity errors : sum local = 1.15211e-10, global = -1.3521e-13, cumulative = -4.87169e-06
ExecutionTime = 1811.32 s  ClockTime = 1819 s

Courant Number mean: 0.163801 max: 0.393612
Interface Courant Number mean: 0.00065632 max: 0.393612
deltaT = 0.000206207
Time = 0.0705145

PIMPLE: iteration 1
smoothSolver:  Solving for alpha.water, Initial residual = 0.0157751, Final residual = 4.08062e-10, No Iterations 3
Phase-1 volume fraction = 0.997811  Min(alpha.water) = 0.00514441  Max(alpha.water) = 1
MULES: Correcting alpha.water
MULES: Correcting alpha.water
Phase-1 volume fraction = 0.997811  Min(alpha.water) = 0.00514344  Max(alpha.water) = 1.00005
DICPCG:  Solving for p_rgh, Initial residual = 0.085791, Final residual = 0.00282018, No Iterations 4
DICPCG:  Solving for p_rgh, Initial residual = 0.00281894, Final residual = 0.000123484, No Iterations 13
time step continuity errors : sum local = 1.52227e-07, global = -5.27859e-09, cumulative = -4.87697e-06
DICPCG:  Solving for p_rgh, Initial residual = 0.00142398, Final residual = 6.72436e-05, No Iterations 7
DICPCG:  Solving for p_rgh, Initial residual = 6.72359e-05, Final residual = 3.09194e-06, No Iterations 223
time step continuity errors : sum local = 3.80934e-09, global = 3.80179e-14, cumulative = -4.87697e-06
DICPCG:  Solving for p_rgh, Initial residual = 0.000177206, Final residual = 8.8587e-06, No Iterations 15
DICPCG:  Solving for p_rgh, Initial residual = 8.85861e-06, Final residual = 8.97226e-08, No Iterations 232
time step continuity errors : sum local = 1.10626e-10, global = -3.89494e-13, cumulative = -4.87697e-06
ExecutionTime = 1816.99 s  ClockTime = 1824 s

Courant Number mean: 0.167295 max: 0.392301
Interface Courant Number mean: 0.000661711 max: 0.392301
deltaT = 0.000210789
Time = 0.0707253

PIMPLE: iteration 1
smoothSolver:  Solving for alpha.water, Initial residual = 0.0161407, Final residual = 4.74971e-10, No Iterations 3
Phase-1 volume fraction = 0.997811  Min(alpha.water) = 0.00514869  Max(alpha.water) = 1
MULES: Correcting alpha.water
MULES: Correcting alpha.water
Phase-1 volume fraction = 0.997811  Min(alpha.water) = 0.00514623  Max(alpha.water) = 1.00005
DICPCG:  Solving for p_rgh, Initial residual = 0.0874714, Final residual = 0.00289869, No Iterations 4
DICPCG:  Solving for p_rgh, Initial residual = 0.00290083, Final residual = 0.000134432, No Iterations 13
time step continuity errors : sum local = 1.71774e-07, global = -5.578e-09, cumulative = -4.88255e-06
DICPCG:  Solving for p_rgh, Initial residual = 0.00144083, Final residual = 6.66253e-05, No Iterations 8
DICPCG:  Solving for p_rgh, Initial residual = 6.66173e-05, Final residual = 3.27121e-06, No Iterations 207
time step continuity errors : sum local = 4.17732e-09, global = -8.56709e-11, cumulative = -4.88263e-06
DICPCG:  Solving for p_rgh, Initial residual = 0.000185164, Final residual = 8.95556e-06, No Iterations 17
DICPCG:  Solving for p_rgh, Initial residual = 8.95548e-06, Final residual = 8.96866e-08, No Iterations 230
time step continuity errors : sum local = 1.14581e-10, global = -2.13549e-13, cumulative = -4.88263e-06
ExecutionTime = 1822.93 s  ClockTime = 1830 s

Courant Number mean: 0.171023 max: 0.391383
Interface Courant Number mean: 0.000680018 max: 0.388551
deltaT = 0.000215691
Time = 0.070941

PIMPLE: iteration 1
smoothSolver:  Solving for alpha.water, Initial residual = 0.0165234, Final residual = 5.70944e-10, No Iterations 3
Phase-1 volume fraction = 0.997811  Min(alpha.water) = 0.00515496  Max(alpha.water) = 1
MULES: Correcting alpha.water
MULES: Correcting alpha.water
Phase-1 volume fraction = 0.997811  Min(alpha.water) = 0.00511684  Max(alpha.water) = 1.00004
DICPCG:  Solving for p_rgh, Initial residual = 0.0881024, Final residual = 0.00296083, No Iterations 4
DICPCG:  Solving for p_rgh, Initial residual = 0.00295706, Final residual = 0.000127303, No Iterations 13
time step continuity errors : sum local = 1.69481e-07, global = -5.89503e-09, cumulative = -4.88853e-06
DICPCG:  Solving for p_rgh, Initial residual = 0.00144303, Final residual = 6.44716e-05, No Iterations 8
DICPCG:  Solving for p_rgh, Initial residual = 6.44651e-05, Final residual = 3.05546e-06, No Iterations 180
time step continuity errors : sum local = 4.06505e-09, global = -1.35044e-10, cumulative = -4.88866e-06
DICPCG:  Solving for p_rgh, Initial residual = 0.000190506, Final residual = 8.91625e-06, No Iterations 15
DICPCG:  Solving for p_rgh, Initial residual = 8.91614e-06, Final residual = 8.93792e-08, No Iterations 231
time step continuity errors : sum local = 1.18991e-10, global = 3.25711e-13, cumulative = -4.88866e-06
ExecutionTime = 1828.19 s  ClockTime = 1836 s

Courant Number mean: 0.175011 max: 0.421812
Interface Courant Number mean: 0.000705392 max: 0.393013
deltaT = 0.000205887
Time = 0.0711469

PIMPLE: iteration 1
smoothSolver:  Solving for alpha.water, Initial residual = 0.0157911, Final residual = 4.50479e-10, No Iterations 3
Phase-1 volume fraction = 0.997811  Min(alpha.water) = 0.00515271  Max(alpha.water) = 1
MULES: Correcting alpha.water
MULES: Correcting alpha.water
Phase-1 volume fraction = 0.997811  Min(alpha.water) = 0.00499766  Max(alpha.water) = 1.00001
DICPCG:  Solving for p_rgh, Initial residual = 0.0848701, Final residual = 0.00281846, No Iterations 4
DICPCG:  Solving for p_rgh, Initial residual = 0.00281964, Final residual = 0.000114877, No Iterations 13
time step continuity errors : sum local = 1.40371e-07, global = -5.17361e-09, cumulative = -4.89384e-06
DICPCG:  Solving for p_rgh, Initial residual = 0.00136201, Final residual = 5.96019e-05, No Iterations 8
DICPCG:  Solving for p_rgh, Initial residual = 5.95962e-05, Final residual = 2.88021e-06, No Iterations 163
time step continuity errors : sum local = 3.51722e-09, global = 1.39056e-11, cumulative = -4.89382e-06
DICPCG:  Solving for p_rgh, Initial residual = 0.000175403, Final residual = 8.65089e-06, No Iterations 14
DICPCG:  Solving for p_rgh, Initial residual = 8.65076e-06, Final residual = 9.2886e-08, No Iterations 231
time step continuity errors : sum local = 1.13526e-10, global = 8.44306e-13, cumulative = -4.89382e-06
ExecutionTime = 1833.44 s  ClockTime = 1841 s

Courant Number mean: 0.167066 max: 0.412388
Interface Courant Number mean: 0.00067116 max: 0.372411
deltaT = 0.000201208
Time = 0.0713481

PIMPLE: iteration 1
smoothSolver:  Solving for alpha.water, Initial residual = 0.0154612, Final residual = 4.1263e-10, No Iterations 3
Phase-1 volume fraction = 0.997811  Min(alpha.water) = 0.00513847  Max(alpha.water) = 1
MULES: Correcting alpha.water
MULES: Correcting alpha.water
Phase-1 volume fraction = 0.997811  Min(alpha.water) = 0.00502087  Max(alpha.water) = 1.00002
DICPCG:  Solving for p_rgh, Initial residual = 0.0840524, Final residual = 0.00277748, No Iterations 4
DICPCG:  Solving for p_rgh, Initial residual = 0.00278603, Final residual = 0.000111615, No Iterations 13
time step continuity errors : sum local = 1.29877e-07, global = -4.89964e-09, cumulative = -4.89872e-06
DICPCG:  Solving for p_rgh, Initial residual = 0.00138629, Final residual = 6.1699e-05, No Iterations 8
DICPCG:  Solving for p_rgh, Initial residual = 6.16941e-05, Final residual = 2.90245e-06, No Iterations 181
time step continuity errors : sum local = 3.37526e-09, global = -4.77072e-11, cumulative = -4.89877e-06
DICPCG:  Solving for p_rgh, Initial residual = 0.000175062, Final residual = 8.51214e-06, No Iterations 15
DICPCG:  Solving for p_rgh, Initial residual = 8.51197e-06, Final residual = 9.48511e-08, No Iterations 231
time step continuity errors : sum local = 1.10414e-10, global = 1.22081e-12, cumulative = -4.89877e-06
ExecutionTime = 1839.36 s  ClockTime = 1847 s

Courant Number mean: 0.16328 max: 0.425875
Interface Courant Number mean: 0.000658228 max: 0.360815
deltaT = 0.000188085
Time = 0.0715362

PIMPLE: iteration 1
smoothSolver:  Solving for alpha.water, Initial residual = 0.0144831, Final residual = 2.85947e-10, No Iterations 3
Phase-1 volume fraction = 0.997811  Min(alpha.water) = 0.00513136  Max(alpha.water) = 1
MULES: Correcting alpha.water
MULES: Correcting alpha.water
Phase-1 volume fraction = 0.997811  Min(alpha.water) = 0.00507031  Max(alpha.water) = 1.00001
DICPCG:  Solving for p_rgh, Initial residual = 0.079826, Final residual = 0.00261018, No Iterations 4
DICPCG:  Solving for p_rgh, Initial residual = 0.00261797, Final residual = 0.000102939, No Iterations 13
time step continuity errors : sum local = 1.05356e-07, global = -4.0742e-09, cumulative = -4.90284e-06
DICPCG:  Solving for p_rgh, Initial residual = 0.00136986, Final residual = 6.80812e-05, No Iterations 7
DICPCG:  Solving for p_rgh, Initial residual = 6.80735e-05, Final residual = 3.26462e-06, No Iterations 220
time step continuity errors : sum local = 3.33967e-09, global = -4.21992e-11, cumulative = -4.90289e-06
DICPCG:  Solving for p_rgh, Initial residual = 0.000165346, Final residual = 7.75868e-06, No Iterations 15
DICPCG:  Solving for p_rgh, Initial residual = 7.75854e-06, Final residual = 8.84015e-08, No Iterations 232
time step continuity errors : sum local = 9.05364e-11, global = 8.04971e-13, cumulative = -4.90288e-06
ExecutionTime = 1845.49 s  ClockTime = 1853 s

Courant Number mean: 0.152642 max: 0.431304
Interface Courant Number mean: 0.00060517 max: 0.363132
deltaT = 0.000172731
Time = 0.0717089

PIMPLE: iteration 1
smoothSolver:  Solving for alpha.water, Initial residual = 0.0133143, Final residual = 1.81925e-10, No Iterations 3
Phase-1 volume fraction = 0.997811  Min(alpha.water) = 0.00513178  Max(alpha.water) = 1
MULES: Correcting alpha.water
MULES: Correcting alpha.water
Phase-1 volume fraction = 0.997811  Min(alpha.water) = 0.0051005  Max(alpha.water) = 1.00001
DICPCG:  Solving for p_rgh, Initial residual = 0.0736006, Final residual = 0.00238813, No Iterations 4
DICPCG:  Solving for p_rgh, Initial residual = 0.00238799, Final residual = 0.00010119, No Iterations 13
time step continuity errors : sum local = 8.87209e-08, global = -3.24717e-09, cumulative = -4.90613e-06
DICPCG:  Solving for p_rgh, Initial residual = 0.0013215, Final residual = 6.51572e-05, No Iterations 7
DICPCG:  Solving for p_rgh, Initial residual = 6.51505e-05, Final residual = 3.21108e-06, No Iterations 220
time step continuity errors : sum local = 2.81428e-09, global = -8.44365e-12, cumulative = -4.90614e-06
DICPCG:  Solving for p_rgh, Initial residual = 0.000150275, Final residual = 7.38847e-06, No Iterations 14
DICPCG:  Solving for p_rgh, Initial residual = 7.38835e-06, Final residual = 9.17625e-08, No Iterations 231
time step continuity errors : sum local = 8.04743e-11, global = 1.34871e-12, cumulative = -4.90614e-06
ExecutionTime = 1851.25 s  ClockTime = 1859 s

Courant Number mean: 0.140191 max: 0.409218
Interface Courant Number mean: 0.000551735 max: 0.353517
deltaT = 0.000169206
Time = 0.0718781

PIMPLE: iteration 1
smoothSolver:  Solving for alpha.water, Initial residual = 0.0130519, Final residual = 1.75506e-10, No Iterations 3
Phase-1 volume fraction = 0.997811  Min(alpha.water) = 0.00513234  Max(alpha.water) = 1
MULES: Correcting alpha.water
MULES: Correcting alpha.water
Phase-1 volume fraction = 0.997811  Min(alpha.water) = 0.00509928  Max(alpha.water) = 1.00001
DICPCG:  Solving for p_rgh, Initial residual = 0.0720158, Final residual = 0.00235445, No Iterations 4
DICPCG:  Solving for p_rgh, Initial residual = 0.00235644, Final residual = 0.000110975, No Iterations 13
time step continuity errors : sum local = 9.34358e-08, global = -3.08507e-09, cumulative = -4.90922e-06
DICPCG:  Solving for p_rgh, Initial residual = 0.00132782, Final residual = 5.92007e-05, No Iterations 8
DICPCG:  Solving for p_rgh, Initial residual = 5.91945e-05, Final residual = 2.94798e-06, No Iterations 82
time step continuity errors : sum local = 2.48109e-09, global = -1.72188e-10, cumulative = -4.9094e-06
DICPCG:  Solving for p_rgh, Initial residual = 0.000150422, Final residual = 7.31196e-06, No Iterations 14
DICPCG:  Solving for p_rgh, Initial residual = 7.31184e-06, Final residual = 9.91671e-08, No Iterations 226
time step continuity errors : sum local = 8.34663e-11, global = 1.34104e-12, cumulative = -4.90939e-06
ExecutionTime = 1855.84 s  ClockTime = 1863 s

Courant Number mean: 0.137341 max: 0.40092
Interface Courant Number mean: 0.00054211 max: 0.356961
deltaT = 0.000169206
Time = 0.0720473

PIMPLE: iteration 1
smoothSolver:  Solving for alpha.water, Initial residual = 0.0130684, Final residual = 1.92521e-10, No Iterations 3
Phase-1 volume fraction = 0.997811  Min(alpha.water) = 0.00513282  Max(alpha.water) = 1
MULES: Correcting alpha.water
MULES: Correcting alpha.water
Phase-1 volume fraction = 0.997811  Min(alpha.water) = 0.00511799  Max(alpha.water) = 1.00003
DICPCG:  Solving for p_rgh, Initial residual = 0.0714356, Final residual = 0.00235479, No Iterations 4
DICPCG:  Solving for p_rgh, Initial residual = 0.00235344, Final residual = 0.000107304, No Iterations 14
time step continuity errors : sum local = 9.02738e-08, global = -3.05821e-09, cumulative = -4.91245e-06
DICPCG:  Solving for p_rgh, Initial residual = 0.00131662, Final residual = 6.07985e-05, No Iterations 8
DICPCG:  Solving for p_rgh, Initial residual = 6.07907e-05, Final residual = 2.99003e-06, No Iterations 85
time step continuity errors : sum local = 2.51461e-09, global = -1.83871e-10, cumulative = -4.91264e-06
DICPCG:  Solving for p_rgh, Initial residual = 0.000150811, Final residual = 7.14233e-06, No Iterations 15
DICPCG:  Solving for p_rgh, Initial residual = 7.14217e-06, Final residual = 9.41208e-08, No Iterations 230
time step continuity errors : sum local = 7.91603e-11, global = 3.86326e-13, cumulative = -4.91264e-06
ExecutionTime = 1860.37 s  ClockTime = 1868 s

Courant Number mean: 0.137351 max: 0.393803
Interface Courant Number mean: 0.000541452 max: 0.370286
deltaT = 0.000172885
Time = 0.0722202

PIMPLE: iteration 1
smoothSolver:  Solving for alpha.water, Initial residual = 0.0133793, Final residual = 2.42821e-10, No Iterations 3
Phase-1 volume fraction = 0.997811  Min(alpha.water) = 0.0051345  Max(alpha.water) = 1
MULES: Correcting alpha.water
MULES: Correcting alpha.water
Phase-1 volume fraction = 0.997811  Min(alpha.water) = 0.00513178  Max(alpha.water) = 1.00005
DICPCG:  Solving for p_rgh, Initial residual = 0.0726944, Final residual = 0.00241003, No Iterations 4
DICPCG:  Solving for p_rgh, Initial residual = 0.00241032, Final residual = 0.00011142, No Iterations 14
time step continuity errors : sum local = 9.72485e-08, global = -3.23751e-09, cumulative = -4.91587e-06
DICPCG:  Solving for p_rgh, Initial residual = 0.00131331, Final residual = 6.43366e-05, No Iterations 8
DICPCG:  Solving for p_rgh, Initial residual = 6.43274e-05, Final residual = 3.20868e-06, No Iterations 119
time step continuity errors : sum local = 2.79963e-09, global = -2.38702e-11, cumulative = -4.9159e-06
DICPCG:  Solving for p_rgh, Initial residual = 0.000156574, Final residual = 7.65182e-06, No Iterations 17
DICPCG:  Solving for p_rgh, Initial residual = 7.65167e-06, Final residual = 9.4383e-08, No Iterations 227
time step continuity errors : sum local = 8.2357e-11, global = 8.47621e-13, cumulative = -4.9159e-06
ExecutionTime = 1867.33 s  ClockTime = 1875 s

Courant Number mean: 0.140348 max: 0.400824
Interface Courant Number mean: 0.000565399 max: 0.361227
deltaT = 0.000172885
Time = 0.0723931

PIMPLE: iteration 1
smoothSolver:  Solving for alpha.water, Initial residual = 0.0134123, Final residual = 2.66925e-10, No Iterations 3
Phase-1 volume fraction = 0.997811  Min(alpha.water) = 0.00513652  Max(alpha.water) = 1
MULES: Correcting alpha.water
MULES: Correcting alpha.water
Phase-1 volume fraction = 0.997811  Min(alpha.water) = 0.00508022  Max(alpha.water) = 1.00003
DICPCG:  Solving for p_rgh, Initial residual = 0.0721063, Final residual = 0.00241878, No Iterations 4
DICPCG:  Solving for p_rgh, Initial residual = 0.002423, Final residual = 0.000120675, No Iterations 13
time step continuity errors : sum local = 1.04742e-07, global = -3.25285e-09, cumulative = -4.91915e-06
DICPCG:  Solving for p_rgh, Initial residual = 0.001306, Final residual = 6.01887e-05, No Iterations 9
DICPCG:  Solving for p_rgh, Initial residual = 6.01799e-05, Final residual = 2.9034e-06, No Iterations 124
time step continuity errors : sum local = 2.51932e-09, global = 1.60494e-10, cumulative = -4.91899e-06
DICPCG:  Solving for p_rgh, Initial residual = 0.000157667, Final residual = 7.70993e-06, No Iterations 15
DICPCG:  Solving for p_rgh, Initial residual = 7.70976e-06, Final residual = 9.35873e-08, No Iterations 228
time step continuity errors : sum local = 8.1215e-11, global = 3.04661e-13, cumulative = -4.91899e-06
ExecutionTime = 1874.46 s  ClockTime = 1882 s

Courant Number mean: 0.140359 max: 0.425173
Interface Courant Number mean: 0.000565917 max: 0.391522
deltaT = 0.00016185
Time = 0.0725549

PIMPLE: iteration 1
smoothSolver:  Solving for alpha.water, Initial residual = 0.0126091, Final residual = 1.9916e-10, No Iterations 3
Phase-1 volume fraction = 0.997811  Min(alpha.water) = 0.00513105  Max(alpha.water) = 1
MULES: Correcting alpha.water
MULES: Correcting alpha.water
Phase-1 volume fraction = 0.997811  Min(alpha.water) = 0.00500071  Max(alpha.water) = 1.00003
DICPCG:  Solving for p_rgh, Initial residual = 0.0685419, Final residual = 0.00227649, No Iterations 4
DICPCG:  Solving for p_rgh, Initial residual = 0.00227941, Final residual = 0.00011176, No Iterations 13
time step continuity errors : sum local = 8.56691e-08, global = -2.74103e-09, cumulative = -4.92173e-06
DICPCG:  Solving for p_rgh, Initial residual = 0.0012479, Final residual = 6.13649e-05, No Iterations 8
DICPCG:  Solving for p_rgh, Initial residual = 6.13575e-05, Final residual = 2.92615e-06, No Iterations 143
time step continuity errors : sum local = 2.24238e-09, global = -1.13783e-11, cumulative = -4.92174e-06
DICPCG:  Solving for p_rgh, Initial residual = 0.00014354, Final residual = 7.1554e-06, No Iterations 14
DICPCG:  Solving for p_rgh, Initial residual = 7.15529e-06, Final residual = 9.74651e-08, No Iterations 230
time step continuity errors : sum local = 7.46962e-11, global = 1.11306e-12, cumulative = -4.92174e-06
ExecutionTime = 1884.31 s  ClockTime = 1892 s

Courant Number mean: 0.13141 max: 0.408828
Interface Courant Number mean: 0.000532043 max: 0.396617
deltaT = 0.000158406
Time = 0.0727133

PIMPLE: iteration 1
smoothSolver:  Solving for alpha.water, Initial residual = 0.0123894, Final residual = 1.91745e-10, No Iterations 3
Phase-1 volume fraction = 0.997811  Min(alpha.water) = 0.0051265  Max(alpha.water) = 1
MULES: Correcting alpha.water
MULES: Correcting alpha.water
Phase-1 volume fraction = 0.997811  Min(alpha.water) = 0.00500768  Max(alpha.water) = 1.00004
DICPCG:  Solving for p_rgh, Initial residual = 0.0681206, Final residual = 0.00219232, No Iterations 4
DICPCG:  Solving for p_rgh, Initial residual = 0.00219306, Final residual = 0.000101988, No Iterations 13
time step continuity errors : sum local = 7.49926e-08, global = -2.56503e-09, cumulative = -4.92431e-06
DICPCG:  Solving for p_rgh, Initial residual = 0.00124525, Final residual = 5.85172e-05, No Iterations 8
DICPCG:  Solving for p_rgh, Initial residual = 5.85101e-05, Final residual = 2.90704e-06, No Iterations 224
time step continuity errors : sum local = 2.13701e-09, global = -1.67369e-11, cumulative = -4.92432e-06
DICPCG:  Solving for p_rgh, Initial residual = 0.00014203, Final residual = 6.8387e-06, No Iterations 19
DICPCG:  Solving for p_rgh, Initial residual = 6.8386e-06, Final residual = 9.91962e-08, No Iterations 228
time step continuity errors : sum local = 7.29743e-11, global = 1.012e-12, cumulative = -4.92432e-06
ExecutionTime = 1892.69 s  ClockTime = 1900 s

Courant Number mean: 0.128624 max: 0.410206
Interface Courant Number mean: 0.000517409 max: 0.410206
deltaT = 0.000155036
Time = 0.0728684

PIMPLE: iteration 1
smoothSolver:  Solving for alpha.water, Initial residual = 0.0121627, Final residual = 1.80599e-10, No Iterations 3
Phase-1 volume fraction = 0.997811  Min(alpha.water) = 0.00512118  Max(alpha.water) = 1
MULES: Correcting alpha.water
MULES: Correcting alpha.water
Phase-1 volume fraction = 0.997811  Min(alpha.water) = 0.00501503  Max(alpha.water) = 1.00003
DICPCG:  Solving for p_rgh, Initial residual = 0.0676137, Final residual = 0.00212232, No Iterations 4
DICPCG:  Solving for p_rgh, Initial residual = 0.0021243, Final residual = 9.63955e-05, No Iterations 14
time step continuity errors : sum local = 6.79539e-08, global = -2.4186e-09, cumulative = -4.92674e-06
DICPCG:  Solving for p_rgh, Initial residual = 0.00126292, Final residual = 6.22061e-05, No Iterations 8
DICPCG:  Solving for p_rgh, Initial residual = 6.21987e-05, Final residual = 3.08396e-06, No Iterations 221
time step continuity errors : sum local = 2.17355e-09, global = -7.8619e-12, cumulative = -4.92675e-06
DICPCG:  Solving for p_rgh, Initial residual = 0.000142873, Final residual = 6.91255e-06, No Iterations 181
DICPCG:  Solving for p_rgh, Initial residual = 6.91697e-06, Final residual = 9.03091e-08, No Iterations 223
time step continuity errors : sum local = 6.36954e-11, global = -4.90207e-13, cumulative = -4.92675e-06
ExecutionTime = 1900.58 s  ClockTime = 1908 s

Courant Number mean: 0.125896 max: 0.413756
Interface Courant Number mean: 0.000498241 max: 0.355204
deltaT = 0.000148576
Time = 0.0730169

PIMPLE: iteration 1
smoothSolver:  Solving for alpha.water, Initial residual = 0.0116742, Final residual = 1.45423e-10, No Iterations 3
Phase-1 volume fraction = 0.997811  Min(alpha.water) = 0.00512089  Max(alpha.water) = 1
MULES: Correcting alpha.water
MULES: Correcting alpha.water
Phase-1 volume fraction = 0.997811  Min(alpha.water) = 0.00504073  Max(alpha.water) = 1.00003
DICPCG:  Solving for p_rgh, Initial residual = 0.0651659, Final residual = 0.00206322, No Iterations 4
DICPCG:  Solving for p_rgh, Initial residual = 0.00206645, Final residual = 9.364e-05, No Iterations 13
time step continuity errors : sum local = 6.08552e-08, global = -2.15323e-09, cumulative = -4.9289e-06
DICPCG:  Solving for p_rgh, Initial residual = 0.00124849, Final residual = 5.85688e-05, No Iterations 8
DICPCG:  Solving for p_rgh, Initial residual = 5.85614e-05, Final residual = 2.71175e-06, No Iterations 210
time step continuity errors : sum local = 1.76201e-09, global = 2.79335e-11, cumulative = -4.92887e-06
DICPCG:  Solving for p_rgh, Initial residual = 0.000135923, Final residual = 6.68457e-06, No Iterations 203
DICPCG:  Solving for p_rgh, Initial residual = 6.68848e-06, Final residual = 9.88806e-08, No Iterations 183
time step continuity errors : sum local = 6.4274e-11, global = 5.00301e-12, cumulative = -4.92887e-06
ExecutionTime = 1908.03 s  ClockTime = 1916 s

Courant Number mean: 0.12066 max: 0.395137
Interface Courant Number mean: 0.000477775 max: 0.349826
deltaT = 0.000151806
Time = 0.0731687

PIMPLE: iteration 1
smoothSolver:  Solving for alpha.water, Initial residual = 0.0119391, Final residual = 1.81416e-10, No Iterations 3
Phase-1 volume fraction = 0.997811  Min(alpha.water) = 0.00512069  Max(alpha.water) = 1
MULES: Correcting alpha.water
MULES: Correcting alpha.water
Phase-1 volume fraction = 0.997811  Min(alpha.water) = 0.00504181  Max(alpha.water) = 1.00002
DICPCG:  Solving for p_rgh, Initial residual = 0.0664742, Final residual = 0.0021412, No Iterations 4
DICPCG:  Solving for p_rgh, Initial residual = 0.00214606, Final residual = 9.63996e-05, No Iterations 13
time step continuity errors : sum local = 6.48313e-08, global = -2.2775e-09, cumulative = -4.93115e-06
DICPCG:  Solving for p_rgh, Initial residual = 0.00129821, Final residual = 6.06021e-05, No Iterations 8
DICPCG:  Solving for p_rgh, Initial residual = 6.05936e-05, Final residual = 2.85852e-06, No Iterations 197
time step continuity errors : sum local = 1.92209e-09, global = -5.4382e-11, cumulative = -4.9312e-06
DICPCG:  Solving for p_rgh, Initial residual = 0.000143982, Final residual = 7.07125e-06, No Iterations 15
DICPCG:  Solving for p_rgh, Initial residual = 7.07121e-06, Final residual = 8.54109e-08, No Iterations 230
time step continuity errors : sum local = 5.74662e-11, global = 9.22299e-13, cumulative = -4.9312e-06
ExecutionTime = 1913.66 s  ClockTime = 1921 s

Courant Number mean: 0.123293 max: 0.392368
Interface Courant Number mean: 0.000488968 max: 0.381838
deltaT = 0.000155256
Time = 0.073324

PIMPLE: iteration 1
smoothSolver:  Solving for alpha.water, Initial residual = 0.0122216, Final residual = 2.29129e-10, No Iterations 3
Phase-1 volume fraction = 0.997811  Min(alpha.water) = 0.00512082  Max(alpha.water) = 1
MULES: Correcting alpha.water
MULES: Correcting alpha.water
Phase-1 volume fraction = 0.997811  Min(alpha.water) = 0.00505815  Max(alpha.water) = 1.00001
DICPCG:  Solving for p_rgh, Initial residual = 0.0676133, Final residual = 0.00219828, No Iterations 4
DICPCG:  Solving for p_rgh, Initial residual = 0.00220005, Final residual = 9.40769e-05, No Iterations 14
time step continuity errors : sum local = 6.57475e-08, global = -2.42251e-09, cumulative = -4.93362e-06
DICPCG:  Solving for p_rgh, Initial residual = 0.00132411, Final residual = 5.85954e-05, No Iterations 9
DICPCG:  Solving for p_rgh, Initial residual = 5.85875e-05, Final residual = 2.90335e-06, No Iterations 162
time step continuity errors : sum local = 2.02862e-09, global = -1.46172e-11, cumulative = -4.93364e-06
DICPCG:  Solving for p_rgh, Initial residual = 0.0001513, Final residual = 7.52826e-06, No Iterations 17
DICPCG:  Solving for p_rgh, Initial residual = 7.52824e-06, Final residual = 9.60082e-08, No Iterations 229
time step continuity errors : sum local = 6.71135e-11, global = 1.23208e-12, cumulative = -4.93364e-06
ExecutionTime = 1918.92 s  ClockTime = 1926 s

Courant Number mean: 0.126106 max: 0.407613
Interface Courant Number mean: 0.000503655 max: 0.407613
deltaT = 0.000151727
Time = 0.0734757

PIMPLE: iteration 1
smoothSolver:  Solving for alpha.water, Initial residual = 0.0119512, Final residual = 2.16161e-10, No Iterations 3
Phase-1 volume fraction = 0.997811  Min(alpha.water) = 0.0051214  Max(alpha.water) = 1
MULES: Correcting alpha.water
MULES: Correcting alpha.water
Phase-1 volume fraction = 0.997811  Min(alpha.water) = 0.00508702  Max(alpha.water) = 1.00002
DICPCG:  Solving for p_rgh, Initial residual = 0.0663388, Final residual = 0.00214398, No Iterations 4
DICPCG:  Solving for p_rgh, Initial residual = 0.00214363, Final residual = 9.65372e-05, No Iterations 14
time step continuity errors : sum local = 6.46298e-08, global = -2.26883e-09, cumulative = -4.9359e-06
DICPCG:  Solving for p_rgh, Initial residual = 0.00128156, Final residual = 6.32114e-05, No Iterations 8
DICPCG:  Solving for p_rgh, Initial residual = 6.32019e-05, Final residual = 3.0736e-06, No Iterations 188
time step continuity errors : sum local = 2.05739e-09, global = -1.78793e-11, cumulative = -4.93592e-06
DICPCG:  Solving for p_rgh, Initial residual = 0.000146641, Final residual = 7.21277e-06, No Iterations 17
DICPCG:  Solving for p_rgh, Initial residual = 7.21271e-06, Final residual = 9.16612e-08, No Iterations 229
time step continuity errors : sum local = 6.13745e-11, global = 1.28302e-12, cumulative = -4.93592e-06
ExecutionTime = 1924.62 s  ClockTime = 1932 s

Courant Number mean: 0.12325 max: 0.407806
Interface Courant Number mean: 0.000490582 max: 0.34497
deltaT = 0.000148279
Time = 0.073624

PIMPLE: iteration 1
smoothSolver:  Solving for alpha.water, Initial residual = 0.0116893, Final residual = 1.97063e-10, No Iterations 3
Phase-1 volume fraction = 0.997811  Min(alpha.water) = 0.00512176  Max(alpha.water) = 1
MULES: Correcting alpha.water
MULES: Correcting alpha.water
Phase-1 volume fraction = 0.997811  Min(alpha.water) = 0.00511009  Max(alpha.water) = 1.00001
DICPCG:  Solving for p_rgh, Initial residual = 0.0635229, Final residual = 0.00207232, No Iterations 4
DICPCG:  Solving for p_rgh, Initial residual = 0.00206975, Final residual = 9.43095e-05, No Iterations 17
time step continuity errors : sum local = 6.0606e-08, global = -2.12955e-09, cumulative = -4.93805e-06
DICPCG:  Solving for p_rgh, Initial residual = 0.00123121, Final residual = 6.01143e-05, No Iterations 9
DICPCG:  Solving for p_rgh, Initial residual = 6.01017e-05, Final residual = 2.71607e-06, No Iterations 217
time step continuity errors : sum local = 1.74541e-09, global = -1.47422e-11, cumulative = -4.93806e-06
DICPCG:  Solving for p_rgh, Initial residual = 0.000139457, Final residual = 6.65904e-06, No Iterations 24
DICPCG:  Solving for p_rgh, Initial residual = 6.65899e-06, Final residual = 9.22167e-08, No Iterations 222
time step continuity errors : sum local = 5.92829e-11, global = 1.32533e-12, cumulative = -4.93806e-06
ExecutionTime = 1930.71 s  ClockTime = 1938 s

Courant Number mean: 0.120459 max: 0.401425
Interface Courant Number mean: 0.000481226 max: 0.337552
deltaT = 0.000148279
Time = 0.0737723

PIMPLE: iteration 1
smoothSolver:  Solving for alpha.water, Initial residual = 0.0117107, Final residual = 1.99765e-10, No Iterations 3
Phase-1 volume fraction = 0.997811  Min(alpha.water) = 0.00512223  Max(alpha.water) = 1
MULES: Correcting alpha.water
MULES: Correcting alpha.water
Phase-1 volume fraction = 0.997811  Min(alpha.water) = 0.00503577  Max(alpha.water) = 1.00001
DICPCG:  Solving for p_rgh, Initial residual = 0.0622471, Final residual = 0.00205312, No Iterations 4
DICPCG:  Solving for p_rgh, Initial residual = 0.00205167, Final residual = 9.40341e-05, No Iterations 17
time step continuity errors : sum local = 6.04476e-08, global = -2.12931e-09, cumulative = -4.94019e-06
DICPCG:  Solving for p_rgh, Initial residual = 0.0012303, Final residual = 5.92401e-05, No Iterations 9
DICPCG:  Solving for p_rgh, Initial residual = 5.92274e-05, Final residual = 2.91201e-06, No Iterations 191
time step continuity errors : sum local = 1.87193e-09, global = -2.78891e-11, cumulative = -4.94022e-06
DICPCG:  Solving for p_rgh, Initial residual = 0.000140863, Final residual = 7.04244e-06, No Iterations 24
DICPCG:  Solving for p_rgh, Initial residual = 7.0424e-06, Final residual = 9.66076e-08, No Iterations 224
time step continuity errors : sum local = 6.21424e-11, global = 9.0011e-13, cumulative = -4.94022e-06
ExecutionTime = 1936.85 s  ClockTime = 1944 s

Courant Number mean: 0.120469 max: 0.399268
Interface Courant Number mean: 0.000487329 max: 0.347683
deltaT = 0.000148279
Time = 0.0739206

PIMPLE: iteration 1
smoothSolver:  Solving for alpha.water, Initial residual = 0.0117256, Final residual = 2.04899e-10, No Iterations 3
Phase-1 volume fraction = 0.997811  Min(alpha.water) = 0.00511921  Max(alpha.water) = 1
MULES: Correcting alpha.water
MULES: Correcting alpha.water
Phase-1 volume fraction = 0.997811  Min(alpha.water) = 0.00504806  Max(alpha.water) = 1.00001
DICPCG:  Solving for p_rgh, Initial residual = 0.0620938, Final residual = 0.00210094, No Iterations 4
DICPCG:  Solving for p_rgh, Initial residual = 0.00210343, Final residual = 0.000102009, No Iterations 14
time step continuity errors : sum local = 6.5364e-08, global = -2.12436e-09, cumulative = -4.94234e-06
DICPCG:  Solving for p_rgh, Initial residual = 0.00123998, Final residual = 5.95221e-05, No Iterations 9
DICPCG:  Solving for p_rgh, Initial residual = 5.95093e-05, Final residual = 2.94805e-06, No Iterations 142
time step continuity errors : sum local = 1.889e-09, global = -8.7485e-12, cumulative = -4.94235e-06
DICPCG:  Solving for p_rgh, Initial residual = 0.000144448, Final residual = 7.02571e-06, No Iterations 19
DICPCG:  Solving for p_rgh, Initial residual = 7.02566e-06, Final residual = 9.9726e-08, No Iterations 228
time step continuity errors : sum local = 6.39036e-11, global = 1.53566e-12, cumulative = -4.94235e-06
ExecutionTime = 1942.03 s  ClockTime = 1950 s

Courant Number mean: 0.120478 max: 0.394197
Interface Courant Number mean: 0.000489923 max: 0.354319
deltaT = 0.000151986
Time = 0.0740726

PIMPLE: iteration 1
smoothSolver:  Solving for alpha.water, Initial residual = 0.0120319, Final residual = 2.59556e-10, No Iterations 3
Phase-1 volume fraction = 0.997811  Min(alpha.water) = 0.00510069  Max(alpha.water) = 1
MULES: Correcting alpha.water
MULES: Correcting alpha.water
Phase-1 volume fraction = 0.997811  Min(alpha.water) = 0.00500728  Max(alpha.water) = 1.00001
DICPCG:  Solving for p_rgh, Initial residual = 0.0649098, Final residual = 0.00217245, No Iterations 4
DICPCG:  Solving for p_rgh, Initial residual = 0.00217792, Final residual = 0.000106728, No Iterations 14
time step continuity errors : sum local = 7.10899e-08, global = -2.27309e-09, cumulative = -4.94462e-06
DICPCG:  Solving for p_rgh, Initial residual = 0.00129337, Final residual = 6.0235e-05, No Iterations 9
DICPCG:  Solving for p_rgh, Initial residual = 6.02224e-05, Final residual = 2.91407e-06, No Iterations 85
time step continuity errors : sum local = 1.94098e-09, global = -1.76176e-10, cumulative = -4.9448e-06
DICPCG:  Solving for p_rgh, Initial residual = 0.000153812, Final residual = 7.01433e-06, No Iterations 19
DICPCG:  Solving for p_rgh, Initial residual = 7.01427e-06, Final residual = 9.77148e-08, No Iterations 229
time step continuity errors : sum local = 6.50875e-11, global = 1.18378e-12, cumulative = -4.9448e-06
ExecutionTime = 1946.6 s  ClockTime = 1954 s

Courant Number mean: 0.123499 max: 0.398012
Interface Courant Number mean: 0.000504654 max: 0.373537
deltaT = 0.000151986
Time = 0.0742245

PIMPLE: iteration 1
smoothSolver:  Solving for alpha.water, Initial residual = 0.0120654, Final residual = 2.83863e-10, No Iterations 3
Phase-1 volume fraction = 0.997811  Min(alpha.water) = 0.00507696  Max(alpha.water) = 1
MULES: Correcting alpha.water
MULES: Correcting alpha.water
Phase-1 volume fraction = 0.997811  Min(alpha.water) = 0.00502313  Max(alpha.water) = 1.00001
DICPCG:  Solving for p_rgh, Initial residual = 0.0665268, Final residual = 0.00217103, No Iterations 4
DICPCG:  Solving for p_rgh, Initial residual = 0.00217773, Final residual = 0.000102338, No Iterations 14
time step continuity errors : sum local = 6.76591e-08, global = -2.24717e-09, cumulative = -4.94705e-06
DICPCG:  Solving for p_rgh, Initial residual = 0.00132381, Final residual = 5.77804e-05, No Iterations 9
DICPCG:  Solving for p_rgh, Initial residual = 5.77685e-05, Final residual = 2.63617e-06, No Iterations 220
time step continuity errors : sum local = 1.74283e-09, global = -9.7859e-12, cumulative = -4.94706e-06
DICPCG:  Solving for p_rgh, Initial residual = 0.000158232, Final residual = 7.68582e-06, No Iterations 19
DICPCG:  Solving for p_rgh, Initial residual = 7.68575e-06, Final residual = 9.98936e-08, No Iterations 226
time step continuity errors : sum local = 6.60837e-11, global = 5.85827e-13, cumulative = -4.94706e-06
ExecutionTime = 1952.47 s  ClockTime = 1960 s

Courant Number mean: 0.123507 max: 0.400541
Interface Courant Number mean: 0.000503738 max: 0.334689
deltaT = 0.000151986
Time = 0.0743765

PIMPLE: iteration 1
smoothSolver:  Solving for alpha.water, Initial residual = 0.0120965, Final residual = 3.01112e-10, No Iterations 3
Phase-1 volume fraction = 0.997811  Min(alpha.water) = 0.005063  Max(alpha.water) = 1
MULES: Correcting alpha.water
MULES: Correcting alpha.water
Phase-1 volume fraction = 0.997811  Min(alpha.water) = 0.00502236  Max(alpha.water) = 1.00003
DICPCG:  Solving for p_rgh, Initial residual = 0.0668474, Final residual = 0.00221214, No Iterations 4
DICPCG:  Solving for p_rgh, Initial residual = 0.00221937, Final residual = 0.000101776, No Iterations 14
time step continuity errors : sum local = 6.67886e-08, global = -2.26751e-09, cumulative = -4.94932e-06
DICPCG:  Solving for p_rgh, Initial residual = 0.00134594, Final residual = 6.66458e-05, No Iterations 8
DICPCG:  Solving for p_rgh, Initial residual = 6.66326e-05, Final residual = 3.12759e-06, No Iterations 218
time step continuity errors : sum local = 2.05233e-09, global = -1.72487e-11, cumulative = -4.94934e-06
DICPCG:  Solving for p_rgh, Initial residual = 0.000162649, Final residual = 7.58235e-06, No Iterations 19
DICPCG:  Solving for p_rgh, Initial residual = 7.58227e-06, Final residual = 8.29939e-08, No Iterations 227
time step continuity errors : sum local = 5.45046e-11, global = 6.91458e-13, cumulative = -4.94934e-06
ExecutionTime = 1958.14 s  ClockTime = 1966 s

Courant Number mean: 0.123514 max: 0.402352
Interface Courant Number mean: 0.000504436 max: 0.344633
deltaT = 0.000151986
Time = 0.0745285

PIMPLE: iteration 1
smoothSolver:  Solving for alpha.water, Initial residual = 0.0121141, Final residual = 3.03844e-10, No Iterations 3
Phase-1 volume fraction = 0.997811  Min(alpha.water) = 0.00505999  Max(alpha.water) = 1
MULES: Correcting alpha.water
MULES: Correcting alpha.water
Phase-1 volume fraction = 0.997811  Min(alpha.water) = 0.00500685  Max(alpha.water) = 1.00003
DICPCG:  Solving for p_rgh, Initial residual = 0.0680856, Final residual = 0.00222826, No Iterations 4
DICPCG:  Solving for p_rgh, Initial residual = 0.00223208, Final residual = 0.000106517, No Iterations 14
time step continuity errors : sum local = 6.96152e-08, global = -2.26283e-09, cumulative = -4.9516e-06
DICPCG:  Solving for p_rgh, Initial residual = 0.00136629, Final residual = 6.01343e-05, No Iterations 9
DICPCG:  Solving for p_rgh, Initial residual = 6.0124e-05, Final residual = 2.66834e-06, No Iterations 220
time step continuity errors : sum local = 1.74374e-09, global = -3.72702e-11, cumulative = -4.95164e-06
DICPCG:  Solving for p_rgh, Initial residual = 0.000166765, Final residual = 8.15525e-06, No Iterations 17
DICPCG:  Solving for p_rgh, Initial residual = 8.15516e-06, Final residual = 9.46819e-08, No Iterations 228
time step continuity errors : sum local = 6.19214e-11, global = 7.04523e-13, cumulative = -4.95164e-06
ExecutionTime = 1963.85 s  ClockTime = 1972 s

Courant Number mean: 0.123521 max: 0.403604
Interface Courant Number mean: 0.000507391 max: 0.354297
deltaT = 0.000151986
Time = 0.0746805

PIMPLE: iteration 1
smoothSolver:  Solving for alpha.water, Initial residual = 0.0121329, Final residual = 3.01937e-10, No Iterations 3
Phase-1 volume fraction = 0.997811  Min(alpha.water) = 0.00505813  Max(alpha.water) = 1
MULES: Correcting alpha.water
MULES: Correcting alpha.water
Phase-1 volume fraction = 0.997811  Min(alpha.water) = 0.00501073  Max(alpha.water) = 1.00005
DICPCG:  Solving for p_rgh, Initial residual = 0.0694541, Final residual = 0.00223128, No Iterations 4
DICPCG:  Solving for p_rgh, Initial residual = 0.0022293, Final residual = 0.000101905, No Iterations 14
time step continuity errors : sum local = 6.66752e-08, global = -2.25879e-09, cumulative = -4.9539e-06
DICPCG:  Solving for p_rgh, Initial residual = 0.00136654, Final residual = 6.01841e-05, No Iterations 9
DICPCG:  Solving for p_rgh, Initial residual = 6.0174e-05, Final residual = 2.87102e-06, No Iterations 220
time step continuity errors : sum local = 1.87824e-09, global = 4.26891e-12, cumulative = -4.95389e-06
DICPCG:  Solving for p_rgh, Initial residual = 0.000168815, Final residual = 8.36309e-06, No Iterations 15
DICPCG:  Solving for p_rgh, Initial residual = 8.36297e-06, Final residual = 8.52701e-08, No Iterations 231
time step continuity errors : sum local = 5.5813e-11, global = 6.24949e-13, cumulative = -4.95389e-06
ExecutionTime = 1969.83 s  ClockTime = 1978 s

Courant Number mean: 0.123528 max: 0.409185
Interface Courant Number mean: 0.000506404 max: 0.366906
deltaT = 0.000147764
Time = 0.0748283

PIMPLE: iteration 1
smoothSolver:  Solving for alpha.water, Initial residual = 0.0118292, Final residual = 2.62526e-10, No Iterations 3
Phase-1 volume fraction = 0.997811  Min(alpha.water) = 0.00505865  Max(alpha.water) = 1
MULES: Correcting alpha.water
MULES: Correcting alpha.water
Phase-1 volume fraction = 0.997811  Min(alpha.water) = 0.00502293  Max(alpha.water) = 1.00005
DICPCG:  Solving for p_rgh, Initial residual = 0.0669999, Final residual = 0.00214941, No Iterations 4
DICPCG:  Solving for p_rgh, Initial residual = 0.00214524, Final residual = 9.68682e-05, No Iterations 14
time step continuity errors : sum local = 6.03804e-08, global = -2.09126e-09, cumulative = -4.95598e-06
DICPCG:  Solving for p_rgh, Initial residual = 0.0013461, Final residual = 6.60299e-05, No Iterations 8
DICPCG:  Solving for p_rgh, Initial residual = 6.60181e-05, Final residual = 3.06788e-06, No Iterations 219
time step continuity errors : sum local = 1.91216e-09, global = -2.19636e-12, cumulative = -4.95599e-06
DICPCG:  Solving for p_rgh, Initial residual = 0.000163725, Final residual = 8.07601e-06, No Iterations 17
DICPCG:  Solving for p_rgh, Initial residual = 8.07589e-06, Final residual = 8.62914e-08, No Iterations 228
time step continuity errors : sum local = 5.38295e-11, global = 5.0722e-13, cumulative = -4.95599e-06
ExecutionTime = 1975.6 s  ClockTime = 1983 s

Courant Number mean: 0.120103 max: 0.406835
Interface Courant Number mean: 0.000493865 max: 0.37705
deltaT = 0.000143659
Time = 0.0749719

PIMPLE: iteration 1
smoothSolver:  Solving for alpha.water, Initial residual = 0.0115307, Final residual = 2.3527e-10, No Iterations 3
Phase-1 volume fraction = 0.997811  Min(alpha.water) = 0.00505878  Max(alpha.water) = 1
MULES: Correcting alpha.water
MULES: Correcting alpha.water
Phase-1 volume fraction = 0.997811  Min(alpha.water) = 0.00503331  Max(alpha.water) = 1.00003
DICPCG:  Solving for p_rgh, Initial residual = 0.0642813, Final residual = 0.00207919, No Iterations 4
DICPCG:  Solving for p_rgh, Initial residual = 0.00207887, Final residual = 9.96732e-05, No Iterations 14
time step continuity errors : sum local = 5.8998e-08, global = -1.93461e-09, cumulative = -4.95792e-06
DICPCG:  Solving for p_rgh, Initial residual = 0.00133506, Final residual = 6.43601e-05, No Iterations 8
DICPCG:  Solving for p_rgh, Initial residual = 6.43478e-05, Final residual = 2.8843e-06, No Iterations 217
time step continuity errors : sum local = 1.70721e-09, global = 1.30495e-11, cumulative = -4.95791e-06
DICPCG:  Solving for p_rgh, Initial residual = 0.000161083, Final residual = 7.85679e-06, No Iterations 18
DICPCG:  Solving for p_rgh, Initial residual = 7.85668e-06, Final residual = 9.77073e-08, No Iterations 227
time step continuity errors : sum local = 5.7879e-11, global = 6.06752e-13, cumulative = -4.95791e-06
ExecutionTime = 1981.27 s  ClockTime = 1989 s

Courant Number mean: 0.116771 max: 0.403639
Interface Courant Number mean: 0.000471261 max: 0.386718
deltaT = 0.000143659
Time = 0.0751156

PIMPLE: iteration 1
smoothSolver:  Solving for alpha.water, Initial residual = 0.0115511, Final residual = 2.49471e-10, No Iterations 3
Phase-1 volume fraction = 0.997811  Min(alpha.water) = 0.00505872  Max(alpha.water) = 1
MULES: Correcting alpha.water
MULES: Correcting alpha.water
Phase-1 volume fraction = 0.997811  Min(alpha.water) = 0.00504427  Max(alpha.water) = 1.00002
DICPCG:  Solving for p_rgh, Initial residual = 0.0641144, Final residual = 0.00208675, No Iterations 4
DICPCG:  Solving for p_rgh, Initial residual = 0.00208714, Final residual = 0.000104286, No Iterations 16
time step continuity errors : sum local = 6.16846e-08, global = -1.93544e-09, cumulative = -4.95984e-06
DICPCG:  Solving for p_rgh, Initial residual = 0.0013549, Final residual = 6.69184e-05, No Iterations 7
DICPCG:  Solving for p_rgh, Initial residual = 6.69037e-05, Final residual = 3.10952e-06, No Iterations 188
time step continuity errors : sum local = 1.83927e-09, global = -2.43597e-11, cumulative = -4.95987e-06
DICPCG:  Solving for p_rgh, Initial residual = 0.000165778, Final residual = 7.89591e-06, No Iterations 16
DICPCG:  Solving for p_rgh, Initial residual = 7.89582e-06, Final residual = 9.29685e-08, No Iterations 228
time step continuity errors : sum local = 5.50166e-11, global = 5.62157e-13, cumulative = -4.95987e-06
ExecutionTime = 1986.91 s  ClockTime = 1995 s

Courant Number mean: 0.116776 max: 0.411292
Interface Courant Number mean: 0.000469928 max: 0.407277
deltaT = 0.000139555
Time = 0.0752551

PIMPLE: iteration 1
smoothSolver:  Solving for alpha.water, Initial residual = 0.0112292, Final residual = 2.18634e-10, No Iterations 3
Phase-1 volume fraction = 0.997811  Min(alpha.water) = 0.0050589  Max(alpha.water) = 1
MULES: Correcting alpha.water
MULES: Correcting alpha.water
Phase-1 volume fraction = 0.997811  Min(alpha.water) = 0.00497354  Max(alpha.water) = 1.00003
DICPCG:  Solving for p_rgh, Initial residual = 0.0629189, Final residual = 0.00202473, No Iterations 4
DICPCG:  Solving for p_rgh, Initial residual = 0.00202742, Final residual = 9.84219e-05, No Iterations 16
time step continuity errors : sum local = 5.50194e-08, global = -1.78149e-09, cumulative = -4.96165e-06
DICPCG:  Solving for p_rgh, Initial residual = 0.00133371, Final residual = 6.20559e-05, No Iterations 7
DICPCG:  Solving for p_rgh, Initial residual = 6.20445e-05, Final residual = 3.01695e-06, No Iterations 217
time step continuity errors : sum local = 1.68644e-09, global = -8.12544e-12, cumulative = -4.96166e-06
DICPCG:  Solving for p_rgh, Initial residual = 0.00016397, Final residual = 7.95258e-06, No Iterations 11
DICPCG:  Solving for p_rgh, Initial residual = 7.95247e-06, Final residual = 9.23163e-08, No Iterations 233
time step continuity errors : sum local = 5.16298e-11, global = 2.62267e-13, cumulative = -4.96166e-06
ExecutionTime = 1993.36 s  ClockTime = 2001 s

Courant Number mean: 0.113443 max: 0.417213
Interface Courant Number mean: 0.000451387 max: 0.417213
deltaT = 0.000135568
Time = 0.0753907

PIMPLE: iteration 1
smoothSolver:  Solving for alpha.water, Initial residual = 0.0109159, Final residual = 1.9069e-10, No Iterations 3
Phase-1 volume fraction = 0.997811  Min(alpha.water) = 0.00505689  Max(alpha.water) = 1
MULES: Correcting alpha.water
MULES: Correcting alpha.water
Phase-1 volume fraction = 0.997811  Min(alpha.water) = 0.00499216  Max(alpha.water) = 1.00002
DICPCG:  Solving for p_rgh, Initial residual = 0.0616219, Final residual = 0.00197727, No Iterations 4
DICPCG:  Solving for p_rgh, Initial residual = 0.00197833, Final residual = 9.613e-05, No Iterations 16
time step continuity errors : sum local = 5.08614e-08, global = -1.64566e-09, cumulative = -4.9633e-06
DICPCG:  Solving for p_rgh, Initial residual = 0.00131756, Final residual = 5.77881e-05, No Iterations 7
DICPCG:  Solving for p_rgh, Initial residual = 5.77789e-05, Final residual = 2.77992e-06, No Iterations 83
time step continuity errors : sum local = 1.4707e-09, global = -1.43594e-10, cumulative = -4.96344e-06
DICPCG:  Solving for p_rgh, Initial residual = 0.000161934, Final residual = 7.29133e-06, No Iterations 9
DICPCG:  Solving for p_rgh, Initial residual = 7.29126e-06, Final residual = 9.54015e-08, No Iterations 232
time step continuity errors : sum local = 5.04733e-11, global = 3.27551e-13, cumulative = -4.96344e-06
ExecutionTime = 1998.29 s  ClockTime = 2006 s

Courant Number mean: 0.110204 max: 0.426425
Interface Courant Number mean: 0.00043162 max: 0.426425
deltaT = 0.000128036
Time = 0.0755187

PIMPLE: iteration 1
smoothSolver:  Solving for alpha.water, Initial residual = 0.0103074, Final residual = 1.40152e-10, No Iterations 3
Phase-1 volume fraction = 0.997811  Min(alpha.water) = 0.00504823  Max(alpha.water) = 1
MULES: Correcting alpha.water
MULES: Correcting alpha.water
Phase-1 volume fraction = 0.997811  Min(alpha.water) = 0.00493429  Max(alpha.water) = 1.00002
DICPCG:  Solving for p_rgh, Initial residual = 0.059315, Final residual = 0.00185639, No Iterations 4
DICPCG:  Solving for p_rgh, Initial residual = 0.00185701, Final residual = 9.00022e-05, No Iterations 14
time step continuity errors : sum local = 4.27886e-08, global = -1.38783e-09, cumulative = -4.96483e-06
DICPCG:  Solving for p_rgh, Initial residual = 0.00127003, Final residual = 5.94055e-05, No Iterations 7
DICPCG:  Solving for p_rgh, Initial residual = 5.93966e-05, Final residual = 2.86587e-06, No Iterations 82
time step continuity errors : sum local = 1.36241e-09, global = -2.1361e-10, cumulative = -4.96505e-06
DICPCG:  Solving for p_rgh, Initial residual = 0.000153292, Final residual = 7.5573e-06, No Iterations 9
DICPCG:  Solving for p_rgh, Initial residual = 7.55723e-06, Final residual = 9.64973e-08, No Iterations 231
time step continuity errors : sum local = 4.58754e-11, global = 9.56459e-14, cumulative = -4.96505e-06
ExecutionTime = 2002.89 s  ClockTime = 2011 s

Courant Number mean: 0.104084 max: 0.422752
Interface Courant Number mean: 0.000403789 max: 0.422752
deltaT = 0.000121115
Time = 0.0756399

PIMPLE: iteration 1
smoothSolver:  Solving for alpha.water, Initial residual = 0.0097506, Final residual = 1.05216e-10, No Iterations 3
Phase-1 volume fraction = 0.997811  Min(alpha.water) = 0.00503768  Max(alpha.water) = 1
MULES: Correcting alpha.water
MULES: Correcting alpha.water
Phase-1 volume fraction = 0.997811  Min(alpha.water) = 0.00489027  Max(alpha.water) = 1.00002
DICPCG:  Solving for p_rgh, Initial residual = 0.0560265, Final residual = 0.00174332, No Iterations 4
DICPCG:  Solving for p_rgh, Initial residual = 0.00174209, Final residual = 7.68052e-05, No Iterations 14
time step continuity errors : sum local = 3.29661e-08, global = -1.18287e-09, cumulative = -4.96623e-06
DICPCG:  Solving for p_rgh, Initial residual = 0.00121221, Final residual = 5.3851e-05, No Iterations 7
DICPCG:  Solving for p_rgh, Initial residual = 5.38442e-05, Final residual = 2.61361e-06, No Iterations 70
time step continuity errors : sum local = 1.12173e-09, global = -6.09408e-11, cumulative = -4.96629e-06
DICPCG:  Solving for p_rgh, Initial residual = 0.000144134, Final residual = 6.59869e-06, No Iterations 9
DICPCG:  Solving for p_rgh, Initial residual = 6.59866e-06, Final residual = 9.885e-08, No Iterations 230
time step continuity errors : sum local = 4.2426e-11, global = 2.06865e-13, cumulative = -4.96629e-06
ExecutionTime = 2007.55 s  ClockTime = 2015 s

Courant Number mean: 0.098458 max: 0.417743
Interface Courant Number mean: 0.000382398 max: 0.417743
deltaT = 0.000114741
Time = 0.0757546

PIMPLE: iteration 1
smoothSolver:  Solving for alpha.water, Initial residual = 0.00924088, Final residual = 8.02305e-11, No Iterations 3
Phase-1 volume fraction = 0.997811  Min(alpha.water) = 0.00502705  Max(alpha.water) = 1
MULES: Correcting alpha.water
MULES: Correcting alpha.water
Phase-1 volume fraction = 0.997811  Min(alpha.water) = 0.00490875  Max(alpha.water) = 1.00001
DICPCG:  Solving for p_rgh, Initial residual = 0.0534091, Final residual = 0.00164817, No Iterations 4
DICPCG:  Solving for p_rgh, Initial residual = 0.00164616, Final residual = 7.42928e-05, No Iterations 14
time step continuity errors : sum local = 2.88884e-08, global = -1.03098e-09, cumulative = -4.96732e-06
DICPCG:  Solving for p_rgh, Initial residual = 0.00116549, Final residual = 5.631e-05, No Iterations 7
DICPCG:  Solving for p_rgh, Initial residual = 5.63037e-05, Final residual = 2.73359e-06, No Iterations 73
time step continuity errors : sum local = 1.06288e-09, global = -1.05118e-10, cumulative = -4.96743e-06
DICPCG:  Solving for p_rgh, Initial residual = 0.000137515, Final residual = 6.47967e-06, No Iterations 9
DICPCG:  Solving for p_rgh, Initial residual = 6.47969e-06, Final residual = 9.97274e-08, No Iterations 199
time step continuity errors : sum local = 3.87762e-11, global = 1.84375e-12, cumulative = -4.96742e-06
ExecutionTime = 2011.78 s  ClockTime = 2020 s

Courant Number mean: 0.093276 max: 0.409655
Interface Courant Number mean: 0.000365413 max: 0.409655
deltaT = 0.000111721
Time = 0.0758663

PIMPLE: iteration 1
smoothSolver:  Solving for alpha.water, Initial residual = 0.00899432, Final residual = 7.25406e-11, No Iterations 3
Phase-1 volume fraction = 0.997811  Min(alpha.water) = 0.00501678  Max(alpha.water) = 1
MULES: Correcting alpha.water
MULES: Correcting alpha.water
Phase-1 volume fraction = 0.997811  Min(alpha.water) = 0.0049142  Max(alpha.water) = 1.00001
DICPCG:  Solving for p_rgh, Initial residual = 0.0520839, Final residual = 0.00258023, No Iterations 3
DICPCG:  Solving for p_rgh, Initial residual = 0.00257713, Final residual = 0.000120494, No Iterations 12
time step continuity errors : sum local = 4.46587e-08, global = -9.49679e-10, cumulative = -4.96837e-06
DICPCG:  Solving for p_rgh, Initial residual = 0.00118068, Final residual = 5.65773e-05, No Iterations 10
DICPCG:  Solving for p_rgh, Initial residual = 5.65729e-05, Final residual = 2.69015e-06, No Iterations 218
time step continuity errors : sum local = 9.96832e-10, global = -7.74072e-12, cumulative = -4.96838e-06
DICPCG:  Solving for p_rgh, Initial residual = 0.000140302, Final residual = 5.95049e-06, No Iterations 11
DICPCG:  Solving for p_rgh, Initial residual = 5.95055e-06, Final residual = 8.80733e-08, No Iterations 232
time step continuity errors : sum local = 3.26426e-11, global = -1.08102e-13, cumulative = -4.96838e-06
ExecutionTime = 2017.4 s  ClockTime = 2025 s

Courant Number mean: 0.0908206 max: 0.409169
Interface Courant Number mean: 0.000352041 max: 0.409169
deltaT = 0.000108781
Time = 0.0759751

PIMPLE: iteration 1
smoothSolver:  Solving for alpha.water, Initial residual = 0.00875497, Final residual = 6.47105e-11, No Iterations 3
Phase-1 volume fraction = 0.997811  Min(alpha.water) = 0.00500302  Max(alpha.water) = 1
MULES: Correcting alpha.water
MULES: Correcting alpha.water
Phase-1 volume fraction = 0.997811  Min(alpha.water) = 0.00492076  Max(alpha.water) = 1
DICPCG:  Solving for p_rgh, Initial residual = 0.0504538, Final residual = 0.00245903, No Iterations 3
DICPCG:  Solving for p_rgh, Initial residual = 0.00245311, Final residual = 0.000110521, No Iterations 12
time step continuity errors : sum local = 3.91351e-08, global = -8.94758e-10, cumulative = -4.96928e-06
DICPCG:  Solving for p_rgh, Initial residual = 0.00115698, Final residual = 5.41946e-05, No Iterations 10
DICPCG:  Solving for p_rgh, Initial residual = 5.41945e-05, Final residual = 2.62626e-06, No Iterations 215
time step continuity errors : sum local = 9.29624e-10, global = 4.34865e-12, cumulative = -4.96927e-06
DICPCG:  Solving for p_rgh, Initial residual = 0.000138812, Final residual = 6.04376e-06, No Iterations 11
DICPCG:  Solving for p_rgh, Initial residual = 6.04385e-06, Final residual = 9.67955e-08, No Iterations 232
time step continuity errors : sum local = 3.42729e-11, global = 1.16732e-13, cumulative = -4.96927e-06
ExecutionTime = 2023.29 s  ClockTime = 2031 s

Courant Number mean: 0.088429 max: 0.409332
Interface Courant Number mean: 0.0003377 max: 0.409332
deltaT = 0.000105919
Time = 0.076081

PIMPLE: iteration 1
smoothSolver:  Solving for alpha.water, Initial residual = 0.00851298, Final residual = 5.88292e-11, No Iterations 3
Phase-1 volume fraction = 0.997811  Min(alpha.water) = 0.00498839  Max(alpha.water) = 1
MULES: Correcting alpha.water
MULES: Correcting alpha.water
Phase-1 volume fraction = 0.997811  Min(alpha.water) = 0.00494067  Max(alpha.water) = 1
DICPCG:  Solving for p_rgh, Initial residual = 0.0481488, Final residual = 0.00236409, No Iterations 3
DICPCG:  Solving for p_rgh, Initial residual = 0.00235918, Final residual = 0.000104637, No Iterations 12
time step continuity errors : sum local = 3.53725e-08, global = -8.29259e-10, cumulative = -4.9701e-06
DICPCG:  Solving for p_rgh, Initial residual = 0.0011435, Final residual = 5.5665e-05, No Iterations 10
DICPCG:  Solving for p_rgh, Initial residual = 5.56663e-05, Final residual = 2.64467e-06, No Iterations 220
time step continuity errors : sum local = 8.93666e-10, global = 5.10732e-12, cumulative = -4.9701e-06
DICPCG:  Solving for p_rgh, Initial residual = 0.000135913, Final residual = 6.65479e-06, No Iterations 11
DICPCG:  Solving for p_rgh, Initial residual = 6.65491e-06, Final residual = 9.20861e-08, No Iterations 234
time step continuity errors : sum local = 3.11268e-11, global = 2.5988e-14, cumulative = -4.9701e-06
ExecutionTime = 2029.25 s  ClockTime = 2037 s

Courant Number mean: 0.0860995 max: 0.404937
Interface Courant Number mean: 0.000323439 max: 0.404937
deltaT = 0.000105919
Time = 0.0761869

PIMPLE: iteration 1
smoothSolver:  Solving for alpha.water, Initial residual = 0.00848849, Final residual = 6.33812e-11, No Iterations 3
Phase-1 volume fraction = 0.997811  Min(alpha.water) = 0.00497333  Max(alpha.water) = 1
MULES: Correcting alpha.water
MULES: Correcting alpha.water
Phase-1 volume fraction = 0.997811  Min(alpha.water) = 0.00492798  Max(alpha.water) = 1
DICPCG:  Solving for p_rgh, Initial residual = 0.0474987, Final residual = 0.0023197, No Iterations 3
DICPCG:  Solving for p_rgh, Initial residual = 0.0023173, Final residual = 0.000106086, No Iterations 12
time step continuity errors : sum local = 3.59179e-08, global = -8.29494e-10, cumulative = -4.97093e-06
DICPCG:  Solving for p_rgh, Initial residual = 0.00115345, Final residual = 5.50444e-05, No Iterations 10
DICPCG:  Solving for p_rgh, Initial residual = 5.50472e-05, Final residual = 2.74283e-06, No Iterations 61
time step continuity errors : sum local = 9.28237e-10, global = -1.6315e-10, cumulative = -4.97109e-06
DICPCG:  Solving for p_rgh, Initial residual = 0.000139159, Final residual = 6.73936e-06, No Iterations 14
DICPCG:  Solving for p_rgh, Initial residual = 6.73949e-06, Final residual = 9.87667e-08, No Iterations 229
time step continuity errors : sum local = 3.34236e-11, global = 3.27213e-14, cumulative = -4.97109e-06
ExecutionTime = 2033.57 s  ClockTime = 2041 s

Courant Number mean: 0.0860962 max: 0.405047
Interface Courant Number mean: 0.000324282 max: 0.405047
deltaT = 0.000105919
Time = 0.0762929

PIMPLE: iteration 1
smoothSolver:  Solving for alpha.water, Initial residual = 0.0084551, Final residual = 6.63043e-11, No Iterations 3
Phase-1 volume fraction = 0.997811  Min(alpha.water) = 0.00497386  Max(alpha.water) = 1
MULES: Correcting alpha.water
MULES: Correcting alpha.water
Phase-1 volume fraction = 0.997811  Min(alpha.water) = 0.00492331  Max(alpha.water) = 1.00001
DICPCG:  Solving for p_rgh, Initial residual = 0.0469066, Final residual = 0.00228068, No Iterations 3
DICPCG:  Solving for p_rgh, Initial residual = 0.00227963, Final residual = 0.000108272, No Iterations 12
time step continuity errors : sum local = 3.66689e-08, global = -8.11655e-10, cumulative = -4.9719e-06
DICPCG:  Solving for p_rgh, Initial residual = 0.00117012, Final residual = 5.83474e-05, No Iterations 10
DICPCG:  Solving for p_rgh, Initial residual = 5.83511e-05, Final residual = 2.65832e-06, No Iterations 177
time step continuity errors : sum local = 8.99881e-10, global = -2.2716e-11, cumulative = -4.97192e-06
DICPCG:  Solving for p_rgh, Initial residual = 0.000143059, Final residual = 7.08921e-06, No Iterations 16
DICPCG:  Solving for p_rgh, Initial residual = 7.08938e-06, Final residual = 8.99818e-08, No Iterations 230
time step continuity errors : sum local = 3.04684e-11, global = -4.82936e-14, cumulative = -4.97192e-06
ExecutionTime = 2038.93 s  ClockTime = 2047 s

Courant Number mean: 0.0860921 max: 0.39851
Interface Courant Number mean: 0.000324298 max: 0.39851
deltaT = 0.000105919
Time = 0.0763988

PIMPLE: iteration 1
smoothSolver:  Solving for alpha.water, Initial residual = 0.00841058, Final residual = 6.60904e-11, No Iterations 3
Phase-1 volume fraction = 0.997811  Min(alpha.water) = 0.00497269  Max(alpha.water) = 1
MULES: Correcting alpha.water
MULES: Correcting alpha.water
Phase-1 volume fraction = 0.997811  Min(alpha.water) = 0.00492262  Max(alpha.water) = 1.00001
DICPCG:  Solving for p_rgh, Initial residual = 0.0464194, Final residual = 0.0022687, No Iterations 3
DICPCG:  Solving for p_rgh, Initial residual = 0.00226915, Final residual = 9.91029e-05, No Iterations 13
time step continuity errors : sum local = 3.3531e-08, global = -8.26043e-10, cumulative = -4.97275e-06
DICPCG:  Solving for p_rgh, Initial residual = 0.00117026, Final residual = 5.5255e-05, No Iterations 11
DICPCG:  Solving for p_rgh, Initial residual = 5.52591e-05, Final residual = 2.53475e-06, No Iterations 175
time step continuity errors : sum local = 8.57184e-10, global = -5.27329e-11, cumulative = -4.9728e-06
DICPCG:  Solving for p_rgh, Initial residual = 0.000143881, Final residual = 6.0541e-06, No Iterations 20
DICPCG:  Solving for p_rgh, Initial residual = 6.05425e-06, Final residual = 9.18021e-08, No Iterations 228
time step continuity errors : sum local = 3.10459e-11, global = -2.39771e-13, cumulative = -4.9728e-06
ExecutionTime = 2044.27 s  ClockTime = 2052 s

Courant Number mean: 0.0860876 max: 0.388768
Interface Courant Number mean: 0.000320481 max: 0.388768
deltaT = 0.000109128
Time = 0.0765079

PIMPLE: iteration 1
smoothSolver:  Solving for alpha.water, Initial residual = 0.00860766, Final residual = 7.73698e-11, No Iterations 3
Phase-1 volume fraction = 0.997811  Min(alpha.water) = 0.0049707  Max(alpha.water) = 1
MULES: Correcting alpha.water
MULES: Correcting alpha.water
Phase-1 volume fraction = 0.997811  Min(alpha.water) = 0.0049316  Max(alpha.water) = 1.00001
DICPCG:  Solving for p_rgh, Initial residual = 0.0472541, Final residual = 0.00235926, No Iterations 3
DICPCG:  Solving for p_rgh, Initial residual = 0.00235961, Final residual = 0.000106538, No Iterations 14
time step continuity errors : sum local = 3.80819e-08, global = -8.93956e-10, cumulative = -4.9737e-06
DICPCG:  Solving for p_rgh, Initial residual = 0.00119483, Final residual = 5.61043e-05, No Iterations 11
DICPCG:  Solving for p_rgh, Initial residual = 5.61082e-05, Final residual = 2.60057e-06, No Iterations 58
time step continuity errors : sum local = 9.29086e-10, global = -1.45964e-10, cumulative = -4.97384e-06
DICPCG:  Solving for p_rgh, Initial residual = 0.00015099, Final residual = 6.94213e-06, No Iterations 20
DICPCG:  Solving for p_rgh, Initial residual = 6.94228e-06, Final residual = 9.4378e-08, No Iterations 230
time step continuity errors : sum local = 3.37159e-11, global = 9.83019e-15, cumulative = -4.97384e-06
ExecutionTime = 2048.58 s  ClockTime = 2056 s

Courant Number mean: 0.088691 max: 0.384989
Interface Courant Number mean: 0.000331089 max: 0.384989
deltaT = 0.000112648
Time = 0.0766205

PIMPLE: iteration 1
smoothSolver:  Solving for alpha.water, Initial residual = 0.0088168, Final residual = 8.90178e-11, No Iterations 3
Phase-1 volume fraction = 0.997811  Min(alpha.water) = 0.00496906  Max(alpha.water) = 1
MULES: Correcting alpha.water
MULES: Correcting alpha.water
Phase-1 volume fraction = 0.997811  Min(alpha.water) = 0.00495299  Max(alpha.water) = 1.00001
DICPCG:  Solving for p_rgh, Initial residual = 0.0491145, Final residual = 0.00243219, No Iterations 3
DICPCG:  Solving for p_rgh, Initial residual = 0.0024325, Final residual = 0.000113004, No Iterations 14
time step continuity errors : sum local = 4.28189e-08, global = -9.65144e-10, cumulative = -4.97481e-06
DICPCG:  Solving for p_rgh, Initial residual = 0.0012443, Final residual = 5.94151e-05, No Iterations 11
DICPCG:  Solving for p_rgh, Initial residual = 5.94184e-05, Final residual = 2.79739e-06, No Iterations 216
time step continuity errors : sum local = 1.05943e-09, global = -1.66356e-11, cumulative = -4.97482e-06
DICPCG:  Solving for p_rgh, Initial residual = 0.000159525, Final residual = 7.86077e-06, No Iterations 20
DICPCG:  Solving for p_rgh, Initial residual = 7.86092e-06, Final residual = 9.73499e-08, No Iterations 231
time step continuity errors : sum local = 3.68802e-11, global = -3.30158e-13, cumulative = -4.97482e-06
ExecutionTime = 2054.43 s  ClockTime = 2062 s

Courant Number mean: 0.0915459 max: 0.379697
Interface Courant Number mean: 0.000338617 max: 0.379697
deltaT = 0.000120695
Time = 0.0767412

PIMPLE: iteration 1
smoothSolver:  Solving for alpha.water, Initial residual = 0.0093659, Final residual = 1.33501e-10, No Iterations 3
Phase-1 volume fraction = 0.997811  Min(alpha.water) = 0.00496793  Max(alpha.water) = 1
MULES: Correcting alpha.water
MULES: Correcting alpha.water
Phase-1 volume fraction = 0.997811  Min(alpha.water) = 0.00488548  Max(alpha.water) = 1.00001
DICPCG:  Solving for p_rgh, Initial residual = 0.0526164, Final residual = 0.00173508, No Iterations 4
DICPCG:  Solving for p_rgh, Initial residual = 0.0017305, Final residual = 8.09034e-05, No Iterations 18
time step continuity errors : sum local = 3.50325e-08, global = -1.18687e-09, cumulative = -4.97601e-06
DICPCG:  Solving for p_rgh, Initial residual = 0.00128867, Final residual = 5.63014e-05, No Iterations 13
DICPCG:  Solving for p_rgh, Initial residual = 5.63061e-05, Final residual = 2.67549e-06, No Iterations 216
time step continuity errors : sum local = 1.1579e-09, global = -1.89546e-12, cumulative = -4.97601e-06
DICPCG:  Solving for p_rgh, Initial residual = 0.000175316, Final residual = 8.40938e-06, No Iterations 20
DICPCG:  Solving for p_rgh, Initial residual = 8.40971e-06, Final residual = 9.75661e-08, No Iterations 232
time step continuity errors : sum local = 4.22429e-11, global = -3.6206e-13, cumulative = -4.97601e-06
ExecutionTime = 2060.35 s  ClockTime = 2068 s

Courant Number mean: 0.098077 max: 0.376689
Interface Courant Number mean: 0.000359487 max: 0.376689
deltaT = 0.00013035
Time = 0.0768716

PIMPLE: iteration 1
smoothSolver:  Solving for alpha.water, Initial residual = 0.0100185, Final residual = 1.89261e-10, No Iterations 3
Phase-1 volume fraction = 0.997811  Min(alpha.water) = 0.00496638  Max(alpha.water) = 1
MULES: Correcting alpha.water
MULES: Correcting alpha.water
Phase-1 volume fraction = 0.997811  Min(alpha.water) = 0.00488971  Max(alpha.water) = 1.00036
DICPCG:  Solving for p_rgh, Initial residual = 0.0561387, Final residual = 0.00191047, No Iterations 4
DICPCG:  Solving for p_rgh, Initial residual = 0.00189964, Final residual = 8.7946e-05, No Iterations 18
time step continuity errors : sum local = 4.4415e-08, global = -1.46727e-09, cumulative = -4.97748e-06
DICPCG:  Solving for p_rgh, Initial residual = 0.00138567, Final residual = 6.86664e-05, No Iterations 12
DICPCG:  Solving for p_rgh, Initial residual = 6.86701e-05, Final residual = 3.42029e-06, No Iterations 217
time step continuity errors : sum local = 1.72636e-09, global = -1.61221e-12, cumulative = -4.97748e-06
DICPCG:  Solving for p_rgh, Initial residual = 0.000194782, Final residual = 9.19934e-06, No Iterations 20
DICPCG:  Solving for p_rgh, Initial residual = 9.19979e-06, Final residual = 8.88029e-08, No Iterations 232
time step continuity errors : sum local = 4.48371e-11, global = -2.7241e-13, cumulative = -4.97748e-06
ExecutionTime = 2066.69 s  ClockTime = 2075 s

Courant Number mean: 0.105913 max: 0.361049
Interface Courant Number mean: 0.000376088 max: 0.361049
deltaT = 0.0001422
Time = 0.0770138

PIMPLE: iteration 1
smoothSolver:  Solving for alpha.water, Initial residual = 0.010835, Final residual = 2.52285e-10, No Iterations 3
Phase-1 volume fraction = 0.997811  Min(alpha.water) = 0.00496133  Max(alpha.water) = 1
MULES: Correcting alpha.water
MULES: Correcting alpha.water
Phase-1 volume fraction = 0.997811  Min(alpha.water) = 0.00487418  Max(alpha.water) = 1.00006
DICPCG:  Solving for p_rgh, Initial residual = 0.0601554, Final residual = 0.00206107, No Iterations 4
DICPCG:  Solving for p_rgh, Initial residual = 0.00205258, Final residual = 9.48277e-05, No Iterations 18
time step continuity errors : sum local = 5.66713e-08, global = -1.85947e-09, cumulative = -4.97934e-06
DICPCG:  Solving for p_rgh, Initial residual = 0.00147555, Final residual = 6.56973e-05, No Iterations 12
DICPCG:  Solving for p_rgh, Initial residual = 6.56999e-05, Final residual = 3.02582e-06, No Iterations 159
time step continuity errors : sum local = 1.80726e-09, global = 9.57864e-11, cumulative = -4.97925e-06
DICPCG:  Solving for p_rgh, Initial residual = 0.000215246, Final residual = 1.01285e-05, No Iterations 20
DICPCG:  Solving for p_rgh, Initial residual = 1.01289e-05, Final residual = 9.22514e-08, No Iterations 233
time step continuity errors : sum local = 5.51155e-11, global = -4.01159e-13, cumulative = -4.97925e-06
ExecutionTime = 2072.44 s  ClockTime = 2080 s

Courant Number mean: 0.11553 max: 0.33531
Interface Courant Number mean: 0.000407234 max: 0.33531
deltaT = 0.000157169
Time = 0.077171

PIMPLE: iteration 1
smoothSolver:  Solving for alpha.water, Initial residual = 0.0118457, Final residual = 3.51023e-10, No Iterations 3
Phase-1 volume fraction = 0.997811  Min(alpha.water) = 0.00496064  Max(alpha.water) = 1
MULES: Correcting alpha.water
MULES: Correcting alpha.water
Phase-1 volume fraction = 0.997811  Min(alpha.water) = 0.00491888  Max(alpha.water) = 1.00002
DICPCG:  Solving for p_rgh, Initial residual = 0.0649866, Final residual = 0.00221566, No Iterations 4
DICPCG:  Solving for p_rgh, Initial residual = 0.00220862, Final residual = 0.000104141, No Iterations 18
time step continuity errors : sum local = 7.52064e-08, global = -2.45101e-09, cumulative = -4.9817e-06
DICPCG:  Solving for p_rgh, Initial residual = 0.00156466, Final residual = 7.53209e-05, No Iterations 11
DICPCG:  Solving for p_rgh, Initial residual = 7.53241e-05, Final residual = 3.74493e-06, No Iterations 216
time step continuity errors : sum local = 2.70266e-09, global = -2.78467e-12, cumulative = -4.9817e-06
DICPCG:  Solving for p_rgh, Initial residual = 0.000238183, Final residual = 1.14513e-05, No Iterations 20
DICPCG:  Solving for p_rgh, Initial residual = 1.14518e-05, Final residual = 9.6872e-08, No Iterations 234
time step continuity errors : sum local = 6.9936e-11, global = -6.17432e-13, cumulative = -4.9817e-06
ExecutionTime = 2078.25 s  ClockTime = 2086 s

Courant Number mean: 0.127676 max: 0.325187
Interface Courant Number mean: 0.000449277 max: 0.32225
deltaT = 0.000176815
Time = 0.0773478

PIMPLE: iteration 1
smoothSolver:  Solving for alpha.water, Initial residual = 0.013137, Final residual = 5.61676e-10, No Iterations 3
Phase-1 volume fraction = 0.997811  Min(alpha.water) = 0.00492934  Max(alpha.water) = 1
MULES: Correcting alpha.water
MULES: Correcting alpha.water
Phase-1 volume fraction = 0.997811  Min(alpha.water) = 0.00486893  Max(alpha.water) = 1.00002
DICPCG:  Solving for p_rgh, Initial residual = 0.073017, Final residual = 0.00238315, No Iterations 4
DICPCG:  Solving for p_rgh, Initial residual = 0.00237768, Final residual = 0.000118723, No Iterations 17
time step continuity errors : sum local = 1.06636e-07, global = -3.34029e-09, cumulative = -4.98504e-06
DICPCG:  Solving for p_rgh, Initial residual = 0.00167773, Final residual = 8.26315e-05, No Iterations 10
DICPCG:  Solving for p_rgh, Initial residual = 8.26365e-05, Final residual = 3.85334e-06, No Iterations 216
time step continuity errors : sum local = 3.45837e-09, global = 6.42449e-12, cumulative = -4.98503e-06
DICPCG:  Solving for p_rgh, Initial residual = 0.000261976, Final residual = 1.27319e-05, No Iterations 20
DICPCG:  Solving for p_rgh, Initial residual = 1.27323e-05, Final residual = 9.17599e-08, No Iterations 237
time step continuity errors : sum local = 8.23951e-11, global = -7.62239e-13, cumulative = -4.98504e-06
ExecutionTime = 2084.02 s  ClockTime = 2092 s

Courant Number mean: 0.143618 max: 0.343142
Interface Courant Number mean: 0.00051925 max: 0.328422
deltaT = 0.000204017
Time = 0.0775518

PIMPLE: iteration 1
smoothSolver:  Solving for alpha.water, Initial residual = 0.0149142, Final residual = 9.3655e-10, No Iterations 3
Phase-1 volume fraction = 0.997811  Min(alpha.water) = 0.00491639  Max(alpha.water) = 1
MULES: Correcting alpha.water
MULES: Correcting alpha.water
Phase-1 volume fraction = 0.997811  Min(alpha.water) = 0.00487508  Max(alpha.water) = 1.00002
DICPCG:  Solving for p_rgh, Initial residual = 0.0832448, Final residual = 0.00264122, No Iterations 4
DICPCG:  Solving for p_rgh, Initial residual = 0.00263973, Final residual = 0.000126183, No Iterations 16
time step continuity errors : sum local = 1.46675e-07, global = -4.87518e-09, cumulative = -4.98991e-06
DICPCG:  Solving for p_rgh, Initial residual = 0.00184902, Final residual = 8.97515e-05, No Iterations 9
DICPCG:  Solving for p_rgh, Initial residual = 8.97519e-05, Final residual = 4.34874e-06, No Iterations 188
time step continuity errors : sum local = 5.05107e-09, global = 2.10241e-10, cumulative = -4.9897e-06
DICPCG:  Solving for p_rgh, Initial residual = 0.000295197, Final residual = 1.37588e-05, No Iterations 20
DICPCG:  Solving for p_rgh, Initial residual = 1.37591e-05, Final residual = 9.04863e-08, No Iterations 233
time step continuity errors : sum local = 1.05182e-10, global = -8.46737e-13, cumulative = -4.9897e-06
ExecutionTime = 2089.61 s  ClockTime = 2098 s

Courant Number mean: 0.165688 max: 0.385174
Interface Courant Number mean: 0.000611002 max: 0.369659
deltaT = 0.000204017
Time = 0.0777558

PIMPLE: iteration 1
smoothSolver:  Solving for alpha.water, Initial residual = 0.0146809, Final residual = 6.06061e-10, No Iterations 3
Phase-1 volume fraction = 0.997811  Min(alpha.water) = 0.00491821  Max(alpha.water) = 1
MULES: Correcting alpha.water
MULES: Correcting alpha.water
Phase-1 volume fraction = 0.997811  Min(alpha.water) = 0.00491572  Max(alpha.water) = 1.00002
DICPCG:  Solving for p_rgh, Initial residual = 0.0828626, Final residual = 0.00259921, No Iterations 4
DICPCG:  Solving for p_rgh, Initial residual = 0.00259745, Final residual = 0.000128909, No Iterations 15
time step continuity errors : sum local = 1.49958e-07, global = -4.85359e-09, cumulative = -4.99455e-06
DICPCG:  Solving for p_rgh, Initial residual = 0.00182327, Final residual = 8.87025e-05, No Iterations 9
DICPCG:  Solving for p_rgh, Initial residual = 8.86989e-05, Final residual = 4.24638e-06, No Iterations 180
time step continuity errors : sum local = 4.93637e-09, global = -2.13767e-10, cumulative = -4.99477e-06
DICPCG:  Solving for p_rgh, Initial residual = 0.000277638, Final residual = 1.32167e-05, No Iterations 20
DICPCG:  Solving for p_rgh, Initial residual = 1.32167e-05, Final residual = 8.98008e-08, No Iterations 232
time step continuity errors : sum local = 1.04472e-10, global = -9.70286e-13, cumulative = -4.99477e-06
ExecutionTime = 2095.18 s  ClockTime = 2103 s

Courant Number mean: 0.165666 max: 0.368087
Interface Courant Number mean: 0.000609743 max: 0.368087
deltaT = 0.000224419
Time = 0.0779802

PIMPLE: iteration 1
smoothSolver:  Solving for alpha.water, Initial residual = 0.0158423, Final residual = 8.56447e-10, No Iterations 3
Phase-1 volume fraction = 0.997811  Min(alpha.water) = 0.00492206  Max(alpha.water) = 1
MULES: Correcting alpha.water
MULES: Correcting alpha.water
Phase-1 volume fraction = 0.997811  Min(alpha.water) = 0.00492025  Max(alpha.water) = 1.00005
DICPCG:  Solving for p_rgh, Initial residual = 0.0904928, Final residual = 0.00285882, No Iterations 4
DICPCG:  Solving for p_rgh, Initial residual = 0.00286215, Final residual = 0.0001362, No Iterations 14
time step continuity errors : sum local = 1.87224e-07, global = -6.161e-09, cumulative = -5.00093e-06
DICPCG:  Solving for p_rgh, Initial residual = 0.00200883, Final residual = 9.60191e-05, No Iterations 9
DICPCG:  Solving for p_rgh, Initial residual = 9.60146e-05, Final residual = 4.43071e-06, No Iterations 218
time step continuity errors : sum local = 6.08573e-09, global = -3.8409e-11, cumulative = -5.00097e-06
DICPCG:  Solving for p_rgh, Initial residual = 0.000320522, Final residual = 1.55927e-05, No Iterations 19
DICPCG:  Solving for p_rgh, Initial residual = 1.55927e-05, Final residual = 9.11784e-08, No Iterations 240
time step continuity errors : sum local = 1.25335e-10, global = -8.83231e-13, cumulative = -5.00097e-06
ExecutionTime = 2101.01 s  ClockTime = 2109 s

Courant Number mean: 0.18221 max: 0.406267
Interface Courant Number mean: 0.000672459 max: 0.392272
deltaT = 0.000224419
Time = 0.0782046

PIMPLE: iteration 1
smoothSolver:  Solving for alpha.water, Initial residual = 0.0155978, Final residual = 8.74673e-10, No Iterations 3
Phase-1 volume fraction = 0.997811  Min(alpha.water) = 0.00492766  Max(alpha.water) = 1
MULES: Correcting alpha.water
MULES: Correcting alpha.water
Phase-1 volume fraction = 0.997811  Min(alpha.water) = 0.00490168  Max(alpha.water) = 1.00002
DICPCG:  Solving for p_rgh, Initial residual = 0.0900032, Final residual = 0.00286657, No Iterations 4
DICPCG:  Solving for p_rgh, Initial residual = 0.0028735, Final residual = 0.000142558, No Iterations 13
time step continuity errors : sum local = 1.94837e-07, global = -6.13829e-09, cumulative = -5.00711e-06
DICPCG:  Solving for p_rgh, Initial residual = 0.00203313, Final residual = 9.32287e-05, No Iterations 10
DICPCG:  Solving for p_rgh, Initial residual = 9.32177e-05, Final residual = 4.46348e-06, No Iterations 219
time step continuity errors : sum local = 6.09637e-09, global = -3.18479e-11, cumulative = -5.00714e-06
DICPCG:  Solving for p_rgh, Initial residual = 0.000317907, Final residual = 1.44119e-05, No Iterations 15
DICPCG:  Solving for p_rgh, Initial residual = 1.44116e-05, Final residual = 8.99099e-08, No Iterations 235
time step continuity errors : sum local = 1.22879e-10, global = -2.80997e-13, cumulative = -5.00714e-06
ExecutionTime = 2106.79 s  ClockTime = 2115 s

Courant Number mean: 0.18219 max: 0.392654
Interface Courant Number mean: 0.000655323 max: 0.389396
deltaT = 0.000224419
Time = 0.0784291

PIMPLE: iteration 1
smoothSolver:  Solving for alpha.water, Initial residual = 0.0154388, Final residual = 1.05897e-09, No Iterations 3
Phase-1 volume fraction = 0.997811  Min(alpha.water) = 0.00493242  Max(alpha.water) = 1
MULES: Correcting alpha.water
MULES: Correcting alpha.water
Phase-1 volume fraction = 0.997811  Min(alpha.water) = 0.00491457  Max(alpha.water) = 1.00016
DICPCG:  Solving for p_rgh, Initial residual = 0.08978, Final residual = 0.00283616, No Iterations 4
DICPCG:  Solving for p_rgh, Initial residual = 0.0028348, Final residual = 0.000139013, No Iterations 13
time step continuity errors : sum local = 1.90018e-07, global = -6.12911e-09, cumulative = -5.01327e-06
DICPCG:  Solving for p_rgh, Initial residual = 0.00200232, Final residual = 8.39734e-05, No Iterations 11
DICPCG:  Solving for p_rgh, Initial residual = 8.39613e-05, Final residual = 4.10041e-06, No Iterations 220
time step continuity errors : sum local = 5.60148e-09, global = -9.76501e-11, cumulative = -5.01337e-06
DICPCG:  Solving for p_rgh, Initial residual = 0.000310665, Final residual = 1.41849e-05, No Iterations 15
DICPCG:  Solving for p_rgh, Initial residual = 1.41845e-05, Final residual = 8.54496e-08, No Iterations 238
time step continuity errors : sum local = 1.16795e-10, global = -4.45375e-13, cumulative = -5.01337e-06
ExecutionTime = 2112.97 s  ClockTime = 2121 s

Courant Number mean: 0.182174 max: 0.409692
Interface Courant Number mean: 0.000651487 max: 0.409692
deltaT = 0.000224419
Time = 0.0786535

PIMPLE: iteration 1
smoothSolver:  Solving for alpha.water, Initial residual = 0.0152735, Final residual = 1.18229e-09, No Iterations 3
Phase-1 volume fraction = 0.997811  Min(alpha.water) = 0.00493346  Max(alpha.water) = 1
MULES: Correcting alpha.water
MULES: Correcting alpha.water
Phase-1 volume fraction = 0.997811  Min(alpha.water) = 0.00483654  Max(alpha.water) = 1.00006
DICPCG:  Solving for p_rgh, Initial residual = 0.0893284, Final residual = 0.0028091, No Iterations 4
DICPCG:  Solving for p_rgh, Initial residual = 0.00280682, Final residual = 0.000133372, No Iterations 13
time step continuity errors : sum local = 1.82457e-07, global = -6.10783e-09, cumulative = -5.01947e-06
DICPCG:  Solving for p_rgh, Initial residual = 0.00199027, Final residual = 9.113e-05, No Iterations 11
DICPCG:  Solving for p_rgh, Initial residual = 9.11168e-05, Final residual = 4.4607e-06, No Iterations 175
time step continuity errors : sum local = 6.09885e-09, global = 3.24657e-10, cumulative = -5.01915e-06
DICPCG:  Solving for p_rgh, Initial residual = 0.00030338, Final residual = 1.3566e-05, No Iterations 16
DICPCG:  Solving for p_rgh, Initial residual = 1.35658e-05, Final residual = 8.7306e-08, No Iterations 238
time step continuity errors : sum local = 1.19472e-10, global = -1.0343e-13, cumulative = -5.01915e-06
ExecutionTime = 2118.53 s  ClockTime = 2127 s

Courant Number mean: 0.182166 max: 0.398411
Interface Courant Number mean: 0.000656699 max: 0.398411
deltaT = 0.000224419
Time = 0.0788779

PIMPLE: iteration 1
smoothSolver:  Solving for alpha.water, Initial residual = 0.0151465, Final residual = 1.23191e-09, No Iterations 3
Phase-1 volume fraction = 0.997811  Min(alpha.water) = 0.00484656  Max(alpha.water) = 1
MULES: Correcting alpha.water
MULES: Correcting alpha.water
Phase-1 volume fraction = 0.997811  Min(alpha.water) = 0.00484119  Max(alpha.water) = 1.00009
DICPCG:  Solving for p_rgh, Initial residual = 0.0904011, Final residual = 0.00449334, No Iterations 3
DICPCG:  Solving for p_rgh, Initial residual = 0.00450357, Final residual = 0.000184236, No Iterations 12
time step continuity errors : sum local = 2.50618e-07, global = -6.17509e-09, cumulative = -5.02533e-06
DICPCG:  Solving for p_rgh, Initial residual = 0.0020563, Final residual = 9.48369e-05, No Iterations 11
DICPCG:  Solving for p_rgh, Initial residual = 9.48274e-05, Final residual = 4.6408e-06, No Iterations 218
time step continuity errors : sum local = 6.30687e-09, global = 1.56301e-11, cumulative = -5.02531e-06
DICPCG:  Solving for p_rgh, Initial residual = 0.000312887, Final residual = 1.55801e-05, No Iterations 16
DICPCG:  Solving for p_rgh, Initial residual = 1.55799e-05, Final residual = 8.68678e-08, No Iterations 238
time step continuity errors : sum local = 1.18188e-10, global = 6.71567e-14, cumulative = -5.02531e-06
ExecutionTime = 2124.32 s  ClockTime = 2132 s

Courant Number mean: 0.182168 max: 0.391544
Interface Courant Number mean: 0.000669967 max: 0.391544
deltaT = 0.000224419
Time = 0.0791023

PIMPLE: iteration 1
smoothSolver:  Solving for alpha.water, Initial residual = 0.0151597, Final residual = 1.40026e-09, No Iterations 3
Phase-1 volume fraction = 0.997811  Min(alpha.water) = 0.00484544  Max(alpha.water) = 1
MULES: Correcting alpha.water
MULES: Correcting alpha.water
Phase-1 volume fraction = 0.997811  Min(alpha.water) = 0.00484339  Max(alpha.water) = 1.00007
DICPCG:  Solving for p_rgh, Initial residual = 0.0917454, Final residual = 0.00455332, No Iterations 3
DICPCG:  Solving for p_rgh, Initial residual = 0.00455219, Final residual = 0.00019127, No Iterations 12
time step continuity errors : sum local = 2.59832e-07, global = -6.10375e-09, cumulative = -5.03141e-06
DICPCG:  Solving for p_rgh, Initial residual = 0.00208229, Final residual = 8.91273e-05, No Iterations 12
DICPCG:  Solving for p_rgh, Initial residual = 8.91214e-05, Final residual = 4.04952e-06, No Iterations 218
time step continuity errors : sum local = 5.49555e-09, global = 1.06969e-10, cumulative = -5.03131e-06
DICPCG:  Solving for p_rgh, Initial residual = 0.000317048, Final residual = 1.48518e-05, No Iterations 19
DICPCG:  Solving for p_rgh, Initial residual = 1.48517e-05, Final residual = 9.75262e-08, No Iterations 237
time step continuity errors : sum local = 1.32504e-10, global = 7.00627e-13, cumulative = -5.03131e-06
ExecutionTime = 2130.1 s  ClockTime = 2138 s

Courant Number mean: 0.18218 max: 0.393683
Interface Courant Number mean: 0.000688017 max: 0.393683
deltaT = 0.000224419
Time = 0.0793267

PIMPLE: iteration 1
smoothSolver:  Solving for alpha.water, Initial residual = 0.0152854, Final residual = 1.8419e-09, No Iterations 3
Phase-1 volume fraction = 0.997811  Min(alpha.water) = 0.00484774  Max(alpha.water) = 1
MULES: Correcting alpha.water
MULES: Correcting alpha.water
Phase-1 volume fraction = 0.997811  Min(alpha.water) = 0.00484583  Max(alpha.water) = 1.00012
DICPCG:  Solving for p_rgh, Initial residual = 0.0909398, Final residual = 0.00288643, No Iterations 4
DICPCG:  Solving for p_rgh, Initial residual = 0.00288243, Final residual = 0.000128433, No Iterations 14
time step continuity errors : sum local = 1.74594e-07, global = -6.10242e-09, cumulative = -5.03741e-06
DICPCG:  Solving for p_rgh, Initial residual = 0.00202251, Final residual = 9.6245e-05, No Iterations 12
DICPCG:  Solving for p_rgh, Initial residual = 9.6237e-05, Final residual = 4.58392e-06, No Iterations 176
time step continuity errors : sum local = 6.22702e-09, global = -4.49842e-10, cumulative = -5.03786e-06
DICPCG:  Solving for p_rgh, Initial residual = 0.000309263, Final residual = 1.54301e-05, No Iterations 19
DICPCG:  Solving for p_rgh, Initial residual = 1.543e-05, Final residual = 9.45426e-08, No Iterations 238
time step continuity errors : sum local = 1.28503e-10, global = 8.77516e-13, cumulative = -5.03786e-06
ExecutionTime = 2135.61 s  ClockTime = 2144 s

Courant Number mean: 0.182201 max: 0.414286
Interface Courant Number mean: 0.000692444 max: 0.414286
deltaT = 0.000224419
Time = 0.0795512

PIMPLE: iteration 1
smoothSolver:  Solving for alpha.water, Initial residual = 0.0154889, Final residual = 2.66558e-09, No Iterations 3
Phase-1 volume fraction = 0.997811  Min(alpha.water) = 0.00485168  Max(alpha.water) = 1
MULES: Correcting alpha.water
MULES: Correcting alpha.water
Phase-1 volume fraction = 0.997811  Min(alpha.water) = 0.00484448  Max(alpha.water) = 1.00008
DICPCG:  Solving for p_rgh, Initial residual = 0.089329, Final residual = 0.00289004, No Iterations 4
DICPCG:  Solving for p_rgh, Initial residual = 0.00287739, Final residual = 0.000139349, No Iterations 15
time step continuity errors : sum local = 1.90539e-07, global = -6.0028e-09, cumulative = -5.04386e-06
DICPCG:  Solving for p_rgh, Initial residual = 0.00201742, Final residual = 9.53691e-05, No Iterations 13
DICPCG:  Solving for p_rgh, Initial residual = 9.53606e-05, Final residual = 4.74761e-06, No Iterations 102
time step continuity errors : sum local = 6.48713e-09, global = -3.90888e-10, cumulative = -5.04425e-06
DICPCG:  Solving for p_rgh, Initial residual = 0.000301379, Final residual = 1.47948e-05, No Iterations 23
DICPCG:  Solving for p_rgh, Initial residual = 1.47948e-05, Final residual = 9.8349e-08, No Iterations 232
time step continuity errors : sum local = 1.34388e-10, global = -3.68316e-15, cumulative = -5.04425e-06
ExecutionTime = 2140.51 s  ClockTime = 2149 s

Courant Number mean: 0.182229 max: 0.433789
Interface Courant Number mean: 0.000702424 max: 0.433789
deltaT = 0.000224419
Time = 0.0797756

PIMPLE: iteration 1
smoothSolver:  Solving for alpha.water, Initial residual = 0.0158015, Final residual = 3.93244e-09, No Iterations 3
Phase-1 volume fraction = 0.997811  Min(alpha.water) = 0.0048531  Max(alpha.water) = 1
MULES: Correcting alpha.water
MULES: Correcting alpha.water
Phase-1 volume fraction = 0.997811  Min(alpha.water) = 0.00484633  Max(alpha.water) = 1.00019
DICPCG:  Solving for p_rgh, Initial residual = 0.0884748, Final residual = 0.00289678, No Iterations 4
DICPCG:  Solving for p_rgh, Initial residual = 0.00289587, Final residual = 0.000137452, No Iterations 14
time step continuity errors : sum local = 1.87381e-07, global = -5.98029e-09, cumulative = -5.05023e-06
DICPCG:  Solving for p_rgh, Initial residual = 0.0019524, Final residual = 8.53861e-05, No Iterations 13
DICPCG:  Solving for p_rgh, Initial residual = 8.53776e-05, Final residual = 4.16853e-06, No Iterations 89
time step continuity errors : sum local = 5.67897e-09, global = -4.17761e-10, cumulative = -5.05065e-06
DICPCG:  Solving for p_rgh, Initial residual = 0.000291532, Final residual = 1.41061e-05, No Iterations 20
DICPCG:  Solving for p_rgh, Initial residual = 1.4106e-05, Final residual = 9.04229e-08, No Iterations 234
time step continuity errors : sum local = 1.23192e-10, global = -3.8724e-13, cumulative = -5.05065e-06
ExecutionTime = 2145.46 s  ClockTime = 2154 s

Courant Number mean: 0.182261 max: 0.459819
Interface Courant Number mean: 0.000721163 max: 0.459819
deltaT = 0.000224419
Time = 0.08

PIMPLE: iteration 1
smoothSolver:  Solving for alpha.water, Initial residual = 0.0162184, Final residual = 5.85076e-09, No Iterations 3
Phase-1 volume fraction = 0.997811  Min(alpha.water) = 0.0048605  Max(alpha.water) = 1
MULES: Correcting alpha.water
MULES: Correcting alpha.water
Phase-1 volume fraction = 0.997811  Min(alpha.water) = 0.00484419  Max(alpha.water) = 1.00018
DICPCG:  Solving for p_rgh, Initial residual = 0.0915964, Final residual = 0.00293046, No Iterations 4
DICPCG:  Solving for p_rgh, Initial residual = 0.00294104, Final residual = 0.000145543, No Iterations 15
time step continuity errors : sum local = 1.96094e-07, global = -5.99296e-09, cumulative = -5.05664e-06
DICPCG:  Solving for p_rgh, Initial residual = 0.00187481, Final residual = 8.97914e-05, No Iterations 12
DICPCG:  Solving for p_rgh, Initial residual = 8.97787e-05, Final residual = 4.47648e-06, No Iterations 218
time step continuity errors : sum local = 6.02786e-09, global = -1.39091e-11, cumulative = -5.05666e-06
DICPCG:  Solving for p_rgh, Initial residual = 0.000283747, Final residual = 1.38908e-05, No Iterations 20
DICPCG:  Solving for p_rgh, Initial residual = 1.38906e-05, Final residual = 9.61611e-08, No Iterations 234
time step continuity errors : sum local = 1.29589e-10, global = 1.14269e-12, cumulative = -5.05666e-06
ExecutionTime = 2152.46 s  ClockTime = 2161 s

End

Finalising parallel run
