/*---------------------------------------------------------------------------*\
| =========                 |                                                 |
| \\      /  F ield         | OpenFOAM: The Open Source CFD Toolbox           |
|  \\    /   O peration     | Version:  2212                                  |
|   \\  /    A nd           | Website:  www.openfoam.com                      |
|    \\/     M anipulation  |                                                 |
\*---------------------------------------------------------------------------*/
Build  : _70874860-20230612 OPENFOAM=2212 patch=230612 version=2212
Arch   : "LSB;label=32;scalar=64"
Exec   : interFoam
Date   : Sep 08 2026
Time   : 16:18:21
Host   : c8f6a4c8e8fa
PID    : 234
I/O    : uncollated
Case   : /data/official_damBreak
nProcs : 1
trapFpe: Floating point exception trapping enabled (FOAM_SIGFPE).
fileModificationChecking : Monitoring run-time modified files using timeStampMaster (fileModificationSkew 5, maxFileModificationPolls 20)
allowSystemOperations : Allowing user-supplied system call operations

// * * * * * * * * * * * * * * * * * * * * * * * * * * * * * * * * * * * * * //
Create time

Create mesh for time = 0


PIMPLE: Operating solver in PISO mode

Reading field p_rgh

Reading field U

Reading/calculating face flux field phi

Reading transportProperties

Selecting incompressible transport model Newtonian
Selecting incompressible transport model Newtonian
Selecting turbulence model type laminar
Selecting laminar stress model Stokes

Reading g

Reading hRef
Calculating field g.h

No MRF models present

No finite volume options present
DICPCG:  Solving for pcorr, Initial residual = 0, Final residual = 0, No Iterations 0
time step continuity errors : sum local = 0, global = 0, cumulative = 0
Courant Number mean: 0 max: 0

Starting time loop

Courant Number mean: 0 max: 0
Interface Courant Number mean: 0 max: 0
deltaT = 0.00119048
Time = 0.00119048

PIMPLE: iteration 1
smoothSolver:  Solving for alpha.water, Initial residual = 0, Final residual = 0, No Iterations 0
Phase-1 volume fraction = 0.5  Min(alpha.water) = 0  Max(alpha.water) = 1
MULES: Correcting alpha.water
MULES: Correcting alpha.water
Phase-1 volume fraction = 0.5  Min(alpha.water) = 0  Max(alpha.water) = 1
DICPCG:  Solving for p_rgh, Initial residual = 1, Final residual = 0.00306814, No Iterations 1
time step continuity errors : sum local = 0.00288618, global = -4.09903e-05, cumulative = -4.09903e-05
DICPCG:  Solving for p_rgh, Initial residual = 0.00147226, Final residual = 4.73157e-05, No Iterations 18
time step continuity errors : sum local = 9.29511e-05, global = -8.64249e-07, cumulative = -4.18546e-05
DICPCG:  Solving for p_rgh, Initial residual = 4.00796e-05, Final residual = 6.00829e-08, No Iterations 36
time step continuity errors : sum local = 1.48851e-07, global = 1.76326e-08, cumulative = -4.18369e-05
ExecutionTime = 0.05 s  ClockTime = 0 s

Courant Number mean: 0.00281528 max: 0.198956
Interface Courant Number mean: 0 max: 0
deltaT = 0.00143557
Time = 0.00262605

PIMPLE: iteration 1
smoothSolver:  Solving for alpha.water, Initial residual = 0.000260568, Final residual = 1.07679e-12, No Iterations 2
Phase-1 volume fraction = 0.499788  Min(alpha.water) = 0  Max(alpha.water) = 1
MULES: Correcting alpha.water
MULES: Correcting alpha.water
Phase-1 volume fraction = 0.499788  Min(alpha.water) = -2.50852e-16  Max(alpha.water) = 1
DICPCG:  Solving for p_rgh, Initial residual = 0.00537294, Final residual = 2.60797e-05, No Iterations 1
time step continuity errors : sum local = 8.80514e-05, global = 1.34773e-05, cumulative = -2.83596e-05
DICPCG:  Solving for p_rgh, Initial residual = 3.26392e-05, Final residual = 1.12747e-06, No Iterations 11
time step continuity errors : sum local = 3.78535e-06, global = 6.43685e-07, cumulative = -2.77159e-05
DICPCG:  Solving for p_rgh, Initial residual = 1.84397e-06, Final residual = 9.61248e-08, No Iterations 21
time step continuity errors : sum local = 3.22613e-07, global = 9.60025e-08, cumulative = -2.76199e-05
ExecutionTime = 0.06 s  ClockTime = 0 s

Courant Number mean: 0.00737919 max: 0.379828
Interface Courant Number mean: 0.000401283 max: 0.373174
deltaT = 0.00163358
Time = 0.00425963

PIMPLE: iteration 1
smoothSolver:  Solving for alpha.water, Initial residual = 0.000506069, Final residual = 8.64771e-11, No Iterations 2
Phase-1 volume fraction = 0.499391  Min(alpha.water) = 0  Max(alpha.water) = 1
MULES: Correcting alpha.water
MULES: Correcting alpha.water
Phase-1 volume fraction = 0.499394  Min(alpha.water) = -8.16845e-15  Max(alpha.water) = 1
DICPCG:  Solving for p_rgh, Initial residual = 0.0103994, Final residual = 4.2521e-05, No Iterations 1
time step continuity errors : sum local = 0.000174845, global = 1.58065e-05, cumulative = -1.18134e-05
DICPCG:  Solving for p_rgh, Initial residual = 5.14751e-05, Final residual = 2.31689e-06, No Iterations 6
time step continuity errors : sum local = 9.42412e-06, global = 3.42538e-07, cumulative = -1.14709e-05
DICPCG:  Solving for p_rgh, Initial residual = 3.8501e-06, Final residual = 7.20789e-08, No Iterations 32
time step continuity errors : sum local = 2.93113e-07, global = 9.58936e-09, cumulative = -1.14613e-05
ExecutionTime = 0.07 s  ClockTime = 0 s

Courant Number mean: 0.0134601 max: 0.562846
Interface Courant Number mean: 0.000868995 max: 0.562846
deltaT = 0.00142939
Time = 0.00568902

PIMPLE: iteration 1
smoothSolver:  Solving for alpha.water, Initial residual = 0.000609472, Final residual = 3.99933e-10, No Iterations 2
Phase-1 volume fraction = 0.498918  Min(alpha.water) = -6.87013e-75  Max(alpha.water) = 1
MULES: Correcting alpha.water
MULES: Correcting alpha.water
Phase-1 volume fraction = 0.498922  Min(alpha.water) = -1.26731e-13  Max(alpha.water) = 1
DICPCG:  Solving for p_rgh, Initial residual = 0.012896, Final residual = 5.51832e-05, No Iterations 1
time step continuity errors : sum local = 0.000166259, global = 4.27457e-07, cumulative = -1.10339e-05
DICPCG:  Solving for p_rgh, Initial residual = 6.35693e-05, Final residual = 2.75884e-06, No Iterations 6
time step continuity errors : sum local = 8.20209e-06, global = -3.76607e-06, cumulative = -1.47999e-05
DICPCG:  Solving for p_rgh, Initial residual = 4.51901e-06, Final residual = 6.78034e-08, No Iterations 35
time step continuity errors : sum local = 2.0156e-07, global = -1.59036e-09, cumulative = -1.48015e-05
ExecutionTime = 0.08 s  ClockTime = 0 s

Courant Number mean: 0.0154407 max: 0.571154
Interface Courant Number mean: 0.00126003 max: 0.557997
deltaT = 0.00126603
Time = 0.00695505

PIMPLE: iteration 1
smoothSolver:  Solving for alpha.water, Initial residual = 0.000645285, Final residual = 7.23984e-10, No Iterations 2
Phase-1 volume fraction = 0.49842  Min(alpha.water) = -5.86641e-72  Max(alpha.water) = 1
MULES: Correcting alpha.water
MULES: Correcting alpha.water
Phase-1 volume fraction = 0.498424  Min(alpha.water) = -4.38437e-13  Max(alpha.water) = 1
DICPCG:  Solving for p_rgh, Initial residual = 0.0138811, Final residual = 5.93715e-05, No Iterations 1
time step continuity errors : sum local = 0.000135377, global = 4.55995e-07, cumulative = -1.43455e-05
DICPCG:  Solving for p_rgh, Initial residual = 6.70425e-05, Final residual = 3.33717e-06, No Iterations 6
time step continuity errors : sum local = 7.50265e-06, global = -2.58622e-06, cumulative = -1.69317e-05
DICPCG:  Solving for p_rgh, Initial residual = 5.45359e-06, Final residual = 7.85334e-08, No Iterations 35
time step continuity errors : sum local = 1.76614e-07, global = -7.26364e-09, cumulative = -1.6939e-05
ExecutionTime = 0.09 s  ClockTime = 1 s

Courant Number mean: 0.016428 max: 0.558414
Interface Courant Number mean: 0.00136997 max: 0.530442
deltaT = 0.00113276
Time = 0.00808781

PIMPLE: iteration 1
smoothSolver:  Solving for alpha.water, Initial residual = 0.000659245, Final residual = 8.77065e-10, No Iterations 2
Phase-1 volume fraction = 0.497914  Min(alpha.water) = -5.74543e-72  Max(alpha.water) = 1
MULES: Correcting alpha.water
MULES: Correcting alpha.water
Phase-1 volume fraction = 0.497916  Min(alpha.water) = -7.28681e-13  Max(alpha.water) = 1
DICPCG:  Solving for p_rgh, Initial residual = 0.0141343, Final residual = 6.65118e-05, No Iterations 1
time step continuity errors : sum local = 0.000117705, global = -6.15712e-06, cumulative = -2.30961e-05
DICPCG:  Solving for p_rgh, Initial residual = 7.38349e-05, Final residual = 3.03456e-06, No Iterations 14
time step continuity errors : sum local = 5.29475e-06, global = -1.58553e-06, cumulative = -2.46817e-05
DICPCG:  Solving for p_rgh, Initial residual = 5.92987e-06, Final residual = 9.27518e-08, No Iterations 34
time step continuity errors : sum local = 1.62062e-07, global = 1.43213e-08, cumulative = -2.46673e-05
ExecutionTime = 0.11 s  ClockTime = 1 s

Courant Number mean: 0.0167282 max: 0.523156
Interface Courant Number mean: 0.00149511 max: 0.471898
deltaT = 0.00107467
Time = 0.00916248

PIMPLE: iteration 1
smoothSolver:  Solving for alpha.water, Initial residual = 0.0006952, Final residual = 1.07666e-09, No Iterations 2
Phase-1 volume fraction = 0.497384  Min(alpha.water) = -5.31929e-64  Max(alpha.water) = 1
MULES: Correcting alpha.water
MULES: Correcting alpha.water
Phase-1 volume fraction = 0.497385  Min(alpha.water) = -1.15551e-12  Max(alpha.water) = 1
DICPCG:  Solving for p_rgh, Initial residual = 0.0145116, Final residual = 8.08733e-05, No Iterations 1
time step continuity errors : sum local = 0.000125023, global = -1.50669e-05, cumulative = -3.97343e-05
DICPCG:  Solving for p_rgh, Initial residual = 9.12394e-05, Final residual = 4.25932e-06, No Iterations 15
time step continuity errors : sum local = 6.49332e-06, global = -2.43303e-06, cumulative = -4.21673e-05
DICPCG:  Solving for p_rgh, Initial residual = 7.8821e-06, Final residual = 7.17247e-08, No Iterations 35
time step continuity errors : sum local = 1.09559e-07, global = 6.75586e-09, cumulative = -4.21606e-05
ExecutionTime = 0.12 s  ClockTime = 1 s

Courant Number mean: 0.0174231 max: 0.472541
Interface Courant Number mean: 0.00126592 max: 0.442651
deltaT = 0.00113438
Time = 0.0102969

PIMPLE: iteration 1
smoothSolver:  Solving for alpha.water, Initial residual = 0.00080373, Final residual = 1.87706e-09, No Iterations 2
Phase-1 volume fraction = 0.496779  Min(alpha.water) = -1.34966e-62  Max(alpha.water) = 1
MULES: Correcting alpha.water
MULES: Correcting alpha.water
Phase-1 volume fraction = 0.496782  Min(alpha.water) = -2.33433e-12  Max(alpha.water) = 1
DICPCG:  Solving for p_rgh, Initial residual = 0.0163011, Final residual = 7.98539e-05, No Iterations 1
time step continuity errors : sum local = 0.000133914, global = 1.73341e-06, cumulative = -4.04272e-05
DICPCG:  Solving for p_rgh, Initial residual = 9.29769e-05, Final residual = 4.29762e-06, No Iterations 13
time step continuity errors : sum local = 7.09027e-06, global = -6.2402e-07, cumulative = -4.10512e-05
DICPCG:  Solving for p_rgh, Initial residual = 7.21992e-06, Final residual = 9.79026e-08, No Iterations 28
time step continuity errors : sum local = 1.61811e-07, global = -3.27834e-09, cumulative = -4.10545e-05
ExecutionTime = 0.13 s  ClockTime = 1 s

Courant Number mean: 0.0202392 max: 0.528559
Interface Courant Number mean: 0.00171137 max: 0.528559
deltaT = 0.00107306
Time = 0.0113699

PIMPLE: iteration 1
smoothSolver:  Solving for alpha.water, Initial residual = 0.000823143, Final residual = 1.90103e-09, No Iterations 2
Phase-1 volume fraction = 0.496166  Min(alpha.water) = -1.29769e-62  Max(alpha.water) = 1
MULES: Correcting alpha.water
MULES: Correcting alpha.water
Phase-1 volume fraction = 0.496169  Min(alpha.water) = -3.71248e-12  Max(alpha.water) = 1
DICPCG:  Solving for p_rgh, Initial residual = 0.0194653, Final residual = 8.27579e-05, No Iterations 1
time step continuity errors : sum local = 0.00012263, global = 1.12516e-05, cumulative = -2.98029e-05
DICPCG:  Solving for p_rgh, Initial residual = 0.000103489, Final residual = 4.66758e-06, No Iterations 13
time step continuity errors : sum local = 6.78201e-06, global = 2.2587e-07, cumulative = -2.9577e-05
DICPCG:  Solving for p_rgh, Initial residual = 8.92503e-06, Final residual = 9.62998e-08, No Iterations 30
time step continuity errors : sum local = 1.40231e-07, global = -9.16732e-09, cumulative = -2.95862e-05
ExecutionTime = 0.14 s  ClockTime = 1 s

Courant Number mean: 0.0207906 max: 0.53404
Interface Courant Number mean: 0.00184034 max: 0.523174
deltaT = 0.00101658
Time = 0.0123865

PIMPLE: iteration 1
smoothSolver:  Solving for alpha.water, Initial residual = 0.000827886, Final residual = 1.8376e-09, No Iterations 2
Phase-1 volume fraction = 0.495552  Min(alpha.water) = -1.24612e-62  Max(alpha.water) = 1
MULES: Correcting alpha.water
MULES: Correcting alpha.water
Phase-1 volume fraction = 0.495554  Min(alpha.water) = -5.9227e-12  Max(alpha.water) = 1
DICPCG:  Solving for p_rgh, Initial residual = 0.0182201, Final residual = 9.88396e-05, No Iterations 1
time step continuity errors : sum local = 0.000126836, global = 8.45923e-06, cumulative = -2.11269e-05
DICPCG:  Solving for p_rgh, Initial residual = 0.00011685, Final residual = 4.98446e-06, No Iterations 13
time step continuity errors : sum local = 6.28124e-06, global = -4.73183e-07, cumulative = -2.16001e-05
DICPCG:  Solving for p_rgh, Initial residual = 9.58534e-06, Final residual = 7.72385e-08, No Iterations 30
time step continuity errors : sum local = 9.76068e-08, global = -7.44589e-09, cumulative = -2.16076e-05
ExecutionTime = 0.16 s  ClockTime = 1 s

Courant Number mean: 0.0211321 max: 0.532659
Interface Courant Number mean: 0.0019223 max: 0.490147
deltaT = 0.000964449
Time = 0.0133509

PIMPLE: iteration 1
smoothSolver:  Solving for alpha.water, Initial residual = 0.000829706, Final residual = 1.82973e-09, No Iterations 2
Phase-1 volume fraction = 0.494939  Min(alpha.water) = -1.19566e-62  Max(alpha.water) = 1
MULES: Correcting alpha.water
MULES: Correcting alpha.water
Phase-1 volume fraction = 0.49494  Min(alpha.water) = -8.66061e-12  Max(alpha.water) = 1
DICPCG:  Solving for p_rgh, Initial residual = 0.0164963, Final residual = 0.000118158, No Iterations 1
time step continuity errors : sum local = 0.000132544, global = 3.44651e-06, cumulative = -1.81611e-05
DICPCG:  Solving for p_rgh, Initial residual = 0.000133065, Final residual = 6.42323e-06, No Iterations 12
time step continuity errors : sum local = 7.09375e-06, global = -1.06521e-06, cumulative = -1.92263e-05
DICPCG:  Solving for p_rgh, Initial residual = 1.11139e-05, Final residual = 7.37126e-08, No Iterations 31
time step continuity errors : sum local = 8.16385e-08, global = -1.67497e-08, cumulative = -1.9243e-05
ExecutionTime = 0.17 s  ClockTime = 1 s

Courant Number mean: 0.0212336 max: 0.501666
Interface Courant Number mean: 0.0017568 max: 0.427358
deltaT = 0.000964449
Time = 0.0143154

PIMPLE: iteration 1
smoothSolver:  Solving for alpha.water, Initial residual = 0.000873079, Final residual = 2.30749e-09, No Iterations 2
Phase-1 volume fraction = 0.494299  Min(alpha.water) = -1.39443e-18  Max(alpha.water) = 1
MULES: Correcting alpha.water
MULES: Correcting alpha.water
Phase-1 volume fraction = 0.4943  Min(alpha.water) = -1.48669e-11  Max(alpha.water) = 1
DICPCG:  Solving for p_rgh, Initial residual = 0.0196536, Final residual = 0.000108628, No Iterations 1
time step continuity errors : sum local = 0.000121983, global = -4.06965e-06, cumulative = -2.33127e-05
DICPCG:  Solving for p_rgh, Initial residual = 0.00012355, Final residual = 5.3951e-06, No Iterations 15
time step continuity errors : sum local = 5.94283e-06, global = -1.56613e-06, cumulative = -2.48788e-05
DICPCG:  Solving for p_rgh, Initial residual = 9.56742e-06, Final residual = 6.02699e-08, No Iterations 35
time step continuity errors : sum local = 6.65865e-08, global = 2.69365e-09, cumulative = -2.48761e-05
ExecutionTime = 0.18 s  ClockTime = 1 s

Courant Number mean: 0.0223025 max: 0.461039
Interface Courant Number mean: 0.00177229 max: 0.461039
deltaT = 0.00104955
Time = 0.0153649

PIMPLE: iteration 1
smoothSolver:  Solving for alpha.water, Initial residual = 0.000995739, Final residual = 3.92924e-09, No Iterations 2
Phase-1 volume fraction = 0.493578  Min(alpha.water) = -1.11727e-18  Max(alpha.water) = 1
MULES: Correcting alpha.water
MULES: Correcting alpha.water
Phase-1 volume fraction = 0.493581  Min(alpha.water) = -3.48912e-11  Max(alpha.water) = 1
DICPCG:  Solving for p_rgh, Initial residual = 0.0253348, Final residual = 9.60269e-05, No Iterations 1
time step continuity errors : sum local = 0.000127147, global = 5.81526e-06, cumulative = -1.90609e-05
DICPCG:  Solving for p_rgh, Initial residual = 0.000127994, Final residual = 6.05758e-06, No Iterations 13
time step continuity errors : sum local = 7.81751e-06, global = 1.29461e-07, cumulative = -1.89314e-05
DICPCG:  Solving for p_rgh, Initial residual = 9.61667e-06, Final residual = 9.3496e-08, No Iterations 21
time step continuity errors : sum local = 1.20998e-07, global = 5.97253e-08, cumulative = -1.88717e-05
ExecutionTime = 0.19 s  ClockTime = 1 s

Courant Number mean: 0.025651 max: 0.539349
Interface Courant Number mean: 0.00235021 max: 0.533617
deltaT = 0.000962085
Time = 0.016327

PIMPLE: iteration 1
smoothSolver:  Solving for alpha.water, Initial residual = 0.000953599, Final residual = 2.78645e-09, No Iterations 2
Phase-1 volume fraction = 0.492891  Min(alpha.water) = -9.13771e-19  Max(alpha.water) = 1
MULES: Correcting alpha.water
MULES: Correcting alpha.water
Phase-1 volume fraction = 0.492893  Min(alpha.water) = -3.34593e-11  Max(alpha.water) = 1
DICPCG:  Solving for p_rgh, Initial residual = 0.0227693, Final residual = 0.000113612, No Iterations 1
time step continuity errors : sum local = 0.000121116, global = 1.32749e-05, cumulative = -5.59672e-06
DICPCG:  Solving for p_rgh, Initial residual = 0.00014134, Final residual = 6.51397e-06, No Iterations 14
time step continuity errors : sum local = 6.78749e-06, global = 2.86707e-07, cumulative = -5.31001e-06
DICPCG:  Solving for p_rgh, Initial residual = 1.23538e-05, Final residual = 8.58373e-08, No Iterations 33
time step continuity errors : sum local = 8.98003e-08, global = -1.53677e-08, cumulative = -5.32538e-06
ExecutionTime = 0.2 s  ClockTime = 1 s

Courant Number mean: 0.024667 max: 0.528411
Interface Courant Number mean: 0.00230453 max: 0.484597
deltaT = 0.00091008
Time = 0.0172371

PIMPLE: iteration 1
smoothSolver:  Solving for alpha.water, Initial residual = 0.000934571, Final residual = 2.03797e-09, No Iterations 2
Phase-1 volume fraction = 0.492221  Min(alpha.water) = -7.55555e-19  Max(alpha.water) = 1
MULES: Correcting alpha.water
MULES: Correcting alpha.water
Phase-1 volume fraction = 0.492221  Min(alpha.water) = -3.87464e-11  Max(alpha.water) = 1
DICPCG:  Solving for p_rgh, Initial residual = 0.0200704, Final residual = 0.00013954, No Iterations 1
time step continuity errors : sum local = 0.000128523, global = 7.18072e-06, cumulative = 1.85534e-06
DICPCG:  Solving for p_rgh, Initial residual = 0.000162754, Final residual = 7.97066e-06, No Iterations 13
time step continuity errors : sum local = 7.19642e-06, global = -4.60187e-07, cumulative = 1.39515e-06
DICPCG:  Solving for p_rgh, Initial residual = 1.27751e-05, Final residual = 9.4366e-08, No Iterations 31
time step continuity errors : sum local = 8.55688e-08, global = -1.05089e-08, cumulative = 1.38464e-06
ExecutionTime = 0.21 s  ClockTime = 1 s

Courant Number mean: 0.0243198 max: 0.507878
Interface Courant Number mean: 0.00225461 max: 0.429931
deltaT = 0.000885484
Time = 0.0181226

PIMPLE: iteration 1
smoothSolver:  Solving for alpha.water, Initial residual = 0.000941436, Final residual = 1.73964e-09, No Iterations 2
Phase-1 volume fraction = 0.491549  Min(alpha.water) = -6.30109e-19  Max(alpha.water) = 1
MULES: Correcting alpha.water
MULES: Correcting alpha.water
Phase-1 volume fraction = 0.491548  Min(alpha.water) = -4.82657e-11  Max(alpha.water) = 1
DICPCG:  Solving for p_rgh, Initial residual = 0.0179432, Final residual = 0.000182268, No Iterations 1
time step continuity errors : sum local = 0.000154226, global = 6.09014e-06, cumulative = 7.47478e-06
DICPCG:  Solving for p_rgh, Initial residual = 0.000201675, Final residual = 9.55788e-06, No Iterations 11
time step continuity errors : sum local = 7.95292e-06, global = -7.18191e-07, cumulative = 6.75659e-06
DICPCG:  Solving for p_rgh, Initial residual = 1.45675e-05, Final residual = 8.81042e-08, No Iterations 33
time step continuity errors : sum local = 7.35844e-08, global = -1.10174e-08, cumulative = 6.74557e-06
ExecutionTime = 0.22 s  ClockTime = 1 s

Courant Number mean: 0.024522 max: 0.471298
Interface Courant Number mean: 0.00226524 max: 0.429304
deltaT = 0.000937571
Time = 0.0190602

PIMPLE: iteration 1
smoothSolver:  Solving for alpha.water, Initial residual = 0.0010315, Final residual = 2.88561e-09, No Iterations 2
Phase-1 volume fraction = 0.490819  Min(alpha.water) = -5.25658e-19  Max(alpha.water) = 1
MULES: Correcting alpha.water
MULES: Correcting alpha.water
Phase-1 volume fraction = 0.49082  Min(alpha.water) = -7.88425e-11  Max(alpha.water) = 1
DICPCG:  Solving for p_rgh, Initial residual = 0.0172089, Final residual = 0.000200977, No Iterations 1
time step continuity errors : sum local = 0.000187228, global = 1.3072e-05, cumulative = 1.98175e-05
DICPCG:  Solving for p_rgh, Initial residual = 0.000221685, Final residual = 1.09934e-05, No Iterations 10
time step continuity errors : sum local = 1.00713e-05, global = -7.2598e-07, cumulative = 1.90915e-05
DICPCG:  Solving for p_rgh, Initial residual = 1.67435e-05, Final residual = 7.40352e-08, No Iterations 35
time step continuity errors : sum local = 6.80305e-08, global = -8.25463e-09, cumulative = 1.90833e-05
ExecutionTime = 0.23 s  ClockTime = 1 s

Courant Number mean: 0.0269877 max: 0.481157
Interface Courant Number mean: 0.00241235 max: 0.481157
deltaT = 0.00096687
Time = 0.020027

PIMPLE: iteration 1
smoothSolver:  Solving for alpha.water, Initial residual = 0.00109905, Final residual = 3.91202e-09, No Iterations 2
Phase-1 volume fraction = 0.490049  Min(alpha.water) = -4.41008e-19  Max(alpha.water) = 1
MULES: Correcting alpha.water
MULES: Correcting alpha.water
Phase-1 volume fraction = 0.490051  Min(alpha.water) = -9.17068e-11  Max(alpha.water) = 1
DICPCG:  Solving for p_rgh, Initial residual = 0.0298253, Final residual = 0.00015248, No Iterations 1
time step continuity errors : sum local = 0.000158993, global = 1.23305e-05, cumulative = 3.14138e-05
DICPCG:  Solving for p_rgh, Initial residual = 0.000187679, Final residual = 8.65749e-06, No Iterations 12
time step continuity errors : sum local = 8.75767e-06, global = -5.96723e-07, cumulative = 3.08171e-05
DICPCG:  Solving for p_rgh, Initial residual = 1.52985e-05, Final residual = 9.01202e-08, No Iterations 31
time step continuity errors : sum local = 9.15105e-08, global = -1.25223e-08, cumulative = 3.08045e-05
ExecutionTime = 0.24 s  ClockTime = 1 s

Courant Number mean: 0.0288799 max: 0.532813
Interface Courant Number mean: 0.00274933 max: 0.505499
deltaT = 0.000908272
Time = 0.0209353

PIMPLE: iteration 1
smoothSolver:  Solving for alpha.water, Initial residual = 0.0010626, Final residual = 3.00429e-09, No Iterations 2
Phase-1 volume fraction = 0.489308  Min(alpha.water) = -3.73734e-19  Max(alpha.water) = 1
MULES: Correcting alpha.water
MULES: Correcting alpha.water
Phase-1 volume fraction = 0.489309  Min(alpha.water) = -7.39256e-11  Max(alpha.water) = 1
DICPCG:  Solving for p_rgh, Initial residual = 0.0255349, Final residual = 0.0001545, No Iterations 1
time step continuity errors : sum local = 0.000135378, global = 7.53411e-06, cumulative = 3.83386e-05
DICPCG:  Solving for p_rgh, Initial residual = 0.000185281, Final residual = 7.7839e-06, No Iterations 14
time step continuity errors : sum local = 6.65351e-06, global = 3.61773e-08, cumulative = 3.83748e-05
DICPCG:  Solving for p_rgh, Initial residual = 1.3694e-05, Final residual = 8.14705e-08, No Iterations 22
time step continuity errors : sum local = 7.00245e-08, global = -2.68434e-08, cumulative = 3.8348e-05
ExecutionTime = 0.25 s  ClockTime = 1 s

Courant Number mean: 0.0280403 max: 0.525557
Interface Courant Number mean: 0.00261535 max: 0.454946
deltaT = 0.000854844
Time = 0.0217901

PIMPLE: iteration 1
smoothSolver:  Solving for alpha.water, Initial residual = 0.00102688, Final residual = 1.96341e-09, No Iterations 2
Phase-1 volume fraction = 0.488595  Min(alpha.water) = -3.20369e-19  Max(alpha.water) = 1
MULES: Correcting alpha.water
MULES: Correcting alpha.water
Phase-1 volume fraction = 0.488594  Min(alpha.water) = -6.31823e-11  Max(alpha.water) = 1
DICPCG:  Solving for p_rgh, Initial residual = 0.0234834, Final residual = 0.000147124, No Iterations 1
time step continuity errors : sum local = 0.000112986, global = 5.83632e-06, cumulative = 4.41843e-05
DICPCG:  Solving for p_rgh, Initial residual = 0.000171143, Final residual = 8.41176e-06, No Iterations 13
time step continuity errors : sum local = 6.31021e-06, global = -3.24737e-07, cumulative = 4.38596e-05
DICPCG:  Solving for p_rgh, Initial residual = 1.28246e-05, Final residual = 8.58331e-08, No Iterations 32
time step continuity errors : sum local = 6.4742e-08, global = -1.1291e-08, cumulative = 4.38483e-05
ExecutionTime = 0.26 s  ClockTime = 1 s

Courant Number mean: 0.0271602 max: 0.489879
Interface Courant Number mean: 0.00261271 max: 0.416391
deltaT = 0.000881558
Time = 0.0226717

PIMPLE: iteration 1
smoothSolver:  Solving for alpha.water, Initial residual = 0.00108683, Final residual = 1.86342e-09, No Iterations 2
Phase-1 volume fraction = 0.487846  Min(alpha.water) = -2.74282e-19  Max(alpha.water) = 1
MULES: Correcting alpha.water
MULES: Correcting alpha.water
Phase-1 volume fraction = 0.487845  Min(alpha.water) = -7.96107e-11  Max(alpha.water) = 1
DICPCG:  Solving for p_rgh, Initial residual = 0.02171, Final residual = 0.000197815, No Iterations 1
time step continuity errors : sum local = 0.000155288, global = 6.32707e-06, cumulative = 5.01753e-05
DICPCG:  Solving for p_rgh, Initial residual = 0.000217079, Final residual = 9.54688e-06, No Iterations 13
time step continuity errors : sum local = 7.34099e-06, global = -2.87694e-07, cumulative = 4.98877e-05
DICPCG:  Solving for p_rgh, Initial residual = 1.46299e-05, Final residual = 9.42991e-08, No Iterations 33
time step continuity errors : sum local = 7.28653e-08, global = -1.16816e-08, cumulative = 4.9876e-05
ExecutionTime = 0.28 s  ClockTime = 1 s

Courant Number mean: 0.0288187 max: 0.462854
Interface Courant Number mean: 0.00244356 max: 0.451684
deltaT = 0.000942355
Time = 0.0236141

PIMPLE: iteration 1
smoothSolver:  Solving for alpha.water, Initial residual = 0.00119438, Final residual = 3.41349e-09, No Iterations 2
Phase-1 volume fraction = 0.487029  Min(alpha.water) = -2.34066e-19  Max(alpha.water) = 1
MULES: Correcting alpha.water
MULES: Correcting alpha.water
Phase-1 volume fraction = 0.487031  Min(alpha.water) = -1.37375e-10  Max(alpha.water) = 1
DICPCG:  Solving for p_rgh, Initial residual = 0.0219215, Final residual = 0.000218617, No Iterations 1
time step continuity errors : sum local = 0.000194395, global = 2.69549e-05, cumulative = 7.68309e-05
DICPCG:  Solving for p_rgh, Initial residual = 0.000248007, Final residual = 9.50464e-06, No Iterations 12
time step continuity errors : sum local = 8.26843e-06, global = 2.14622e-08, cumulative = 7.68524e-05
DICPCG:  Solving for p_rgh, Initial residual = 1.82237e-05, Final residual = 9.60358e-08, No Iterations 22
time step continuity errors : sum local = 8.38267e-08, global = -3.82726e-09, cumulative = 7.68485e-05
ExecutionTime = 0.29 s  ClockTime = 1 s

Courant Number mean: 0.0318298 max: 0.502076
Interface Courant Number mean: 0.00296452 max: 0.502076
deltaT = 0.000942355
Time = 0.0245564

PIMPLE: iteration 1
smoothSolver:  Solving for alpha.water, Initial residual = 0.00122404, Final residual = 4.17696e-09, No Iterations 2
Phase-1 volume fraction = 0.4862  Min(alpha.water) = -7.47112e-19  Max(alpha.water) = 1
MULES: Correcting alpha.water
MULES: Correcting alpha.water
Phase-1 volume fraction = 0.486201  Min(alpha.water) = -1.92602e-10  Max(alpha.water) = 1
DICPCG:  Solving for p_rgh, Initial residual = 0.0264368, Final residual = 0.000199288, No Iterations 1
time step continuity errors : sum local = 0.000180703, global = 1.90107e-05, cumulative = 9.58592e-05
DICPCG:  Solving for p_rgh, Initial residual = 0.000235838, Final residual = 1.05188e-05, No Iterations 13
time step continuity errors : sum local = 9.28453e-06, global = -2.41793e-07, cumulative = 9.56174e-05
DICPCG:  Solving for p_rgh, Initial residual = 1.91301e-05, Final residual = 8.13778e-08, No Iterations 34
time step continuity errors : sum local = 7.22345e-08, global = -1.18475e-08, cumulative = 9.56056e-05
ExecutionTime = 0.3 s  ClockTime = 1 s

Courant Number mean: 0.0328107 max: 0.520496
Interface Courant Number mean: 0.00333122 max: 0.495801
deltaT = 0.000908699
Time = 0.0254651

PIMPLE: iteration 1
smoothSolver:  Solving for alpha.water, Initial residual = 0.0012069, Final residual = 3.6714e-09, No Iterations 2
Phase-1 volume fraction = 0.485387  Min(alpha.water) = -6.64915e-19  Max(alpha.water) = 1
MULES: Correcting alpha.water
MULES: Correcting alpha.water
Phase-1 volume fraction = 0.485387  Min(alpha.water) = -1.85154e-10  Max(alpha.water) = 1
DICPCG:  Solving for p_rgh, Initial residual = 0.0265412, Final residual = 0.000211153, No Iterations 1
time step continuity errors : sum local = 0.000175407, global = 1.50427e-05, cumulative = 0.000110648
DICPCG:  Solving for p_rgh, Initial residual = 0.000246367, Final residual = 1.15075e-05, No Iterations 13
time step continuity errors : sum local = 9.31436e-06, global = -2.77882e-07, cumulative = 0.00011037
DICPCG:  Solving for p_rgh, Initial residual = 2.05623e-05, Final residual = 9.91119e-08, No Iterations 33
time step continuity errors : sum local = 8.07489e-08, global = -1.589e-08, cumulative = 0.000110354
ExecutionTime = 0.31 s  ClockTime = 1 s

Courant Number mean: 0.0325111 max: 0.527717
Interface Courant Number mean: 0.00311348 max: 0.446252
deltaT = 0.000876246
Time = 0.0263414

PIMPLE: iteration 1
smoothSolver:  Solving for alpha.water, Initial residual = 0.00118951, Final residual = 2.65102e-09, No Iterations 2
Phase-1 volume fraction = 0.48459  Min(alpha.water) = -5.93923e-19  Max(alpha.water) = 1
MULES: Correcting alpha.water
MULES: Correcting alpha.water
Phase-1 volume fraction = 0.484588  Min(alpha.water) = -1.87871e-10  Max(alpha.water) = 1
DICPCG:  Solving for p_rgh, Initial residual = 0.0243274, Final residual = 0.000216634, No Iterations 1
time step continuity errors : sum local = 0.00016589, global = 7.70296e-06, cumulative = 0.000118057
DICPCG:  Solving for p_rgh, Initial residual = 0.000244522, Final residual = 1.09193e-05, No Iterations 13
time step continuity errors : sum local = 8.16135e-06, global = -7.04611e-07, cumulative = 0.000117353
DICPCG:  Solving for p_rgh, Initial residual = 1.84135e-05, Final residual = 7.57659e-08, No Iterations 32
time step continuity errors : sum local = 5.69972e-08, global = -8.0343e-09, cumulative = 0.000117345
ExecutionTime = 0.32 s  ClockTime = 1 s

Courant Number mean: 0.0320775 max: 0.496152
Interface Courant Number mean: 0.00312813 max: 0.450553
deltaT = 0.000876246
Time = 0.0272176

PIMPLE: iteration 1
smoothSolver:  Solving for alpha.water, Initial residual = 0.00121636, Final residual = 2.17488e-09, No Iterations 2
Phase-1 volume fraction = 0.483779  Min(alpha.water) = -5.30045e-19  Max(alpha.water) = 1
MULES: Correcting alpha.water
MULES: Correcting alpha.water
Phase-1 volume fraction = 0.483779  Min(alpha.water) = -2.46338e-10  Max(alpha.water) = 1
DICPCG:  Solving for p_rgh, Initial residual = 0.0238715, Final residual = 0.000220604, No Iterations 1
time step continuity errors : sum local = 0.000165847, global = 8.95936e-06, cumulative = 0.000126304
DICPCG:  Solving for p_rgh, Initial residual = 0.0002431, Final residual = 1.21091e-05, No Iterations 12
time step continuity errors : sum local = 8.8937e-06, global = -1.65087e-07, cumulative = 0.000126139
DICPCG:  Solving for p_rgh, Initial residual = 1.70708e-05, Final residual = 8.25316e-08, No Iterations 34
time step continuity errors : sum local = 6.09105e-08, global = -9.8957e-09, cumulative = 0.000126129
ExecutionTime = 0.33 s  ClockTime = 1 s

Courant Number mean: 0.0328793 max: 0.468614
Interface Courant Number mean: 0.00313652 max: 0.468614
deltaT = 0.000949266
Time = 0.0281669

PIMPLE: iteration 1
smoothSolver:  Solving for alpha.water, Initial residual = 0.00134626, Final residual = 4.32874e-09, No Iterations 2
Phase-1 volume fraction = 0.482891  Min(alpha.water) = -4.68975e-19  Max(alpha.water) = 1
MULES: Correcting alpha.water
MULES: Correcting alpha.water
Phase-1 volume fraction = 0.482892  Min(alpha.water) = -4.8842e-10  Max(alpha.water) = 1
DICPCG:  Solving for p_rgh, Initial residual = 0.0284791, Final residual = 0.00021197, No Iterations 1
time step continuity errors : sum local = 0.000191933, global = 2.74986e-05, cumulative = 0.000153628
DICPCG:  Solving for p_rgh, Initial residual = 0.000255639, Final residual = 1.09398e-05, No Iterations 12
time step continuity errors : sum local = 9.6262e-06, global = -7.33786e-08, cumulative = 0.000153554
DICPCG:  Solving for p_rgh, Initial residual = 2.11839e-05, Final residual = 8.91382e-08, No Iterations 34
time step continuity errors : sum local = 7.87912e-08, global = -1.77592e-08, cumulative = 0.000153537
ExecutionTime = 0.34 s  ClockTime = 1 s

Courant Number mean: 0.0365654 max: 0.514613
Interface Courant Number mean: 0.00377888 max: 0.514613
deltaT = 0.000909714
Time = 0.0290766

PIMPLE: iteration 1
smoothSolver:  Solving for alpha.water, Initial residual = 0.00131645, Final residual = 4.30674e-09, No Iterations 2
Phase-1 volume fraction = 0.482029  Min(alpha.water) = -4.17223e-19  Max(alpha.water) = 1
MULES: Correcting alpha.water
MULES: Correcting alpha.water
Phase-1 volume fraction = 0.482029  Min(alpha.water) = -4.66649e-10  Max(alpha.water) = 1
DICPCG:  Solving for p_rgh, Initial residual = 0.0279949, Final residual = 0.000225693, No Iterations 1
time step continuity errors : sum local = 0.000186727, global = 1.80522e-05, cumulative = 0.000171589
DICPCG:  Solving for p_rgh, Initial residual = 0.000266454, Final residual = 1.26701e-05, No Iterations 13
time step continuity errors : sum local = 1.02012e-05, global = 3.70236e-08, cumulative = 0.000171626
DICPCG:  Solving for p_rgh, Initial residual = 2.32986e-05, Final residual = 8.82709e-08, No Iterations 24
time step continuity errors : sum local = 7.15588e-08, global = -3.8657e-08, cumulative = 0.000171587
ExecutionTime = 0.35 s  ClockTime = 1 s

Courant Number mean: 0.0358831 max: 0.519277
Interface Courant Number mean: 0.00364637 max: 0.472161
deltaT = 0.000871809
Time = 0.0299484

PIMPLE: iteration 1
smoothSolver:  Solving for alpha.water, Initial residual = 0.00128518, Final residual = 3.60247e-09, No Iterations 2
Phase-1 volume fraction = 0.481192  Min(alpha.water) = -3.73669e-19  Max(alpha.water) = 1
MULES: Correcting alpha.water
MULES: Correcting alpha.water
Phase-1 volume fraction = 0.481191  Min(alpha.water) = -4.44958e-10  Max(alpha.water) = 1
DICPCG:  Solving for p_rgh, Initial residual = 0.0258935, Final residual = 0.000215504, No Iterations 1
time step continuity errors : sum local = 0.000162304, global = 1.1863e-05, cumulative = 0.00018345
DICPCG:  Solving for p_rgh, Initial residual = 0.000249458, Final residual = 9.72234e-06, No Iterations 14
time step continuity errors : sum local = 7.13212e-06, global = -3.58667e-07, cumulative = 0.000183091
DICPCG:  Solving for p_rgh, Initial residual = 1.8479e-05, Final residual = 7.82197e-08, No Iterations 34
time step continuity errors : sum local = 5.78206e-08, global = -1.16584e-08, cumulative = 0.00018308
ExecutionTime = 0.36 s  ClockTime = 1 s

Courant Number mean: 0.0351182 max: 0.504792
Interface Courant Number mean: 0.00351596 max: 0.449746
deltaT = 0.000871809
Time = 0.0308202

PIMPLE: iteration 1
smoothSolver:  Solving for alpha.water, Initial residual = 0.0013098, Final residual = 3.05808e-09, No Iterations 2
Phase-1 volume fraction = 0.480344  Min(alpha.water) = -3.3572e-19  Max(alpha.water) = 1
MULES: Correcting alpha.water
MULES: Correcting alpha.water
Phase-1 volume fraction = 0.480344  Min(alpha.water) = -4.67449e-10  Max(alpha.water) = 1
DICPCG:  Solving for p_rgh, Initial residual = 0.0254265, Final residual = 0.000234982, No Iterations 1
time step continuity errors : sum local = 0.000176033, global = 8.72435e-06, cumulative = 0.000191804
DICPCG:  Solving for p_rgh, Initial residual = 0.000260531, Final residual = 1.20871e-05, No Iterations 13
time step continuity errors : sum local = 8.83382e-06, global = -3.62516e-07, cumulative = 0.000191442
DICPCG:  Solving for p_rgh, Initial residual = 1.90551e-05, Final residual = 8.71165e-08, No Iterations 34
time step continuity errors : sum local = 6.40869e-08, global = -6.70493e-09, cumulative = 0.000191435
ExecutionTime = 0.37 s  ClockTime = 1 s

Courant Number mean: 0.0358119 max: 0.470837
Interface Courant Number mean: 0.00324651 max: 0.466766
deltaT = 0.000913324
Time = 0.0317335

PIMPLE: iteration 1
smoothSolver:  Solving for alpha.water, Initial residual = 0.0013999, Final residual = 3.4423e-09, No Iterations 2
Phase-1 volume fraction = 0.479447  Min(alpha.water) = -3.0103e-19  Max(alpha.water) = 1
MULES: Correcting alpha.water
MULES: Correcting alpha.water
Phase-1 volume fraction = 0.479448  Min(alpha.water) = -2.11181e-09  Max(alpha.water) = 1
DICPCG:  Solving for p_rgh, Initial residual = 0.0232132, Final residual = 0.000290725, No Iterations 1
time step continuity errors : sum local = 0.000234226, global = 2.56096e-05, cumulative = 0.000217045
DICPCG:  Solving for p_rgh, Initial residual = 0.000321848, Final residual = 1.54996e-05, No Iterations 11
time step continuity errors : sum local = 1.22003e-05, global = 1.27722e-07, cumulative = 0.000217172
DICPCG:  Solving for p_rgh, Initial residual = 2.78291e-05, Final residual = 7.8548e-08, No Iterations 34
time step continuity errors : sum local = 6.20716e-08, global = -1.47074e-08, cumulative = 0.000217158
ExecutionTime = 0.38 s  ClockTime = 1 s

Courant Number mean: 0.0383755 max: 0.501986
Interface Courant Number mean: 0.00374738 max: 0.501986
deltaT = 0.000913324
Time = 0.0326469

PIMPLE: iteration 1
smoothSolver:  Solving for alpha.water, Initial residual = 0.0014247, Final residual = 4.60872e-09, No Iterations 2
Phase-1 volume fraction = 0.478542  Min(alpha.water) = -2.02488e-19  Max(alpha.water) = 1
MULES: Correcting alpha.water
MULES: Correcting alpha.water
Phase-1 volume fraction = 0.478543  Min(alpha.water) = -3.95822e-09  Max(alpha.water) = 1
DICPCG:  Solving for p_rgh, Initial residual = 0.0278055, Final residual = 0.00022379, No Iterations 1
time step continuity errors : sum local = 0.000188009, global = 2.16116e-05, cumulative = 0.000238769
DICPCG:  Solving for p_rgh, Initial residual = 0.000267023, Final residual = 1.23336e-05, No Iterations 13
time step continuity errors : sum local = 1.0077e-05, global = -6.77181e-07, cumulative = 0.000238092
DICPCG:  Solving for p_rgh, Initial residual = 2.22198e-05, Final residual = 7.14589e-08, No Iterations 34
time step continuity errors : sum local = 5.88065e-08, global = -9.08985e-09, cumulative = 0.000238083
ExecutionTime = 0.39 s  ClockTime = 1 s

Courant Number mean: 0.0391762 max: 0.49803
Interface Courant Number mean: 0.00400752 max: 0.492251
deltaT = 0.000913324
Time = 0.0335602

PIMPLE: iteration 1
smoothSolver:  Solving for alpha.water, Initial residual = 0.00144692, Final residual = 5.34743e-09, No Iterations 2
Phase-1 volume fraction = 0.477629  Min(alpha.water) = -1.82868e-19  Max(alpha.water) = 1
MULES: Correcting alpha.water
MULES: Correcting alpha.water
Phase-1 volume fraction = 0.477628  Min(alpha.water) = -6.73469e-09  Max(alpha.water) = 1
DICPCG:  Solving for p_rgh, Initial residual = 0.0325466, Final residual = 0.000212503, No Iterations 1
time step continuity errors : sum local = 0.000181075, global = 1.8795e-05, cumulative = 0.000256878
DICPCG:  Solving for p_rgh, Initial residual = 0.00025385, Final residual = 1.15062e-05, No Iterations 14
time step continuity errors : sum local = 9.48594e-06, global = 3.42071e-07, cumulative = 0.00025722
DICPCG:  Solving for p_rgh, Initial residual = 2.27157e-05, Final residual = 9.74161e-08, No Iterations 34
time step continuity errors : sum local = 8.09075e-08, global = -9.48135e-09, cumulative = 0.000257211
ExecutionTime = 0.4 s  ClockTime = 1 s

Courant Number mean: 0.0399683 max: 0.530375
Interface Courant Number mean: 0.00420558 max: 0.473414
deltaT = 0.000865254
Time = 0.0344254

PIMPLE: iteration 1
smoothSolver:  Solving for alpha.water, Initial residual = 0.00139264, Final residual = 4.06618e-09, No Iterations 2
Phase-1 volume fraction = 0.476755  Min(alpha.water) = -1.66463e-19  Max(alpha.water) = 1
MULES: Correcting alpha.water
MULES: Correcting alpha.water
Phase-1 volume fraction = 0.476754  Min(alpha.water) = -9.71055e-09  Max(alpha.water) = 1
DICPCG:  Solving for p_rgh, Initial residual = 0.027462, Final residual = 0.000224526, No Iterations 1
time step continuity errors : sum local = 0.000168331, global = 9.22404e-06, cumulative = 0.000266435
DICPCG:  Solving for p_rgh, Initial residual = 0.000256395, Final residual = 1.13399e-05, No Iterations 14
time step continuity errors : sum local = 8.27517e-06, global = -3.63665e-07, cumulative = 0.000266071
DICPCG:  Solving for p_rgh, Initial residual = 1.98675e-05, Final residual = 6.61417e-08, No Iterations 34
time step continuity errors : sum local = 4.86681e-08, global = -9.54635e-09, cumulative = 0.000266061
ExecutionTime = 0.41 s  ClockTime = 1 s

Courant Number mean: 0.0385144 max: 0.489215
Interface Courant Number mean: 0.00394078 max: 0.465676
deltaT = 0.000865254
Time = 0.0352907

PIMPLE: iteration 1
smoothSolver:  Solving for alpha.water, Initial residual = 0.00141535, Final residual = 3.42759e-09, No Iterations 2
Phase-1 volume fraction = 0.475873  Min(alpha.water) = -1.51961e-19  Max(alpha.water) = 1
MULES: Correcting alpha.water
MULES: Correcting alpha.water
Phase-1 volume fraction = 0.475873  Min(alpha.water) = -1.78815e-08  Max(alpha.water) = 1
DICPCG:  Solving for p_rgh, Initial residual = 0.0233499, Final residual = 0.000263129, No Iterations 1
time step continuity errors : sum local = 0.000192344, global = 1.50081e-05, cumulative = 0.000281069
DICPCG:  Solving for p_rgh, Initial residual = 0.000290475, Final residual = 1.33807e-05, No Iterations 12
time step continuity errors : sum local = 9.5604e-06, global = -1.46529e-07, cumulative = 0.000280923
DICPCG:  Solving for p_rgh, Initial residual = 2.30618e-05, Final residual = 8.78881e-08, No Iterations 34
time step continuity errors : sum local = 6.31685e-08, global = -1.35623e-08, cumulative = 0.000280909
ExecutionTime = 0.42 s  ClockTime = 1 s

Courant Number mean: 0.0392244 max: 0.478585
Interface Courant Number mean: 0.00400698 max: 0.478585
deltaT = 0.000919332
Time = 0.03621

PIMPLE: iteration 1
smoothSolver:  Solving for alpha.water, Initial residual = 0.00152843, Final residual = 4.73169e-09, No Iterations 2
Phase-1 volume fraction = 0.47493  Min(alpha.water) = -1.3842e-19  Max(alpha.water) = 1
MULES: Correcting alpha.water
MULES: Correcting alpha.water
Phase-1 volume fraction = 0.474931  Min(alpha.water) = -3.43637e-08  Max(alpha.water) = 1
DICPCG:  Solving for p_rgh, Initial residual = 0.028147, Final residual = 0.000261905, No Iterations 1
time step continuity errors : sum local = 0.000224366, global = 2.8869e-05, cumulative = 0.000309778
DICPCG:  Solving for p_rgh, Initial residual = 0.000311695, Final residual = 1.26028e-05, No Iterations 12
time step continuity errors : sum local = 1.04842e-05, global = -1.83099e-07, cumulative = 0.000309595
DICPCG:  Solving for p_rgh, Initial residual = 2.66768e-05, Final residual = 8.22159e-08, No Iterations 34
time step continuity errors : sum local = 6.87478e-08, global = -1.95174e-08, cumulative = 0.000309576
ExecutionTime = 0.44 s  ClockTime = 1 s

Courant Number mean: 0.0425027 max: 0.508655
Interface Courant Number mean: 0.00428218 max: 0.508655
deltaT = 0.000919332
Time = 0.0371293

PIMPLE: iteration 1
smoothSolver:  Solving for alpha.water, Initial residual = 0.0015507, Final residual = 6.112e-09, No Iterations 2
Phase-1 volume fraction = 0.473983  Min(alpha.water) = -1.2656e-19  Max(alpha.water) = 1
MULES: Correcting alpha.water
MULES: Correcting alpha.water
Phase-1 volume fraction = 0.473982  Min(alpha.water) = -5.10068e-08  Max(alpha.water) = 1
DICPCG:  Solving for p_rgh, Initial residual = 0.0274798, Final residual = 0.000269843, No Iterations 1
time step continuity errors : sum local = 0.000229741, global = 2.47357e-05, cumulative = 0.000334311
DICPCG:  Solving for p_rgh, Initial residual = 0.000313193, Final residual = 1.37442e-05, No Iterations 13
time step continuity errors : sum local = 1.13813e-05, global = -3.42308e-07, cumulative = 0.000333969
DICPCG:  Solving for p_rgh, Initial residual = 2.55678e-05, Final residual = 7.79806e-08, No Iterations 34
time step continuity errors : sum local = 6.50919e-08, global = -1.40767e-08, cumulative = 0.000333955
ExecutionTime = 0.45 s  ClockTime = 1 s

Courant Number mean: 0.0432835 max: 0.513226
Interface Courant Number mean: 0.00434613 max: 0.481573
deltaT = 0.000919332
Time = 0.0380487

PIMPLE: iteration 1
smoothSolver:  Solving for alpha.water, Initial residual = 0.00157288, Final residual = 6.80961e-09, No Iterations 2
Phase-1 volume fraction = 0.473029  Min(alpha.water) = -1.16231e-19  Max(alpha.water) = 1
MULES: Correcting alpha.water
MULES: Correcting alpha.water
Phase-1 volume fraction = 0.473027  Min(alpha.water) = -6.78256e-08  Max(alpha.water) = 1
DICPCG:  Solving for p_rgh, Initial residual = 0.0303309, Final residual = 0.000242372, No Iterations 1
time step continuity errors : sum local = 0.000208478, global = 1.98657e-05, cumulative = 0.000353821
DICPCG:  Solving for p_rgh, Initial residual = 0.000282439, Final residual = 1.1897e-05, No Iterations 14
time step continuity errors : sum local = 9.92048e-06, global = -1.84591e-08, cumulative = 0.000353802
DICPCG:  Solving for p_rgh, Initial residual = 2.49926e-05, Final residual = 9.50652e-08, No Iterations 23
time step continuity errors : sum local = 7.99371e-08, global = -4.2207e-08, cumulative = 0.00035376
ExecutionTime = 0.46 s  ClockTime = 1 s

Courant Number mean: 0.0440234 max: 0.524521
Interface Courant Number mean: 0.00465453 max: 0.498337
deltaT = 0.000853666
Time = 0.0389023

PIMPLE: iteration 1
smoothSolver:  Solving for alpha.water, Initial residual = 0.00148348, Final residual = 4.60246e-09, No Iterations 2
Phase-1 volume fraction = 0.472136  Min(alpha.water) = -1.86361e-19  Max(alpha.water) = 1
MULES: Correcting alpha.water
MULES: Correcting alpha.water
Phase-1 volume fraction = 0.472135  Min(alpha.water) = -7.64612e-08  Max(alpha.water) = 1
DICPCG:  Solving for p_rgh, Initial residual = 0.0269325, Final residual = 0.000222035, No Iterations 1
time step continuity errors : sum local = 0.000166229, global = 8.71559e-06, cumulative = 0.000362476
DICPCG:  Solving for p_rgh, Initial residual = 0.000249738, Final residual = 1.17412e-05, No Iterations 14
time step continuity errors : sum local = 8.55522e-06, global = -6.24326e-07, cumulative = 0.000361851
DICPCG:  Solving for p_rgh, Initial residual = 1.96082e-05, Final residual = 9.19935e-08, No Iterations 33
time step continuity errors : sum local = 6.76135e-08, global = -2.97697e-09, cumulative = 0.000361848
ExecutionTime = 0.47 s  ClockTime = 1 s

Courant Number mean: 0.0414843 max: 0.473269
Interface Courant Number mean: 0.00448488 max: 0.473269
deltaT = 0.000924805
Time = 0.0398272

PIMPLE: iteration 1
smoothSolver:  Solving for alpha.water, Initial residual = 0.0016315, Final residual = 5.91654e-09, No Iterations 2
Phase-1 volume fraction = 0.471164  Min(alpha.water) = -1.68399e-19  Max(alpha.water) = 1
MULES: Correcting alpha.water
MULES: Correcting alpha.water
Phase-1 volume fraction = 0.471165  Min(alpha.water) = -9.53662e-08  Max(alpha.water) = 1
DICPCG:  Solving for p_rgh, Initial residual = 0.0265095, Final residual = 0.000275134, No Iterations 1
time step continuity errors : sum local = 0.000239581, global = 3.00767e-05, cumulative = 0.000391925
DICPCG:  Solving for p_rgh, Initial residual = 0.00031699, Final residual = 1.50819e-05, No Iterations 11
time step continuity errors : sum local = 1.27933e-05, global = 6.84552e-07, cumulative = 0.00039261
DICPCG:  Solving for p_rgh, Initial residual = 2.85195e-05, Final residual = 8.09714e-08, No Iterations 34
time step continuity errors : sum local = 6.89514e-08, global = -1.42871e-08, cumulative = 0.000392595
ExecutionTime = 0.48 s  ClockTime = 1 s

Courant Number mean: 0.0457428 max: 0.519808
Interface Courant Number mean: 0.00467402 max: 0.519808
deltaT = 0.000924805
Time = 0.040752

PIMPLE: iteration 1
smoothSolver:  Solving for alpha.water, Initial residual = 0.00165504, Final residual = 6.72167e-09, No Iterations 2
Phase-1 volume fraction = 0.47019  Min(alpha.water) = -6.9731e-19  Max(alpha.water) = 1
MULES: Correcting alpha.water
MULES: Correcting alpha.water
Phase-1 volume fraction = 0.47019  Min(alpha.water) = -6.86092e-08  Max(alpha.water) = 1
DICPCG:  Solving for p_rgh, Initial residual = 0.0287565, Final residual = 0.000257918, No Iterations 1
time step continuity errors : sum local = 0.000229989, global = 2.3257e-05, cumulative = 0.000415852
DICPCG:  Solving for p_rgh, Initial residual = 0.000301743, Final residual = 1.33976e-05, No Iterations 13
time step continuity errors : sum local = 1.1604e-05, global = -2.19647e-07, cumulative = 0.000415633
DICPCG:  Solving for p_rgh, Initial residual = 2.4098e-05, Final residual = 7.25056e-08, No Iterations 34
time step continuity errors : sum local = 6.3292e-08, global = -2.05685e-08, cumulative = 0.000415612
ExecutionTime = 0.49 s  ClockTime = 1 s

Courant Number mean: 0.0465102 max: 0.505939
Interface Courant Number mean: 0.00486708 max: 0.499608
deltaT = 0.000924805
Time = 0.0416768

PIMPLE: iteration 1
smoothSolver:  Solving for alpha.water, Initial residual = 0.00167651, Final residual = 7.95687e-09, No Iterations 2
Phase-1 volume fraction = 0.469213  Min(alpha.water) = -5.92767e-19  Max(alpha.water) = 1
MULES: Correcting alpha.water
MULES: Correcting alpha.water
Phase-1 volume fraction = 0.469211  Min(alpha.water) = -6.70101e-08  Max(alpha.water) = 1
DICPCG:  Solving for p_rgh, Initial residual = 0.0296041, Final residual = 0.00023567, No Iterations 1
time step continuity errors : sum local = 0.000214055, global = 2.19724e-05, cumulative = 0.000437585
DICPCG:  Solving for p_rgh, Initial residual = 0.00027494, Final residual = 1.29989e-05, No Iterations 14
time step continuity errors : sum local = 1.14477e-05, global = -6.67435e-07, cumulative = 0.000436917
DICPCG:  Solving for p_rgh, Initial residual = 2.50159e-05, Final residual = 7.69051e-08, No Iterations 34
time step continuity errors : sum local = 6.8306e-08, global = -1.88524e-08, cumulative = 0.000436898
ExecutionTime = 0.5 s  ClockTime = 1 s

Courant Number mean: 0.0472238 max: 0.520679
Interface Courant Number mean: 0.00495908 max: 0.50445
deltaT = 0.000924805
Time = 0.0426016

PIMPLE: iteration 1
smoothSolver:  Solving for alpha.water, Initial residual = 0.00169694, Final residual = 8.27196e-09, No Iterations 2
Phase-1 volume fraction = 0.468232  Min(alpha.water) = -5.04084e-19  Max(alpha.water) = 1
MULES: Correcting alpha.water
MULES: Correcting alpha.water
Phase-1 volume fraction = 0.46823  Min(alpha.water) = -7.58823e-08  Max(alpha.water) = 1
DICPCG:  Solving for p_rgh, Initial residual = 0.0285775, Final residual = 0.000282553, No Iterations 1
time step continuity errors : sum local = 0.000251359, global = 2.00126e-05, cumulative = 0.000456911
DICPCG:  Solving for p_rgh, Initial residual = 0.00031806, Final residual = 1.57373e-05, No Iterations 13
time step continuity errors : sum local = 1.36199e-05, global = 4.58392e-08, cumulative = 0.000456957
DICPCG:  Solving for p_rgh, Initial residual = 2.75534e-05, Final residual = 7.2273e-08, No Iterations 23
time step continuity errors : sum local = 6.30669e-08, global = 1.20057e-08, cumulative = 0.000456969
ExecutionTime = 0.51 s  ClockTime = 1 s

Courant Number mean: 0.0479047 max: 0.516854
Interface Courant Number mean: 0.00525451 max: 0.516854
deltaT = 0.000924805
Time = 0.0435264

PIMPLE: iteration 1
smoothSolver:  Solving for alpha.water, Initial residual = 0.00171816, Final residual = 7.69934e-09, No Iterations 2
Phase-1 volume fraction = 0.467247  Min(alpha.water) = -4.27256e-19  Max(alpha.water) = 1
MULES: Correcting alpha.water
MULES: Correcting alpha.water
Phase-1 volume fraction = 0.467247  Min(alpha.water) = -7.94886e-08  Max(alpha.water) = 1
DICPCG:  Solving for p_rgh, Initial residual = 0.0241249, Final residual = 0.00028945, No Iterations 1
time step continuity errors : sum local = 0.000254162, global = 2.21549e-05, cumulative = 0.000479124
DICPCG:  Solving for p_rgh, Initial residual = 0.000322186, Final residual = 1.55317e-05, No Iterations 12
time step continuity errors : sum local = 1.33055e-05, global = -2.7181e-07, cumulative = 0.000478852
DICPCG:  Solving for p_rgh, Initial residual = 2.70654e-05, Final residual = 8.65376e-08, No Iterations 34
time step continuity errors : sum local = 7.46248e-08, global = -2.16969e-08, cumulative = 0.00047883
ExecutionTime = 0.52 s  ClockTime = 1 s

Courant Number mean: 0.0486525 max: 0.523792
Interface Courant Number mean: 0.00493194 max: 0.523792
deltaT = 0.000924805
Time = 0.0444512

PIMPLE: iteration 1
smoothSolver:  Solving for alpha.water, Initial residual = 0.00173845, Final residual = 7.09041e-09, No Iterations 2
Phase-1 volume fraction = 0.466261  Min(alpha.water) = -3.61601e-19  Max(alpha.water) = 1
MULES: Correcting alpha.water
MULES: Correcting alpha.water
Phase-1 volume fraction = 0.46626  Min(alpha.water) = -7.68394e-08  Max(alpha.water) = 1
DICPCG:  Solving for p_rgh, Initial residual = 0.0301777, Final residual = 0.000221807, No Iterations 1
time step continuity errors : sum local = 0.000208221, global = 2.54898e-05, cumulative = 0.00050432
DICPCG:  Solving for p_rgh, Initial residual = 0.000266536, Final residual = 1.29109e-05, No Iterations 13
time step continuity errors : sum local = 1.17421e-05, global = -6.03264e-07, cumulative = 0.000503717
DICPCG:  Solving for p_rgh, Initial residual = 2.48078e-05, Final residual = 9.71941e-08, No Iterations 33
time step continuity errors : sum local = 8.90526e-08, global = -2.25463e-08, cumulative = 0.000503694
ExecutionTime = 0.53 s  ClockTime = 1 s

Courant Number mean: 0.049373 max: 0.50963
Interface Courant Number mean: 0.0051536 max: 0.50963
deltaT = 0.000924805
Time = 0.045376

PIMPLE: iteration 1
smoothSolver:  Solving for alpha.water, Initial residual = 0.00175734, Final residual = 8.32833e-09, No Iterations 2
Phase-1 volume fraction = 0.465274  Min(alpha.water) = -3.06555e-19  Max(alpha.water) = 1
MULES: Correcting alpha.water
MULES: Correcting alpha.water
Phase-1 volume fraction = 0.465272  Min(alpha.water) = -5.48009e-08  Max(alpha.water) = 1
DICPCG:  Solving for p_rgh, Initial residual = 0.0279, Final residual = 0.000258864, No Iterations 1
time step continuity errors : sum local = 0.000237188, global = 2.62533e-05, cumulative = 0.000529947
DICPCG:  Solving for p_rgh, Initial residual = 0.000300312, Final residual = 1.42817e-05, No Iterations 13
time step continuity errors : sum local = 1.27162e-05, global = 4.75582e-07, cumulative = 0.000530423
DICPCG:  Solving for p_rgh, Initial residual = 2.56917e-05, Final residual = 9.78076e-08, No Iterations 34
time step continuity errors : sum local = 8.77589e-08, global = -2.23411e-08, cumulative = 0.000530401
ExecutionTime = 0.54 s  ClockTime = 1 s

Courant Number mean: 0.0500906 max: 0.508517
Interface Courant Number mean: 0.00538911 max: 0.508517
deltaT = 0.000924805
Time = 0.0463008

PIMPLE: iteration 1
smoothSolver:  Solving for alpha.water, Initial residual = 0.00177768, Final residual = 9.30495e-09, No Iterations 2
Phase-1 volume fraction = 0.464286  Min(alpha.water) = -2.59841e-19  Max(alpha.water) = 1
MULES: Correcting alpha.water
MULES: Correcting alpha.water
Phase-1 volume fraction = 0.464284  Min(alpha.water) = -1.52163e-08  Max(alpha.water) = 1
DICPCG:  Solving for p_rgh, Initial residual = 0.0282096, Final residual = 0.000278266, No Iterations 1
time step continuity errors : sum local = 0.000256201, global = 2.30922e-05, cumulative = 0.000553493
DICPCG:  Solving for p_rgh, Initial residual = 0.000316378, Final residual = 1.5413e-05, No Iterations 13
time step continuity errors : sum local = 1.38026e-05, global = -2.17726e-08, cumulative = 0.000553471
DICPCG:  Solving for p_rgh, Initial residual = 2.89152e-05, Final residual = 9.11844e-08, No Iterations 23
time step continuity errors : sum local = 8.23296e-08, global = -2.99802e-08, cumulative = 0.000553441
ExecutionTime = 0.56 s  ClockTime = 1 s

Courant Number mean: 0.050771 max: 0.5201
Interface Courant Number mean: 0.00531617 max: 0.5201
deltaT = 0.000924805
Time = 0.0472256

PIMPLE: iteration 1
smoothSolver:  Solving for alpha.water, Initial residual = 0.00180193, Final residual = 9.45382e-09, No Iterations 2
Phase-1 volume fraction = 0.463297  Min(alpha.water) = -7.44696e-19  Max(alpha.water) = 1
MULES: Correcting alpha.water
MULES: Correcting alpha.water
Phase-1 volume fraction = 0.463297  Min(alpha.water) = -1.3395e-07  Max(alpha.water) = 1
DICPCG:  Solving for p_rgh, Initial residual = 0.0269209, Final residual = 0.000247123, No Iterations 1
time step continuity errors : sum local = 0.000233731, global = 1.79997e-05, cumulative = 0.000571441
DICPCG:  Solving for p_rgh, Initial residual = 0.00027752, Final residual = 1.22259e-05, No Iterations 13
time step continuity errors : sum local = 1.12465e-05, global = -1.44097e-06, cumulative = 0.00057
DICPCG:  Solving for p_rgh, Initial residual = 2.3755e-05, Final residual = 7.71107e-08, No Iterations 33
time step continuity errors : sum local = 7.14626e-08, global = -1.35053e-08, cumulative = 0.000569986
ExecutionTime = 0.57 s  ClockTime = 2 s

Courant Number mean: 0.0514854 max: 0.524711
Interface Courant Number mean: 0.00540911 max: 0.524711
deltaT = 0.000924805
Time = 0.0481504

PIMPLE: iteration 1
smoothSolver:  Solving for alpha.water, Initial residual = 0.00182607, Final residual = 9.11738e-09, No Iterations 2
Phase-1 volume fraction = 0.462309  Min(alpha.water) = -6.61258e-19  Max(alpha.water) = 1
MULES: Correcting alpha.water
MULES: Correcting alpha.water
Phase-1 volume fraction = 0.462309  Min(alpha.water) = -2.16677e-07  Max(alpha.water) = 1
DICPCG:  Solving for p_rgh, Initial residual = 0.0289779, Final residual = 0.000247809, No Iterations 1
time step continuity errors : sum local = 0.000241303, global = 2.77391e-05, cumulative = 0.000597725
DICPCG:  Solving for p_rgh, Initial residual = 0.000295583, Final residual = 1.31013e-05, No Iterations 12
time step continuity errors : sum local = 1.23778e-05, global = 4.86941e-07, cumulative = 0.000598212
DICPCG:  Solving for p_rgh, Initial residual = 2.66805e-05, Final residual = 8.0887e-08, No Iterations 34
time step continuity errors : sum local = 7.68974e-08, global = -1.79508e-08, cumulative = 0.000598194
ExecutionTime = 0.58 s  ClockTime = 2 s

Courant Number mean: 0.0521869 max: 0.515509
Interface Courant Number mean: 0.00549985 max: 0.515509
deltaT = 0.000924805
Time = 0.0490752

PIMPLE: iteration 1
smoothSolver:  Solving for alpha.water, Initial residual = 0.0018454, Final residual = 8.96799e-09, No Iterations 2
Phase-1 volume fraction = 0.461323  Min(alpha.water) = -1.38996e-18  Max(alpha.water) = 1
MULES: Correcting alpha.water
MULES: Correcting alpha.water
Phase-1 volume fraction = 0.461322  Min(alpha.water) = -2.70427e-07  Max(alpha.water) = 1
DICPCG:  Solving for p_rgh, Initial residual = 0.0292113, Final residual = 0.000251571, No Iterations 1
time step continuity errors : sum local = 0.000242423, global = 2.49629e-05, cumulative = 0.000623157
DICPCG:  Solving for p_rgh, Initial residual = 0.00029317, Final residual = 1.31631e-05, No Iterations 13
time step continuity errors : sum local = 1.2322e-05, global = 3.58816e-07, cumulative = 0.000623516
DICPCG:  Solving for p_rgh, Initial residual = 2.40276e-05, Final residual = 8.80039e-08, No Iterations 34
time step continuity errors : sum local = 8.30501e-08, global = -2.0462e-08, cumulative = 0.000623496
ExecutionTime = 0.59 s  ClockTime = 2 s

Courant Number mean: 0.0528561 max: 0.511689
Interface Courant Number mean: 0.00558167 max: 0.511689
deltaT = 0.000924805
Time = 0.05

PIMPLE: iteration 1
smoothSolver:  Solving for alpha.water, Initial residual = 0.00186284, Final residual = 7.64209e-12, No Iterations 3
Phase-1 volume fraction = 0.460339  Min(alpha.water) = -3.14342e-13  Max(alpha.water) = 1
MULES: Correcting alpha.water
MULES: Correcting alpha.water
Phase-1 volume fraction = 0.460337  Min(alpha.water) = -3.77006e-07  Max(alpha.water) = 1
DICPCG:  Solving for p_rgh, Initial residual = 0.026514, Final residual = 0.000236005, No Iterations 1
time step continuity errors : sum local = 0.000229739, global = 2.42972e-05, cumulative = 0.000647793
DICPCG:  Solving for p_rgh, Initial residual = 0.0002721, Final residual = 1.29447e-05, No Iterations 13
time step continuity errors : sum local = 1.22602e-05, global = -1.11265e-06, cumulative = 0.00064668
DICPCG:  Solving for p_rgh, Initial residual = 2.45965e-05, Final residual = 9.07878e-08, No Iterations 35
time step continuity errors : sum local = 8.66128e-08, global = -1.93777e-08, cumulative = 0.000646661
ExecutionTime = 0.61 s  ClockTime = 2 s

Courant Number mean: 0.0535227 max: 0.522343
Interface Courant Number mean: 0.00570555 max: 0.522343
deltaT = 0.000892857
Time = 0.0508929

PIMPLE: iteration 1
smoothSolver:  Solving for alpha.water, Initial residual = 0.00181569, Final residual = 9.12382e-09, No Iterations 2
Phase-1 volume fraction = 0.459391  Min(alpha.water) = -2.81605e-13  Max(alpha.water) = 1
MULES: Correcting alpha.water
MULES: Correcting alpha.water
Phase-1 volume fraction = 0.459389  Min(alpha.water) = -4.54788e-07  Max(alpha.water) = 1
DICPCG:  Solving for p_rgh, Initial residual = 0.026092, Final residual = 0.000236679, No Iterations 1
time step continuity errors : sum local = 0.000218216, global = 1.88337e-05, cumulative = 0.000665495
DICPCG:  Solving for p_rgh, Initial residual = 0.000265996, Final residual = 1.29659e-05, No Iterations 13
time step continuity errors : sum local = 1.16427e-05, global = -3.54066e-07, cumulative = 0.000665141
DICPCG:  Solving for p_rgh, Initial residual = 2.32926e-05, Final residual = 8.197e-08, No Iterations 34
time step continuity errors : sum local = 7.4227e-08, global = -1.79841e-08, cumulative = 0.000665123
ExecutionTime = 0.63 s  ClockTime = 2 s

Courant Number mean: 0.0522889 max: 0.506052
Interface Courant Number mean: 0.00559689 max: 0.506052
deltaT = 0.000876913
Time = 0.0517698

PIMPLE: iteration 1
smoothSolver:  Solving for alpha.water, Initial residual = 0.00179694, Final residual = 8.2976e-09, No Iterations 2
Phase-1 volume fraction = 0.458461  Min(alpha.water) = -2.51949e-13  Max(alpha.water) = 1
MULES: Correcting alpha.water
MULES: Correcting alpha.water
Phase-1 volume fraction = 0.45846  Min(alpha.water) = -2.90578e-07  Max(alpha.water) = 1
DICPCG:  Solving for p_rgh, Initial residual = 0.0279814, Final residual = 0.000221387, No Iterations 1
time step continuity errors : sum local = 0.000204592, global = 2.22804e-05, cumulative = 0.000687403
DICPCG:  Solving for p_rgh, Initial residual = 0.000256384, Final residual = 1.21709e-05, No Iterations 12
time step continuity errors : sum local = 1.09333e-05, global = 2.63681e-07, cumulative = 0.000687667
DICPCG:  Solving for p_rgh, Initial residual = 2.25691e-05, Final residual = 8.57813e-08, No Iterations 34
time step continuity errors : sum local = 7.74808e-08, global = -1.54309e-08, cumulative = 0.000687651
ExecutionTime = 0.65 s  ClockTime = 2 s

Courant Number mean: 0.051988 max: 0.493408
Interface Courant Number mean: 0.00539865 max: 0.493408
deltaT = 0.000893152
Time = 0.0526629

PIMPLE: iteration 1
smoothSolver:  Solving for alpha.water, Initial residual = 0.00184249, Final residual = 8.97227e-09, No Iterations 2
Phase-1 volume fraction = 0.45752  Min(alpha.water) = -7.46307e-19  Max(alpha.water) = 1
MULES: Correcting alpha.water
MULES: Correcting alpha.water
Phase-1 volume fraction = 0.457518  Min(alpha.water) = -1.93612e-07  Max(alpha.water) = 1
DICPCG:  Solving for p_rgh, Initial residual = 0.0260627, Final residual = 0.000257904, No Iterations 1
time step continuity errors : sum local = 0.000241716, global = 2.4043e-05, cumulative = 0.000711694
DICPCG:  Solving for p_rgh, Initial residual = 0.000293943, Final residual = 1.43058e-05, No Iterations 12
time step continuity errors : sum local = 1.30575e-05, global = 1.85747e-07, cumulative = 0.00071188
DICPCG:  Solving for p_rgh, Initial residual = 2.61566e-05, Final residual = 9.39623e-08, No Iterations 33
time step continuity errors : sum local = 8.63429e-08, global = -8.9624e-09, cumulative = 0.000711871
ExecutionTime = 0.67 s  ClockTime = 2 s

Courant Number mean: 0.0535783 max: 0.495298
Interface Courant Number mean: 0.00545147 max: 0.495298
deltaT = 0.000893152
Time = 0.0535561

PIMPLE: iteration 1
smoothSolver:  Solving for alpha.water, Initial residual = 0.0018557, Final residual = 8.97629e-09, No Iterations 2
Phase-1 volume fraction = 0.456583  Min(alpha.water) = -6.39174e-19  Max(alpha.water) = 1
MULES: Correcting alpha.water
MULES: Correcting alpha.water
Phase-1 volume fraction = 0.45658  Min(alpha.water) = -2.60937e-08  Max(alpha.water) = 1
DICPCG:  Solving for p_rgh, Initial residual = 0.0252545, Final residual = 0.000252991, No Iterations 1
time step continuity errors : sum local = 0.000239061, global = 2.41366e-05, cumulative = 0.000736008
DICPCG:  Solving for p_rgh, Initial residual = 0.000288885, Final residual = 1.35983e-05, No Iterations 13
time step continuity errors : sum local = 1.25217e-05, global = -7.85608e-07, cumulative = 0.000735222
DICPCG:  Solving for p_rgh, Initial residual = 2.4201e-05, Final residual = 8.79493e-08, No Iterations 34
time step continuity errors : sum local = 8.1567e-08, global = -1.81914e-08, cumulative = 0.000735204
ExecutionTime = 0.68 s  ClockTime = 2 s

Courant Number mean: 0.0541694 max: 0.505565
Interface Courant Number mean: 0.00561106 max: 0.505565
deltaT = 0.0008763
Time = 0.0544324

PIMPLE: iteration 1
smoothSolver:  Solving for alpha.water, Initial residual = 0.00184583, Final residual = 8.79514e-09, No Iterations 2
Phase-1 volume fraction = 0.455669  Min(alpha.water) = -3.97008e-10  Max(alpha.water) = 1
MULES: Correcting alpha.water
MULES: Correcting alpha.water
Phase-1 volume fraction = 0.455666  Min(alpha.water) = -4.16387e-08  Max(alpha.water) = 1
DICPCG:  Solving for p_rgh, Initial residual = 0.0284491, Final residual = 0.000202678, No Iterations 1
time step continuity errors : sum local = 0.000192114, global = 2.05479e-05, cumulative = 0.000755752
DICPCG:  Solving for p_rgh, Initial residual = 0.000231619, Final residual = 1.14119e-05, No Iterations 13
time step continuity errors : sum local = 1.05162e-05, global = -4.53955e-07, cumulative = 0.000755298
DICPCG:  Solving for p_rgh, Initial residual = 2.15589e-05, Final residual = 8.99255e-08, No Iterations 34
time step continuity errors : sum local = 8.3405e-08, global = -1.87634e-08, cumulative = 0.000755279
ExecutionTime = 0.69 s  ClockTime = 2 s

Courant Number mean: 0.0537135 max: 0.497566
Interface Courant Number mean: 0.00555871 max: 0.497566
deltaT = 0.0008763
Time = 0.0553087

PIMPLE: iteration 1
smoothSolver:  Solving for alpha.water, Initial residual = 0.00185926, Final residual = 9.21643e-09, No Iterations 2
Phase-1 volume fraction = 0.45476  Min(alpha.water) = -3.64456e-10  Max(alpha.water) = 1
MULES: Correcting alpha.water
MULES: Correcting alpha.water
Phase-1 volume fraction = 0.454759  Min(alpha.water) = -6.08301e-08  Max(alpha.water) = 1
DICPCG:  Solving for p_rgh, Initial residual = 0.0266016, Final residual = 0.000200982, No Iterations 1
time step continuity errors : sum local = 0.000189556, global = 1.60882e-05, cumulative = 0.000771367
DICPCG:  Solving for p_rgh, Initial residual = 0.000227252, Final residual = 9.60509e-06, No Iterations 13
time step continuity errors : sum local = 8.81254e-06, global = 3.02548e-07, cumulative = 0.00077167
DICPCG:  Solving for p_rgh, Initial residual = 1.8065e-05, Final residual = 9.2754e-08, No Iterations 34
time step continuity errors : sum local = 8.55763e-08, global = -1.65006e-08, cumulative = 0.000771653
ExecutionTime = 0.7 s  ClockTime = 2 s

Courant Number mean: 0.054311 max: 0.493688
Interface Courant Number mean: 0.00571989 max: 0.493688
deltaT = 0.000893826
Time = 0.0562025

PIMPLE: iteration 1
smoothSolver:  Solving for alpha.water, Initial residual = 0.00191129, Final residual = 1.14979e-11, No Iterations 3
Phase-1 volume fraction = 0.453841  Min(alpha.water) = -3.33945e-10  Max(alpha.water) = 1
MULES: Correcting alpha.water
MULES: Correcting alpha.water
Phase-1 volume fraction = 0.453839  Min(alpha.water) = -7.3598e-08  Max(alpha.water) = 1
DICPCG:  Solving for p_rgh, Initial residual = 0.0274092, Final residual = 0.000220039, No Iterations 1
time step continuity errors : sum local = 0.000219842, global = 2.296e-05, cumulative = 0.000794613
DICPCG:  Solving for p_rgh, Initial residual = 0.000254705, Final residual = 1.05588e-05, No Iterations 13
time step continuity errors : sum local = 1.02604e-05, global = 3.51059e-07, cumulative = 0.000794964
DICPCG:  Solving for p_rgh, Initial residual = 2.16113e-05, Final residual = 9.86616e-08, No Iterations 34
time step continuity errors : sum local = 9.64841e-08, global = -1.93869e-08, cumulative = 0.000794945
ExecutionTime = 0.72 s  ClockTime = 2 s

Courant Number mean: 0.0560174 max: 0.494577
Interface Courant Number mean: 0.00601013 max: 0.494577
deltaT = 0.000912448
Time = 0.057115

PIMPLE: iteration 1
smoothSolver:  Solving for alpha.water, Initial residual = 0.00196583, Final residual = 1.46572e-11, No Iterations 3
Phase-1 volume fraction = 0.452912  Min(alpha.water) = -3.05454e-10  Max(alpha.water) = 1
MULES: Correcting alpha.water
MULES: Correcting alpha.water
Phase-1 volume fraction = 0.452909  Min(alpha.water) = -7.37193e-08  Max(alpha.water) = 1
DICPCG:  Solving for p_rgh, Initial residual = 0.0240587, Final residual = 0.000250306, No Iterations 1
time step continuity errors : sum local = 0.000255053, global = 2.5468e-05, cumulative = 0.000820413
DICPCG:  Solving for p_rgh, Initial residual = 0.000285368, Final residual = 1.40535e-05, No Iterations 12
time step continuity errors : sum local = 1.39702e-05, global = -5.14922e-07, cumulative = 0.000819898
DICPCG:  Solving for p_rgh, Initial residual = 2.67965e-05, Final residual = 9.25421e-08, No Iterations 33
time step continuity errors : sum local = 9.25744e-08, global = -1.46002e-08, cumulative = 0.000819883
ExecutionTime = 0.73 s  ClockTime = 2 s

Courant Number mean: 0.05779 max: 0.516483
Interface Courant Number mean: 0.00611053 max: 0.516483
deltaT = 0.000875205
Time = 0.0579902

PIMPLE: iteration 1
smoothSolver:  Solving for alpha.water, Initial residual = 0.0019116, Final residual = 9.07652e-09, No Iterations 2
Phase-1 volume fraction = 0.452028  Min(alpha.water) = -2.80652e-10  Max(alpha.water) = 1
MULES: Correcting alpha.water
MULES: Correcting alpha.water
Phase-1 volume fraction = 0.452025  Min(alpha.water) = -2.98054e-08  Max(alpha.water) = 1
DICPCG:  Solving for p_rgh, Initial residual = 0.0254845, Final residual = 0.000221983, No Iterations 1
time step continuity errors : sum local = 0.000214951, global = 2.22296e-05, cumulative = 0.000842113
DICPCG:  Solving for p_rgh, Initial residual = 0.000251228, Final residual = 1.15071e-05, No Iterations 13
time step continuity errors : sum local = 1.08661e-05, global = -2.42021e-07, cumulative = 0.000841871
DICPCG:  Solving for p_rgh, Initial residual = 2.06352e-05, Final residual = 9.00669e-08, No Iterations 33
time step continuity errors : sum local = 8.5632e-08, global = -1.72645e-08, cumulative = 0.000841854
ExecutionTime = 0.74 s  ClockTime = 2 s

Courant Number mean: 0.0559386 max: 0.497593
Interface Courant Number mean: 0.00577136 max: 0.497593
deltaT = 0.000875205
Time = 0.0588654

PIMPLE: iteration 1
smoothSolver:  Solving for alpha.water, Initial residual = 0.00191952, Final residual = 9.06268e-09, No Iterations 2
Phase-1 volume fraction = 0.451153  Min(alpha.water) = -2.57934e-10  Max(alpha.water) = 1
MULES: Correcting alpha.water
MULES: Correcting alpha.water
Phase-1 volume fraction = 0.45115  Min(alpha.water) = -4.70115e-08  Max(alpha.water) = 1
DICPCG:  Solving for p_rgh, Initial residual = 0.0258587, Final residual = 0.000211387, No Iterations 1
time step continuity errors : sum local = 0.000209182, global = 2.1156e-05, cumulative = 0.00086301
DICPCG:  Solving for p_rgh, Initial residual = 0.000239745, Final residual = 1.11298e-05, No Iterations 12
time step continuity errors : sum local = 1.07278e-05, global = -5.0987e-07, cumulative = 0.0008625
DICPCG:  Solving for p_rgh, Initial residual = 2.21606e-05, Final residual = 8.52171e-08, No Iterations 33
time step continuity errors : sum local = 8.25547e-08, global = -1.61986e-08, cumulative = 0.000862484
ExecutionTime = 0.75 s  ClockTime = 2 s

Courant Number mean: 0.0564652 max: 0.491813
Interface Courant Number mean: 0.00591462 max: 0.491813
deltaT = 0.000894231
Time = 0.0597596

PIMPLE: iteration 1
smoothSolver:  Solving for alpha.water, Initial residual = 0.00195755, Final residual = 1.49936e-11, No Iterations 3
Phase-1 volume fraction = 0.450269  Min(alpha.water) = -2.36704e-10  Max(alpha.water) = 1
MULES: Correcting alpha.water
MULES: Correcting alpha.water
Phase-1 volume fraction = 0.450267  Min(alpha.water) = -3.52981e-08  Max(alpha.water) = 1
DICPCG:  Solving for p_rgh, Initial residual = 0.0276263, Final residual = 0.000196418, No Iterations 1
time step continuity errors : sum local = 0.000205076, global = 1.79649e-05, cumulative = 0.000880449
DICPCG:  Solving for p_rgh, Initial residual = 0.000223017, Final residual = 1.10055e-05, No Iterations 10
time step continuity errors : sum local = 1.11638e-05, global = 7.95788e-07, cumulative = 0.000881244
DICPCG:  Solving for p_rgh, Initial residual = 1.91349e-05, Final residual = 7.77629e-08, No Iterations 33
time step continuity errors : sum local = 7.91428e-08, global = 1.64508e-08, cumulative = 0.000881261
ExecutionTime = 0.76 s  ClockTime = 2 s

Courant Number mean: 0.0582847 max: 0.49165
Interface Courant Number mean: 0.00602389 max: 0.49165
deltaT = 0.000914555
Time = 0.0606741

PIMPLE: iteration 1
smoothSolver:  Solving for alpha.water, Initial residual = 0.00200408, Final residual = 1.84367e-11, No Iterations 3
Phase-1 volume fraction = 0.449378  Min(alpha.water) = -1.18761e-09  Max(alpha.water) = 1
MULES: Correcting alpha.water
MULES: Correcting alpha.water
Phase-1 volume fraction = 0.449375  Min(alpha.water) = -5.23536e-08  Max(alpha.water) = 1.00001
DICPCG:  Solving for p_rgh, Initial residual = 0.026414, Final residual = 0.000209146, No Iterations 1
time step continuity errors : sum local = 0.000229033, global = 2.29528e-05, cumulative = 0.000904214
DICPCG:  Solving for p_rgh, Initial residual = 0.000239929, Final residual = 1.09542e-05, No Iterations 12
time step continuity errors : sum local = 1.16808e-05, global = -9.95569e-08, cumulative = 0.000904114
DICPCG:  Solving for p_rgh, Initial residual = 2.16529e-05, Final residual = 7.75158e-08, No Iterations 33
time step continuity errors : sum local = 8.30658e-08, global = -1.31649e-08, cumulative = 0.000904101
ExecutionTime = 0.77 s  ClockTime = 2 s

Courant Number mean: 0.0602105 max: 0.514843
Interface Courant Number mean: 0.00599111 max: 0.514843
deltaT = 0.000893769
Time = 0.0615679

PIMPLE: iteration 1
smoothSolver:  Solving for alpha.water, Initial residual = 0.00198097, Final residual = 1.68917e-11, No Iterations 3
Phase-1 volume fraction = 0.448519  Min(alpha.water) = -1.98709e-10  Max(alpha.water) = 1
MULES: Correcting alpha.water
MULES: Correcting alpha.water
Phase-1 volume fraction = 0.448515  Min(alpha.water) = -4.37391e-08  Max(alpha.water) = 1.00001
DICPCG:  Solving for p_rgh, Initial residual = 0.0215485, Final residual = 0.000227663, No Iterations 1
time step continuity errors : sum local = 0.000233414, global = 2.3217e-05, cumulative = 0.000927318
DICPCG:  Solving for p_rgh, Initial residual = 0.000258018, Final residual = 1.22972e-05, No Iterations 12
time step continuity errors : sum local = 1.23256e-05, global = -3.26818e-07, cumulative = 0.000926991
DICPCG:  Solving for p_rgh, Initial residual = 2.34432e-05, Final residual = 7.87664e-08, No Iterations 33
time step continuity errors : sum local = 7.93904e-08, global = -1.25103e-08, cumulative = 0.000926979
ExecutionTime = 0.78 s  ClockTime = 2 s

Courant Number mean: 0.0593657 max: 0.507555
Interface Courant Number mean: 0.00621577 max: 0.507555
deltaT = 0.000873456
Time = 0.0624414

PIMPLE: iteration 1
smoothSolver:  Solving for alpha.water, Initial residual = 0.00196226, Final residual = 9.99109e-09, No Iterations 2
Phase-1 volume fraction = 0.447691  Min(alpha.water) = -1.82589e-10  Max(alpha.water) = 1
MULES: Correcting alpha.water
MULES: Correcting alpha.water
Phase-1 volume fraction = 0.447688  Min(alpha.water) = -1.38407e-07  Max(alpha.water) = 1
DICPCG:  Solving for p_rgh, Initial residual = 0.0240272, Final residual = 0.000214829, No Iterations 1
time step continuity errors : sum local = 0.000215858, global = 2.13278e-05, cumulative = 0.000948306
DICPCG:  Solving for p_rgh, Initial residual = 0.000242398, Final residual = 1.13081e-05, No Iterations 12
time step continuity errors : sum local = 1.10992e-05, global = 7.1328e-08, cumulative = 0.000948378
DICPCG:  Solving for p_rgh, Initial residual = 2.03171e-05, Final residual = 9.1455e-08, No Iterations 22
time step continuity errors : sum local = 9.02242e-08, global = 8.00397e-09, cumulative = 0.000948386
ExecutionTime = 0.79 s  ClockTime = 2 s

Courant Number mean: 0.0584851 max: 0.491735
Interface Courant Number mean: 0.00641547 max: 0.491735
deltaT = 0.000894253
Time = 0.0633356

PIMPLE: iteration 1
smoothSolver:  Solving for alpha.water, Initial residual = 0.00201853, Final residual = 1.94205e-11, No Iterations 3
Phase-1 volume fraction = 0.446858  Min(alpha.water) = -1.6743e-10  Max(alpha.water) = 1
MULES: Correcting alpha.water
MULES: Correcting alpha.water
Phase-1 volume fraction = 0.446855  Min(alpha.water) = -2.96638e-07  Max(alpha.water) = 1
DICPCG:  Solving for p_rgh, Initial residual = 0.0214117, Final residual = 0.000235068, No Iterations 1
time step continuity errors : sum local = 0.000245154, global = 2.43725e-05, cumulative = 0.000972758
DICPCG:  Solving for p_rgh, Initial residual = 0.000262887, Final residual = 1.12608e-05, No Iterations 8
time step continuity errors : sum local = 1.14929e-05, global = 5.1671e-08, cumulative = 0.00097281
DICPCG:  Solving for p_rgh, Initial residual = 2.15872e-05, Final residual = 8.086e-08, No Iterations 32
time step continuity errors : sum local = 8.27197e-08, global = 7.38726e-09, cumulative = 0.000972817
ExecutionTime = 0.8 s  ClockTime = 2 s

Courant Number mean: 0.0603833 max: 0.49074
Interface Courant Number mean: 0.00625474 max: 0.49074
deltaT = 0.000916609
Time = 0.0642522

PIMPLE: iteration 1
smoothSolver:  Solving for alpha.water, Initial residual = 0.00207, Final residual = 2.36922e-11, No Iterations 3
Phase-1 volume fraction = 0.446019  Min(alpha.water) = -1.53224e-10  Max(alpha.water) = 1
MULES: Correcting alpha.water
MULES: Correcting alpha.water
Phase-1 volume fraction = 0.446016  Min(alpha.water) = -2.00702e-07  Max(alpha.water) = 1
DICPCG:  Solving for p_rgh, Initial residual = 0.0276947, Final residual = 0.000183955, No Iterations 1
time step continuity errors : sum local = 0.000211082, global = 2.50501e-05, cumulative = 0.000997867
DICPCG:  Solving for p_rgh, Initial residual = 0.000208039, Final residual = 8.86714e-06, No Iterations 9
time step continuity errors : sum local = 9.8834e-06, global = 9.47955e-07, cumulative = 0.000998815
DICPCG:  Solving for p_rgh, Initial residual = 1.92574e-05, Final residual = 7.93446e-08, No Iterations 36
time step continuity errors : sum local = 8.86435e-08, global = -7.08167e-09, cumulative = 0.000998808
ExecutionTime = 0.81 s  ClockTime = 2 s

Courant Number mean: 0.0624464 max: 0.508794
Interface Courant Number mean: 0.00641088 max: 0.508794
deltaT = 0.000893694
Time = 0.0651459

PIMPLE: iteration 1
smoothSolver:  Solving for alpha.water, Initial residual = 0.00201567, Final residual = 2.07026e-11, No Iterations 3
Phase-1 volume fraction = 0.445217  Min(alpha.water) = -2.52511e-09  Max(alpha.water) = 1
MULES: Correcting alpha.water
MULES: Correcting alpha.water
Phase-1 volume fraction = 0.445213  Min(alpha.water) = -1.85987e-07  Max(alpha.water) = 1
DICPCG:  Solving for p_rgh, Initial residual = 0.0245932, Final residual = 0.000187839, No Iterations 1
time step continuity errors : sum local = 0.000203596, global = 1.77585e-05, cumulative = 0.00101657
DICPCG:  Solving for p_rgh, Initial residual = 0.000211718, Final residual = 1.04711e-05, No Iterations 9
time step continuity errors : sum local = 1.10669e-05, global = 5.49214e-08, cumulative = 0.00101662
DICPCG:  Solving for p_rgh, Initial residual = 1.82741e-05, Final residual = 7.97643e-08, No Iterations 36
time step continuity errors : sum local = 8.45579e-08, global = -9.62149e-09, cumulative = 0.00101661
ExecutionTime = 0.82 s  ClockTime = 2 s

Courant Number mean: 0.0614359 max: 0.502087
Interface Courant Number mean: 0.00629969 max: 0.502087
deltaT = 0.000893694
Time = 0.0660396

PIMPLE: iteration 1
smoothSolver:  Solving for alpha.water, Initial residual = 0.00204238, Final residual = 2.15347e-11, No Iterations 3
Phase-1 volume fraction = 0.444431  Min(alpha.water) = -1.28806e-10  Max(alpha.water) = 1
MULES: Correcting alpha.water
MULES: Correcting alpha.water
Phase-1 volume fraction = 0.444426  Min(alpha.water) = -1.69041e-07  Max(alpha.water) = 1.00001
DICPCG:  Solving for p_rgh, Initial residual = 0.0209595, Final residual = 0.000206328, No Iterations 1
time step continuity errors : sum local = 0.000223132, global = 2.20259e-05, cumulative = 0.00103864
DICPCG:  Solving for p_rgh, Initial residual = 0.000234075, Final residual = 1.12634e-05, No Iterations 7
time step continuity errors : sum local = 1.19188e-05, global = -2.95005e-07, cumulative = 0.00103834
DICPCG:  Solving for p_rgh, Initial residual = 2.14579e-05, Final residual = 9.18597e-08, No Iterations 35
time step continuity errors : sum local = 9.73792e-08, global = 1.12998e-08, cumulative = 0.00103835
ExecutionTime = 0.84 s  ClockTime = 2 s

Courant Number mean: 0.0619781 max: 0.501621
Interface Courant Number mean: 0.00631276 max: 0.501621
deltaT = 0.000893694
Time = 0.0669333

PIMPLE: iteration 1
smoothSolver:  Solving for alpha.water, Initial residual = 0.00205695, Final residual = 2.28527e-11, No Iterations 3
Phase-1 volume fraction = 0.443661  Min(alpha.water) = -1.81106e-09  Max(alpha.water) = 1
MULES: Correcting alpha.water
MULES: Correcting alpha.water
Phase-1 volume fraction = 0.443657  Min(alpha.water) = -1.37817e-07  Max(alpha.water) = 1
DICPCG:  Solving for p_rgh, Initial residual = 0.02416, Final residual = 0.000195552, No Iterations 1
time step continuity errors : sum local = 0.000216637, global = 1.93755e-05, cumulative = 0.00105773
DICPCG:  Solving for p_rgh, Initial residual = 0.00022131, Final residual = 1.01561e-05, No Iterations 7
time step continuity errors : sum local = 1.09769e-05, global = 8.00231e-07, cumulative = 0.00105853
DICPCG:  Solving for p_rgh, Initial residual = 1.83887e-05, Final residual = 9.38762e-08, No Iterations 35
time step continuity errors : sum local = 1.01618e-07, global = 1.72009e-08, cumulative = 0.00105855
ExecutionTime = 0.85 s  ClockTime = 2 s

Courant Number mean: 0.0625037 max: 0.493552
Interface Courant Number mean: 0.00666033 max: 0.493552
deltaT = 0.000893694
Time = 0.067827

PIMPLE: iteration 1
smoothSolver:  Solving for alpha.water, Initial residual = 0.00205711, Final residual = 2.43833e-11, No Iterations 3
Phase-1 volume fraction = 0.44291  Min(alpha.water) = -1.0836e-10  Max(alpha.water) = 1
MULES: Correcting alpha.water
MULES: Correcting alpha.water
Phase-1 volume fraction = 0.442906  Min(alpha.water) = -1.71854e-07  Max(alpha.water) = 1
DICPCG:  Solving for p_rgh, Initial residual = 0.0212127, Final residual = 0.000209947, No Iterations 1
time step continuity errors : sum local = 0.000228215, global = 2.28112e-05, cumulative = 0.00108136
DICPCG:  Solving for p_rgh, Initial residual = 0.000237545, Final residual = 1.0062e-05, No Iterations 6
time step continuity errors : sum local = 1.07114e-05, global = -4.56453e-07, cumulative = 0.0010809
DICPCG:  Solving for p_rgh, Initial residual = 2.01802e-05, Final residual = 9.4694e-08, No Iterations 34
time step continuity errors : sum local = 1.0093e-07, global = -1.7487e-08, cumulative = 0.00108088
ExecutionTime = 0.86 s  ClockTime = 2 s

Courant Number mean: 0.0630328 max: 0.485815
Interface Courant Number mean: 0.00653109 max: 0.485815
deltaT = 0.000919228
Time = 0.0687462

PIMPLE: iteration 1
smoothSolver:  Solving for alpha.water, Initial residual = 0.00211066, Final residual = 3.07939e-11, No Iterations 3
Phase-1 volume fraction = 0.442157  Min(alpha.water) = -1.27716e-07  Max(alpha.water) = 1
MULES: Correcting alpha.water
MULES: Correcting alpha.water
Phase-1 volume fraction = 0.442152  Min(alpha.water) = -1.27716e-07  Max(alpha.water) = 1
DICPCG:  Solving for p_rgh, Initial residual = 0.0226749, Final residual = 0.000197775, No Iterations 1
time step continuity errors : sum local = 0.000229619, global = 2.59124e-05, cumulative = 0.0011068
DICPCG:  Solving for p_rgh, Initial residual = 0.000224846, Final residual = 9.61662e-06, No Iterations 6
time step continuity errors : sum local = 1.09019e-05, global = 2.19158e-06, cumulative = 0.00110899
DICPCG:  Solving for p_rgh, Initial residual = 2.00441e-05, Final residual = 8.62786e-08, No Iterations 37
time step continuity errors : sum local = 9.78712e-08, global = 7.20442e-09, cumulative = 0.001109
ExecutionTime = 0.87 s  ClockTime = 2 s

Courant Number mean: 0.0653521 max: 0.506144
Interface Courant Number mean: 0.00643617 max: 0.506144
deltaT = 0.000919228
Time = 0.0696655

PIMPLE: iteration 1
smoothSolver:  Solving for alpha.water, Initial residual = 0.00210876, Final residual = 3.17718e-11, No Iterations 3
Phase-1 volume fraction = 0.441424  Min(alpha.water) = -4.61378e-09  Max(alpha.water) = 1
MULES: Correcting alpha.water
MULES: Correcting alpha.water
Phase-1 volume fraction = 0.441419  Min(alpha.water) = -9.6162e-08  Max(alpha.water) = 1
DICPCG:  Solving for p_rgh, Initial residual = 0.0239661, Final residual = 0.000204838, No Iterations 1
time step continuity errors : sum local = 0.000240075, global = 2.37236e-05, cumulative = 0.00113272
DICPCG:  Solving for p_rgh, Initial residual = 0.000229247, Final residual = 1.10241e-05, No Iterations 6
time step continuity errors : sum local = 1.26045e-05, global = 1.9554e-06, cumulative = 0.00113467
DICPCG:  Solving for p_rgh, Initial residual = 2.08858e-05, Final residual = 8.59996e-08, No Iterations 37
time step continuity errors : sum local = 9.84222e-08, global = 5.89545e-09, cumulative = 0.00113468
ExecutionTime = 0.88 s  ClockTime = 2 s

Courant Number mean: 0.0658952 max: 0.507273
Interface Courant Number mean: 0.00646578 max: 0.507273
deltaT = 0.000919228
Time = 0.0705847

PIMPLE: iteration 1
smoothSolver:  Solving for alpha.water, Initial residual = 0.00213779, Final residual = 3.36228e-11, No Iterations 3
Phase-1 volume fraction = 0.440713  Min(alpha.water) = -4.01146e-09  Max(alpha.water) = 1
MULES: Correcting alpha.water
MULES: Correcting alpha.water
Phase-1 volume fraction = 0.440707  Min(alpha.water) = -1.56156e-07  Max(alpha.water) = 1
DICPCG:  Solving for p_rgh, Initial residual = 0.021139, Final residual = 0.000203112, No Iterations 1
time step continuity errors : sum local = 0.000233108, global = 1.68211e-05, cumulative = 0.0011515
DICPCG:  Solving for p_rgh, Initial residual = 0.000229841, Final residual = 1.03921e-05, No Iterations 6
time step continuity errors : sum local = 1.16682e-05, global = 1.55289e-06, cumulative = 0.00115305
DICPCG:  Solving for p_rgh, Initial residual = 1.94358e-05, Final residual = 9.80663e-08, No Iterations 36
time step continuity errors : sum local = 1.10192e-07, global = 6.95704e-09, cumulative = 0.00115306
ExecutionTime = 0.89 s  ClockTime = 2 s

Courant Number mean: 0.0664707 max: 0.503012
Interface Courant Number mean: 0.00647775 max: 0.503012
deltaT = 0.000919228
Time = 0.0715039

PIMPLE: iteration 1
smoothSolver:  Solving for alpha.water, Initial residual = 0.00215386, Final residual = 3.56188e-11, No Iterations 3
Phase-1 volume fraction = 0.440022  Min(alpha.water) = -1.42875e-09  Max(alpha.water) = 1
MULES: Correcting alpha.water
MULES: Correcting alpha.water
Phase-1 volume fraction = 0.440016  Min(alpha.water) = -5.15492e-07  Max(alpha.water) = 1.00001
DICPCG:  Solving for p_rgh, Initial residual = 0.0205829, Final residual = 0.000198632, No Iterations 1
time step continuity errors : sum local = 0.000229111, global = 2.00489e-05, cumulative = 0.00117311
DICPCG:  Solving for p_rgh, Initial residual = 0.000224397, Final residual = 1.02392e-05, No Iterations 6
time step continuity errors : sum local = 1.15681e-05, global = 2.18836e-06, cumulative = 0.0011753
DICPCG:  Solving for p_rgh, Initial residual = 2.05193e-05, Final residual = 9.35346e-08, No Iterations 25
time step continuity errors : sum local = 1.05735e-07, global = 1.08078e-08, cumulative = 0.00117531
ExecutionTime = 0.9 s  ClockTime = 2 s

Courant Number mean: 0.0670114 max: 0.493438
Interface Courant Number mean: 0.00664476 max: 0.493438
deltaT = 0.000919228
Time = 0.0724232

PIMPLE: iteration 1
smoothSolver:  Solving for alpha.water, Initial residual = 0.00215652, Final residual = 3.73243e-11, No Iterations 3
Phase-1 volume fraction = 0.439353  Min(alpha.water) = -1.07432e-09  Max(alpha.water) = 1
MULES: Correcting alpha.water
MULES: Correcting alpha.water
Phase-1 volume fraction = 0.439347  Min(alpha.water) = -7.09985e-07  Max(alpha.water) = 1.00001
DICPCG:  Solving for p_rgh, Initial residual = 0.0194595, Final residual = 0.000198852, No Iterations 1
time step continuity errors : sum local = 0.000230286, global = 1.94129e-05, cumulative = 0.00119472
DICPCG:  Solving for p_rgh, Initial residual = 0.000226574, Final residual = 1.08507e-05, No Iterations 5
time step continuity errors : sum local = 1.2313e-05, global = -2.04191e-07, cumulative = 0.00119452
DICPCG:  Solving for p_rgh, Initial residual = 2.14539e-05, Final residual = 6.90505e-08, No Iterations 21
time step continuity errors : sum local = 7.83731e-08, global = 9.11118e-09, cumulative = 0.00119453
ExecutionTime = 0.91 s  ClockTime = 2 s

Courant Number mean: 0.0675832 max: 0.489093
Interface Courant Number mean: 0.00711263 max: 0.489093
deltaT = 0.000950926
Time = 0.0733741

PIMPLE: iteration 1
smoothSolver:  Solving for alpha.water, Initial residual = 0.00223072, Final residual = 4.88124e-11, No Iterations 3
Phase-1 volume fraction = 0.438684  Min(alpha.water) = -1.47679e-09  Max(alpha.water) = 1
MULES: Correcting alpha.water
MULES: Correcting alpha.water
Phase-1 volume fraction = 0.438677  Min(alpha.water) = -6.89163e-07  Max(alpha.water) = 1.00001
DICPCG:  Solving for p_rgh, Initial residual = 0.0210923, Final residual = 0.000190938, No Iterations 1
time step continuity errors : sum local = 0.000239902, global = 2.29874e-05, cumulative = 0.00121751
DICPCG:  Solving for p_rgh, Initial residual = 0.000222675, Final residual = 1.0739e-05, No Iterations 7
time step continuity errors : sum local = 1.31986e-05, global = -3.73638e-07, cumulative = 0.00121714
DICPCG:  Solving for p_rgh, Initial residual = 2.15613e-05, Final residual = 9.90473e-08, No Iterations 35
time step continuity errors : sum local = 1.21727e-07, global = -6.35434e-09, cumulative = 0.00121713
ExecutionTime = 0.92 s  ClockTime = 2 s

Courant Number mean: 0.0705364 max: 0.509484
Interface Courant Number mean: 0.00713199 max: 0.509484
deltaT = 0.000918135
Time = 0.0742922

PIMPLE: iteration 1
smoothSolver:  Solving for alpha.water, Initial residual = 0.00214787, Final residual = 4.07213e-11, No Iterations 3
Phase-1 volume fraction = 0.43806  Min(alpha.water) = -1.29509e-09  Max(alpha.water) = 1
MULES: Correcting alpha.water
MULES: Correcting alpha.water
Phase-1 volume fraction = 0.438054  Min(alpha.water) = -5.7333e-07  Max(alpha.water) = 1
DICPCG:  Solving for p_rgh, Initial residual = 0.0191103, Final residual = 0.000203202, No Iterations 1
time step continuity errors : sum local = 0.000237658, global = 2.30133e-05, cumulative = 0.00124015
DICPCG:  Solving for p_rgh, Initial residual = 0.000234156, Final residual = 1.09e-05, No Iterations 7
time step continuity errors : sum local = 1.2505e-05, global = 1.10448e-06, cumulative = 0.00124125
DICPCG:  Solving for p_rgh, Initial residual = 2.0928e-05, Final residual = 9.08673e-08, No Iterations 35
time step continuity errors : sum local = 1.04263e-07, global = 2.43764e-09, cumulative = 0.00124125
ExecutionTime = 0.93 s  ClockTime = 2 s

Courant Number mean: 0.0686717 max: 0.490781
Interface Courant Number mean: 0.0070197 max: 0.490781
deltaT = 0.00095214
Time = 0.0752444

PIMPLE: iteration 1
smoothSolver:  Solving for alpha.water, Initial residual = 0.00224694, Final residual = 5.38836e-11, No Iterations 3
Phase-1 volume fraction = 0.437437  Min(alpha.water) = -6.86374e-10  Max(alpha.water) = 1
MULES: Correcting alpha.water
MULES: Correcting alpha.water
Phase-1 volume fraction = 0.437431  Min(alpha.water) = -3.91614e-07  Max(alpha.water) = 1
DICPCG:  Solving for p_rgh, Initial residual = 0.0203724, Final residual = 0.000202547, No Iterations 1
time step continuity errors : sum local = 0.000254676, global = 2.9649e-05, cumulative = 0.0012709
DICPCG:  Solving for p_rgh, Initial residual = 0.00023919, Final residual = 1.03742e-05, No Iterations 8
time step continuity errors : sum local = 1.27729e-05, global = 2.37378e-06, cumulative = 0.00127328
DICPCG:  Solving for p_rgh, Initial residual = 2.23225e-05, Final residual = 8.34917e-08, No Iterations 36
time step continuity errors : sum local = 1.02717e-07, global = -1.15895e-08, cumulative = 0.00127327
ExecutionTime = 0.94 s  ClockTime = 2 s

Courant Number mean: 0.0718345 max: 0.503917
Interface Courant Number mean: 0.00712518 max: 0.503917
deltaT = 0.00095214
Time = 0.0761965

PIMPLE: iteration 1
smoothSolver:  Solving for alpha.water, Initial residual = 0.00226832, Final residual = 5.71231e-11, No Iterations 3
Phase-1 volume fraction = 0.436838  Min(alpha.water) = -5.88368e-10  Max(alpha.water) = 1
MULES: Correcting alpha.water
MULES: Correcting alpha.water
Phase-1 volume fraction = 0.436831  Min(alpha.water) = -4.51891e-07  Max(alpha.water) = 1
DICPCG:  Solving for p_rgh, Initial residual = 0.0187829, Final residual = 0.000207223, No Iterations 1
time step continuity errors : sum local = 0.00025981, global = 2.44995e-05, cumulative = 0.00129777
DICPCG:  Solving for p_rgh, Initial residual = 0.000236949, Final residual = 1.03078e-05, No Iterations 8
time step continuity errors : sum local = 1.2673e-05, global = 9.17887e-07, cumulative = 0.00129868
DICPCG:  Solving for p_rgh, Initial residual = 2.30832e-05, Final residual = 8.2731e-08, No Iterations 36
time step continuity errors : sum local = 1.01654e-07, global = -9.08456e-09, cumulative = 0.00129867
ExecutionTime = 0.95 s  ClockTime = 2 s

Courant Number mean: 0.0724619 max: 0.495463
Interface Courant Number mean: 0.00714422 max: 0.495463
deltaT = 0.00095214
Time = 0.0771486

PIMPLE: iteration 1
smoothSolver:  Solving for alpha.water, Initial residual = 0.00227841, Final residual = 6.00782e-11, No Iterations 3
Phase-1 volume fraction = 0.436261  Min(alpha.water) = -5.05322e-10  Max(alpha.water) = 1
MULES: Correcting alpha.water
MULES: Correcting alpha.water
Phase-1 volume fraction = 0.436255  Min(alpha.water) = -5.28074e-07  Max(alpha.water) = 1
DICPCG:  Solving for p_rgh, Initial residual = 0.0192004, Final residual = 0.000189047, No Iterations 1
time step continuity errors : sum local = 0.000237005, global = 1.58786e-05, cumulative = 0.00131455
DICPCG:  Solving for p_rgh, Initial residual = 0.000218766, Final residual = 1.03395e-05, No Iterations 8
time step continuity errors : sum local = 1.27074e-05, global = -4.67602e-07, cumulative = 0.00131409
DICPCG:  Solving for p_rgh, Initial residual = 2.14156e-05, Final residual = 8.99159e-08, No Iterations 36
time step continuity errors : sum local = 1.10442e-07, global = -1.05044e-08, cumulative = 0.00131407
ExecutionTime = 0.97 s  ClockTime = 2 s

Courant Number mean: 0.0730585 max: 0.484403
Interface Courant Number mean: 0.00715455 max: 0.484403
deltaT = 0.000993538
Time = 0.0781422

PIMPLE: iteration 1
smoothSolver:  Solving for alpha.water, Initial residual = 0.00238277, Final residual = 8.31884e-11, No Iterations 3
Phase-1 volume fraction = 0.435684  Min(alpha.water) = -4.31906e-10  Max(alpha.water) = 1
MULES: Correcting alpha.water
MULES: Correcting alpha.water
Phase-1 volume fraction = 0.435677  Min(alpha.water) = -4.90837e-07  Max(alpha.water) = 1
DICPCG:  Solving for p_rgh, Initial residual = 0.0177566, Final residual = 0.000204898, No Iterations 1
time step continuity errors : sum local = 0.000274752, global = 2.16123e-05, cumulative = 0.00133569
DICPCG:  Solving for p_rgh, Initial residual = 0.000236011, Final residual = 9.77379e-06, No Iterations 8
time step continuity errors : sum local = 1.28608e-05, global = -1.10776e-06, cumulative = 0.00133458
DICPCG:  Solving for p_rgh, Initial residual = 2.34304e-05, Final residual = 6.76697e-08, No Iterations 32
time step continuity errors : sum local = 8.89644e-08, global = 1.59295e-08, cumulative = 0.0013346
ExecutionTime = 0.98 s  ClockTime = 2 s

Courant Number mean: 0.0769321 max: 0.495475
Interface Courant Number mean: 0.0077924 max: 0.491603
deltaT = 0.000993538
Time = 0.0791357

PIMPLE: iteration 1
smoothSolver:  Solving for alpha.water, Initial residual = 0.00238479, Final residual = 8.84651e-11, No Iterations 3
Phase-1 volume fraction = 0.43513  Min(alpha.water) = -3.69095e-10  Max(alpha.water) = 1
MULES: Correcting alpha.water
MULES: Correcting alpha.water
Phase-1 volume fraction = 0.435122  Min(alpha.water) = -4.51615e-07  Max(alpha.water) = 1
DICPCG:  Solving for p_rgh, Initial residual = 0.0210941, Final residual = 0.000190352, No Iterations 1
time step continuity errors : sum local = 0.000259819, global = 1.65176e-05, cumulative = 0.00135111
DICPCG:  Solving for p_rgh, Initial residual = 0.000216771, Final residual = 9.68205e-06, No Iterations 8
time step continuity errors : sum local = 1.29286e-05, global = 1.11453e-07, cumulative = 0.00135122
DICPCG:  Solving for p_rgh, Initial residual = 2.09817e-05, Final residual = 9.301e-08, No Iterations 21
time step continuity errors : sum local = 1.24114e-07, global = -3.15948e-08, cumulative = 0.00135119
ExecutionTime = 0.99 s  ClockTime = 2 s

Courant Number mean: 0.0776606 max: 0.494997
Interface Courant Number mean: 0.00854306 max: 0.494997
deltaT = 0.000993538
Time = 0.0801292

PIMPLE: iteration 1
smoothSolver:  Solving for alpha.water, Initial residual = 0.00238495, Final residual = 9.3272e-11, No Iterations 3
Phase-1 volume fraction = 0.434597  Min(alpha.water) = -3.14954e-10  Max(alpha.water) = 1
MULES: Correcting alpha.water
MULES: Correcting alpha.water
Phase-1 volume fraction = 0.43459  Min(alpha.water) = -1.0103e-06  Max(alpha.water) = 1.00001
DICPCG:  Solving for p_rgh, Initial residual = 0.0172651, Final residual = 0.000206212, No Iterations 1
time step continuity errors : sum local = 0.000271377, global = 2.36567e-05, cumulative = 0.00137485
DICPCG:  Solving for p_rgh, Initial residual = 0.000245709, Final residual = 1.07462e-05, No Iterations 8
time step continuity errors : sum local = 1.3892e-05, global = 1.64275e-06, cumulative = 0.00137649
DICPCG:  Solving for p_rgh, Initial residual = 2.32146e-05, Final residual = 7.06812e-08, No Iterations 36
time step continuity errors : sum local = 9.13064e-08, global = -6.5779e-09, cumulative = 0.00137649
ExecutionTime = 1 s  ClockTime = 3 s

Courant Number mean: 0.0783481 max: 0.492372
Interface Courant Number mean: 0.00806214 max: 0.492372
deltaT = 0.000993538
Time = 0.0811228

PIMPLE: iteration 1
smoothSolver:  Solving for alpha.water, Initial residual = 0.00238412, Final residual = 9.75587e-11, No Iterations 3
Phase-1 volume fraction = 0.434087  Min(alpha.water) = -6.9257e-09  Max(alpha.water) = 1
MULES: Correcting alpha.water
MULES: Correcting alpha.water
Phase-1 volume fraction = 0.43408  Min(alpha.water) = -6.239e-07  Max(alpha.water) = 1.00001
DICPCG:  Solving for p_rgh, Initial residual = 0.0169444, Final residual = 0.000209351, No Iterations 1
time step continuity errors : sum local = 0.000274628, global = 2.39387e-05, cumulative = 0.00140042
DICPCG:  Solving for p_rgh, Initial residual = 0.000245628, Final residual = 1.22131e-05, No Iterations 8
time step continuity errors : sum local = 1.57403e-05, global = 2.61297e-06, cumulative = 0.00140304
DICPCG:  Solving for p_rgh, Initial residual = 2.43887e-05, Final residual = 7.79692e-08, No Iterations 36
time step continuity errors : sum local = 1.00389e-07, global = -1.09571e-08, cumulative = 0.00140303
ExecutionTime = 1.01 s  ClockTime = 3 s

Courant Number mean: 0.0790425 max: 0.487894
Interface Courant Number mean: 0.00771858 max: 0.487894
deltaT = 0.000993538
Time = 0.0821163

PIMPLE: iteration 1
smoothSolver:  Solving for alpha.water, Initial residual = 0.00239159, Final residual = 1.01623e-10, No Iterations 3
Phase-1 volume fraction = 0.433597  Min(alpha.water) = -1.71635e-09  Max(alpha.water) = 1
MULES: Correcting alpha.water
MULES: Correcting alpha.water
Phase-1 volume fraction = 0.433591  Min(alpha.water) = -7.01935e-07  Max(alpha.water) = 1.00001
DICPCG:  Solving for p_rgh, Initial residual = 0.0153857, Final residual = 0.000222406, No Iterations 1
time step continuity errors : sum local = 0.000288786, global = 1.874e-05, cumulative = 0.00142177
DICPCG:  Solving for p_rgh, Initial residual = 0.000255271, Final residual = 9.64194e-06, No Iterations 9
time step continuity errors : sum local = 1.2324e-05, global = 9.4609e-07, cumulative = 0.00142271
DICPCG:  Solving for p_rgh, Initial residual = 2.28877e-05, Final residual = 8.31087e-08, No Iterations 30
time step continuity errors : sum local = 1.06101e-07, global = 2.32666e-08, cumulative = 0.00142274
ExecutionTime = 1.02 s  ClockTime = 3 s

Courant Number mean: 0.0797467 max: 0.481886
Interface Courant Number mean: 0.00753069 max: 0.481886
deltaT = 0.00105198
Time = 0.0831683

PIMPLE: iteration 1
smoothSolver:  Solving for alpha.water, Initial residual = 0.00255639, Final residual = 1.51401e-10, No Iterations 3
Phase-1 volume fraction = 0.433101  Min(alpha.water) = -2.11457e-09  Max(alpha.water) = 1
MULES: Correcting alpha.water
MULES: Correcting alpha.water
Phase-1 volume fraction = 0.433094  Min(alpha.water) = -7.34521e-07  Max(alpha.water) = 1.00001
DICPCG:  Solving for p_rgh, Initial residual = 0.0167434, Final residual = 0.000207173, No Iterations 1
time step continuity errors : sum local = 0.00030613, global = 3.17306e-05, cumulative = 0.00145447
DICPCG:  Solving for p_rgh, Initial residual = 0.000248337, Final residual = 9.93356e-06, No Iterations 9
time step continuity errors : sum local = 1.44317e-05, global = 1.00381e-06, cumulative = 0.00145547
DICPCG:  Solving for p_rgh, Initial residual = 2.57688e-05, Final residual = 6.97567e-08, No Iterations 30
time step continuity errors : sum local = 1.01214e-07, global = 1.66175e-08, cumulative = 0.00145549
ExecutionTime = 1.03 s  ClockTime = 3 s

Courant Number mean: 0.085214 max: 0.502824
Interface Courant Number mean: 0.00795444 max: 0.502824
deltaT = 0.00105198
Time = 0.0842203

PIMPLE: iteration 1
smoothSolver:  Solving for alpha.water, Initial residual = 0.00256671, Final residual = 1.59977e-10, No Iterations 3
Phase-1 volume fraction = 0.432625  Min(alpha.water) = -1.8366e-09  Max(alpha.water) = 1
MULES: Correcting alpha.water
MULES: Correcting alpha.water
Phase-1 volume fraction = 0.432619  Min(alpha.water) = -6.62456e-07  Max(alpha.water) = 1
DICPCG:  Solving for p_rgh, Initial residual = 0.01706, Final residual = 0.000195916, No Iterations 1
time step continuity errors : sum local = 0.000291995, global = 2.76421e-05, cumulative = 0.00148313
DICPCG:  Solving for p_rgh, Initial residual = 0.000234718, Final residual = 1.16241e-05, No Iterations 8
time step continuity errors : sum local = 1.70114e-05, global = -9.19957e-07, cumulative = 0.00148221
DICPCG:  Solving for p_rgh, Initial residual = 2.76038e-05, Final residual = 9.5151e-08, No Iterations 32
time step continuity errors : sum local = 1.39099e-07, global = -2.05064e-08, cumulative = 0.00148219
ExecutionTime = 1.04 s  ClockTime = 3 s

Courant Number mean: 0.0860381 max: 0.494327
Interface Courant Number mean: 0.00847392 max: 0.494327
deltaT = 0.00105198
Time = 0.0852723

PIMPLE: iteration 1
smoothSolver:  Solving for alpha.water, Initial residual = 0.00259299, Final residual = 1.71877e-10, No Iterations 3
Phase-1 volume fraction = 0.432169  Min(alpha.water) = -2.19027e-08  Max(alpha.water) = 1
MULES: Correcting alpha.water
MULES: Correcting alpha.water
Phase-1 volume fraction = 0.432163  Min(alpha.water) = -5.62787e-07  Max(alpha.water) = 1
DICPCG:  Solving for p_rgh, Initial residual = 0.017652, Final residual = 0.00020685, No Iterations 1
time step continuity errors : sum local = 0.000309704, global = 2.2148e-05, cumulative = 0.00150434
DICPCG:  Solving for p_rgh, Initial residual = 0.000242942, Final residual = 9.04629e-06, No Iterations 9
time step continuity errors : sum local = 1.32917e-05, global = 3.93206e-07, cumulative = 0.00150473
DICPCG:  Solving for p_rgh, Initial residual = 2.52273e-05, Final residual = 9.71324e-08, No Iterations 32
time step continuity errors : sum local = 1.42574e-07, global = 1.06548e-08, cumulative = 0.00150474
ExecutionTime = 1.05 s  ClockTime = 3 s

Courant Number mean: 0.0868727 max: 0.485566
Interface Courant Number mean: 0.0088721 max: 0.485566
deltaT = 0.00105198
Time = 0.0863242

PIMPLE: iteration 1
smoothSolver:  Solving for alpha.water, Initial residual = 0.00262758, Final residual = 1.80994e-10, No Iterations 3
Phase-1 volume fraction = 0.431732  Min(alpha.water) = -1.39933e-09  Max(alpha.water) = 1
MULES: Correcting alpha.water
MULES: Correcting alpha.water
Phase-1 volume fraction = 0.431726  Min(alpha.water) = -2.45789e-06  Max(alpha.water) = 1.00001
DICPCG:  Solving for p_rgh, Initial residual = 0.0148093, Final residual = 0.000223612, No Iterations 1
time step continuity errors : sum local = 0.000321198, global = 3.39473e-05, cumulative = 0.00153869
DICPCG:  Solving for p_rgh, Initial residual = 0.000248604, Final residual = 9.82289e-06, No Iterations 9
time step continuity errors : sum local = 1.38951e-05, global = 8.16102e-07, cumulative = 0.0015395
DICPCG:  Solving for p_rgh, Initial residual = 2.67743e-05, Final residual = 9.46999e-08, No Iterations 30
time step continuity errors : sum local = 1.33834e-07, global = 6.57652e-08, cumulative = 0.00153957
ExecutionTime = 1.06 s  ClockTime = 3 s

Courant Number mean: 0.0876772 max: 0.477027
Interface Courant Number mean: 0.00858992 max: 0.477027
deltaT = 0.00113965
Time = 0.0874639

PIMPLE: iteration 1
smoothSolver:  Solving for alpha.water, Initial residual = 0.00284925, Final residual = 3.1029e-10, No Iterations 3
Phase-1 volume fraction = 0.431278  Min(alpha.water) = -2.17322e-06  Max(alpha.water) = 1
MULES: Correcting alpha.water
MULES: Correcting alpha.water
Phase-1 volume fraction = 0.431271  Min(alpha.water) = -2.17322e-06  Max(alpha.water) = 1.00002
DICPCG:  Solving for p_rgh, Initial residual = 0.0172699, Final residual = 0.000252114, No Iterations 1
time step continuity errors : sum local = 0.000428512, global = 1.24107e-06, cumulative = 0.00154081
DICPCG:  Solving for p_rgh, Initial residual = 0.000288037, Final residual = 1.29621e-05, No Iterations 8
time step continuity errors : sum local = 2.16422e-05, global = 2.41274e-06, cumulative = 0.00154322
DICPCG:  Solving for p_rgh, Initial residual = 2.8717e-05, Final residual = 6.73426e-08, No Iterations 36
time step continuity errors : sum local = 1.1234e-07, global = -5.5227e-09, cumulative = 0.00154322
ExecutionTime = 1.08 s  ClockTime = 3 s

Courant Number mean: 0.0960296 max: 0.507748
Interface Courant Number mean: 0.00924913 max: 0.507748
deltaT = 0.00113965
Time = 0.0886035

PIMPLE: iteration 1
smoothSolver:  Solving for alpha.water, Initial residual = 0.00287732, Final residual = 3.25966e-10, No Iterations 3
Phase-1 volume fraction = 0.430843  Min(alpha.water) = -2.26819e-08  Max(alpha.water) = 1
MULES: Correcting alpha.water
MULES: Correcting alpha.water
Phase-1 volume fraction = 0.430836  Min(alpha.water) = -3.89673e-07  Max(alpha.water) = 1.00002
DICPCG:  Solving for p_rgh, Initial residual = 0.0135987, Final residual = 0.000234165, No Iterations 1
time step continuity errors : sum local = 0.000382009, global = 4.86468e-05, cumulative = 0.00159186
DICPCG:  Solving for p_rgh, Initial residual = 0.000264355, Final residual = 1.24864e-05, No Iterations 9
time step continuity errors : sum local = 2.00886e-05, global = 4.16156e-06, cumulative = 0.00159603
DICPCG:  Solving for p_rgh, Initial residual = 3.36532e-05, Final residual = 8.87981e-08, No Iterations 37
time step continuity errors : sum local = 1.42786e-07, global = -1.06672e-08, cumulative = 0.00159602
ExecutionTime = 1.09 s  ClockTime = 3 s

Courant Number mean: 0.0969073 max: 0.498297
Interface Courant Number mean: 0.00873526 max: 0.498297
deltaT = 0.00113965
Time = 0.0897432

PIMPLE: iteration 1
smoothSolver:  Solving for alpha.water, Initial residual = 0.00286143, Final residual = 3.37469e-10, No Iterations 3
Phase-1 volume fraction = 0.430425  Min(alpha.water) = -2.69184e-07  Max(alpha.water) = 1
MULES: Correcting alpha.water
MULES: Correcting alpha.water
Phase-1 volume fraction = 0.430418  Min(alpha.water) = -5.61492e-07  Max(alpha.water) = 1.00002
DICPCG:  Solving for p_rgh, Initial residual = 0.0195718, Final residual = 0.000230817, No Iterations 1
time step continuity errors : sum local = 0.000397785, global = -1.14947e-05, cumulative = 0.00158452
DICPCG:  Solving for p_rgh, Initial residual = 0.000258238, Final residual = 1.16262e-05, No Iterations 8
time step continuity errors : sum local = 1.96326e-05, global = -2.80286e-06, cumulative = 0.00158172
DICPCG:  Solving for p_rgh, Initial residual = 2.76998e-05, Final residual = 8.39885e-08, No Iterations 35
time step continuity errors : sum local = 1.4177e-07, global = -1.93399e-08, cumulative = 0.0015817
ExecutionTime = 1.1 s  ClockTime = 3 s

Courant Number mean: 0.0979416 max: 0.488844
Interface Courant Number mean: 0.00930114 max: 0.488844
deltaT = 0.00113965
Time = 0.0908828

PIMPLE: iteration 1
smoothSolver:  Solving for alpha.water, Initial residual = 0.00288525, Final residual = 3.59846e-10, No Iterations 3
Phase-1 volume fraction = 0.430024  Min(alpha.water) = -1.70529e-08  Max(alpha.water) = 1
MULES: Correcting alpha.water
MULES: Correcting alpha.water
Phase-1 volume fraction = 0.430018  Min(alpha.water) = -3.06573e-06  Max(alpha.water) = 1.00001
DICPCG:  Solving for p_rgh, Initial residual = 0.0149459, Final residual = 0.000208424, No Iterations 1
time step continuity errors : sum local = 0.000343051, global = 4.33772e-05, cumulative = 0.00162508
DICPCG:  Solving for p_rgh, Initial residual = 0.000246738, Final residual = 1.2044e-05, No Iterations 9
time step continuity errors : sum local = 1.95125e-05, global = 1.51316e-06, cumulative = 0.00162659
DICPCG:  Solving for p_rgh, Initial residual = 3.36992e-05, Final residual = 9.17569e-08, No Iterations 37
time step continuity errors : sum local = 1.48581e-07, global = -1.27714e-08, cumulative = 0.00162658
ExecutionTime = 1.11 s  ClockTime = 3 s

Courant Number mean: 0.0989007 max: 0.479648
Interface Courant Number mean: 0.00936643 max: 0.479648
deltaT = 0.00113965
Time = 0.0920225

PIMPLE: iteration 1
smoothSolver:  Solving for alpha.water, Initial residual = 0.00286564, Final residual = 3.83781e-10, No Iterations 3
Phase-1 volume fraction = 0.42964  Min(alpha.water) = -1.47709e-08  Max(alpha.water) = 1
MULES: Correcting alpha.water
MULES: Correcting alpha.water
Phase-1 volume fraction = 0.429633  Min(alpha.water) = -5.68014e-07  Max(alpha.water) = 1
DICPCG:  Solving for p_rgh, Initial residual = 0.0165324, Final residual = 0.000228802, No Iterations 1
time step continuity errors : sum local = 0.00037647, global = 6.98565e-06, cumulative = 0.00163356
DICPCG:  Solving for p_rgh, Initial residual = 0.000251676, Final residual = 1.11179e-05, No Iterations 8
time step continuity errors : sum local = 1.7978e-05, global = 2.41596e-07, cumulative = 0.0016338
DICPCG:  Solving for p_rgh, Initial residual = 2.82508e-05, Final residual = 8.69935e-08, No Iterations 32
time step continuity errors : sum local = 1.4064e-07, global = -3.06296e-08, cumulative = 0.00163377
ExecutionTime = 1.12 s  ClockTime = 3 s

Courant Number mean: 0.0999681 max: 0.470823
Interface Courant Number mean: 0.00907615 max: 0.470823
deltaT = 0.00113965
Time = 0.0931621

PIMPLE: iteration 1
smoothSolver:  Solving for alpha.water, Initial residual = 0.00290192, Final residual = 4.04803e-10, No Iterations 3
Phase-1 volume fraction = 0.429271  Min(alpha.water) = -1.28253e-08  Max(alpha.water) = 1
MULES: Correcting alpha.water
MULES: Correcting alpha.water
Phase-1 volume fraction = 0.429265  Min(alpha.water) = -9.83635e-07  Max(alpha.water) = 1.00001
DICPCG:  Solving for p_rgh, Initial residual = 0.0139756, Final residual = 0.000226408, No Iterations 1
time step continuity errors : sum local = 0.000363869, global = 1.55588e-05, cumulative = 0.00164933
DICPCG:  Solving for p_rgh, Initial residual = 0.000247716, Final residual = 1.04432e-05, No Iterations 9
time step continuity errors : sum local = 1.65392e-05, global = 3.10944e-06, cumulative = 0.00165244
DICPCG:  Solving for p_rgh, Initial residual = 2.74386e-05, Final residual = 8.24069e-08, No Iterations 36
time step continuity errors : sum local = 1.30493e-07, global = -1.19228e-08, cumulative = 0.00165243
ExecutionTime = 1.13 s  ClockTime = 3 s

Courant Number mean: 0.100998 max: 0.462581
Interface Courant Number mean: 0.00868221 max: 0.462581
deltaT = 0.00113965
Time = 0.0943018

PIMPLE: iteration 1
smoothSolver:  Solving for alpha.water, Initial residual = 0.00292313, Final residual = 4.23627e-10, No Iterations 3
Phase-1 volume fraction = 0.428917  Min(alpha.water) = -1.11899e-08  Max(alpha.water) = 1
MULES: Correcting alpha.water
MULES: Correcting alpha.water
Phase-1 volume fraction = 0.428911  Min(alpha.water) = -8.26417e-07  Max(alpha.water) = 1.00001
DICPCG:  Solving for p_rgh, Initial residual = 0.0130213, Final residual = 0.000229497, No Iterations 1
time step continuity errors : sum local = 0.000366724, global = 2.18644e-05, cumulative = 0.00167429
DICPCG:  Solving for p_rgh, Initial residual = 0.000253269, Final residual = 9.93228e-06, No Iterations 9
time step continuity errors : sum local = 1.56537e-05, global = 2.33601e-06, cumulative = 0.00167663
DICPCG:  Solving for p_rgh, Initial residual = 2.73197e-05, Final residual = 6.49318e-08, No Iterations 36
time step continuity errors : sum local = 1.02341e-07, global = -2.12012e-09, cumulative = 0.00167663
ExecutionTime = 1.14 s  ClockTime = 3 s

Courant Number mean: 0.101989 max: 0.455081
Interface Courant Number mean: 0.00925683 max: 0.455081
deltaT = 0.00113965
Time = 0.0954414

PIMPLE: iteration 1
smoothSolver:  Solving for alpha.water, Initial residual = 0.00293971, Final residual = 4.40057e-10, No Iterations 3
Phase-1 volume fraction = 0.428577  Min(alpha.water) = -9.80014e-09  Max(alpha.water) = 1
MULES: Correcting alpha.water
MULES: Correcting alpha.water
Phase-1 volume fraction = 0.428571  Min(alpha.water) = -6.23422e-07  Max(alpha.water) = 1.00004
DICPCG:  Solving for p_rgh, Initial residual = 0.0123569, Final residual = 0.000245235, No Iterations 1
time step continuity errors : sum local = 0.000393461, global = 2.75365e-05, cumulative = 0.00170416
DICPCG:  Solving for p_rgh, Initial residual = 0.000271384, Final residual = 1.33479e-05, No Iterations 8
time step continuity errors : sum local = 2.1145e-05, global = 3.66383e-06, cumulative = 0.00170783
DICPCG:  Solving for p_rgh, Initial residual = 3.1526e-05, Final residual = 9.96437e-08, No Iterations 35
time step continuity errors : sum local = 1.57838e-07, global = 6.46556e-09, cumulative = 0.00170783
ExecutionTime = 1.15 s  ClockTime = 3 s

Courant Number mean: 0.102883 max: 0.447234
Interface Courant Number mean: 0.00921 max: 0.447234
deltaT = 0.00113965
Time = 0.0965811

PIMPLE: iteration 1
smoothSolver:  Solving for alpha.water, Initial residual = 0.00294878, Final residual = 4.56408e-10, No Iterations 3
Phase-1 volume fraction = 0.428252  Min(alpha.water) = -8.613e-09  Max(alpha.water) = 1
MULES: Correcting alpha.water
MULES: Correcting alpha.water
Phase-1 volume fraction = 0.428245  Min(alpha.water) = -6.18136e-07  Max(alpha.water) = 1.00001
DICPCG:  Solving for p_rgh, Initial residual = 0.0126685, Final residual = 0.000259965, No Iterations 1
time step continuity errors : sum local = 0.000428614, global = 3.1807e-05, cumulative = 0.00173964
DICPCG:  Solving for p_rgh, Initial residual = 0.000296787, Final residual = 1.34828e-05, No Iterations 8
time step continuity errors : sum local = 2.19555e-05, global = -2.37822e-06, cumulative = 0.00173726
DICPCG:  Solving for p_rgh, Initial residual = 3.35276e-05, Final residual = 9.94737e-08, No Iterations 31
time step continuity errors : sum local = 1.61953e-07, global = 6.12869e-09, cumulative = 0.00173727
ExecutionTime = 1.16 s  ClockTime = 3 s

Courant Number mean: 0.103884 max: 0.438776
Interface Courant Number mean: 0.00930665 max: 0.438776
deltaT = 0.00113965
Time = 0.0977207

PIMPLE: iteration 1
smoothSolver:  Solving for alpha.water, Initial residual = 0.00295281, Final residual = 4.78167e-10, No Iterations 3
Phase-1 volume fraction = 0.42794  Min(alpha.water) = -5.15252e-07  Max(alpha.water) = 1
MULES: Correcting alpha.water
MULES: Correcting alpha.water
Phase-1 volume fraction = 0.427934  Min(alpha.water) = -1.03769e-05  Max(alpha.water) = 1.00001
DICPCG:  Solving for p_rgh, Initial residual = 0.0156139, Final residual = 0.000263199, No Iterations 1
time step continuity errors : sum local = 0.000459942, global = 2.26037e-05, cumulative = 0.00175987
DICPCG:  Solving for p_rgh, Initial residual = 0.000307586, Final residual = 1.26883e-05, No Iterations 8
time step continuity errors : sum local = 2.18288e-05, global = -3.59317e-06, cumulative = 0.00175628
DICPCG:  Solving for p_rgh, Initial residual = 3.50354e-05, Final residual = 9.37284e-08, No Iterations 34
time step continuity errors : sum local = 1.61228e-07, global = -2.39625e-08, cumulative = 0.00175626
ExecutionTime = 1.17 s  ClockTime = 3 s

Courant Number mean: 0.105098 max: 0.429945
Interface Courant Number mean: 0.00939101 max: 0.429945
deltaT = 0.00113965
Time = 0.0988604

PIMPLE: iteration 1
smoothSolver:  Solving for alpha.water, Initial residual = 0.00303875, Final residual = 5.1042e-10, No Iterations 3
Phase-1 volume fraction = 0.427641  Min(alpha.water) = -6.61002e-09  Max(alpha.water) = 1
MULES: Correcting alpha.water
MULES: Correcting alpha.water
Phase-1 volume fraction = 0.427635  Min(alpha.water) = -7.36796e-06  Max(alpha.water) = 1.00001
DICPCG:  Solving for p_rgh, Initial residual = 0.0138154, Final residual = 0.0002029, No Iterations 1
time step continuity errors : sum local = 0.000338638, global = 6.33994e-05, cumulative = 0.00181966
DICPCG:  Solving for p_rgh, Initial residual = 0.000247011, Final residual = 1.05325e-05, No Iterations 11
time step continuity errors : sum local = 1.73294e-05, global = 4.34621e-06, cumulative = 0.001824
DICPCG:  Solving for p_rgh, Initial residual = 3.91943e-05, Final residual = 7.82339e-08, No Iterations 38
time step continuity errors : sum local = 1.28707e-07, global = -4.42283e-09, cumulative = 0.001824
ExecutionTime = 1.18 s  ClockTime = 3 s

Courant Number mean: 0.106136 max: 0.425463
Interface Courant Number mean: 0.00936514 max: 0.425463
deltaT = 0.00113965
Time = 0.1

PIMPLE: iteration 1
smoothSolver:  Solving for alpha.water, Initial residual = 0.00302415, Final residual = 5.39769e-10, No Iterations 3
Phase-1 volume fraction = 0.427354  Min(alpha.water) = -6.43809e-06  Max(alpha.water) = 1
MULES: Correcting alpha.water
MULES: Correcting alpha.water
Phase-1 volume fraction = 0.427348  Min(alpha.water) = -6.43809e-06  Max(alpha.water) = 1.00003
DICPCG:  Solving for p_rgh, Initial residual = 0.0183765, Final residual = 0.000226357, No Iterations 1
time step continuity errors : sum local = 0.000401906, global = -5.25706e-05, cumulative = 0.00177143
DICPCG:  Solving for p_rgh, Initial residual = 0.000251421, Final residual = 1.19966e-05, No Iterations 8
time step continuity errors : sum local = 2.08996e-05, global = 1.00726e-06, cumulative = 0.00177243
DICPCG:  Solving for p_rgh, Initial residual = 3.44647e-05, Final residual = 8.29685e-08, No Iterations 32
time step continuity errors : sum local = 1.44559e-07, global = -1.77671e-08, cumulative = 0.00177242
ExecutionTime = 1.21 s  ClockTime = 3 s

Courant Number mean: 0.107352 max: 0.421551
Interface Courant Number mean: 0.00951703 max: 0.421551
deltaT = 0.00128205
Time = 0.101282

PIMPLE: iteration 1
smoothSolver:  Solving for alpha.water, Initial residual = 0.00354105, Final residual = 1.15117e-09, No Iterations 3
Phase-1 volume fraction = 0.427047  Min(alpha.water) = -3.38906e-08  Max(alpha.water) = 1
MULES: Correcting alpha.water
MULES: Correcting alpha.water
Phase-1 volume fraction = 0.42704  Min(alpha.water) = -6.64003e-06  Max(alpha.water) = 1.00002
DICPCG:  Solving for p_rgh, Initial residual = 0.0129379, Final residual = 0.000216114, No Iterations 1
time step continuity errors : sum local = 0.000435241, global = 7.5219e-05, cumulative = 0.00184763
DICPCG:  Solving for p_rgh, Initial residual = 0.000230803, Final residual = 1.08669e-05, No Iterations 11
time step continuity errors : sum local = 2.15771e-05, global = 6.71279e-06, cumulative = 0.00185435
DICPCG:  Solving for p_rgh, Initial residual = 3.71489e-05, Final residual = 9.92543e-08, No Iterations 32
time step continuity errors : sum local = 1.97043e-07, global = 1.85871e-08, cumulative = 0.00185437
ExecutionTime = 1.22 s  ClockTime = 3 s

Courant Number mean: 0.121897 max: 0.470414
Interface Courant Number mean: 0.0106678 max: 0.470414
deltaT = 0.00135328
Time = 0.102635

PIMPLE: iteration 1
smoothSolver:  Solving for alpha.water, Initial residual = 0.00368567, Final residual = 1.6606e-09, No Iterations 3
Phase-1 volume fraction = 0.426737  Min(alpha.water) = -5.19109e-07  Max(alpha.water) = 1
MULES: Correcting alpha.water
MULES: Correcting alpha.water
Phase-1 volume fraction = 0.426728  Min(alpha.water) = -1.36583e-06  Max(alpha.water) = 1.00002
DICPCG:  Solving for p_rgh, Initial residual = 0.0169629, Final residual = 0.000248028, No Iterations 1
time step continuity errors : sum local = 0.000568423, global = -3.8048e-05, cumulative = 0.00181632
DICPCG:  Solving for p_rgh, Initial residual = 0.000285024, Final residual = 1.30408e-05, No Iterations 8
time step continuity errors : sum local = 2.93489e-05, global = 1.59292e-07, cumulative = 0.00181648
DICPCG:  Solving for p_rgh, Initial residual = 3.8042e-05, Final residual = 9.99094e-08, No Iterations 35
time step continuity errors : sum local = 2.24951e-07, global = -8.35633e-09, cumulative = 0.00181647
ExecutionTime = 1.24 s  ClockTime = 3 s

Courant Number mean: 0.130068 max: 0.491488
Interface Courant Number mean: 0.011273 max: 0.491488
deltaT = 0.00139308
Time = 0.104028

PIMPLE: iteration 1
smoothSolver:  Solving for alpha.water, Initial residual = 0.00383796, Final residual = 2.04562e-09, No Iterations 3
Phase-1 volume fraction = 0.426432  Min(alpha.water) = -2.50206e-08  Max(alpha.water) = 1
MULES: Correcting alpha.water
MULES: Correcting alpha.water
Phase-1 volume fraction = 0.426423  Min(alpha.water) = -1.8698e-06  Max(alpha.water) = 1.00006
DICPCG:  Solving for p_rgh, Initial residual = 0.0128556, Final residual = 0.000271472, No Iterations 1
time step continuity errors : sum local = 0.000626549, global = 5.49345e-05, cumulative = 0.0018714
DICPCG:  Solving for p_rgh, Initial residual = 0.000296763, Final residual = 1.24351e-05, No Iterations 9
time step continuity errors : sum local = 2.82855e-05, global = 1.96701e-07, cumulative = 0.0018716
DICPCG:  Solving for p_rgh, Initial residual = 4.19235e-05, Final residual = 7.98324e-08, No Iterations 36
time step continuity errors : sum local = 1.81622e-07, global = -1.83581e-08, cumulative = 0.00187158
ExecutionTime = 1.24 s  ClockTime = 3 s

Courant Number mean: 0.135372 max: 0.500146
Interface Courant Number mean: 0.0122098 max: 0.500146
deltaT = 0.00139308
Time = 0.105421

PIMPLE: iteration 1
smoothSolver:  Solving for alpha.water, Initial residual = 0.00381608, Final residual = 2.11319e-09, No Iterations 3
Phase-1 volume fraction = 0.426142  Min(alpha.water) = -1.72654e-07  Max(alpha.water) = 1
MULES: Correcting alpha.water
MULES: Correcting alpha.water
Phase-1 volume fraction = 0.426133  Min(alpha.water) = -1.07328e-06  Max(alpha.water) = 1.00005
DICPCG:  Solving for p_rgh, Initial residual = 0.0171713, Final residual = 0.000305779, No Iterations 1
time step continuity errors : sum local = 0.000726922, global = -7.81075e-06, cumulative = 0.00186377
DICPCG:  Solving for p_rgh, Initial residual = 0.000343561, Final residual = 1.61041e-05, No Iterations 7
time step continuity errors : sum local = 3.76191e-05, global = -5.84711e-06, cumulative = 0.00185792
DICPCG:  Solving for p_rgh, Initial residual = 4.24765e-05, Final residual = 6.88569e-08, No Iterations 32
time step continuity errors : sum local = 1.60897e-07, global = -1.35962e-08, cumulative = 0.00185791
ExecutionTime = 1.25 s  ClockTime = 3 s

Courant Number mean: 0.13722 max: 0.494178
Interface Courant Number mean: 0.01235 max: 0.494178
deltaT = 0.00139308
Time = 0.106815

PIMPLE: iteration 1
smoothSolver:  Solving for alpha.water, Initial residual = 0.00384014, Final residual = 2.21266e-09, No Iterations 3
Phase-1 volume fraction = 0.425866  Min(alpha.water) = -1.83146e-08  Max(alpha.water) = 1
MULES: Correcting alpha.water
MULES: Correcting alpha.water
Phase-1 volume fraction = 0.425858  Min(alpha.water) = -4.64311e-05  Max(alpha.water) = 1.00004
DICPCG:  Solving for p_rgh, Initial residual = 0.0134922, Final residual = 0.000309337, No Iterations 1
time step continuity errors : sum local = 0.000719356, global = 3.57317e-05, cumulative = 0.00189364
DICPCG:  Solving for p_rgh, Initial residual = 0.000337526, Final residual = 1.58726e-05, No Iterations 8
time step continuity errors : sum local = 3.64142e-05, global = 5.04208e-07, cumulative = 0.00189415
DICPCG:  Solving for p_rgh, Initial residual = 4.55339e-05, Final residual = 9.55738e-08, No Iterations 26
time step continuity errors : sum local = 2.19318e-07, global = -6.08118e-08, cumulative = 0.00189409
ExecutionTime = 1.26 s  ClockTime = 3 s

Courant Number mean: 0.139115 max: 0.488571
Interface Courant Number mean: 0.0116496 max: 0.488571
deltaT = 0.00143951
Time = 0.108254

PIMPLE: iteration 1
smoothSolver:  Solving for alpha.water, Initial residual = 0.00406072, Final residual = 2.84497e-09, No Iterations 3
Phase-1 volume fraction = 0.425596  Min(alpha.water) = -1.54001e-08  Max(alpha.water) = 1
MULES: Correcting alpha.water
MULES: Correcting alpha.water
Phase-1 volume fraction = 0.425588  Min(alpha.water) = -2.38073e-06  Max(alpha.water) = 1.00004
DICPCG:  Solving for p_rgh, Initial residual = 0.0159326, Final residual = 0.000252193, No Iterations 1
time step continuity errors : sum local = 0.000630657, global = 1.93566e-05, cumulative = 0.00191344
DICPCG:  Solving for p_rgh, Initial residual = 0.000279611, Final residual = 1.21654e-05, No Iterations 11
time step continuity errors : sum local = 2.98989e-05, global = 8.18511e-06, cumulative = 0.00192163
DICPCG:  Solving for p_rgh, Initial residual = 3.92139e-05, Final residual = 9.76829e-08, No Iterations 32
time step continuity errors : sum local = 2.40251e-07, global = -1.34175e-08, cumulative = 0.00192161
ExecutionTime = 1.28 s  ClockTime = 3 s

Courant Number mean: 0.145348 max: 0.500024
Interface Courant Number mean: 0.0117586 max: 0.500024
deltaT = 0.00143951
Time = 0.109694

PIMPLE: iteration 1
smoothSolver:  Solving for alpha.water, Initial residual = 0.00411154, Final residual = 3.01865e-09, No Iterations 3
Phase-1 volume fraction = 0.425339  Min(alpha.water) = -1.30326e-08  Max(alpha.water) = 1
MULES: Correcting alpha.water
MULES: Correcting alpha.water
Phase-1 volume fraction = 0.425331  Min(alpha.water) = -3.27385e-06  Max(alpha.water) = 1.00003
DICPCG:  Solving for p_rgh, Initial residual = 0.0159416, Final residual = 0.000242695, No Iterations 1
time step continuity errors : sum local = 0.000604721, global = 2.21344e-05, cumulative = 0.00194375
DICPCG:  Solving for p_rgh, Initial residual = 0.000270835, Final residual = 1.14321e-05, No Iterations 9
time step continuity errors : sum local = 2.80227e-05, global = 2.62277e-06, cumulative = 0.00194637
DICPCG:  Solving for p_rgh, Initial residual = 3.76205e-05, Final residual = 6.37789e-08, No Iterations 36
time step continuity errors : sum local = 1.56414e-07, global = -2.43635e-09, cumulative = 0.00194637
ExecutionTime = 1.29 s  ClockTime = 3 s

Courant Number mean: 0.146854 max: 0.495218
Interface Courant Number mean: 0.0122868 max: 0.495218
deltaT = 0.00143951
Time = 0.111133

PIMPLE: iteration 1
smoothSolver:  Solving for alpha.water, Initial residual = 0.0041235, Final residual = 3.15822e-09, No Iterations 3
Phase-1 volume fraction = 0.425096  Min(alpha.water) = -1.10895e-08  Max(alpha.water) = 1
MULES: Correcting alpha.water
MULES: Correcting alpha.water
Phase-1 volume fraction = 0.425088  Min(alpha.water) = -2.40621e-06  Max(alpha.water) = 1.00003
DICPCG:  Solving for p_rgh, Initial residual = 0.0135767, Final residual = 0.00027085, No Iterations 1
time step continuity errors : sum local = 0.000662879, global = 2.38269e-05, cumulative = 0.0019702
DICPCG:  Solving for p_rgh, Initial residual = 0.000301588, Final residual = 1.35888e-05, No Iterations 8
time step continuity errors : sum local = 3.27661e-05, global = -1.35661e-06, cumulative = 0.00196884
DICPCG:  Solving for p_rgh, Initial residual = 3.96019e-05, Final residual = 8.99895e-08, No Iterations 35
time step continuity errors : sum local = 2.17102e-07, global = 4.16355e-09, cumulative = 0.00196884
ExecutionTime = 1.29 s  ClockTime = 3 s

Courant Number mean: 0.14844 max: 0.49087
Interface Courant Number mean: 0.0131101 max: 0.49087
deltaT = 0.00143951
Time = 0.112573

PIMPLE: iteration 1
smoothSolver:  Solving for alpha.water, Initial residual = 0.00412498, Final residual = 3.26887e-09, No Iterations 3
Phase-1 volume fraction = 0.424865  Min(alpha.water) = -9.48891e-09  Max(alpha.water) = 1
MULES: Correcting alpha.water
MULES: Correcting alpha.water
Phase-1 volume fraction = 0.424857  Min(alpha.water) = -6.0161e-05  Max(alpha.water) = 1.00003
DICPCG:  Solving for p_rgh, Initial residual = 0.0151907, Final residual = 0.00030097, No Iterations 1
time step continuity errors : sum local = 0.000742946, global = 2.56943e-05, cumulative = 0.00199454
DICPCG:  Solving for p_rgh, Initial residual = 0.000335358, Final residual = 1.62238e-05, No Iterations 7
time step continuity errors : sum local = 3.94113e-05, global = -3.30831e-06, cumulative = 0.00199123
DICPCG:  Solving for p_rgh, Initial residual = 4.45683e-05, Final residual = 9.08008e-08, No Iterations 35
time step continuity errors : sum local = 2.20655e-07, global = 2.27323e-10, cumulative = 0.00199123
ExecutionTime = 1.3 s  ClockTime = 3 s

Courant Number mean: 0.150193 max: 0.487157
Interface Courant Number mean: 0.0126717 max: 0.487157
deltaT = 0.0014971
Time = 0.11407

PIMPLE: iteration 1
smoothSolver:  Solving for alpha.water, Initial residual = 0.00427723, Final residual = 4.25064e-09, No Iterations 3
Phase-1 volume fraction = 0.424638  Min(alpha.water) = -8.13242e-09  Max(alpha.water) = 1
MULES: Correcting alpha.water
MULES: Correcting alpha.water
Phase-1 volume fraction = 0.42463  Min(alpha.water) = -1.32521e-05  Max(alpha.water) = 1.00002
DICPCG:  Solving for p_rgh, Initial residual = 0.0157307, Final residual = 0.000318411, No Iterations 1
time step continuity errors : sum local = 0.000874671, global = 3.48414e-05, cumulative = 0.00202607
DICPCG:  Solving for p_rgh, Initial residual = 0.000352339, Final residual = 1.68596e-05, No Iterations 7
time step continuity errors : sum local = 4.55877e-05, global = -9.12573e-07, cumulative = 0.00202516
DICPCG:  Solving for p_rgh, Initial residual = 5.00241e-05, Final residual = 6.88207e-08, No Iterations 36
time step continuity errors : sum local = 1.86146e-07, global = -5.97927e-09, cumulative = 0.00202515
ExecutionTime = 1.31 s  ClockTime = 3 s

Courant Number mean: 0.158395 max: 0.50437
Interface Courant Number mean: 0.0124359 max: 0.50437
deltaT = 0.0014971
Time = 0.115567

PIMPLE: iteration 1
smoothSolver:  Solving for alpha.water, Initial residual = 0.0043503, Final residual = 4.34636e-09, No Iterations 3
Phase-1 volume fraction = 0.424423  Min(alpha.water) = -7.00789e-09  Max(alpha.water) = 1
MULES: Correcting alpha.water
MULES: Correcting alpha.water
Phase-1 volume fraction = 0.424416  Min(alpha.water) = -3.87444e-06  Max(alpha.water) = 1.00002
DICPCG:  Solving for p_rgh, Initial residual = 0.014809, Final residual = 0.000260613, No Iterations 1
time step continuity errors : sum local = 0.0007127, global = 5.26324e-05, cumulative = 0.00207778
DICPCG:  Solving for p_rgh, Initial residual = 0.000292008, Final residual = 1.39384e-05, No Iterations 9
time step continuity errors : sum local = 3.75277e-05, global = 1.05276e-05, cumulative = 0.00208831
DICPCG:  Solving for p_rgh, Initial residual = 4.16939e-05, Final residual = 9.23487e-08, No Iterations 35
time step continuity errors : sum local = 2.4882e-07, global = 6.06447e-09, cumulative = 0.00208832
ExecutionTime = 1.33 s  ClockTime = 3 s

Courant Number mean: 0.160076 max: 0.50136
Interface Courant Number mean: 0.0128725 max: 0.50136
deltaT = 0.0014971
Time = 0.117064

PIMPLE: iteration 1
smoothSolver:  Solving for alpha.water, Initial residual = 0.00441883, Final residual = 4.48597e-09, No Iterations 3
Phase-1 volume fraction = 0.42422  Min(alpha.water) = -3.19321e-06  Max(alpha.water) = 1
MULES: Correcting alpha.water
MULES: Correcting alpha.water
Phase-1 volume fraction = 0.424213  Min(alpha.water) = -3.17867e-06  Max(alpha.water) = 1.00001
DICPCG:  Solving for p_rgh, Initial residual = 0.0174357, Final residual = 0.000233376, No Iterations 1
time step continuity errors : sum local = 0.000677113, global = -2.11651e-06, cumulative = 0.0020862
DICPCG:  Solving for p_rgh, Initial residual = 0.000275752, Final residual = 1.18672e-05, No Iterations 8
time step continuity errors : sum local = 3.38056e-05, global = 3.37369e-06, cumulative = 0.00208958
DICPCG:  Solving for p_rgh, Initial residual = 4.02657e-05, Final residual = 8.54981e-08, No Iterations 35
time step continuity errors : sum local = 2.43661e-07, global = 9.79421e-09, cumulative = 0.00208959
ExecutionTime = 1.34 s  ClockTime = 3 s

Courant Number mean: 0.161665 max: 0.497335
Interface Courant Number mean: 0.0126546 max: 0.497335
deltaT = 0.0014971
Time = 0.118561

PIMPLE: iteration 1
smoothSolver:  Solving for alpha.water, Initial residual = 0.00455939, Final residual = 4.72223e-09, No Iterations 3
Phase-1 volume fraction = 0.42403  Min(alpha.water) = -5.25153e-09  Max(alpha.water) = 1
MULES: Correcting alpha.water
MULES: Correcting alpha.water
Phase-1 volume fraction = 0.424023  Min(alpha.water) = -1.81337e-05  Max(alpha.water) = 1.00003
DICPCG:  Solving for p_rgh, Initial residual = 0.0140075, Final residual = 0.000260037, No Iterations 1
time step continuity errors : sum local = 0.000701009, global = 3.75347e-05, cumulative = 0.00212712
DICPCG:  Solving for p_rgh, Initial residual = 0.000307893, Final residual = 1.33372e-05, No Iterations 8
time step continuity errors : sum local = 3.5416e-05, global = 1.13438e-06, cumulative = 0.00212825
DICPCG:  Solving for p_rgh, Initial residual = 5.23316e-05, Final residual = 9.44368e-08, No Iterations 27
time step continuity errors : sum local = 2.5086e-07, global = -5.70067e-08, cumulative = 0.0021282
ExecutionTime = 1.35 s  ClockTime = 3 s

Courant Number mean: 0.16307 max: 0.495763
Interface Courant Number mean: 0.0134877 max: 0.495763
deltaT = 0.0014971
Time = 0.120058

PIMPLE: iteration 1
smoothSolver:  Solving for alpha.water, Initial residual = 0.00445249, Final residual = 4.88977e-09, No Iterations 3
Phase-1 volume fraction = 0.423851  Min(alpha.water) = -5.48845e-07  Max(alpha.water) = 1
MULES: Correcting alpha.water
MULES: Correcting alpha.water
Phase-1 volume fraction = 0.423844  Min(alpha.water) = -7.32651e-07  Max(alpha.water) = 1.00002
DICPCG:  Solving for p_rgh, Initial residual = 0.0165997, Final residual = 0.00032579, No Iterations 1
time step continuity errors : sum local = 0.000900773, global = -9.68671e-06, cumulative = 0.00211851
DICPCG:  Solving for p_rgh, Initial residual = 0.000357913, Final residual = 1.5413e-05, No Iterations 7
time step continuity errors : sum local = 4.19092e-05, global = -4.23696e-06, cumulative = 0.00211427
DICPCG:  Solving for p_rgh, Initial residual = 4.92278e-05, Final residual = 9.66357e-08, No Iterations 33
time step continuity errors : sum local = 2.6281e-07, global = -9.93214e-09, cumulative = 0.00211426
ExecutionTime = 1.36 s  ClockTime = 3 s

Courant Number mean: 0.164966 max: 0.54264
Interface Courant Number mean: 0.0142045 max: 0.489444
deltaT = 0.001361
Time = 0.121419

PIMPLE: iteration 1
smoothSolver:  Solving for alpha.water, Initial residual = 0.00410161, Final residual = 2.88e-09, No Iterations 3
Phase-1 volume fraction = 0.423697  Min(alpha.water) = -4.7729e-07  Max(alpha.water) = 1
MULES: Correcting alpha.water
MULES: Correcting alpha.water
Phase-1 volume fraction = 0.423692  Min(alpha.water) = -6.89292e-05  Max(alpha.water) = 1.00001
DICPCG:  Solving for p_rgh, Initial residual = 0.0121585, Final residual = 0.000277701, No Iterations 1
time step continuity errors : sum local = 0.000635592, global = 1.54161e-05, cumulative = 0.00212968
DICPCG:  Solving for p_rgh, Initial residual = 0.000309184, Final residual = 1.2373e-05, No Iterations 8
time step continuity errors : sum local = 2.79752e-05, global = 1.6166e-06, cumulative = 0.0021313
DICPCG:  Solving for p_rgh, Initial residual = 4.43382e-05, Final residual = 6.92422e-08, No Iterations 36
time step continuity errors : sum local = 1.56595e-07, global = -1.29241e-09, cumulative = 0.00213129
ExecutionTime = 1.37 s  ClockTime = 3 s

Courant Number mean: 0.15152 max: 0.536094
Interface Courant Number mean: 0.01218 max: 0.438542
deltaT = 0.00124265
Time = 0.122662

PIMPLE: iteration 1
smoothSolver:  Solving for alpha.water, Initial residual = 0.00380984, Final residual = 1.72957e-09, No Iterations 3
Phase-1 volume fraction = 0.423564  Min(alpha.water) = -4.2012e-07  Max(alpha.water) = 1
MULES: Correcting alpha.water
MULES: Correcting alpha.water
Phase-1 volume fraction = 0.423561  Min(alpha.water) = -3.31238e-06  Max(alpha.water) = 1.00002
DICPCG:  Solving for p_rgh, Initial residual = 0.01309, Final residual = 0.000202136, No Iterations 1
time step continuity errors : sum local = 0.000392918, global = 2.45077e-05, cumulative = 0.0021558
DICPCG:  Solving for p_rgh, Initial residual = 0.000215205, Final residual = 1.02279e-05, No Iterations 10
time step continuity errors : sum local = 1.96087e-05, global = 6.95745e-06, cumulative = 0.00216276
DICPCG:  Solving for p_rgh, Initial residual = 3.19099e-05, Final residual = 7.32479e-08, No Iterations 31
time step continuity errors : sum local = 1.40499e-07, global = -1.7916e-08, cumulative = 0.00216274
ExecutionTime = 1.38 s  ClockTime = 3 s

Courant Number mean: 0.139186 max: 0.530156
Interface Courant Number mean: 0.0109294 max: 0.395301
deltaT = 0.00118862
Time = 0.12385

PIMPLE: iteration 1
smoothSolver:  Solving for alpha.water, Initial residual = 0.00359501, Final residual = 1.36358e-09, No Iterations 3
Phase-1 volume fraction = 0.423444  Min(alpha.water) = -3.7091e-07  Max(alpha.water) = 1
MULES: Correcting alpha.water
MULES: Correcting alpha.water
Phase-1 volume fraction = 0.423441  Min(alpha.water) = -2.90683e-05  Max(alpha.water) = 1.00001
DICPCG:  Solving for p_rgh, Initial residual = 0.0131528, Final residual = 0.0002029, No Iterations 1
time step continuity errors : sum local = 0.000363306, global = -1.00721e-05, cumulative = 0.00215267
DICPCG:  Solving for p_rgh, Initial residual = 0.000222399, Final residual = 1.10279e-05, No Iterations 7
time step continuity errors : sum local = 1.94809e-05, global = -7.1286e-07, cumulative = 0.00215196
DICPCG:  Solving for p_rgh, Initial residual = 3.24452e-05, Final residual = 8.57312e-08, No Iterations 33
time step continuity errors : sum local = 1.51468e-07, global = 1.41546e-08, cumulative = 0.00215197
ExecutionTime = 1.39 s  ClockTime = 3 s

Courant Number mean: 0.134041 max: 0.540537
Interface Courant Number mean: 0.0105727 max: 0.373411
deltaT = 0.00108957
Time = 0.12494

PIMPLE: iteration 1
smoothSolver:  Solving for alpha.water, Initial residual = 0.00332381, Final residual = 8.28257e-10, No Iterations 3
Phase-1 volume fraction = 0.423338  Min(alpha.water) = -3.31511e-07  Max(alpha.water) = 1
MULES: Correcting alpha.water
MULES: Correcting alpha.water
Phase-1 volume fraction = 0.423337  Min(alpha.water) = -3.28038e-06  Max(alpha.water) = 1.00001
DICPCG:  Solving for p_rgh, Initial residual = 0.012623, Final residual = 0.00018204, No Iterations 1
time step continuity errors : sum local = 0.00027408, global = 1.72828e-05, cumulative = 0.00216925
DICPCG:  Solving for p_rgh, Initial residual = 0.000199327, Final residual = 9.25919e-06, No Iterations 8
time step continuity errors : sum local = 1.37692e-05, global = 5.66979e-07, cumulative = 0.00216982
DICPCG:  Solving for p_rgh, Initial residual = 3.04393e-05, Final residual = 8.54608e-08, No Iterations 25
time step continuity errors : sum local = 1.27119e-07, global = -2.64567e-08, cumulative = 0.00216979
ExecutionTime = 1.41 s  ClockTime = 3 s

Courant Number mean: 0.123647 max: 0.517019
Interface Courant Number mean: 0.0103256 max: 0.342839
deltaT = 0.00104417
Time = 0.125984

PIMPLE: iteration 1
smoothSolver:  Solving for alpha.water, Initial residual = 0.00321492, Final residual = 6.62302e-10, No Iterations 3
Phase-1 volume fraction = 0.423242  Min(alpha.water) = -2.97613e-07  Max(alpha.water) = 1
MULES: Correcting alpha.water
MULES: Correcting alpha.water
Phase-1 volume fraction = 0.423241  Min(alpha.water) = -3.38576e-06  Max(alpha.water) = 1.00001
DICPCG:  Solving for p_rgh, Initial residual = 0.0106771, Final residual = 0.000204894, No Iterations 1
time step continuity errors : sum local = 0.000279782, global = 1.36216e-06, cumulative = 0.00217116
DICPCG:  Solving for p_rgh, Initial residual = 0.000224541, Final residual = 1.00491e-05, No Iterations 7
time step continuity errors : sum local = 1.35796e-05, global = -3.01691e-07, cumulative = 0.00217086
DICPCG:  Solving for p_rgh, Initial residual = 2.92075e-05, Final residual = 6.66795e-08, No Iterations 35
time step continuity errors : sum local = 9.01292e-08, global = 5.78496e-09, cumulative = 0.00217086
ExecutionTime = 1.42 s  ClockTime = 3 s

Courant Number mean: 0.11929 max: 0.510799
Interface Courant Number mean: 0.010569 max: 0.47064
deltaT = 0.00104417
Time = 0.127028

PIMPLE: iteration 1
smoothSolver:  Solving for alpha.water, Initial residual = 0.0032471, Final residual = 6.89356e-10, No Iterations 3
Phase-1 volume fraction = 0.423149  Min(alpha.water) = -2.673e-07  Max(alpha.water) = 1
MULES: Correcting alpha.water
MULES: Correcting alpha.water
Phase-1 volume fraction = 0.423148  Min(alpha.water) = -3.86763e-06  Max(alpha.water) = 1.00001
DICPCG:  Solving for p_rgh, Initial residual = 0.0119809, Final residual = 0.000200649, No Iterations 1
time step continuity errors : sum local = 0.000282586, global = 6.62778e-06, cumulative = 0.00217749
DICPCG:  Solving for p_rgh, Initial residual = 0.000221453, Final residual = 1.01349e-05, No Iterations 7
time step continuity errors : sum local = 1.41085e-05, global = -2.90798e-08, cumulative = 0.00217746
DICPCG:  Solving for p_rgh, Initial residual = 3.08378e-05, Final residual = 9.64852e-08, No Iterations 34
time step continuity errors : sum local = 1.34339e-07, global = 1.04211e-08, cumulative = 0.00217747
ExecutionTime = 1.43 s  ClockTime = 3 s

Courant Number mean: 0.120166 max: 0.520464
Interface Courant Number mean: 0.0105244 max: 0.480173
deltaT = 0.000998771
Time = 0.128027

PIMPLE: iteration 1
smoothSolver:  Solving for alpha.water, Initial residual = 0.00314173, Final residual = 5.43908e-10, No Iterations 3
Phase-1 volume fraction = 0.423063  Min(alpha.water) = -2.41005e-07  Max(alpha.water) = 1
MULES: Correcting alpha.water
MULES: Correcting alpha.water
Phase-1 volume fraction = 0.423062  Min(alpha.water) = -1.16599e-05  Max(alpha.water) = 1.00001
DICPCG:  Solving for p_rgh, Initial residual = 0.0114296, Final residual = 0.000212037, No Iterations 1
time step continuity errors : sum local = 0.000273483, global = 3.78801e-06, cumulative = 0.00218126
DICPCG:  Solving for p_rgh, Initial residual = 0.000233809, Final residual = 1.02273e-05, No Iterations 7
time step continuity errors : sum local = 1.30559e-05, global = 9.44614e-07, cumulative = 0.0021822
DICPCG:  Solving for p_rgh, Initial residual = 2.86808e-05, Final residual = 8.27797e-08, No Iterations 24
time step continuity errors : sum local = 1.05693e-07, global = -2.04393e-08, cumulative = 0.00218218
ExecutionTime = 1.44 s  ClockTime = 4 s

Courant Number mean: 0.115738 max: 0.501587
Interface Courant Number mean: 0.00938295 max: 0.464918
deltaT = 0.000998771
Time = 0.129026

PIMPLE: iteration 1
smoothSolver:  Solving for alpha.water, Initial residual = 0.00318269, Final residual = 5.56885e-10, No Iterations 3
Phase-1 volume fraction = 0.42298  Min(alpha.water) = -2.17333e-07  Max(alpha.water) = 1
MULES: Correcting alpha.water
MULES: Correcting alpha.water
Phase-1 volume fraction = 0.42298  Min(alpha.water) = -4.365e-06  Max(alpha.water) = 1.00001
DICPCG:  Solving for p_rgh, Initial residual = 0.0108825, Final residual = 0.000175269, No Iterations 1
time step continuity errors : sum local = 0.000225252, global = 4.48986e-06, cumulative = 0.00218667
DICPCG:  Solving for p_rgh, Initial residual = 0.00019752, Final residual = 9.494e-06, No Iterations 9
time step continuity errors : sum local = 1.20775e-05, global = 4.69476e-06, cumulative = 0.00219137
DICPCG:  Solving for p_rgh, Initial residual = 2.5699e-05, Final residual = 8.91893e-08, No Iterations 34
time step continuity errors : sum local = 1.13507e-07, global = 1.23023e-09, cumulative = 0.00219137
ExecutionTime = 1.45 s  ClockTime = 4 s

Courant Number mean: 0.116345 max: 0.504688
Interface Courant Number mean: 0.00971411 max: 0.504688
deltaT = 0.000998771
Time = 0.130025

PIMPLE: iteration 1
smoothSolver:  Solving for alpha.water, Initial residual = 0.00318814, Final residual = 5.67574e-10, No Iterations 3
Phase-1 volume fraction = 0.4229  Min(alpha.water) = -1.96057e-07  Max(alpha.water) = 1
MULES: Correcting alpha.water
MULES: Correcting alpha.water
Phase-1 volume fraction = 0.4229  Min(alpha.water) = -8.9135e-06  Max(alpha.water) = 1.00001
DICPCG:  Solving for p_rgh, Initial residual = 0.0107892, Final residual = 0.000180519, No Iterations 1
time step continuity errors : sum local = 0.000231328, global = 4.92519e-06, cumulative = 0.00219629
DICPCG:  Solving for p_rgh, Initial residual = 0.000199493, Final residual = 9.26418e-06, No Iterations 7
time step continuity errors : sum local = 1.1746e-05, global = 1.19344e-06, cumulative = 0.00219749
DICPCG:  Solving for p_rgh, Initial residual = 2.73774e-05, Final residual = 9.14331e-08, No Iterations 35
time step continuity errors : sum local = 1.15963e-07, global = 1.01105e-08, cumulative = 0.0021975
ExecutionTime = 1.46 s  ClockTime = 4 s

Courant Number mean: 0.116916 max: 0.518348
Interface Courant Number mean: 0.00996518 max: 0.518347
deltaT = 0.00095121
Time = 0.130976

PIMPLE: iteration 1
smoothSolver:  Solving for alpha.water, Initial residual = 0.0030376, Final residual = 4.31059e-10, No Iterations 3
Phase-1 volume fraction = 0.422826  Min(alpha.water) = -1.88116e-07  Max(alpha.water) = 1
MULES: Correcting alpha.water
MULES: Correcting alpha.water
Phase-1 volume fraction = 0.422826  Min(alpha.water) = -4.61585e-06  Max(alpha.water) = 1.00001
DICPCG:  Solving for p_rgh, Initial residual = 0.0118046, Final residual = 0.000160769, No Iterations 1
time step continuity errors : sum local = 0.000191395, global = 4.52811e-06, cumulative = 0.00220202
DICPCG:  Solving for p_rgh, Initial residual = 0.000181524, Final residual = 7.50477e-06, No Iterations 7
time step continuity errors : sum local = 8.83523e-06, global = 5.14646e-07, cumulative = 0.00220254
DICPCG:  Solving for p_rgh, Initial residual = 2.41974e-05, Final residual = 9.75316e-08, No Iterations 32
time step continuity errors : sum local = 1.14855e-07, global = 1.3039e-08, cumulative = 0.00220255
ExecutionTime = 1.47 s  ClockTime = 4 s

Courant Number mean: 0.111889 max: 0.508848
Interface Courant Number mean: 0.00934713 max: 0.50653
deltaT = 0.00095121
Time = 0.131927

PIMPLE: iteration 1
smoothSolver:  Solving for alpha.water, Initial residual = 0.00302969, Final residual = 4.45026e-10, No Iterations 3
Phase-1 volume fraction = 0.422755  Min(alpha.water) = -1.82112e-07  Max(alpha.water) = 1
MULES: Correcting alpha.water
MULES: Correcting alpha.water
Phase-1 volume fraction = 0.422755  Min(alpha.water) = -4.90249e-06  Max(alpha.water) = 1.00001
DICPCG:  Solving for p_rgh, Initial residual = 0.0107609, Final residual = 0.000177872, No Iterations 1
time step continuity errors : sum local = 0.000210097, global = 5.72555e-06, cumulative = 0.00220828
DICPCG:  Solving for p_rgh, Initial residual = 0.000204024, Final residual = 1.00268e-05, No Iterations 6
time step continuity errors : sum local = 1.17231e-05, global = 8.74833e-07, cumulative = 0.00220915
DICPCG:  Solving for p_rgh, Initial residual = 2.61122e-05, Final residual = 8.542e-08, No Iterations 35
time step continuity errors : sum local = 9.99025e-08, global = 8.95768e-09, cumulative = 0.00220916
ExecutionTime = 1.48 s  ClockTime = 4 s

Courant Number mean: 0.112484 max: 0.52901
Interface Courant Number mean: 0.0093236 max: 0.519695
deltaT = 0.00090365
Time = 0.132831

PIMPLE: iteration 1
smoothSolver:  Solving for alpha.water, Initial residual = 0.0028705, Final residual = 3.37047e-10, No Iterations 3
Phase-1 volume fraction = 0.42269  Min(alpha.water) = -1.75364e-07  Max(alpha.water) = 1
MULES: Correcting alpha.water
MULES: Correcting alpha.water
Phase-1 volume fraction = 0.42269  Min(alpha.water) = -4.57587e-06  Max(alpha.water) = 1.00001
DICPCG:  Solving for p_rgh, Initial residual = 0.0103803, Final residual = 0.000178079, No Iterations 1
time step continuity errors : sum local = 0.000194586, global = 4.66045e-06, cumulative = 0.00221382
DICPCG:  Solving for p_rgh, Initial residual = 0.000208678, Final residual = 9.68942e-06, No Iterations 6
time step continuity errors : sum local = 1.04881e-05, global = 1.72779e-06, cumulative = 0.00221555
DICPCG:  Solving for p_rgh, Initial residual = 2.54191e-05, Final residual = 8.15282e-08, No Iterations 35
time step continuity errors : sum local = 8.82805e-08, global = 1.168e-08, cumulative = 0.00221556
ExecutionTime = 1.49 s  ClockTime = 4 s

Courant Number mean: 0.107395 max: 0.517252
Interface Courant Number mean: 0.00950294 max: 0.505076
deltaT = 0.000858467
Time = 0.133689

PIMPLE: iteration 1
smoothSolver:  Solving for alpha.water, Initial residual = 0.00270864, Final residual = 2.55373e-10, No Iterations 3
Phase-1 volume fraction = 0.42263  Min(alpha.water) = -1.68635e-07  Max(alpha.water) = 1
MULES: Correcting alpha.water
MULES: Correcting alpha.water
Phase-1 volume fraction = 0.42263  Min(alpha.water) = -4.19958e-06  Max(alpha.water) = 1.00001
DICPCG:  Solving for p_rgh, Initial residual = 0.00988386, Final residual = 0.000187886, No Iterations 1
time step continuity errors : sum local = 0.000184482, global = 3.41642e-06, cumulative = 0.00221898
DICPCG:  Solving for p_rgh, Initial residual = 0.000219729, Final residual = 1.09594e-05, No Iterations 5
time step continuity errors : sum local = 1.06736e-05, global = -9.39072e-08, cumulative = 0.00221888
DICPCG:  Solving for p_rgh, Initial residual = 2.67434e-05, Final residual = 8.31226e-08, No Iterations 31
time step continuity errors : sum local = 8.09873e-08, global = 1.13892e-08, cumulative = 0.0022189
ExecutionTime = 1.5 s  ClockTime = 4 s

Courant Number mean: 0.102583 max: 0.503574
Interface Courant Number mean: 0.00894583 max: 0.487664
deltaT = 0.000858467
Time = 0.134548

PIMPLE: iteration 1
smoothSolver:  Solving for alpha.water, Initial residual = 0.00272286, Final residual = 2.67651e-10, No Iterations 3
Phase-1 volume fraction = 0.422572  Min(alpha.water) = -1.61551e-07  Max(alpha.water) = 1
MULES: Correcting alpha.water
MULES: Correcting alpha.water
Phase-1 volume fraction = 0.422572  Min(alpha.water) = -4.31707e-06  Max(alpha.water) = 1
DICPCG:  Solving for p_rgh, Initial residual = 0.00966586, Final residual = 0.000212474, No Iterations 1
time step continuity errors : sum local = 0.000208301, global = 3.7464e-06, cumulative = 0.00222264
DICPCG:  Solving for p_rgh, Initial residual = 0.000240461, Final residual = 9.96267e-06, No Iterations 6
time step continuity errors : sum local = 9.70402e-06, global = 1.05029e-07, cumulative = 0.00222275
DICPCG:  Solving for p_rgh, Initial residual = 2.56496e-05, Final residual = 8.80311e-08, No Iterations 31
time step continuity errors : sum local = 8.57872e-08, global = 8.52391e-09, cumulative = 0.00222276
ExecutionTime = 1.51 s  ClockTime = 4 s

Courant Number mean: 0.103212 max: 0.522958
Interface Courant Number mean: 0.00877673 max: 0.490446
deltaT = 0.000813285
Time = 0.135361

PIMPLE: iteration 1
smoothSolver:  Solving for alpha.water, Initial residual = 0.00262391, Final residual = 2.02079e-10, No Iterations 3
Phase-1 volume fraction = 0.422518  Min(alpha.water) = -1.55843e-07  Max(alpha.water) = 1
MULES: Correcting alpha.water
MULES: Correcting alpha.water
Phase-1 volume fraction = 0.422519  Min(alpha.water) = -3.8867e-06  Max(alpha.water) = 1
DICPCG:  Solving for p_rgh, Initial residual = 0.00993279, Final residual = 0.000198239, No Iterations 1
time step continuity errors : sum local = 0.00018043, global = 4.47599e-06, cumulative = 0.00222723
DICPCG:  Solving for p_rgh, Initial residual = 0.000223287, Final residual = 9.52366e-06, No Iterations 6
time step continuity errors : sum local = 8.6044e-06, global = 1.61138e-06, cumulative = 0.00222884
DICPCG:  Solving for p_rgh, Initial residual = 2.47871e-05, Final residual = 7.7477e-08, No Iterations 35
time step continuity errors : sum local = 7.00314e-08, global = 7.76206e-09, cumulative = 0.00222885
ExecutionTime = 1.52 s  ClockTime = 4 s

Courant Number mean: 0.098334 max: 0.516415
Interface Courant Number mean: 0.00789921 max: 0.463917
deltaT = 0.00077048
Time = 0.136131

PIMPLE: iteration 1
smoothSolver:  Solving for alpha.water, Initial residual = 0.00252819, Final residual = 1.51777e-10, No Iterations 3
Phase-1 volume fraction = 0.422469  Min(alpha.water) = -1.50416e-07  Max(alpha.water) = 1
MULES: Correcting alpha.water
MULES: Correcting alpha.water
Phase-1 volume fraction = 0.42247  Min(alpha.water) = -1.34041e-05  Max(alpha.water) = 1
DICPCG:  Solving for p_rgh, Initial residual = 0.00968656, Final residual = 0.000154669, No Iterations 1
time step continuity errors : sum local = 0.000129864, global = 5.67496e-06, cumulative = 0.00223453
DICPCG:  Solving for p_rgh, Initial residual = 0.000178847, Final residual = 8.51963e-06, No Iterations 10
time step continuity errors : sum local = 7.09897e-06, global = 3.01729e-06, cumulative = 0.00223754
DICPCG:  Solving for p_rgh, Initial residual = 2.40894e-05, Final residual = 9.17296e-08, No Iterations 29
time step continuity errors : sum local = 7.64889e-08, global = -1.05269e-08, cumulative = 0.00223753
ExecutionTime = 1.53 s  ClockTime = 4 s

Courant Number mean: 0.0935019 max: 0.506034
Interface Courant Number mean: 0.00727723 max: 0.430994
deltaT = 0.00077048
Time = 0.136902

PIMPLE: iteration 1
smoothSolver:  Solving for alpha.water, Initial residual = 0.00254687, Final residual = 1.60767e-10, No Iterations 3
Phase-1 volume fraction = 0.422422  Min(alpha.water) = -1.44902e-07  Max(alpha.water) = 1
MULES: Correcting alpha.water
MULES: Correcting alpha.water
Phase-1 volume fraction = 0.422422  Min(alpha.water) = -4.79162e-06  Max(alpha.water) = 1
DICPCG:  Solving for p_rgh, Initial residual = 0.00967093, Final residual = 0.000149124, No Iterations 1
time step continuity errors : sum local = 0.000123981, global = 3.16779e-06, cumulative = 0.0022407
DICPCG:  Solving for p_rgh, Initial residual = 0.000179485, Final residual = 7.97536e-06, No Iterations 7
time step continuity errors : sum local = 6.57814e-06, global = 5.28743e-07, cumulative = 0.00224123
DICPCG:  Solving for p_rgh, Initial residual = 2.3845e-05, Final residual = 9.95585e-08, No Iterations 32
time step continuity errors : sum local = 8.21715e-08, global = 1.16789e-08, cumulative = 0.00224124
ExecutionTime = 1.54 s  ClockTime = 4 s

Courant Number mean: 0.0938012 max: 0.519857
Interface Courant Number mean: 0.0075098 max: 0.464838
deltaT = 0.000727676
Time = 0.13763

PIMPLE: iteration 1
smoothSolver:  Solving for alpha.water, Initial residual = 0.0024075, Final residual = 1.17156e-10, No Iterations 3
Phase-1 volume fraction = 0.422378  Min(alpha.water) = -1.39587e-07  Max(alpha.water) = 1
MULES: Correcting alpha.water
MULES: Correcting alpha.water
Phase-1 volume fraction = 0.422378  Min(alpha.water) = -3.00394e-06  Max(alpha.water) = 1
DICPCG:  Solving for p_rgh, Initial residual = 0.00951441, Final residual = 0.000133917, No Iterations 1
time step continuity errors : sum local = 9.98466e-05, global = 2.22338e-06, cumulative = 0.00224346
DICPCG:  Solving for p_rgh, Initial residual = 0.000159864, Final residual = 6.65443e-06, No Iterations 7
time step continuity errors : sum local = 4.92243e-06, global = -9.35946e-08, cumulative = 0.00224337
DICPCG:  Solving for p_rgh, Initial residual = 2.22323e-05, Final residual = 9.55016e-08, No Iterations 33
time step continuity errors : sum local = 7.06868e-08, global = 7.69767e-09, cumulative = 0.00224338
ExecutionTime = 1.55 s  ClockTime = 4 s

Courant Number mean: 0.0888525 max: 0.498535
Interface Courant Number mean: 0.0071842 max: 0.434177
deltaT = 0.000727676
Time = 0.138357

PIMPLE: iteration 1
smoothSolver:  Solving for alpha.water, Initial residual = 0.00240438, Final residual = 1.23434e-10, No Iterations 3
Phase-1 volume fraction = 0.422335  Min(alpha.water) = -1.34206e-07  Max(alpha.water) = 1
MULES: Correcting alpha.water
MULES: Correcting alpha.water
Phase-1 volume fraction = 0.422335  Min(alpha.water) = -2.96796e-06  Max(alpha.water) = 1
DICPCG:  Solving for p_rgh, Initial residual = 0.00958972, Final residual = 0.000150088, No Iterations 1
time step continuity errors : sum local = 0.000111449, global = 2.46274e-06, cumulative = 0.00224584
DICPCG:  Solving for p_rgh, Initial residual = 0.000181814, Final residual = 8.922e-06, No Iterations 6
time step continuity errors : sum local = 6.57389e-06, global = -1.84678e-07, cumulative = 0.00224566
DICPCG:  Solving for p_rgh, Initial residual = 2.52808e-05, Final residual = 8.39244e-08, No Iterations 33
time step continuity errors : sum local = 6.18673e-08, global = 3.11061e-09, cumulative = 0.00224566
ExecutionTime = 1.56 s  ClockTime = 4 s

Courant Number mean: 0.0891389 max: 0.50117
Interface Courant Number mean: 0.00725861 max: 0.430041
deltaT = 0.000727676
Time = 0.139085

PIMPLE: iteration 1
smoothSolver:  Solving for alpha.water, Initial residual = 0.00240471, Final residual = 1.35188e-10, No Iterations 3
Phase-1 volume fraction = 0.422293  Min(alpha.water) = -1.28809e-07  Max(alpha.water) = 1
MULES: Correcting alpha.water
MULES: Correcting alpha.water
Phase-1 volume fraction = 0.422293  Min(alpha.water) = -1.7535e-05  Max(alpha.water) = 1
DICPCG:  Solving for p_rgh, Initial residual = 0.00949608, Final residual = 0.000157644, No Iterations 1
time step continuity errors : sum local = 0.000116768, global = 3.00837e-06, cumulative = 0.00224867
DICPCG:  Solving for p_rgh, Initial residual = 0.000188525, Final residual = 8.91343e-06, No Iterations 6
time step continuity errors : sum local = 6.55037e-06, global = 2.82073e-07, cumulative = 0.00224895
DICPCG:  Solving for p_rgh, Initial residual = 2.53466e-05, Final residual = 9.36415e-08, No Iterations 34
time step continuity errors : sum local = 6.88615e-08, global = 4.41247e-09, cumulative = 0.00224895
ExecutionTime = 1.57 s  ClockTime = 4 s

Courant Number mean: 0.089443 max: 0.499765
Interface Courant Number mean: 0.00734544 max: 0.421381
deltaT = 0.000727676
Time = 0.139813

PIMPLE: iteration 1
smoothSolver:  Solving for alpha.water, Initial residual = 0.00241486, Final residual = 1.45695e-10, No Iterations 3
Phase-1 volume fraction = 0.422252  Min(alpha.water) = -1.23449e-07  Max(alpha.water) = 1
MULES: Correcting alpha.water
MULES: Correcting alpha.water
Phase-1 volume fraction = 0.422252  Min(alpha.water) = -2.86899e-06  Max(alpha.water) = 1
DICPCG:  Solving for p_rgh, Initial residual = 0.0102707, Final residual = 0.000156508, No Iterations 1
time step continuity errors : sum local = 0.000116353, global = 3.36659e-06, cumulative = 0.00225232
DICPCG:  Solving for p_rgh, Initial residual = 0.000187215, Final residual = 8.85989e-06, No Iterations 7
time step continuity errors : sum local = 6.53094e-06, global = 1.31393e-06, cumulative = 0.00225363
DICPCG:  Solving for p_rgh, Initial residual = 2.65002e-05, Final residual = 8.18467e-08, No Iterations 35
time step continuity errors : sum local = 6.03797e-08, global = 4.84219e-09, cumulative = 0.00225364
ExecutionTime = 1.59 s  ClockTime = 4 s

Courant Number mean: 0.089718 max: 0.506712
Interface Courant Number mean: 0.00751547 max: 0.411375
deltaT = 0.000727676
Time = 0.14054

PIMPLE: iteration 1
smoothSolver:  Solving for alpha.water, Initial residual = 0.00242079, Final residual = 1.54078e-10, No Iterations 3
Phase-1 volume fraction = 0.422211  Min(alpha.water) = -1.18222e-07  Max(alpha.water) = 1
MULES: Correcting alpha.water
MULES: Correcting alpha.water
Phase-1 volume fraction = 0.422212  Min(alpha.water) = -2.79333e-06  Max(alpha.water) = 1
DICPCG:  Solving for p_rgh, Initial residual = 0.00981532, Final residual = 0.000169069, No Iterations 1
time step continuity errors : sum local = 0.000122979, global = 3.67335e-06, cumulative = 0.00225731
DICPCG:  Solving for p_rgh, Initial residual = 0.000204596, Final residual = 9.55004e-06, No Iterations 6
time step continuity errors : sum local = 6.89245e-06, global = 2.82356e-07, cumulative = 0.0022576
DICPCG:  Solving for p_rgh, Initial residual = 2.71189e-05, Final residual = 9.28243e-08, No Iterations 34
time step continuity errors : sum local = 6.70631e-08, global = 4.33504e-09, cumulative = 0.0022576
ExecutionTime = 1.6 s  ClockTime = 4 s

Courant Number mean: 0.0900192 max: 0.515553
Interface Courant Number mean: 0.00753893 max: 0.39943
deltaT = 0.000727676
Time = 0.141268

PIMPLE: iteration 1
smoothSolver:  Solving for alpha.water, Initial residual = 0.00243185, Final residual = 1.57426e-10, No Iterations 3
Phase-1 volume fraction = 0.422171  Min(alpha.water) = -1.13171e-07  Max(alpha.water) = 1
MULES: Correcting alpha.water
MULES: Correcting alpha.water
Phase-1 volume fraction = 0.422172  Min(alpha.water) = -2.70438e-06  Max(alpha.water) = 1
DICPCG:  Solving for p_rgh, Initial residual = 0.00957057, Final residual = 0.00018908, No Iterations 1
time step continuity errors : sum local = 0.000135836, global = 4.55955e-06, cumulative = 0.00226216
DICPCG:  Solving for p_rgh, Initial residual = 0.000228439, Final residual = 1.07182e-05, No Iterations 6
time step continuity errors : sum local = 7.64909e-06, global = 6.75776e-08, cumulative = 0.00226223
DICPCG:  Solving for p_rgh, Initial residual = 3.08704e-05, Final residual = 7.67916e-08, No Iterations 34
time step continuity errors : sum local = 5.48622e-08, global = 3.37704e-09, cumulative = 0.00226223
ExecutionTime = 1.61 s  ClockTime = 4 s

Courant Number mean: 0.0903484 max: 0.520862
Interface Courant Number mean: 0.00776182 max: 0.421149
deltaT = 0.000671701
Time = 0.14194

PIMPLE: iteration 1
smoothSolver:  Solving for alpha.water, Initial residual = 0.00228234, Final residual = 9.45222e-11, No Iterations 3
Phase-1 volume fraction = 0.422135  Min(alpha.water) = -1.08657e-07  Max(alpha.water) = 1
MULES: Correcting alpha.water
MULES: Correcting alpha.water
Phase-1 volume fraction = 0.422136  Min(alpha.water) = -2.14303e-06  Max(alpha.water) = 1
DICPCG:  Solving for p_rgh, Initial residual = 0.00889932, Final residual = 0.000187464, No Iterations 1
time step continuity errors : sum local = 0.000115098, global = 4.66782e-06, cumulative = 0.0022669
DICPCG:  Solving for p_rgh, Initial residual = 0.00022285, Final residual = 1.09794e-05, No Iterations 6
time step continuity errors : sum local = 6.70122e-06, global = 3.89003e-08, cumulative = 0.00226694
DICPCG:  Solving for p_rgh, Initial residual = 2.80929e-05, Final residual = 8.26703e-08, No Iterations 34
time step continuity errors : sum local = 5.05e-08, global = 3.04632e-09, cumulative = 0.00226694
ExecutionTime = 1.62 s  ClockTime = 4 s

Courant Number mean: 0.0836932 max: 0.481776
Interface Courant Number mean: 0.00701322 max: 0.381708
deltaT = 0.000671701
Time = 0.142611

PIMPLE: iteration 1
smoothSolver:  Solving for alpha.water, Initial residual = 0.00231494, Final residual = 1.03581e-10, No Iterations 3
Phase-1 volume fraction = 0.4221  Min(alpha.water) = -1.04284e-07  Max(alpha.water) = 1
MULES: Correcting alpha.water
MULES: Correcting alpha.water
Phase-1 volume fraction = 0.4221  Min(alpha.water) = -1.46085e-05  Max(alpha.water) = 1
DICPCG:  Solving for p_rgh, Initial residual = 0.00871897, Final residual = 0.000195774, No Iterations 1
time step continuity errors : sum local = 0.000121803, global = 4.27312e-06, cumulative = 0.00227121
DICPCG:  Solving for p_rgh, Initial residual = 0.000223896, Final residual = 1.05695e-05, No Iterations 8
time step continuity errors : sum local = 6.53575e-06, global = 3.21601e-07, cumulative = 0.00227153
DICPCG:  Solving for p_rgh, Initial residual = 3.08174e-05, Final residual = 9.43547e-08, No Iterations 32
time step continuity errors : sum local = 5.83978e-08, global = 3.25358e-10, cumulative = 0.00227154
ExecutionTime = 1.63 s  ClockTime = 4 s

Courant Number mean: 0.083983 max: 0.477041
Interface Courant Number mean: 0.00694454 max: 0.373653
deltaT = 0.000738871
Time = 0.14335

PIMPLE: iteration 1
smoothSolver:  Solving for alpha.water, Initial residual = 0.00258772, Final residual = 2.17405e-10, No Iterations 3
Phase-1 volume fraction = 0.422062  Min(alpha.water) = -9.95543e-08  Max(alpha.water) = 1
MULES: Correcting alpha.water
MULES: Correcting alpha.water
Phase-1 volume fraction = 0.422062  Min(alpha.water) = -1.02623e-05  Max(alpha.water) = 1
DICPCG:  Solving for p_rgh, Initial residual = 0.00940178, Final residual = 0.00020133, No Iterations 1
time step continuity errors : sum local = 0.000150013, global = 1.69805e-05, cumulative = 0.00228852
DICPCG:  Solving for p_rgh, Initial residual = 0.000241621, Final residual = 1.14052e-05, No Iterations 10
time step continuity errors : sum local = 8.44146e-06, global = 2.66823e-06, cumulative = 0.00229118
DICPCG:  Solving for p_rgh, Initial residual = 3.2903e-05, Final residual = 9.62907e-08, No Iterations 34
time step continuity errors : sum local = 7.13225e-08, global = 1.09365e-08, cumulative = 0.00229119
ExecutionTime = 1.64 s  ClockTime = 4 s

Courant Number mean: 0.0925804 max: 0.514712
Interface Courant Number mean: 0.00757 max: 0.398059
deltaT = 0.000738871
Time = 0.144089

PIMPLE: iteration 1
smoothSolver:  Solving for alpha.water, Initial residual = 0.00258325, Final residual = 2.32609e-10, No Iterations 3
Phase-1 volume fraction = 0.422024  Min(alpha.water) = -3.17208e-07  Max(alpha.water) = 1
MULES: Correcting alpha.water
MULES: Correcting alpha.water
Phase-1 volume fraction = 0.422025  Min(alpha.water) = -6.30827e-06  Max(alpha.water) = 1
DICPCG:  Solving for p_rgh, Initial residual = 0.00963258, Final residual = 0.000197889, No Iterations 1
time step continuity errors : sum local = 0.000152105, global = -1.88877e-05, cumulative = 0.00227231
DICPCG:  Solving for p_rgh, Initial residual = 0.000228739, Final residual = 8.47899e-06, No Iterations 8
time step continuity errors : sum local = 6.46891e-06, global = -5.12698e-07, cumulative = 0.00227179
DICPCG:  Solving for p_rgh, Initial residual = 3.20648e-05, Final residual = 9.12993e-08, No Iterations 32
time step continuity errors : sum local = 6.97189e-08, global = -7.12544e-09, cumulative = 0.00227179
ExecutionTime = 1.66 s  ClockTime = 4 s

Courant Number mean: 0.092773 max: 0.520692
Interface Courant Number mean: 0.00743018 max: 0.400431
deltaT = 0.000738871
Time = 0.144828

PIMPLE: iteration 1
smoothSolver:  Solving for alpha.water, Initial residual = 0.00260547, Final residual = 2.44271e-10, No Iterations 3
Phase-1 volume fraction = 0.421987  Min(alpha.water) = -9.05851e-08  Max(alpha.water) = 1
MULES: Correcting alpha.water
MULES: Correcting alpha.water
Phase-1 volume fraction = 0.421988  Min(alpha.water) = -5.37207e-06  Max(alpha.water) = 1
DICPCG:  Solving for p_rgh, Initial residual = 0.00901254, Final residual = 0.00017681, No Iterations 1
time step continuity errors : sum local = 0.000134598, global = 1.81485e-05, cumulative = 0.00228994
DICPCG:  Solving for p_rgh, Initial residual = 0.000213314, Final residual = 9.30429e-06, No Iterations 8
time step continuity errors : sum local = 7.03012e-06, global = 1.86206e-06, cumulative = 0.0022918
DICPCG:  Solving for p_rgh, Initial residual = 3.16724e-05, Final residual = 8.7324e-08, No Iterations 35
time step continuity errors : sum local = 6.60582e-08, global = 2.65209e-09, cumulative = 0.0022918
ExecutionTime = 1.67 s  ClockTime = 4 s

Courant Number mean: 0.0929184 max: 0.524331
Interface Courant Number mean: 0.00746914 max: 0.389305
deltaT = 0.000738871
Time = 0.145567

PIMPLE: iteration 1
smoothSolver:  Solving for alpha.water, Initial residual = 0.00257264, Final residual = 2.5296e-10, No Iterations 3
Phase-1 volume fraction = 0.421951  Min(alpha.water) = -4.05599e-07  Max(alpha.water) = 1
MULES: Correcting alpha.water
MULES: Correcting alpha.water
Phase-1 volume fraction = 0.421951  Min(alpha.water) = -4.55871e-06  Max(alpha.water) = 1
DICPCG:  Solving for p_rgh, Initial residual = 0.0102798, Final residual = 0.000193757, No Iterations 1
time step continuity errors : sum local = 0.000151895, global = -1.83245e-05, cumulative = 0.00227348
DICPCG:  Solving for p_rgh, Initial residual = 0.00023433, Final residual = 9.84689e-06, No Iterations 7
time step continuity errors : sum local = 7.65465e-06, global = -1.29669e-06, cumulative = 0.00227218
DICPCG:  Solving for p_rgh, Initial residual = 3.1162e-05, Final residual = 7.48215e-08, No Iterations 33
time step continuity errors : sum local = 5.82253e-08, global = -5.29698e-09, cumulative = 0.00227217
ExecutionTime = 1.68 s  ClockTime = 4 s

Courant Number mean: 0.0931424 max: 0.523468
Interface Courant Number mean: 0.00770345 max: 0.380026
deltaT = 0.000738871
Time = 0.146306

PIMPLE: iteration 1
smoothSolver:  Solving for alpha.water, Initial residual = 0.00257341, Final residual = 2.62019e-10, No Iterations 3
Phase-1 volume fraction = 0.421915  Min(alpha.water) = -8.21928e-08  Max(alpha.water) = 1
MULES: Correcting alpha.water
MULES: Correcting alpha.water
Phase-1 volume fraction = 0.421916  Min(alpha.water) = -3.80425e-06  Max(alpha.water) = 1
DICPCG:  Solving for p_rgh, Initial residual = 0.0094377, Final residual = 0.000194788, No Iterations 1
time step continuity errors : sum local = 0.000146662, global = 1.57622e-05, cumulative = 0.00228794
DICPCG:  Solving for p_rgh, Initial residual = 0.000228632, Final residual = 1.00314e-05, No Iterations 9
time step continuity errors : sum local = 7.49968e-06, global = 6.25134e-07, cumulative = 0.00228856
DICPCG:  Solving for p_rgh, Initial residual = 3.55613e-05, Final residual = 9.00478e-08, No Iterations 32
time step continuity errors : sum local = 6.74047e-08, global = -1.6679e-10, cumulative = 0.00228856
ExecutionTime = 1.69 s  ClockTime = 4 s

Courant Number mean: 0.0933005 max: 0.516213
Interface Courant Number mean: 0.00754417 max: 0.373074
deltaT = 0.000738871
Time = 0.147045

PIMPLE: iteration 1
smoothSolver:  Solving for alpha.water, Initial residual = 0.00255287, Final residual = 2.83737e-10, No Iterations 3
Phase-1 volume fraction = 0.42188  Min(alpha.water) = -1.54687e-07  Max(alpha.water) = 1
MULES: Correcting alpha.water
MULES: Correcting alpha.water
Phase-1 volume fraction = 0.421881  Min(alpha.water) = -3.82034e-06  Max(alpha.water) = 1
DICPCG:  Solving for p_rgh, Initial residual = 0.0100393, Final residual = 0.000213879, No Iterations 1
time step continuity errors : sum local = 0.0001652, global = -1.39491e-05, cumulative = 0.00227461
DICPCG:  Solving for p_rgh, Initial residual = 0.000243935, Final residual = 1.21474e-05, No Iterations 8
time step continuity errors : sum local = 9.30716e-06, global = -9.5301e-07, cumulative = 0.00227366
DICPCG:  Solving for p_rgh, Initial residual = 3.96042e-05, Final residual = 8.87539e-08, No Iterations 34
time step continuity errors : sum local = 6.8091e-08, global = 9.00631e-09, cumulative = 0.00227367
ExecutionTime = 1.7 s  ClockTime = 4 s

Courant Number mean: 0.0934976 max: 0.505852
Interface Courant Number mean: 0.00784471 max: 0.365187
deltaT = 0.000738871
Time = 0.147783

PIMPLE: iteration 1
smoothSolver:  Solving for alpha.water, Initial residual = 0.00255889, Final residual = 3.257e-10, No Iterations 3
Phase-1 volume fraction = 0.421846  Min(alpha.water) = -7.44118e-08  Max(alpha.water) = 1
MULES: Correcting alpha.water
MULES: Correcting alpha.water
Phase-1 volume fraction = 0.421847  Min(alpha.water) = -3.08723e-06  Max(alpha.water) = 1
DICPCG:  Solving for p_rgh, Initial residual = 0.00956966, Final residual = 0.000187631, No Iterations 1
time step continuity errors : sum local = 0.000141281, global = 1.40062e-05, cumulative = 0.00228767
DICPCG:  Solving for p_rgh, Initial residual = 0.000225413, Final residual = 1.00508e-05, No Iterations 9
time step continuity errors : sum local = 7.51097e-06, global = 1.74951e-06, cumulative = 0.00228942
DICPCG:  Solving for p_rgh, Initial residual = 3.44705e-05, Final residual = 8.50826e-08, No Iterations 28
time step continuity errors : sum local = 6.36643e-08, global = -5.20887e-09, cumulative = 0.00228942
ExecutionTime = 1.71 s  ClockTime = 4 s

Courant Number mean: 0.0936372 max: 0.499591
Interface Courant Number mean: 0.00796388 max: 0.359115
deltaT = 0.000738871
Time = 0.148522

PIMPLE: iteration 1
smoothSolver:  Solving for alpha.water, Initial residual = 0.0025519, Final residual = 3.79997e-10, No Iterations 3
Phase-1 volume fraction = 0.421813  Min(alpha.water) = -7.06637e-08  Max(alpha.water) = 1
MULES: Correcting alpha.water
MULES: Correcting alpha.water
Phase-1 volume fraction = 0.421814  Min(alpha.water) = -2.93391e-06  Max(alpha.water) = 1
DICPCG:  Solving for p_rgh, Initial residual = 0.0106569, Final residual = 0.000200779, No Iterations 1
time step continuity errors : sum local = 0.0001542, global = -1.04232e-05, cumulative = 0.002279
DICPCG:  Solving for p_rgh, Initial residual = 0.00024548, Final residual = 1.11386e-05, No Iterations 6
time step continuity errors : sum local = 8.48296e-06, global = -1.35478e-06, cumulative = 0.00227764
DICPCG:  Solving for p_rgh, Initial residual = 3.39759e-05, Final residual = 9.23589e-08, No Iterations 33
time step continuity errors : sum local = 7.04299e-08, global = -7.68517e-09, cumulative = 0.00227763
ExecutionTime = 1.72 s  ClockTime = 4 s

Courant Number mean: 0.0938846 max: 0.502173
Interface Courant Number mean: 0.00797384 max: 0.352941
deltaT = 0.000738871
Time = 0.149261

PIMPLE: iteration 1
smoothSolver:  Solving for alpha.water, Initial residual = 0.00256784, Final residual = 4.23347e-10, No Iterations 3
Phase-1 volume fraction = 0.421781  Min(alpha.water) = -6.72324e-08  Max(alpha.water) = 1
MULES: Correcting alpha.water
MULES: Correcting alpha.water
Phase-1 volume fraction = 0.421782  Min(alpha.water) = -2.80828e-06  Max(alpha.water) = 1
DICPCG:  Solving for p_rgh, Initial residual = 0.00988434, Final residual = 0.000196437, No Iterations 1
time step continuity errors : sum local = 0.000147643, global = 1.27361e-05, cumulative = 0.00229037
DICPCG:  Solving for p_rgh, Initial residual = 0.000236856, Final residual = 1.10953e-05, No Iterations 7
time step continuity errors : sum local = 8.27719e-06, global = 1.337e-06, cumulative = 0.00229171
DICPCG:  Solving for p_rgh, Initial residual = 3.57808e-05, Final residual = 9.02413e-08, No Iterations 35
time step continuity errors : sum local = 6.74108e-08, global = 3.13449e-09, cumulative = 0.00229171
ExecutionTime = 1.73 s  ClockTime = 4 s

Courant Number mean: 0.0941963 max: 0.504358
Interface Courant Number mean: 0.00831106 max: 0.346811
deltaT = 0.000738871
Time = 0.15

PIMPLE: iteration 1
smoothSolver:  Solving for alpha.water, Initial residual = 0.00257542, Final residual = 4.4227e-10, No Iterations 3
Phase-1 volume fraction = 0.421749  Min(alpha.water) = -6.39008e-08  Max(alpha.water) = 1
MULES: Correcting alpha.water
MULES: Correcting alpha.water
Phase-1 volume fraction = 0.42175  Min(alpha.water) = -3.26727e-06  Max(alpha.water) = 1
DICPCG:  Solving for p_rgh, Initial residual = 0.0103512, Final residual = 0.000218411, No Iterations 1
time step continuity errors : sum local = 0.000166044, global = -7.81058e-06, cumulative = 0.0022839
DICPCG:  Solving for p_rgh, Initial residual = 0.000267759, Final residual = 1.28047e-05, No Iterations 6
time step continuity errors : sum local = 9.65909e-06, global = -1.35771e-06, cumulative = 0.00228254
DICPCG:  Solving for p_rgh, Initial residual = 3.79332e-05, Final residual = 9.4268e-08, No Iterations 34
time step continuity errors : sum local = 7.1217e-08, global = 1.50029e-09, cumulative = 0.00228254
ExecutionTime = 1.76 s  ClockTime = 4 s

Courant Number mean: 0.0945646 max: 0.511285
Interface Courant Number mean: 0.00825953 max: 0.346621
deltaT = 0.000724638
Time = 0.150725

PIMPLE: iteration 1
smoothSolver:  Solving for alpha.water, Initial residual = 0.00255456, Final residual = 4.45049e-10, No Iterations 3
Phase-1 volume fraction = 0.421719  Min(alpha.water) = -6.08454e-08  Max(alpha.water) = 1
MULES: Correcting alpha.water
MULES: Correcting alpha.water
Phase-1 volume fraction = 0.421719  Min(alpha.water) = -3.8021e-06  Max(alpha.water) = 1
DICPCG:  Solving for p_rgh, Initial residual = 0.00957599, Final residual = 0.000205224, No Iterations 1
time step continuity errors : sum local = 0.00014867, global = 1.09825e-05, cumulative = 0.00229352
DICPCG:  Solving for p_rgh, Initial residual = 0.000238554, Final residual = 1.12592e-05, No Iterations 10
time step continuity errors : sum local = 8.09701e-06, global = 1.08465e-06, cumulative = 0.00229461
DICPCG:  Solving for p_rgh, Initial residual = 3.81336e-05, Final residual = 9.43195e-08, No Iterations 29
time step continuity errors : sum local = 6.79343e-08, global = -1.0678e-09, cumulative = 0.00229461
ExecutionTime = 1.77 s  ClockTime = 4 s

Courant Number mean: 0.0930314 max: 0.505357
Interface Courant Number mean: 0.0083829 max: 0.492257
deltaT = 0.000714136
Time = 0.151439

PIMPLE: iteration 1
smoothSolver:  Solving for alpha.water, Initial residual = 0.00252611, Final residual = 4.77821e-10, No Iterations 3
Phase-1 volume fraction = 0.421689  Min(alpha.water) = -5.79541e-08  Max(alpha.water) = 1
MULES: Correcting alpha.water
MULES: Correcting alpha.water
Phase-1 volume fraction = 0.42169  Min(alpha.water) = -2.60647e-06  Max(alpha.water) = 1
DICPCG:  Solving for p_rgh, Initial residual = 0.00969858, Final residual = 0.000199165, No Iterations 1
time step continuity errors : sum local = 0.000140975, global = -4.93346e-06, cumulative = 0.00228968
DICPCG:  Solving for p_rgh, Initial residual = 0.000238205, Final residual = 9.81094e-06, No Iterations 8
time step continuity errors : sum local = 6.89435e-06, global = 9.15853e-07, cumulative = 0.00229059
DICPCG:  Solving for p_rgh, Initial residual = 3.32539e-05, Final residual = 9.12053e-08, No Iterations 27
time step continuity errors : sum local = 6.41805e-08, global = 3.54943e-09, cumulative = 0.00229059
ExecutionTime = 1.78 s  ClockTime = 4 s

Courant Number mean: 0.0918768 max: 0.496967
Interface Courant Number mean: 0.00812977 max: 0.477996
deltaT = 0.000714136
Time = 0.152153

PIMPLE: iteration 1
smoothSolver:  Solving for alpha.water, Initial residual = 0.00252388, Final residual = 5.57915e-10, No Iterations 3
Phase-1 volume fraction = 0.421661  Min(alpha.water) = -5.60999e-08  Max(alpha.water) = 1
MULES: Correcting alpha.water
MULES: Correcting alpha.water
Phase-1 volume fraction = 0.421662  Min(alpha.water) = -2.69844e-06  Max(alpha.water) = 1
DICPCG:  Solving for p_rgh, Initial residual = 0.0091137, Final residual = 0.000182501, No Iterations 1
time step continuity errors : sum local = 0.000127668, global = 8.77631e-06, cumulative = 0.00229937
DICPCG:  Solving for p_rgh, Initial residual = 0.000225027, Final residual = 9.71239e-06, No Iterations 8
time step continuity errors : sum local = 6.74856e-06, global = 1.14672e-06, cumulative = 0.00230052
DICPCG:  Solving for p_rgh, Initial residual = 3.34806e-05, Final residual = 9.82479e-08, No Iterations 26
time step continuity errors : sum local = 6.83553e-08, global = -1.05778e-08, cumulative = 0.00230051
ExecutionTime = 1.79 s  ClockTime = 4 s

Courant Number mean: 0.0921105 max: 0.493934
Interface Courant Number mean: 0.0081675 max: 0.473071
deltaT = 0.000724956
Time = 0.152878

PIMPLE: iteration 1
smoothSolver:  Solving for alpha.water, Initial residual = 0.00256901, Final residual = 6.28392e-10, No Iterations 3
Phase-1 volume fraction = 0.421632  Min(alpha.water) = -5.46891e-08  Max(alpha.water) = 1
MULES: Correcting alpha.water
MULES: Correcting alpha.water
Phase-1 volume fraction = 0.421633  Min(alpha.water) = -2.89652e-06  Max(alpha.water) = 1
DICPCG:  Solving for p_rgh, Initial residual = 0.00929948, Final residual = 0.000179885, No Iterations 1
time step continuity errors : sum local = 0.000130498, global = -4.20538e-06, cumulative = 0.0022963
DICPCG:  Solving for p_rgh, Initial residual = 0.00021948, Final residual = 8.2171e-06, No Iterations 7
time step continuity errors : sum local = 5.9163e-06, global = -4.64127e-07, cumulative = 0.00229584
DICPCG:  Solving for p_rgh, Initial residual = 3.07529e-05, Final residual = 9.93494e-08, No Iterations 28
time step continuity errors : sum local = 7.16093e-08, global = -1.00732e-08, cumulative = 0.00229583
ExecutionTime = 1.8 s  ClockTime = 4 s

Courant Number mean: 0.0938265 max: 0.502052
Interface Courant Number mean: 0.00848155 max: 0.48229
deltaT = 0.000724956
Time = 0.153603

PIMPLE: iteration 1
smoothSolver:  Solving for alpha.water, Initial residual = 0.00258211, Final residual = 6.42558e-10, No Iterations 3
Phase-1 volume fraction = 0.421605  Min(alpha.water) = -5.32806e-08  Max(alpha.water) = 1
MULES: Correcting alpha.water
MULES: Correcting alpha.water
Phase-1 volume fraction = 0.421606  Min(alpha.water) = -2.89664e-06  Max(alpha.water) = 1
DICPCG:  Solving for p_rgh, Initial residual = 0.0096371, Final residual = 0.000159811, No Iterations 1
time step continuity errors : sum local = 0.000117919, global = 6.06905e-06, cumulative = 0.0023019
DICPCG:  Solving for p_rgh, Initial residual = 0.000196472, Final residual = 8.32453e-06, No Iterations 8
time step continuity errors : sum local = 6.09767e-06, global = 1.16779e-06, cumulative = 0.00230306
DICPCG:  Solving for p_rgh, Initial residual = 3.25386e-05, Final residual = 9.87122e-08, No Iterations 33
time step continuity errors : sum local = 7.23779e-08, global = 9.01583e-09, cumulative = 0.00230307
ExecutionTime = 1.82 s  ClockTime = 4 s

Courant Number mean: 0.0941004 max: 0.510208
Interface Courant Number mean: 0.00891567 max: 0.48466
deltaT = 0.000713803
Time = 0.154317

PIMPLE: iteration 1
smoothSolver:  Solving for alpha.water, Initial residual = 0.00253067, Final residual = 6.45537e-10, No Iterations 3
Phase-1 volume fraction = 0.421578  Min(alpha.water) = -5.18747e-08  Max(alpha.water) = 1
MULES: Correcting alpha.water
MULES: Correcting alpha.water
Phase-1 volume fraction = 0.421579  Min(alpha.water) = -2.6618e-06  Max(alpha.water) = 1
DICPCG:  Solving for p_rgh, Initial residual = 0.00964027, Final residual = 0.000178967, No Iterations 1
time step continuity errors : sum local = 0.000127579, global = -1.34125e-06, cumulative = 0.00230173
DICPCG:  Solving for p_rgh, Initial residual = 0.000215765, Final residual = 8.49541e-06, No Iterations 7
time step continuity errors : sum local = 6.01454e-06, global = -3.78596e-07, cumulative = 0.00230135
DICPCG:  Solving for p_rgh, Initial residual = 3.04351e-05, Final residual = 8.55851e-08, No Iterations 32
time step continuity errors : sum local = 6.06697e-08, global = -9.10566e-09, cumulative = 0.00230134
ExecutionTime = 1.83 s  ClockTime = 4 s

Courant Number mean: 0.0929222 max: 0.50789
Interface Courant Number mean: 0.00890524 max: 0.476759
deltaT = 0.000702821
Time = 0.155019

PIMPLE: iteration 1
smoothSolver:  Solving for alpha.water, Initial residual = 0.00248046, Final residual = 6.58715e-10, No Iterations 3
Phase-1 volume fraction = 0.421553  Min(alpha.water) = -5.05025e-08  Max(alpha.water) = 1
MULES: Correcting alpha.water
MULES: Correcting alpha.water
Phase-1 volume fraction = 0.421554  Min(alpha.water) = -3.52664e-06  Max(alpha.water) = 1
DICPCG:  Solving for p_rgh, Initial residual = 0.00890785, Final residual = 0.000172671, No Iterations 1
time step continuity errors : sum local = 0.000118692, global = 3.21674e-06, cumulative = 0.00230456
DICPCG:  Solving for p_rgh, Initial residual = 0.00019809, Final residual = 8.81925e-06, No Iterations 7
time step continuity errors : sum local = 6.02176e-06, global = 7.51692e-07, cumulative = 0.00230531
DICPCG:  Solving for p_rgh, Initial residual = 3.07165e-05, Final residual = 9.33822e-08, No Iterations 31
time step continuity errors : sum local = 6.38438e-08, global = -4.39096e-09, cumulative = 0.00230531
ExecutionTime = 1.84 s  ClockTime = 4 s

Courant Number mean: 0.0917505 max: 0.499057
Interface Courant Number mean: 0.00852053 max: 0.468397
deltaT = 0.000702821
Time = 0.155722

PIMPLE: iteration 1
smoothSolver:  Solving for alpha.water, Initial residual = 0.00246459, Final residual = 6.33734e-10, No Iterations 3
Phase-1 volume fraction = 0.421528  Min(alpha.water) = -4.90746e-08  Max(alpha.water) = 1
MULES: Correcting alpha.water
MULES: Correcting alpha.water
Phase-1 volume fraction = 0.421529  Min(alpha.water) = -2.36857e-06  Max(alpha.water) = 1
DICPCG:  Solving for p_rgh, Initial residual = 0.00955006, Final residual = 0.000153634, No Iterations 1
time step continuity errors : sum local = 0.000108049, global = 9.42118e-07, cumulative = 0.00230625
DICPCG:  Solving for p_rgh, Initial residual = 0.000189852, Final residual = 8.11337e-06, No Iterations 8
time step continuity errors : sum local = 5.66344e-06, global = 4.01416e-07, cumulative = 0.00230665
DICPCG:  Solving for p_rgh, Initial residual = 3.1344e-05, Final residual = 7.30819e-08, No Iterations 29
time step continuity errors : sum local = 5.1083e-08, global = -3.44651e-09, cumulative = 0.00230665
ExecutionTime = 1.86 s  ClockTime = 4 s

Courant Number mean: 0.0920015 max: 0.495634
Interface Courant Number mean: 0.00873797 max: 0.463688
deltaT = 0.000714157
Time = 0.156436

PIMPLE: iteration 1
smoothSolver:  Solving for alpha.water, Initial residual = 0.00248215, Final residual = 7.15761e-10, No Iterations 3
Phase-1 volume fraction = 0.421503  Min(alpha.water) = -4.7551e-08  Max(alpha.water) = 1
MULES: Correcting alpha.water
MULES: Correcting alpha.water
Phase-1 volume fraction = 0.421504  Min(alpha.water) = -2.33632e-06  Max(alpha.water) = 1
DICPCG:  Solving for p_rgh, Initial residual = 0.00933195, Final residual = 0.000150134, No Iterations 1
time step continuity errors : sum local = 0.000106843, global = 1.85437e-06, cumulative = 0.0023085
DICPCG:  Solving for p_rgh, Initial residual = 0.000183587, Final residual = 8.95049e-06, No Iterations 10
time step continuity errors : sum local = 6.32396e-06, global = 3.55192e-07, cumulative = 0.00230886
DICPCG:  Solving for p_rgh, Initial residual = 3.3566e-05, Final residual = 9.98296e-08, No Iterations 31
time step continuity errors : sum local = 7.06287e-08, global = 2.26205e-09, cumulative = 0.00230886
ExecutionTime = 1.87 s  ClockTime = 4 s

Courant Number mean: 0.0937514 max: 0.498268
Interface Courant Number mean: 0.00874761 max: 0.468285
deltaT = 0.000714157
Time = 0.157151

PIMPLE: iteration 1
smoothSolver:  Solving for alpha.water, Initial residual = 0.00248674, Final residual = 7.72055e-10, No Iterations 3
Phase-1 volume fraction = 0.42148  Min(alpha.water) = -4.6027e-08  Max(alpha.water) = 1
MULES: Correcting alpha.water
MULES: Correcting alpha.water
Phase-1 volume fraction = 0.421481  Min(alpha.water) = -2.20053e-06  Max(alpha.water) = 1
DICPCG:  Solving for p_rgh, Initial residual = 0.00895395, Final residual = 0.000162779, No Iterations 1
time step continuity errors : sum local = 0.000114138, global = 1.88795e-06, cumulative = 0.00231075
DICPCG:  Solving for p_rgh, Initial residual = 0.000204494, Final residual = 9.87851e-06, No Iterations 7
time step continuity errors : sum local = 6.88395e-06, global = 4.09559e-07, cumulative = 0.00231116
DICPCG:  Solving for p_rgh, Initial residual = 3.41688e-05, Final residual = 7.59802e-08, No Iterations 26
time step continuity errors : sum local = 5.30192e-08, global = 3.8875e-09, cumulative = 0.00231116
ExecutionTime = 1.88 s  ClockTime = 5 s

Courant Number mean: 0.0940605 max: 0.502152
Interface Courant Number mean: 0.0089819 max: 0.472495
deltaT = 0.000714157
Time = 0.157865

PIMPLE: iteration 1
smoothSolver:  Solving for alpha.water, Initial residual = 0.00250794, Final residual = 7.61427e-10, No Iterations 3
Phase-1 volume fraction = 0.421457  Min(alpha.water) = -4.45911e-08  Max(alpha.water) = 1
MULES: Correcting alpha.water
MULES: Correcting alpha.water
Phase-1 volume fraction = 0.421458  Min(alpha.water) = -4.29344e-06  Max(alpha.water) = 1
DICPCG:  Solving for p_rgh, Initial residual = 0.00837259, Final residual = 0.000174274, No Iterations 1
time step continuity errors : sum local = 0.000121665, global = 1.84219e-06, cumulative = 0.002313
DICPCG:  Solving for p_rgh, Initial residual = 0.000209173, Final residual = 8.28964e-06, No Iterations 8
time step continuity errors : sum local = 5.75306e-06, global = -7.28739e-09, cumulative = 0.002313
DICPCG:  Solving for p_rgh, Initial residual = 3.61257e-05, Final residual = 8.71303e-08, No Iterations 30
time step continuity errors : sum local = 6.05613e-08, global = 2.86666e-09, cumulative = 0.002313
ExecutionTime = 1.89 s  ClockTime = 5 s

Courant Number mean: 0.0943745 max: 0.506407
Interface Courant Number mean: 0.00905494 max: 0.473893
deltaT = 0.000702254
Time = 0.158567

PIMPLE: iteration 1
smoothSolver:  Solving for alpha.water, Initial residual = 0.00249267, Final residual = 6.6853e-10, No Iterations 3
Phase-1 volume fraction = 0.421436  Min(alpha.water) = -4.32489e-08  Max(alpha.water) = 1
MULES: Correcting alpha.water
MULES: Correcting alpha.water
Phase-1 volume fraction = 0.421437  Min(alpha.water) = -1.79375e-06  Max(alpha.water) = 1
DICPCG:  Solving for p_rgh, Initial residual = 0.00901957, Final residual = 0.000171316, No Iterations 1
time step continuity errors : sum local = 0.000123559, global = 5.60917e-06, cumulative = 0.00231861
DICPCG:  Solving for p_rgh, Initial residual = 0.000200924, Final residual = 7.84834e-06, No Iterations 9
time step continuity errors : sum local = 5.62229e-06, global = 3.56674e-07, cumulative = 0.00231897
DICPCG:  Solving for p_rgh, Initial residual = 3.27145e-05, Final residual = 8.3258e-08, No Iterations 29
time step continuity errors : sum local = 5.97233e-08, global = -2.19559e-09, cumulative = 0.00231896
ExecutionTime = 1.9 s  ClockTime = 5 s

Courant Number mean: 0.0931005 max: 0.49737
Interface Courant Number mean: 0.00944471 max: 0.49737
deltaT = 0.000702254
Time = 0.159269

PIMPLE: iteration 1
smoothSolver:  Solving for alpha.water, Initial residual = 0.00251234, Final residual = 6.83856e-10, No Iterations 3
Phase-1 volume fraction = 0.421415  Min(alpha.water) = -4.19928e-08  Max(alpha.water) = 1
MULES: Correcting alpha.water
MULES: Correcting alpha.water
Phase-1 volume fraction = 0.421416  Min(alpha.water) = -1.60937e-06  Max(alpha.water) = 1
DICPCG:  Solving for p_rgh, Initial residual = 0.00853954, Final residual = 0.000172472, No Iterations 1
time step continuity errors : sum local = 0.000123469, global = -5.55209e-07, cumulative = 0.00231841
DICPCG:  Solving for p_rgh, Initial residual = 0.000216304, Final residual = 1.03599e-05, No Iterations 7
time step continuity errors : sum local = 7.36869e-06, global = 4.40951e-07, cumulative = 0.00231885
DICPCG:  Solving for p_rgh, Initial residual = 3.20181e-05, Final residual = 7.40052e-08, No Iterations 32
time step continuity errors : sum local = 5.27078e-08, global = -2.74048e-09, cumulative = 0.00231885
ExecutionTime = 1.91 s  ClockTime = 5 s

Courant Number mean: 0.0933941 max: 0.495098
Interface Courant Number mean: 0.00923702 max: 0.495098
deltaT = 0.000714575
Time = 0.159984

PIMPLE: iteration 1
smoothSolver:  Solving for alpha.water, Initial residual = 0.00257661, Final residual = 7.68262e-10, No Iterations 3
Phase-1 volume fraction = 0.421395  Min(alpha.water) = -4.07531e-08  Max(alpha.water) = 1
MULES: Correcting alpha.water
MULES: Correcting alpha.water
Phase-1 volume fraction = 0.421396  Min(alpha.water) = -1.67156e-06  Max(alpha.water) = 1
DICPCG:  Solving for p_rgh, Initial residual = 0.008359, Final residual = 0.000167276, No Iterations 1
time step continuity errors : sum local = 0.000122968, global = 4.00943e-07, cumulative = 0.00231925
DICPCG:  Solving for p_rgh, Initial residual = 0.000205211, Final residual = 1.00877e-05, No Iterations 8
time step continuity errors : sum local = 7.37167e-06, global = 1.19345e-06, cumulative = 0.00232044
DICPCG:  Solving for p_rgh, Initial residual = 3.67819e-05, Final residual = 8.97946e-08, No Iterations 32
time step continuity errors : sum local = 6.57249e-08, global = 8.02232e-09, cumulative = 0.00232045
ExecutionTime = 1.92 s  ClockTime = 5 s

Courant Number mean: 0.0953025 max: 0.496419
Interface Courant Number mean: 0.00962946 max: 0.496419
deltaT = 0.000714575
Time = 0.160698

PIMPLE: iteration 1
smoothSolver:  Solving for alpha.water, Initial residual = 0.00257526, Final residual = 7.17943e-10, No Iterations 3
Phase-1 volume fraction = 0.421376  Min(alpha.water) = -3.95354e-08  Max(alpha.water) = 1
MULES: Correcting alpha.water
MULES: Correcting alpha.water
Phase-1 volume fraction = 0.421377  Min(alpha.water) = -1.81609e-06  Max(alpha.water) = 1
DICPCG:  Solving for p_rgh, Initial residual = 0.00834093, Final residual = 0.00017928, No Iterations 1
time step continuity errors : sum local = 0.000131262, global = 1.25569e-06, cumulative = 0.0023217
DICPCG:  Solving for p_rgh, Initial residual = 0.000212919, Final residual = 9.32178e-06, No Iterations 9
time step continuity errors : sum local = 6.78469e-06, global = -3.96676e-08, cumulative = 0.00232166
DICPCG:  Solving for p_rgh, Initial residual = 3.66723e-05, Final residual = 8.70317e-08, No Iterations 30
time step continuity errors : sum local = 6.34486e-08, global = 7.02767e-10, cumulative = 0.00232167
ExecutionTime = 1.93 s  ClockTime = 5 s

Courant Number mean: 0.09558 max: 0.498955
Interface Courant Number mean: 0.0091843 max: 0.498955
deltaT = 0.000714575
Time = 0.161413

PIMPLE: iteration 1
smoothSolver:  Solving for alpha.water, Initial residual = 0.00256988, Final residual = 7.1766e-10, No Iterations 3
Phase-1 volume fraction = 0.421358  Min(alpha.water) = -3.83226e-08  Max(alpha.water) = 1
MULES: Correcting alpha.water
MULES: Correcting alpha.water
Phase-1 volume fraction = 0.421359  Min(alpha.water) = -2.26198e-06  Max(alpha.water) = 1
DICPCG:  Solving for p_rgh, Initial residual = 0.00811737, Final residual = 0.000183425, No Iterations 1
time step continuity errors : sum local = 0.000134249, global = 1.4665e-06, cumulative = 0.00232313
DICPCG:  Solving for p_rgh, Initial residual = 0.000211645, Final residual = 8.9812e-06, No Iterations 9
time step continuity errors : sum local = 6.53434e-06, global = 7.42053e-07, cumulative = 0.00232387
DICPCG:  Solving for p_rgh, Initial residual = 3.43319e-05, Final residual = 9.62604e-08, No Iterations 23
time step continuity errors : sum local = 7.01235e-08, global = -3.59791e-09, cumulative = 0.00232387
ExecutionTime = 1.94 s  ClockTime = 5 s

Courant Number mean: 0.0958143 max: 0.502517
Interface Courant Number mean: 0.0096366 max: 0.502517
deltaT = 0.000714575
Time = 0.162128

PIMPLE: iteration 1
smoothSolver:  Solving for alpha.water, Initial residual = 0.00257513, Final residual = 7.32593e-10, No Iterations 3
Phase-1 volume fraction = 0.421341  Min(alpha.water) = -3.71141e-08  Max(alpha.water) = 1
MULES: Correcting alpha.water
MULES: Correcting alpha.water
Phase-1 volume fraction = 0.421342  Min(alpha.water) = -1.88285e-06  Max(alpha.water) = 1
DICPCG:  Solving for p_rgh, Initial residual = 0.00874897, Final residual = 0.000171489, No Iterations 1
time step continuity errors : sum local = 0.000128059, global = 1.52008e-06, cumulative = 0.00232539
DICPCG:  Solving for p_rgh, Initial residual = 0.000209154, Final residual = 8.96449e-06, No Iterations 7
time step continuity errors : sum local = 6.65422e-06, global = 2.2488e-08, cumulative = 0.00232541
DICPCG:  Solving for p_rgh, Initial residual = 3.38109e-05, Final residual = 9.8264e-08, No Iterations 35
time step continuity errors : sum local = 7.29962e-08, global = -1.25186e-09, cumulative = 0.00232541
ExecutionTime = 1.95 s  ClockTime = 5 s

Courant Number mean: 0.0961418 max: 0.503427
Interface Courant Number mean: 0.00972298 max: 0.503427
deltaT = 0.000714575
Time = 0.162842

PIMPLE: iteration 1
smoothSolver:  Solving for alpha.water, Initial residual = 0.00260034, Final residual = 6.76222e-10, No Iterations 3
Phase-1 volume fraction = 0.421325  Min(alpha.water) = -3.59189e-08  Max(alpha.water) = 1
MULES: Correcting alpha.water
MULES: Correcting alpha.water
Phase-1 volume fraction = 0.421327  Min(alpha.water) = -1.51044e-06  Max(alpha.water) = 1
DICPCG:  Solving for p_rgh, Initial residual = 0.00839847, Final residual = 0.00018428, No Iterations 1
time step continuity errors : sum local = 0.000137277, global = 1.66523e-06, cumulative = 0.00232708
DICPCG:  Solving for p_rgh, Initial residual = 0.0002152, Final residual = 1.0211e-05, No Iterations 9
time step continuity errors : sum local = 7.55902e-06, global = 2.98166e-07, cumulative = 0.00232737
DICPCG:  Solving for p_rgh, Initial residual = 3.77117e-05, Final residual = 8.8417e-08, No Iterations 33
time step continuity errors : sum local = 6.55019e-08, global = 4.14385e-09, cumulative = 0.00232738
ExecutionTime = 1.96 s  ClockTime = 5 s

Courant Number mean: 0.0964037 max: 0.498669
Interface Courant Number mean: 0.00969033 max: 0.498669
deltaT = 0.000714575
Time = 0.163557

PIMPLE: iteration 1
smoothSolver:  Solving for alpha.water, Initial residual = 0.00260714, Final residual = 6.45005e-10, No Iterations 3
Phase-1 volume fraction = 0.42131  Min(alpha.water) = -3.4752e-08  Max(alpha.water) = 1
MULES: Correcting alpha.water
MULES: Correcting alpha.water
Phase-1 volume fraction = 0.421312  Min(alpha.water) = -1.73052e-06  Max(alpha.water) = 1
DICPCG:  Solving for p_rgh, Initial residual = 0.00887564, Final residual = 0.000171242, No Iterations 1
time step continuity errors : sum local = 0.000129894, global = 1.77501e-06, cumulative = 0.00232915
DICPCG:  Solving for p_rgh, Initial residual = 0.000203115, Final residual = 1.00245e-05, No Iterations 9
time step continuity errors : sum local = 7.55185e-06, global = 8.86645e-07, cumulative = 0.00233004
DICPCG:  Solving for p_rgh, Initial residual = 3.7724e-05, Final residual = 8.75864e-08, No Iterations 32
time step continuity errors : sum local = 6.60449e-08, global = 1.23161e-08, cumulative = 0.00233005
ExecutionTime = 1.97 s  ClockTime = 5 s

Courant Number mean: 0.0966485 max: 0.492439
Interface Courant Number mean: 0.0105633 max: 0.492439
deltaT = 0.000728866
Time = 0.164286

PIMPLE: iteration 1
smoothSolver:  Solving for alpha.water, Initial residual = 0.0026502, Final residual = 7.46904e-10, No Iterations 3
Phase-1 volume fraction = 0.421296  Min(alpha.water) = -3.35996e-08  Max(alpha.water) = 1
MULES: Correcting alpha.water
MULES: Correcting alpha.water
Phase-1 volume fraction = 0.421298  Min(alpha.water) = -1.89401e-06  Max(alpha.water) = 1
DICPCG:  Solving for p_rgh, Initial residual = 0.00896317, Final residual = 0.000191885, No Iterations 1
time step continuity errors : sum local = 0.000149642, global = 1.98125e-06, cumulative = 0.00233203
DICPCG:  Solving for p_rgh, Initial residual = 0.000222829, Final residual = 9.87001e-06, No Iterations 7
time step continuity errors : sum local = 7.64401e-06, global = 5.58009e-07, cumulative = 0.00233259
DICPCG:  Solving for p_rgh, Initial residual = 3.6299e-05, Final residual = 8.71087e-08, No Iterations 26
time step continuity errors : sum local = 6.75299e-08, global = -1.04455e-08, cumulative = 0.00233258
ExecutionTime = 1.98 s  ClockTime = 5 s

Courant Number mean: 0.0989099 max: 0.50863
Interface Courant Number mean: 0.0103126 max: 0.50863
deltaT = 0.000714289
Time = 0.165

PIMPLE: iteration 1
smoothSolver:  Solving for alpha.water, Initial residual = 0.00258571, Final residual = 6.20815e-10, No Iterations 3
Phase-1 volume fraction = 0.421283  Min(alpha.water) = -3.24988e-08  Max(alpha.water) = 1
MULES: Correcting alpha.water
MULES: Correcting alpha.water
Phase-1 volume fraction = 0.421285  Min(alpha.water) = -1.04784e-06  Max(alpha.water) = 1
DICPCG:  Solving for p_rgh, Initial residual = 0.00886528, Final residual = 0.000184139, No Iterations 1
time step continuity errors : sum local = 0.000137522, global = 1.93036e-06, cumulative = 0.00233451
DICPCG:  Solving for p_rgh, Initial residual = 0.000213841, Final residual = 9.88575e-06, No Iterations 7
time step continuity errors : sum local = 7.33591e-06, global = 3.73892e-07, cumulative = 0.00233489
DICPCG:  Solving for p_rgh, Initial residual = 3.67679e-05, Final residual = 9.62798e-08, No Iterations 28
time step continuity errors : sum local = 7.15386e-08, global = -9.48221e-09, cumulative = 0.00233488
ExecutionTime = 1.99 s  ClockTime = 5 s

Courant Number mean: 0.0972313 max: 0.500849
Interface Courant Number mean: 0.0102625 max: 0.500849
deltaT = 0.000714289
Time = 0.165714

PIMPLE: iteration 1
smoothSolver:  Solving for alpha.water, Initial residual = 0.00258005, Final residual = 5.79223e-10, No Iterations 3
Phase-1 volume fraction = 0.421272  Min(alpha.water) = -3.14303e-08  Max(alpha.water) = 1
MULES: Correcting alpha.water
MULES: Correcting alpha.water
Phase-1 volume fraction = 0.421273  Min(alpha.water) = -3.68984e-06  Max(alpha.water) = 1
DICPCG:  Solving for p_rgh, Initial residual = 0.00895817, Final residual = 0.000199316, No Iterations 1
time step continuity errors : sum local = 0.000148373, global = 2.11996e-06, cumulative = 0.002337
DICPCG:  Solving for p_rgh, Initial residual = 0.00023597, Final residual = 1.0333e-05, No Iterations 9
time step continuity errors : sum local = 7.64327e-06, global = -3.58208e-08, cumulative = 0.00233696
DICPCG:  Solving for p_rgh, Initial residual = 4.08454e-05, Final residual = 9.65634e-08, No Iterations 32
time step continuity errors : sum local = 7.15252e-08, global = 6.3496e-09, cumulative = 0.00233697
ExecutionTime = 2 s  ClockTime = 5 s

Courant Number mean: 0.097492 max: 0.499214
Interface Courant Number mean: 0.0103476 max: 0.499214
deltaT = 0.000714289
Time = 0.166428

PIMPLE: iteration 1
smoothSolver:  Solving for alpha.water, Initial residual = 0.0025858, Final residual = 5.77367e-10, No Iterations 3
Phase-1 volume fraction = 0.421261  Min(alpha.water) = -3.03919e-08  Max(alpha.water) = 1
MULES: Correcting alpha.water
MULES: Correcting alpha.water
Phase-1 volume fraction = 0.421263  Min(alpha.water) = -1.21175e-06  Max(alpha.water) = 1
DICPCG:  Solving for p_rgh, Initial residual = 0.00902356, Final residual = 0.00020743, No Iterations 1
time step continuity errors : sum local = 0.000154207, global = 2.203e-06, cumulative = 0.00233917
DICPCG:  Solving for p_rgh, Initial residual = 0.000242264, Final residual = 1.07679e-05, No Iterations 8
time step continuity errors : sum local = 7.95218e-06, global = 4.13263e-07, cumulative = 0.00233958
DICPCG:  Solving for p_rgh, Initial residual = 4.26296e-05, Final residual = 9.04861e-08, No Iterations 29
time step continuity errors : sum local = 6.69287e-08, global = -7.69123e-09, cumulative = 0.00233958
ExecutionTime = 2.01 s  ClockTime = 5 s

Courant Number mean: 0.097729 max: 0.495009
Interface Courant Number mean: 0.0110661 max: 0.495009
deltaT = 0.000714289
Time = 0.167143

PIMPLE: iteration 1
smoothSolver:  Solving for alpha.water, Initial residual = 0.00259567, Final residual = 5.82411e-10, No Iterations 3
Phase-1 volume fraction = 0.421251  Min(alpha.water) = -2.93861e-08  Max(alpha.water) = 1
MULES: Correcting alpha.water
MULES: Correcting alpha.water
Phase-1 volume fraction = 0.421253  Min(alpha.water) = -2.34807e-06  Max(alpha.water) = 1
DICPCG:  Solving for p_rgh, Initial residual = 0.00913325, Final residual = 0.000228074, No Iterations 1
time step continuity errors : sum local = 0.00016867, global = 2.44622e-06, cumulative = 0.00234202
DICPCG:  Solving for p_rgh, Initial residual = 0.000262332, Final residual = 1.04395e-05, No Iterations 7
time step continuity errors : sum local = 7.67304e-06, global = 1.74568e-07, cumulative = 0.0023422
DICPCG:  Solving for p_rgh, Initial residual = 4.01121e-05, Final residual = 8.97981e-08, No Iterations 24
time step continuity errors : sum local = 6.60832e-08, global = -1.07292e-08, cumulative = 0.00234219
ExecutionTime = 2.02 s  ClockTime = 5 s

Courant Number mean: 0.0980311 max: 0.496127
Interface Courant Number mean: 0.0109221 max: 0.496127
deltaT = 0.000714289
Time = 0.167857

PIMPLE: iteration 1
smoothSolver:  Solving for alpha.water, Initial residual = 0.00260562, Final residual = 5.34847e-10, No Iterations 3
Phase-1 volume fraction = 0.421242  Min(alpha.water) = -2.84082e-08  Max(alpha.water) = 1
MULES: Correcting alpha.water
MULES: Correcting alpha.water
Phase-1 volume fraction = 0.421244  Min(alpha.water) = -2.58569e-06  Max(alpha.water) = 1
DICPCG:  Solving for p_rgh, Initial residual = 0.00909299, Final residual = 0.000235429, No Iterations 1
time step continuity errors : sum local = 0.000173288, global = 2.92695e-06, cumulative = 0.00234511
DICPCG:  Solving for p_rgh, Initial residual = 0.000272049, Final residual = 1.22426e-05, No Iterations 8
time step continuity errors : sum local = 8.95629e-06, global = 3.28494e-07, cumulative = 0.00234544
DICPCG:  Solving for p_rgh, Initial residual = 4.55203e-05, Final residual = 9.10205e-08, No Iterations 35
time step continuity errors : sum local = 6.66699e-08, global = -2.3909e-10, cumulative = 0.00234544
ExecutionTime = 2.04 s  ClockTime = 5 s

Courant Number mean: 0.098366 max: 0.499489
Interface Courant Number mean: 0.0100455 max: 0.499489
deltaT = 0.000714289
Time = 0.168571

PIMPLE: iteration 1
smoothSolver:  Solving for alpha.water, Initial residual = 0.00262485, Final residual = 5.28052e-10, No Iterations 3
Phase-1 volume fraction = 0.421234  Min(alpha.water) = -2.7452e-08  Max(alpha.water) = 1
MULES: Correcting alpha.water
MULES: Correcting alpha.water
Phase-1 volume fraction = 0.421235  Min(alpha.water) = -2.97309e-06  Max(alpha.water) = 1
DICPCG:  Solving for p_rgh, Initial residual = 0.00868625, Final residual = 0.000223661, No Iterations 1
time step continuity errors : sum local = 0.000163315, global = 3.24116e-06, cumulative = 0.00234868
DICPCG:  Solving for p_rgh, Initial residual = 0.000267481, Final residual = 1.19502e-05, No Iterations 8
time step continuity errors : sum local = 8.67768e-06, global = 1.87732e-06, cumulative = 0.00235056
DICPCG:  Solving for p_rgh, Initial residual = 4.50933e-05, Final residual = 7.21663e-08, No Iterations 36
time step continuity errors : sum local = 5.24597e-08, global = -5.09828e-10, cumulative = 0.00235056
ExecutionTime = 2.05 s  ClockTime = 5 s

Courant Number mean: 0.0986231 max: 0.500224
Interface Courant Number mean: 0.010186 max: 0.500224
deltaT = 0.000714289
Time = 0.169286

PIMPLE: iteration 1
smoothSolver:  Solving for alpha.water, Initial residual = 0.0026166, Final residual = 5.43515e-10, No Iterations 3
Phase-1 volume fraction = 0.421226  Min(alpha.water) = -2.64913e-08  Max(alpha.water) = 1
MULES: Correcting alpha.water
MULES: Correcting alpha.water
Phase-1 volume fraction = 0.421228  Min(alpha.water) = -3.93163e-06  Max(alpha.water) = 1
DICPCG:  Solving for p_rgh, Initial residual = 0.00842625, Final residual = 0.000237801, No Iterations 1
time step continuity errors : sum local = 0.000172663, global = -1.21613e-07, cumulative = 0.00235044
DICPCG:  Solving for p_rgh, Initial residual = 0.000273643, Final residual = 1.10513e-05, No Iterations 7
time step continuity errors : sum local = 7.98241e-06, global = 9.64164e-09, cumulative = 0.00235045
DICPCG:  Solving for p_rgh, Initial residual = 4.24468e-05, Final residual = 8.72771e-08, No Iterations 24
time step continuity errors : sum local = 6.31131e-08, global = -1.56647e-08, cumulative = 0.00235043
ExecutionTime = 2.06 s  ClockTime = 5 s

Courant Number mean: 0.0988567 max: 0.498748
Interface Courant Number mean: 0.0104809 max: 0.498748
deltaT = 0.000714289
Time = 0.17

PIMPLE: iteration 1
smoothSolver:  Solving for alpha.water, Initial residual = 0.00261018, Final residual = 5.15534e-10, No Iterations 3
Phase-1 volume fraction = 0.42122  Min(alpha.water) = -2.55219e-08  Max(alpha.water) = 1
MULES: Correcting alpha.water
MULES: Correcting alpha.water
Phase-1 volume fraction = 0.421221  Min(alpha.water) = -4.66075e-06  Max(alpha.water) = 1
DICPCG:  Solving for p_rgh, Initial residual = 0.00839452, Final residual = 0.000258467, No Iterations 1
time step continuity errors : sum local = 0.000187751, global = 3.16679e-07, cumulative = 0.00235075
DICPCG:  Solving for p_rgh, Initial residual = 0.000284663, Final residual = 1.28021e-05, No Iterations 8
time step continuity errors : sum local = 9.2539e-06, global = 3.55686e-07, cumulative = 0.0023511
DICPCG:  Solving for p_rgh, Initial residual = 4.62366e-05, Final residual = 8.97863e-08, No Iterations 35
time step continuity errors : sum local = 6.49743e-08, global = 3.52845e-10, cumulative = 0.0023511
ExecutionTime = 2.07 s  ClockTime = 5 s

Courant Number mean: 0.0990757 max: 0.495603
Interface Courant Number mean: 0.0108977 max: 0.495603
deltaT = 0.000714289
Time = 0.170714

PIMPLE: iteration 1
smoothSolver:  Solving for alpha.water, Initial residual = 0.00261335, Final residual = 5.04901e-10, No Iterations 3
Phase-1 volume fraction = 0.421213  Min(alpha.water) = -2.45619e-08  Max(alpha.water) = 1
MULES: Correcting alpha.water
MULES: Correcting alpha.water
Phase-1 volume fraction = 0.421215  Min(alpha.water) = -5.41105e-06  Max(alpha.water) = 1
DICPCG:  Solving for p_rgh, Initial residual = 0.00913879, Final residual = 0.00023161, No Iterations 1
time step continuity errors : sum local = 0.000175262, global = 6.96765e-07, cumulative = 0.0023518
DICPCG:  Solving for p_rgh, Initial residual = 0.000266276, Final residual = 1.29083e-05, No Iterations 7
time step continuity errors : sum local = 9.70645e-06, global = 5.57899e-07, cumulative = 0.00235236
DICPCG:  Solving for p_rgh, Initial residual = 4.62915e-05, Final residual = 8.76201e-08, No Iterations 35
time step continuity errors : sum local = 6.59421e-08, global = 8.87461e-10, cumulative = 0.00235236
ExecutionTime = 2.08 s  ClockTime = 5 s

Courant Number mean: 0.0993242 max: 0.499981
Interface Courant Number mean: 0.0108177 max: 0.499981
deltaT = 0.000714289
Time = 0.171428

PIMPLE: iteration 1
smoothSolver:  Solving for alpha.water, Initial residual = 0.00260669, Final residual = 5.04157e-10, No Iterations 3
Phase-1 volume fraction = 0.421208  Min(alpha.water) = -2.39905e-08  Max(alpha.water) = 1
MULES: Correcting alpha.water
MULES: Correcting alpha.water
Phase-1 volume fraction = 0.42121  Min(alpha.water) = -1.13173e-05  Max(alpha.water) = 1
DICPCG:  Solving for p_rgh, Initial residual = 0.00887085, Final residual = 0.000236772, No Iterations 1
time step continuity errors : sum local = 0.000177792, global = 8.23426e-07, cumulative = 0.00235318
DICPCG:  Solving for p_rgh, Initial residual = 0.000273478, Final residual = 1.11907e-05, No Iterations 7
time step continuity errors : sum local = 8.34867e-06, global = 7.03728e-07, cumulative = 0.00235389
DICPCG:  Solving for p_rgh, Initial residual = 4.63182e-05, Final residual = 8.85669e-08, No Iterations 33
time step continuity errors : sum local = 6.61198e-08, global = 1.08554e-08, cumulative = 0.0023539
ExecutionTime = 2.1 s  ClockTime = 5 s

Courant Number mean: 0.0995408 max: 0.501699
Interface Courant Number mean: 0.0113441 max: 0.501699
deltaT = 0.000714289
Time = 0.172143

PIMPLE: iteration 1
smoothSolver:  Solving for alpha.water, Initial residual = 0.00257527, Final residual = 5.02915e-10, No Iterations 3
Phase-1 volume fraction = 0.421203  Min(alpha.water) = -2.34535e-08  Max(alpha.water) = 1
MULES: Correcting alpha.water
MULES: Correcting alpha.water
Phase-1 volume fraction = 0.421205  Min(alpha.water) = -5.37819e-06  Max(alpha.water) = 1
DICPCG:  Solving for p_rgh, Initial residual = 0.00904444, Final residual = 0.000241755, No Iterations 1
time step continuity errors : sum local = 0.000180628, global = 8.85501e-07, cumulative = 0.00235478
DICPCG:  Solving for p_rgh, Initial residual = 0.000273482, Final residual = 1.12792e-05, No Iterations 9
time step continuity errors : sum local = 8.37402e-06, global = 2.11287e-07, cumulative = 0.00235499
DICPCG:  Solving for p_rgh, Initial residual = 4.9084e-05, Final residual = 8.86205e-08, No Iterations 35
time step continuity errors : sum local = 6.58538e-08, global = 3.69975e-09, cumulative = 0.002355
ExecutionTime = 2.11 s  ClockTime = 5 s

Courant Number mean: 0.0997623 max: 0.501895
Interface Courant Number mean: 0.0119082 max: 0.501895
deltaT = 0.000714289
Time = 0.172857

PIMPLE: iteration 1
smoothSolver:  Solving for alpha.water, Initial residual = 0.00255866, Final residual = 4.84504e-10, No Iterations 3
Phase-1 volume fraction = 0.421199  Min(alpha.water) = -2.29161e-08  Max(alpha.water) = 1
MULES: Correcting alpha.water
MULES: Correcting alpha.water
Phase-1 volume fraction = 0.421201  Min(alpha.water) = -6.51599e-06  Max(alpha.water) = 1
DICPCG:  Solving for p_rgh, Initial residual = 0.00932801, Final residual = 0.000264466, No Iterations 1
time step continuity errors : sum local = 0.000196685, global = 9.06543e-07, cumulative = 0.0023559
DICPCG:  Solving for p_rgh, Initial residual = 0.000293126, Final residual = 1.33628e-05, No Iterations 9
time step continuity errors : sum local = 9.8774e-06, global = -3.99662e-07, cumulative = 0.0023555
DICPCG:  Solving for p_rgh, Initial residual = 5.1e-05, Final residual = 9.04914e-08, No Iterations 35
time step continuity errors : sum local = 6.69472e-08, global = 4.88239e-09, cumulative = 0.00235551
ExecutionTime = 2.12 s  ClockTime = 5 s

Courant Number mean: 0.099984 max: 0.497689
Interface Courant Number mean: 0.0117353 max: 0.497689
deltaT = 0.000714289
Time = 0.173571

PIMPLE: iteration 1
smoothSolver:  Solving for alpha.water, Initial residual = 0.00255192, Final residual = 4.85463e-10, No Iterations 3
Phase-1 volume fraction = 0.421195  Min(alpha.water) = -2.23786e-08  Max(alpha.water) = 1
MULES: Correcting alpha.water
MULES: Correcting alpha.water
Phase-1 volume fraction = 0.421197  Min(alpha.water) = -7.28013e-06  Max(alpha.water) = 1
DICPCG:  Solving for p_rgh, Initial residual = 0.00917675, Final residual = 0.000265079, No Iterations 1
time step continuity errors : sum local = 0.000195954, global = 9.69241e-07, cumulative = 0.00235648
DICPCG:  Solving for p_rgh, Initial residual = 0.000305679, Final residual = 1.32002e-05, No Iterations 7
time step continuity errors : sum local = 9.69778e-06, global = 2.44718e-07, cumulative = 0.00235672
DICPCG:  Solving for p_rgh, Initial residual = 5.13544e-05, Final residual = 8.90909e-08, No Iterations 34
time step continuity errors : sum local = 6.54858e-08, global = 6.52459e-09, cumulative = 0.00235673
ExecutionTime = 2.13 s  ClockTime = 5 s

Courant Number mean: 0.100182 max: 0.500489
Interface Courant Number mean: 0.0115727 max: 0.500489
deltaT = 0.000714289
Time = 0.174286

PIMPLE: iteration 1
smoothSolver:  Solving for alpha.water, Initial residual = 0.00255381, Final residual = 4.89943e-10, No Iterations 3
Phase-1 volume fraction = 0.421192  Min(alpha.water) = -2.18416e-08  Max(alpha.water) = 1
MULES: Correcting alpha.water
MULES: Correcting alpha.water
Phase-1 volume fraction = 0.421194  Min(alpha.water) = -6.54107e-06  Max(alpha.water) = 1
DICPCG:  Solving for p_rgh, Initial residual = 0.00898627, Final residual = 0.000278659, No Iterations 1
time step continuity errors : sum local = 0.000204544, global = 1.00617e-06, cumulative = 0.00235774
DICPCG:  Solving for p_rgh, Initial residual = 0.000322006, Final residual = 1.38619e-05, No Iterations 7
time step continuity errors : sum local = 1.01124e-05, global = 2.66047e-07, cumulative = 0.002358
DICPCG:  Solving for p_rgh, Initial residual = 5.5842e-05, Final residual = 7.02674e-08, No Iterations 27
time step continuity errors : sum local = 5.12901e-08, global = 1.35496e-09, cumulative = 0.002358
ExecutionTime = 2.14 s  ClockTime = 5 s

Courant Number mean: 0.100395 max: 0.503091
Interface Courant Number mean: 0.0118426 max: 0.503091
deltaT = 0.000714289
Time = 0.175

PIMPLE: iteration 1
smoothSolver:  Solving for alpha.water, Initial residual = 0.00255939, Final residual = 4.75825e-10, No Iterations 3
Phase-1 volume fraction = 0.421189  Min(alpha.water) = -2.13065e-08  Max(alpha.water) = 1
MULES: Correcting alpha.water
MULES: Correcting alpha.water
Phase-1 volume fraction = 0.421191  Min(alpha.water) = -5.39496e-06  Max(alpha.water) = 1
DICPCG:  Solving for p_rgh, Initial residual = 0.00908175, Final residual = 0.000298378, No Iterations 1
time step continuity errors : sum local = 0.00021783, global = 9.75014e-07, cumulative = 0.00235898
DICPCG:  Solving for p_rgh, Initial residual = 0.000326695, Final residual = 1.42673e-05, No Iterations 8
time step continuity errors : sum local = 1.03557e-05, global = 2.22436e-07, cumulative = 0.0023592
DICPCG:  Solving for p_rgh, Initial residual = 5.97749e-05, Final residual = 7.12773e-08, No Iterations 36
time step continuity errors : sum local = 5.1788e-08, global = 2.1129e-09, cumulative = 0.0023592
ExecutionTime = 2.15 s  ClockTime = 5 s

Courant Number mean: 0.100606 max: 0.504309
Interface Courant Number mean: 0.0121428 max: 0.504309
deltaT = 0.000714289
Time = 0.175714

PIMPLE: iteration 1
smoothSolver:  Solving for alpha.water, Initial residual = 0.00258762, Final residual = 4.76432e-10, No Iterations 3
Phase-1 volume fraction = 0.421187  Min(alpha.water) = -2.07753e-08  Max(alpha.water) = 1
MULES: Correcting alpha.water
MULES: Correcting alpha.water
Phase-1 volume fraction = 0.421188  Min(alpha.water) = -4.06152e-06  Max(alpha.water) = 1
DICPCG:  Solving for p_rgh, Initial residual = 0.00916061, Final residual = 0.000318345, No Iterations 1
time step continuity errors : sum local = 0.000231142, global = 9.65989e-07, cumulative = 0.00236017
DICPCG:  Solving for p_rgh, Initial residual = 0.000352051, Final residual = 1.59254e-05, No Iterations 8
time step continuity errors : sum local = 1.14978e-05, global = -5.46736e-08, cumulative = 0.00236011
DICPCG:  Solving for p_rgh, Initial residual = 6.19967e-05, Final residual = 8.12573e-08, No Iterations 36
time step continuity errors : sum local = 5.87194e-08, global = 2.83006e-09, cumulative = 0.00236012
ExecutionTime = 2.16 s  ClockTime = 5 s

Courant Number mean: 0.100802 max: 0.500462
Interface Courant Number mean: 0.0124773 max: 0.500462
deltaT = 0.000714289
Time = 0.176428

PIMPLE: iteration 1
smoothSolver:  Solving for alpha.water, Initial residual = 0.00260284, Final residual = 4.8345e-10, No Iterations 3
Phase-1 volume fraction = 0.421185  Min(alpha.water) = -2.02482e-08  Max(alpha.water) = 1
MULES: Correcting alpha.water
MULES: Correcting alpha.water
Phase-1 volume fraction = 0.421186  Min(alpha.water) = -6.46906e-06  Max(alpha.water) = 1
DICPCG:  Solving for p_rgh, Initial residual = 0.00908182, Final residual = 0.000332035, No Iterations 1
time step continuity errors : sum local = 0.00023998, global = 9.30652e-07, cumulative = 0.00236105
DICPCG:  Solving for p_rgh, Initial residual = 0.000373073, Final residual = 1.82409e-05, No Iterations 7
time step continuity errors : sum local = 1.31141e-05, global = 3.07815e-07, cumulative = 0.00236136
DICPCG:  Solving for p_rgh, Initial residual = 6.44816e-05, Final residual = 8.93533e-08, No Iterations 35
time step continuity errors : sum local = 6.42811e-08, global = 9.16851e-10, cumulative = 0.00236136
ExecutionTime = 2.17 s  ClockTime = 5 s

Courant Number mean: 0.100988 max: 0.501766
Interface Courant Number mean: 0.0118903 max: 0.501766
deltaT = 0.000714289
Time = 0.177143

PIMPLE: iteration 1
smoothSolver:  Solving for alpha.water, Initial residual = 0.0025977, Final residual = 4.88e-10, No Iterations 3
Phase-1 volume fraction = 0.421183  Min(alpha.water) = -1.97257e-08  Max(alpha.water) = 1
MULES: Correcting alpha.water
MULES: Correcting alpha.water
Phase-1 volume fraction = 0.421185  Min(alpha.water) = -6.92454e-06  Max(alpha.water) = 1.00001
DICPCG:  Solving for p_rgh, Initial residual = 0.00907737, Final residual = 0.000366897, No Iterations 1
time step continuity errors : sum local = 0.000264896, global = 7.53404e-07, cumulative = 0.00236211
DICPCG:  Solving for p_rgh, Initial residual = 0.0004159, Final residual = 1.97939e-05, No Iterations 7
time step continuity errors : sum local = 1.4234e-05, global = 3.14406e-07, cumulative = 0.00236242
DICPCG:  Solving for p_rgh, Initial residual = 7.17312e-05, Final residual = 8.16935e-08, No Iterations 28
time step continuity errors : sum local = 5.88092e-08, global = 1.10752e-08, cumulative = 0.00236244
ExecutionTime = 2.19 s  ClockTime = 5 s

Courant Number mean: 0.101243 max: 0.50502
Interface Courant Number mean: 0.01214 max: 0.50502
deltaT = 0.000714289
Time = 0.177857

PIMPLE: iteration 1
smoothSolver:  Solving for alpha.water, Initial residual = 0.00258728, Final residual = 4.70695e-10, No Iterations 3
Phase-1 volume fraction = 0.421182  Min(alpha.water) = -1.92084e-08  Max(alpha.water) = 1
MULES: Correcting alpha.water
MULES: Correcting alpha.water
Phase-1 volume fraction = 0.421183  Min(alpha.water) = -6.3505e-06  Max(alpha.water) = 1
DICPCG:  Solving for p_rgh, Initial residual = 0.00857585, Final residual = 0.000396066, No Iterations 1
time step continuity errors : sum local = 0.000287903, global = 5.33932e-07, cumulative = 0.00236297
DICPCG:  Solving for p_rgh, Initial residual = 0.0004305, Final residual = 1.86381e-05, No Iterations 9
time step continuity errors : sum local = 1.34974e-05, global = -1.4002e-07, cumulative = 0.00236283
DICPCG:  Solving for p_rgh, Initial residual = 7.41615e-05, Final residual = 9.66661e-08, No Iterations 36
time step continuity errors : sum local = 7.00702e-08, global = 4.84391e-09, cumulative = 0.00236283
ExecutionTime = 2.21 s  ClockTime = 5 s

Courant Number mean: 0.101456 max: 0.506372
Interface Courant Number mean: 0.0119551 max: 0.506372
deltaT = 0.000714289
Time = 0.178571

PIMPLE: iteration 1
smoothSolver:  Solving for alpha.water, Initial residual = 0.00259697, Final residual = 4.79912e-10, No Iterations 3
Phase-1 volume fraction = 0.421181  Min(alpha.water) = -1.86975e-08  Max(alpha.water) = 1
MULES: Correcting alpha.water
MULES: Correcting alpha.water
Phase-1 volume fraction = 0.421182  Min(alpha.water) = -5.32444e-06  Max(alpha.water) = 1
DICPCG:  Solving for p_rgh, Initial residual = 0.00917401, Final residual = 0.000380593, No Iterations 1
time step continuity errors : sum local = 0.000286561, global = -2.55261e-06, cumulative = 0.00236028
DICPCG:  Solving for p_rgh, Initial residual = 0.000430455, Final residual = 1.61773e-05, No Iterations 8
time step continuity errors : sum local = 1.21193e-05, global = 7.02901e-07, cumulative = 0.00236098
DICPCG:  Solving for p_rgh, Initial residual = 7.10934e-05, Final residual = 8.99433e-08, No Iterations 36
time step continuity errors : sum local = 6.74142e-08, global = 9.70447e-10, cumulative = 0.00236099
ExecutionTime = 2.21 s  ClockTime = 5 s

Courant Number mean: 0.101583 max: 0.502485
Interface Courant Number mean: 0.0120346 max: 0.502485
deltaT = 0.000714289
Time = 0.179286

PIMPLE: iteration 1
smoothSolver:  Solving for alpha.water, Initial residual = 0.00258861, Final residual = 4.88969e-10, No Iterations 3
Phase-1 volume fraction = 0.421181  Min(alpha.water) = -1.81955e-08  Max(alpha.water) = 1
MULES: Correcting alpha.water
MULES: Correcting alpha.water
Phase-1 volume fraction = 0.421181  Min(alpha.water) = -4.13495e-06  Max(alpha.water) = 1
DICPCG:  Solving for p_rgh, Initial residual = 0.00930463, Final residual = 0.00038488, No Iterations 1
time step continuity errors : sum local = 0.000290366, global = -2.04651e-06, cumulative = 0.00235894
DICPCG:  Solving for p_rgh, Initial residual = 0.000435248, Final residual = 1.77783e-05, No Iterations 8
time step continuity errors : sum local = 1.33436e-05, global = 1.97124e-07, cumulative = 0.00235914
DICPCG:  Solving for p_rgh, Initial residual = 7.32348e-05, Final residual = 9.0286e-08, No Iterations 36
time step continuity errors : sum local = 6.78153e-08, global = 2.3262e-09, cumulative = 0.00235914
ExecutionTime = 2.23 s  ClockTime = 5 s

Courant Number mean: 0.101686 max: 0.503154
Interface Courant Number mean: 0.0111645 max: 0.503154
deltaT = 0.000714289
Time = 0.18

PIMPLE: iteration 1
smoothSolver:  Solving for alpha.water, Initial residual = 0.00258585, Final residual = 4.86565e-10, No Iterations 3
Phase-1 volume fraction = 0.421181  Min(alpha.water) = -1.77051e-08  Max(alpha.water) = 1
MULES: Correcting alpha.water
MULES: Correcting alpha.water
Phase-1 volume fraction = 0.421181  Min(alpha.water) = -5.82066e-06  Max(alpha.water) = 1
DICPCG:  Solving for p_rgh, Initial residual = 0.00914409, Final residual = 0.000382523, No Iterations 1
time step continuity errors : sum local = 0.000289712, global = 5.42563e-07, cumulative = 0.00235968
DICPCG:  Solving for p_rgh, Initial residual = 0.000436145, Final residual = 1.72853e-05, No Iterations 7
time step continuity errors : sum local = 1.30201e-05, global = 9.10139e-07, cumulative = 0.00236059
DICPCG:  Solving for p_rgh, Initial residual = 7.4323e-05, Final residual = 8.31102e-08, No Iterations 35
time step continuity errors : sum local = 6.26185e-08, global = -1.10459e-09, cumulative = 0.00236059
ExecutionTime = 2.23 s  ClockTime = 5 s

Courant Number mean: 0.101791 max: 0.506436
Interface Courant Number mean: 0.0116348 max: 0.506436
deltaT = 0.000714289
Time = 0.180714

PIMPLE: iteration 1
smoothSolver:  Solving for alpha.water, Initial residual = 0.00257072, Final residual = 4.75882e-10, No Iterations 3
Phase-1 volume fraction = 0.421181  Min(alpha.water) = -1.72293e-08  Max(alpha.water) = 1
MULES: Correcting alpha.water
MULES: Correcting alpha.water
Phase-1 volume fraction = 0.421181  Min(alpha.water) = -5.28108e-06  Max(alpha.water) = 1
DICPCG:  Solving for p_rgh, Initial residual = 0.00914536, Final residual = 0.000401543, No Iterations 1
time step continuity errors : sum local = 0.000305059, global = 1.80459e-06, cumulative = 0.00236239
DICPCG:  Solving for p_rgh, Initial residual = 0.000435958, Final residual = 1.77771e-05, No Iterations 10
time step continuity errors : sum local = 1.34385e-05, global = -1.56547e-06, cumulative = 0.00236083
DICPCG:  Solving for p_rgh, Initial residual = 7.6861e-05, Final residual = 7.38069e-08, No Iterations 33
time step continuity errors : sum local = 5.57835e-08, global = 4.58124e-10, cumulative = 0.00236083
ExecutionTime = 2.24 s  ClockTime = 5 s

Courant Number mean: 0.10186 max: 0.506976
Interface Courant Number mean: 0.0124654 max: 0.506976
deltaT = 0.000714289
Time = 0.181428

PIMPLE: iteration 1
smoothSolver:  Solving for alpha.water, Initial residual = 0.00257643, Final residual = 4.89271e-10, No Iterations 3
Phase-1 volume fraction = 0.421181  Min(alpha.water) = -1.67667e-08  Max(alpha.water) = 1
MULES: Correcting alpha.water
MULES: Correcting alpha.water
Phase-1 volume fraction = 0.421181  Min(alpha.water) = -4.14822e-06  Max(alpha.water) = 1
DICPCG:  Solving for p_rgh, Initial residual = 0.00899443, Final residual = 0.00041715, No Iterations 1
time step continuity errors : sum local = 0.000317829, global = 1.82226e-06, cumulative = 0.00236265
DICPCG:  Solving for p_rgh, Initial residual = 0.000461859, Final residual = 2.08759e-05, No Iterations 7
time step continuity errors : sum local = 1.58315e-05, global = 2.83364e-07, cumulative = 0.00236294
DICPCG:  Solving for p_rgh, Initial residual = 7.92964e-05, Final residual = 8.55453e-08, No Iterations 35
time step continuity errors : sum local = 6.48848e-08, global = 7.91198e-10, cumulative = 0.00236294
ExecutionTime = 2.25 s  ClockTime = 5 s

Courant Number mean: 0.101974 max: 0.506287
Interface Courant Number mean: 0.0124593 max: 0.502641
deltaT = 0.000714289
Time = 0.182143

PIMPLE: iteration 1
smoothSolver:  Solving for alpha.water, Initial residual = 0.00257229, Final residual = 4.99649e-10, No Iterations 3
Phase-1 volume fraction = 0.421181  Min(alpha.water) = -1.63157e-08  Max(alpha.water) = 1
MULES: Correcting alpha.water
MULES: Correcting alpha.water
Phase-1 volume fraction = 0.421181  Min(alpha.water) = -2.77137e-06  Max(alpha.water) = 1
DICPCG:  Solving for p_rgh, Initial residual = 0.00934348, Final residual = 0.000425317, No Iterations 1
time step continuity errors : sum local = 0.000338314, global = 1.02354e-06, cumulative = 0.00236396
DICPCG:  Solving for p_rgh, Initial residual = 0.000462583, Final residual = 2.21632e-05, No Iterations 7
time step continuity errors : sum local = 1.7534e-05, global = -2.62335e-08, cumulative = 0.00236393
DICPCG:  Solving for p_rgh, Initial residual = 8.12319e-05, Final residual = 7.32704e-08, No Iterations 33
time step continuity errors : sum local = 5.79652e-08, global = -3.76414e-09, cumulative = 0.00236393
ExecutionTime = 2.27 s  ClockTime = 5 s

Courant Number mean: 0.102068 max: 0.507087
Interface Courant Number mean: 0.0120968 max: 0.503311
deltaT = 0.000714289
Time = 0.182857

PIMPLE: iteration 1
smoothSolver:  Solving for alpha.water, Initial residual = 0.00255174, Final residual = 4.90393e-10, No Iterations 3
Phase-1 volume fraction = 0.421181  Min(alpha.water) = -1.58751e-08  Max(alpha.water) = 1
MULES: Correcting alpha.water
MULES: Correcting alpha.water
Phase-1 volume fraction = 0.421181  Min(alpha.water) = -1.80531e-06  Max(alpha.water) = 1
DICPCG:  Solving for p_rgh, Initial residual = 0.00922023, Final residual = 0.000432036, No Iterations 1
time step continuity errors : sum local = 0.000341347, global = 7.66555e-07, cumulative = 0.0023647
DICPCG:  Solving for p_rgh, Initial residual = 0.00048069, Final residual = 2.3712e-05, No Iterations 6
time step continuity errors : sum local = 1.86368e-05, global = 4.31656e-07, cumulative = 0.00236513
DICPCG:  Solving for p_rgh, Initial residual = 8.58032e-05, Final residual = 7.14695e-08, No Iterations 36
time step continuity errors : sum local = 5.61675e-08, global = -2.15809e-09, cumulative = 0.00236513
ExecutionTime = 2.27 s  ClockTime = 5 s

Courant Number mean: 0.102223 max: 0.507225
Interface Courant Number mean: 0.0123541 max: 0.506104
deltaT = 0.000714289
Time = 0.183571

PIMPLE: iteration 1
smoothSolver:  Solving for alpha.water, Initial residual = 0.0025292, Final residual = 4.90836e-10, No Iterations 3
Phase-1 volume fraction = 0.421181  Min(alpha.water) = -1.54443e-08  Max(alpha.water) = 1
MULES: Correcting alpha.water
MULES: Correcting alpha.water
Phase-1 volume fraction = 0.421181  Min(alpha.water) = -2.27504e-06  Max(alpha.water) = 1
DICPCG:  Solving for p_rgh, Initial residual = 0.0091747, Final residual = 0.000142823, No Iterations 2
time step continuity errors : sum local = 0.000111008, global = 5.75257e-06, cumulative = 0.00237088
DICPCG:  Solving for p_rgh, Initial residual = 0.000196021, Final residual = 9.22059e-06, No Iterations 13
time step continuity errors : sum local = 7.13077e-06, global = -2.45993e-06, cumulative = 0.00236842
DICPCG:  Solving for p_rgh, Initial residual = 4.01266e-05, Final residual = 8.92277e-08, No Iterations 35
time step continuity errors : sum local = 6.9023e-08, global = -8.13766e-10, cumulative = 0.00236842
ExecutionTime = 2.28 s  ClockTime = 5 s

Courant Number mean: 0.10238 max: 0.507052
Interface Courant Number mean: 0.01286 max: 0.505926
deltaT = 0.000714289
Time = 0.184286

PIMPLE: iteration 1
smoothSolver:  Solving for alpha.water, Initial residual = 0.00253331, Final residual = 4.96429e-10, No Iterations 3
Phase-1 volume fraction = 0.421181  Min(alpha.water) = -1.50178e-08  Max(alpha.water) = 1
MULES: Correcting alpha.water
MULES: Correcting alpha.water
Phase-1 volume fraction = 0.421181  Min(alpha.water) = -4.26752e-06  Max(alpha.water) = 1.00001
DICPCG:  Solving for p_rgh, Initial residual = 0.00912318, Final residual = 0.00014696, No Iterations 2
time step continuity errors : sum local = 0.000113745, global = -4.05007e-06, cumulative = 0.00236437
DICPCG:  Solving for p_rgh, Initial residual = 0.000205023, Final residual = 7.9573e-06, No Iterations 10
time step continuity errors : sum local = 6.13071e-06, global = -6.03553e-07, cumulative = 0.00236376
DICPCG:  Solving for p_rgh, Initial residual = 3.85108e-05, Final residual = 8.54659e-08, No Iterations 34
time step continuity errors : sum local = 6.58851e-08, global = 8.23447e-09, cumulative = 0.00236377
ExecutionTime = 2.29 s  ClockTime = 5 s

Courant Number mean: 0.102537 max: 0.510544
Interface Courant Number mean: 0.0130412 max: 0.499978
deltaT = 0.000714289
Time = 0.185

PIMPLE: iteration 1
smoothSolver:  Solving for alpha.water, Initial residual = 0.00253855, Final residual = 5.0798e-10, No Iterations 3
Phase-1 volume fraction = 0.421181  Min(alpha.water) = -1.45998e-08  Max(alpha.water) = 1
MULES: Correcting alpha.water
MULES: Correcting alpha.water
Phase-1 volume fraction = 0.421181  Min(alpha.water) = -3.78283e-06  Max(alpha.water) = 1.00001
DICPCG:  Solving for p_rgh, Initial residual = 0.00909108, Final residual = 0.000155214, No Iterations 2
time step continuity errors : sum local = 0.000119751, global = 1.22167e-06, cumulative = 0.00236499
DICPCG:  Solving for p_rgh, Initial residual = 0.000209066, Final residual = 9.29152e-06, No Iterations 13
time step continuity errors : sum local = 7.13719e-06, global = -2.38442e-06, cumulative = 0.00236261
DICPCG:  Solving for p_rgh, Initial residual = 4.13255e-05, Final residual = 8.75453e-08, No Iterations 35
time step continuity errors : sum local = 6.72807e-08, global = -6.29217e-11, cumulative = 0.00236261
ExecutionTime = 2.3 s  ClockTime = 5 s

Courant Number mean: 0.10267 max: 0.512606
Interface Courant Number mean: 0.012809 max: 0.501826
deltaT = 0.000681821
Time = 0.185682

PIMPLE: iteration 1
smoothSolver:  Solving for alpha.water, Initial residual = 0.00242667, Final residual = 3.81038e-10, No Iterations 3
Phase-1 volume fraction = 0.421181  Min(alpha.water) = -1.42082e-08  Max(alpha.water) = 1
MULES: Correcting alpha.water
MULES: Correcting alpha.water
Phase-1 volume fraction = 0.421181  Min(alpha.water) = -2.65769e-06  Max(alpha.water) = 1.00001
DICPCG:  Solving for p_rgh, Initial residual = 0.00940493, Final residual = 0.000155598, No Iterations 2
time step continuity errors : sum local = 0.000112839, global = 3.67369e-06, cumulative = 0.00236628
DICPCG:  Solving for p_rgh, Initial residual = 0.000219037, Final residual = 8.99696e-06, No Iterations 10
time step continuity errors : sum local = 6.49396e-06, global = 1.79596e-06, cumulative = 0.00236808
DICPCG:  Solving for p_rgh, Initial residual = 4.10944e-05, Final residual = 7.19229e-08, No Iterations 35
time step continuity errors : sum local = 5.19442e-08, global = 4.18814e-09, cumulative = 0.00236808
ExecutionTime = 2.32 s  ClockTime = 5 s

Courant Number mean: 0.0982027 max: 0.490743
Interface Courant Number mean: 0.0124981 max: 0.480992
deltaT = 0.000681821
Time = 0.186364

PIMPLE: iteration 1
smoothSolver:  Solving for alpha.water, Initial residual = 0.00242246, Final residual = 3.89223e-10, No Iterations 3
Phase-1 volume fraction = 0.421181  Min(alpha.water) = -1.38222e-08  Max(alpha.water) = 1
MULES: Correcting alpha.water
MULES: Correcting alpha.water
Phase-1 volume fraction = 0.421181  Min(alpha.water) = -2.797e-06  Max(alpha.water) = 1.00001
DICPCG:  Solving for p_rgh, Initial residual = 0.00965268, Final residual = 0.000156982, No Iterations 2
time step continuity errors : sum local = 0.000113473, global = -2.63036e-06, cumulative = 0.00236545
DICPCG:  Solving for p_rgh, Initial residual = 0.000213344, Final residual = 1.01814e-05, No Iterations 13
time step continuity errors : sum local = 7.32734e-06, global = -2.31655e-06, cumulative = 0.00236314
DICPCG:  Solving for p_rgh, Initial residual = 4.26693e-05, Final residual = 8.68736e-08, No Iterations 35
time step continuity errors : sum local = 6.25457e-08, global = -1.45415e-10, cumulative = 0.00236314
ExecutionTime = 2.33 s  ClockTime = 5 s

Courant Number mean: 0.0984355 max: 0.492044
Interface Courant Number mean: 0.0126844 max: 0.480426
deltaT = 0.000681821
Time = 0.187045

PIMPLE: iteration 1
smoothSolver:  Solving for alpha.water, Initial residual = 0.00243964, Final residual = 3.70242e-10, No Iterations 3
Phase-1 volume fraction = 0.421181  Min(alpha.water) = -1.34443e-08  Max(alpha.water) = 1
MULES: Correcting alpha.water
MULES: Correcting alpha.water
Phase-1 volume fraction = 0.421181  Min(alpha.water) = -3.49615e-06  Max(alpha.water) = 1.00001
DICPCG:  Solving for p_rgh, Initial residual = 0.00972481, Final residual = 0.000155788, No Iterations 2
time step continuity errors : sum local = 0.000112225, global = 1.34962e-06, cumulative = 0.00236449
DICPCG:  Solving for p_rgh, Initial residual = 0.000210434, Final residual = 1.03747e-05, No Iterations 12
time step continuity errors : sum local = 7.43901e-06, global = -1.96415e-06, cumulative = 0.00236252
DICPCG:  Solving for p_rgh, Initial residual = 4.14719e-05, Final residual = 8.56304e-08, No Iterations 35
time step continuity errors : sum local = 6.14316e-08, global = -7.92238e-10, cumulative = 0.00236252
ExecutionTime = 2.34 s  ClockTime = 5 s

Courant Number mean: 0.0986566 max: 0.491762
Interface Courant Number mean: 0.0126096 max: 0.475163
deltaT = 0.000681821
Time = 0.187727

PIMPLE: iteration 1
smoothSolver:  Solving for alpha.water, Initial residual = 0.00247529, Final residual = 3.83632e-10, No Iterations 3
Phase-1 volume fraction = 0.421181  Min(alpha.water) = -1.30977e-08  Max(alpha.water) = 1
MULES: Correcting alpha.water
MULES: Correcting alpha.water
Phase-1 volume fraction = 0.421181  Min(alpha.water) = -1.47308e-05  Max(alpha.water) = 1
DICPCG:  Solving for p_rgh, Initial residual = 0.00981391, Final residual = 0.000163165, No Iterations 2
time step continuity errors : sum local = 0.000116944, global = 2.32816e-06, cumulative = 0.00236485
DICPCG:  Solving for p_rgh, Initial residual = 0.000215638, Final residual = 9.36223e-06, No Iterations 13
time step continuity errors : sum local = 6.6772e-06, global = -2.11364e-06, cumulative = 0.00236274
DICPCG:  Solving for p_rgh, Initial residual = 4.14133e-05, Final residual = 8.34258e-08, No Iterations 35
time step continuity errors : sum local = 5.95332e-08, global = 7.12942e-10, cumulative = 0.00236274
ExecutionTime = 2.35 s  ClockTime = 5 s

Courant Number mean: 0.0988082 max: 0.493917
Interface Courant Number mean: 0.0123522 max: 0.476658
deltaT = 0.000681821
Time = 0.188409

PIMPLE: iteration 1
smoothSolver:  Solving for alpha.water, Initial residual = 0.00248794, Final residual = 3.83868e-10, No Iterations 3
Phase-1 volume fraction = 0.421181  Min(alpha.water) = -1.2837e-08  Max(alpha.water) = 1
MULES: Correcting alpha.water
MULES: Correcting alpha.water
Phase-1 volume fraction = 0.421181  Min(alpha.water) = -9.12019e-06  Max(alpha.water) = 1
DICPCG:  Solving for p_rgh, Initial residual = 0.00972158, Final residual = 0.000165051, No Iterations 2
time step continuity errors : sum local = 0.000117619, global = 1.6629e-07, cumulative = 0.0023629
DICPCG:  Solving for p_rgh, Initial residual = 0.000229734, Final residual = 1.11461e-05, No Iterations 9
time step continuity errors : sum local = 7.90618e-06, global = 1.55064e-06, cumulative = 0.00236445
DICPCG:  Solving for p_rgh, Initial residual = 4.39541e-05, Final residual = 8.7773e-08, No Iterations 35
time step continuity errors : sum local = 6.22884e-08, global = 3.61516e-09, cumulative = 0.00236446
ExecutionTime = 2.36 s  ClockTime = 5 s

Courant Number mean: 0.0990242 max: 0.495925
Interface Courant Number mean: 0.0125657 max: 0.478558
deltaT = 0.000681821
Time = 0.189091

PIMPLE: iteration 1
smoothSolver:  Solving for alpha.water, Initial residual = 0.00247795, Final residual = 3.99779e-10, No Iterations 3
Phase-1 volume fraction = 0.421181  Min(alpha.water) = -1.25789e-08  Max(alpha.water) = 1
MULES: Correcting alpha.water
MULES: Correcting alpha.water
Phase-1 volume fraction = 0.421181  Min(alpha.water) = -1.44613e-05  Max(alpha.water) = 1
DICPCG:  Solving for p_rgh, Initial residual = 0.00980857, Final residual = 0.000166869, No Iterations 2
time step continuity errors : sum local = 0.000118153, global = 7.10303e-07, cumulative = 0.00236517
DICPCG:  Solving for p_rgh, Initial residual = 0.000230401, Final residual = 1.10905e-05, No Iterations 10
time step continuity errors : sum local = 7.81994e-06, global = -7.0327e-07, cumulative = 0.00236446
DICPCG:  Solving for p_rgh, Initial residual = 4.61878e-05, Final residual = 9.46939e-08, No Iterations 35
time step continuity errors : sum local = 6.68084e-08, global = 4.28662e-09, cumulative = 0.00236447
ExecutionTime = 2.36 s  ClockTime = 6 s

Courant Number mean: 0.0992929 max: 0.49811
Interface Courant Number mean: 0.0123139 max: 0.477996
deltaT = 0.000681821
Time = 0.189773

PIMPLE: iteration 1
smoothSolver:  Solving for alpha.water, Initial residual = 0.00246499, Final residual = 3.79057e-10, No Iterations 3
Phase-1 volume fraction = 0.421181  Min(alpha.water) = -1.23229e-08  Max(alpha.water) = 1
MULES: Correcting alpha.water
MULES: Correcting alpha.water
Phase-1 volume fraction = 0.421181  Min(alpha.water) = -6.10668e-06  Max(alpha.water) = 1
DICPCG:  Solving for p_rgh, Initial residual = 0.00951979, Final residual = 0.00017242, No Iterations 2
time step continuity errors : sum local = 0.000121432, global = -1.22475e-07, cumulative = 0.00236435
DICPCG:  Solving for p_rgh, Initial residual = 0.00023641, Final residual = 1.09975e-05, No Iterations 10
time step continuity errors : sum local = 7.71087e-06, global = -5.94296e-07, cumulative = 0.00236375
DICPCG:  Solving for p_rgh, Initial residual = 4.6576e-05, Final residual = 9.78846e-08, No Iterations 35
time step continuity errors : sum local = 6.86675e-08, global = 3.85114e-09, cumulative = 0.00236376
ExecutionTime = 2.37 s  ClockTime = 6 s

Courant Number mean: 0.0995141 max: 0.498851
Interface Courant Number mean: 0.0124305 max: 0.473256
deltaT = 0.000681821
Time = 0.190455

PIMPLE: iteration 1
smoothSolver:  Solving for alpha.water, Initial residual = 0.00245852, Final residual = 3.83782e-10, No Iterations 3
Phase-1 volume fraction = 0.421181  Min(alpha.water) = -1.20694e-08  Max(alpha.water) = 1
MULES: Correcting alpha.water
MULES: Correcting alpha.water
Phase-1 volume fraction = 0.421181  Min(alpha.water) = -4.9602e-05  Max(alpha.water) = 1.00001
DICPCG:  Solving for p_rgh, Initial residual = 0.00952458, Final residual = 0.000187246, No Iterations 2
time step continuity errors : sum local = 0.000130824, global = 2.79523e-07, cumulative = 0.00236403
DICPCG:  Solving for p_rgh, Initial residual = 0.00023906, Final residual = 1.17762e-05, No Iterations 18
time step continuity errors : sum local = 8.19161e-06, global = -2.14956e-06, cumulative = 0.00236189
DICPCG:  Solving for p_rgh, Initial residual = 4.75308e-05, Final residual = 8.92852e-08, No Iterations 28
time step continuity errors : sum local = 6.21295e-08, global = -3.13316e-09, cumulative = 0.00236188
ExecutionTime = 2.38 s  ClockTime = 6 s

Courant Number mean: 0.0996739 max: 0.498632
Interface Courant Number mean: 0.0128586 max: 0.475083
deltaT = 0.000681821
Time = 0.191136

PIMPLE: iteration 1
smoothSolver:  Solving for alpha.water, Initial residual = 0.00245748, Final residual = 3.88889e-10, No Iterations 3
Phase-1 volume fraction = 0.421181  Min(alpha.water) = -1.1818e-08  Max(alpha.water) = 1
MULES: Correcting alpha.water
MULES: Correcting alpha.water
Phase-1 volume fraction = 0.421181  Min(alpha.water) = -4.84197e-06  Max(alpha.water) = 1.00001
DICPCG:  Solving for p_rgh, Initial residual = 0.0092964, Final residual = 0.000188536, No Iterations 2
time step continuity errors : sum local = 0.000130353, global = 1.33998e-07, cumulative = 0.00236202
DICPCG:  Solving for p_rgh, Initial residual = 0.00025263, Final residual = 1.21726e-05, No Iterations 9
time step continuity errors : sum local = 8.38051e-06, global = 2.90597e-07, cumulative = 0.00236231
DICPCG:  Solving for p_rgh, Initial residual = 4.76499e-05, Final residual = 8.92054e-08, No Iterations 26
time step continuity errors : sum local = 6.14286e-08, global = -9.72208e-09, cumulative = 0.0023623
ExecutionTime = 2.39 s  ClockTime = 6 s

Courant Number mean: 0.0998955 max: 0.501073
Interface Courant Number mean: 0.0129038 max: 0.479045
deltaT = 0.000681821
Time = 0.191818

PIMPLE: iteration 1
smoothSolver:  Solving for alpha.water, Initial residual = 0.00243552, Final residual = 4.07789e-10, No Iterations 3
Phase-1 volume fraction = 0.421181  Min(alpha.water) = -1.1569e-08  Max(alpha.water) = 1
MULES: Correcting alpha.water
MULES: Correcting alpha.water
Phase-1 volume fraction = 0.421181  Min(alpha.water) = -4.12368e-06  Max(alpha.water) = 1.00001
DICPCG:  Solving for p_rgh, Initial residual = 0.00910278, Final residual = 0.000183813, No Iterations 2
time step continuity errors : sum local = 0.000125983, global = 2.4521e-07, cumulative = 0.00236254
DICPCG:  Solving for p_rgh, Initial residual = 0.000248729, Final residual = 1.21365e-05, No Iterations 9
time step continuity errors : sum local = 8.28984e-06, global = 4.51457e-07, cumulative = 0.00236299
DICPCG:  Solving for p_rgh, Initial residual = 4.80641e-05, Final residual = 8.88229e-08, No Iterations 35
time step continuity errors : sum local = 6.06595e-08, global = 5.44231e-09, cumulative = 0.002363
ExecutionTime = 2.41 s  ClockTime = 6 s

Courant Number mean: 0.100157 max: 0.503409
Interface Courant Number mean: 0.0127115 max: 0.474861
deltaT = 0.000681821
Time = 0.1925

PIMPLE: iteration 1
smoothSolver:  Solving for alpha.water, Initial residual = 0.00241041, Final residual = 3.92128e-10, No Iterations 3
Phase-1 volume fraction = 0.421181  Min(alpha.water) = -1.13223e-08  Max(alpha.water) = 1
MULES: Correcting alpha.water
MULES: Correcting alpha.water
Phase-1 volume fraction = 0.421181  Min(alpha.water) = -1.94161e-06  Max(alpha.water) = 1.00001
DICPCG:  Solving for p_rgh, Initial residual = 0.00884801, Final residual = 0.000186948, No Iterations 2
time step continuity errors : sum local = 0.000127591, global = 1.14865e-07, cumulative = 0.00236311
DICPCG:  Solving for p_rgh, Initial residual = 0.000250256, Final residual = 1.11536e-05, No Iterations 12
time step continuity errors : sum local = 7.58314e-06, global = -1.93838e-06, cumulative = 0.00236118
DICPCG:  Solving for p_rgh, Initial residual = 4.84919e-05, Final residual = 9.56247e-08, No Iterations 35
time step continuity errors : sum local = 6.49971e-08, global = 9.91911e-10, cumulative = 0.00236118
ExecutionTime = 2.42 s  ClockTime = 6 s

Courant Number mean: 0.100388 max: 0.504399
Interface Courant Number mean: 0.0129105 max: 0.476542
deltaT = 0.000681821
Time = 0.193182

PIMPLE: iteration 1
smoothSolver:  Solving for alpha.water, Initial residual = 0.00240253, Final residual = 3.78157e-10, No Iterations 3
Phase-1 volume fraction = 0.421181  Min(alpha.water) = -1.10781e-08  Max(alpha.water) = 1
MULES: Correcting alpha.water
MULES: Correcting alpha.water
Phase-1 volume fraction = 0.421181  Min(alpha.water) = -2.18032e-06  Max(alpha.water) = 1.00001
DICPCG:  Solving for p_rgh, Initial residual = 0.00972838, Final residual = 0.000194893, No Iterations 2
time step continuity errors : sum local = 0.000136728, global = 2.66305e-07, cumulative = 0.00236144
DICPCG:  Solving for p_rgh, Initial residual = 0.00024603, Final residual = 1.19393e-05, No Iterations 17
time step continuity errors : sum local = 8.33423e-06, global = -2.14199e-06, cumulative = 0.0023593
DICPCG:  Solving for p_rgh, Initial residual = 4.85902e-05, Final residual = 9.38998e-08, No Iterations 28
time step continuity errors : sum local = 6.55361e-08, global = -1.35274e-09, cumulative = 0.0023593
ExecutionTime = 2.43 s  ClockTime = 6 s

Courant Number mean: 0.100588 max: 0.504166
Interface Courant Number mean: 0.0135666 max: 0.482388
deltaT = 0.000681821
Time = 0.193864

PIMPLE: iteration 1
smoothSolver:  Solving for alpha.water, Initial residual = 0.00242473, Final residual = 3.89002e-10, No Iterations 3
Phase-1 volume fraction = 0.421181  Min(alpha.water) = -1.08372e-08  Max(alpha.water) = 1
MULES: Correcting alpha.water
MULES: Correcting alpha.water
Phase-1 volume fraction = 0.421181  Min(alpha.water) = -2.19004e-06  Max(alpha.water) = 1.00001
DICPCG:  Solving for p_rgh, Initial residual = 0.00981962, Final residual = 0.000203793, No Iterations 2
time step continuity errors : sum local = 0.000141881, global = 2.54133e-07, cumulative = 0.00235955
DICPCG:  Solving for p_rgh, Initial residual = 0.000264216, Final residual = 1.28134e-05, No Iterations 10
time step continuity errors : sum local = 8.88428e-06, global = -6.80265e-07, cumulative = 0.00235887
DICPCG:  Solving for p_rgh, Initial residual = 5.07896e-05, Final residual = 9.3205e-08, No Iterations 34
time step continuity errors : sum local = 6.45906e-08, global = 4.19129e-09, cumulative = 0.00235888
ExecutionTime = 2.44 s  ClockTime = 6 s

Courant Number mean: 0.100818 max: 0.505794
Interface Courant Number mean: 0.0135298 max: 0.486083
deltaT = 0.000681821
Time = 0.194545

PIMPLE: iteration 1
smoothSolver:  Solving for alpha.water, Initial residual = 0.00244213, Final residual = 4.08418e-10, No Iterations 3
Phase-1 volume fraction = 0.421181  Min(alpha.water) = -1.05993e-08  Max(alpha.water) = 1
MULES: Correcting alpha.water
MULES: Correcting alpha.water
Phase-1 volume fraction = 0.421181  Min(alpha.water) = -2.16653e-06  Max(alpha.water) = 1
DICPCG:  Solving for p_rgh, Initial residual = 0.00991503, Final residual = 0.000205538, No Iterations 2
time step continuity errors : sum local = 0.000142277, global = 1.7332e-07, cumulative = 0.00235905
DICPCG:  Solving for p_rgh, Initial residual = 0.000267609, Final residual = 1.26411e-05, No Iterations 9
time step continuity errors : sum local = 8.71792e-06, global = 2.64818e-07, cumulative = 0.00235932
DICPCG:  Solving for p_rgh, Initial residual = 5.04721e-05, Final residual = 9.84283e-08, No Iterations 34
time step continuity errors : sum local = 6.78929e-08, global = 6.06411e-09, cumulative = 0.00235932
ExecutionTime = 2.45 s  ClockTime = 6 s

Courant Number mean: 0.101111 max: 0.507372
Interface Courant Number mean: 0.0133266 max: 0.473115
deltaT = 0.000681821
Time = 0.195227

PIMPLE: iteration 1
smoothSolver:  Solving for alpha.water, Initial residual = 0.00244964, Final residual = 4.10776e-10, No Iterations 3
Phase-1 volume fraction = 0.421181  Min(alpha.water) = -1.03645e-08  Max(alpha.water) = 1
MULES: Correcting alpha.water
MULES: Correcting alpha.water
Phase-1 volume fraction = 0.421181  Min(alpha.water) = -3.22727e-06  Max(alpha.water) = 1.00001
DICPCG:  Solving for p_rgh, Initial residual = 0.00941362, Final residual = 0.000194818, No Iterations 2
time step continuity errors : sum local = 0.000135142, global = 1.3428e-07, cumulative = 0.00235946
DICPCG:  Solving for p_rgh, Initial residual = 0.000257965, Final residual = 1.28059e-05, No Iterations 10
time step continuity errors : sum local = 8.84744e-06, global = -1.28877e-06, cumulative = 0.00235817
DICPCG:  Solving for p_rgh, Initial residual = 5.17936e-05, Final residual = 8.84118e-08, No Iterations 35
time step continuity errors : sum local = 6.10753e-08, global = 3.45691e-09, cumulative = 0.00235817
ExecutionTime = 2.46 s  ClockTime = 6 s

Courant Number mean: 0.101379 max: 0.508044
Interface Courant Number mean: 0.0131051 max: 0.481421
deltaT = 0.000681821
Time = 0.195909

PIMPLE: iteration 1
smoothSolver:  Solving for alpha.water, Initial residual = 0.00244452, Final residual = 3.96694e-10, No Iterations 3
Phase-1 volume fraction = 0.421181  Min(alpha.water) = -1.01339e-08  Max(alpha.water) = 1
MULES: Correcting alpha.water
MULES: Correcting alpha.water
Phase-1 volume fraction = 0.421181  Min(alpha.water) = -4.32851e-06  Max(alpha.water) = 1
DICPCG:  Solving for p_rgh, Initial residual = 0.0103326, Final residual = 0.000201773, No Iterations 2
time step continuity errors : sum local = 0.000144368, global = 2.68153e-07, cumulative = 0.00235844
DICPCG:  Solving for p_rgh, Initial residual = 0.000262644, Final residual = 1.16682e-05, No Iterations 12
time step continuity errors : sum local = 8.30967e-06, global = -1.98973e-06, cumulative = 0.00235645
DICPCG:  Solving for p_rgh, Initial residual = 5.10428e-05, Final residual = 8.6977e-08, No Iterations 35
time step continuity errors : sum local = 6.19308e-08, global = 1.56174e-09, cumulative = 0.00235645
ExecutionTime = 2.47 s  ClockTime = 6 s

Courant Number mean: 0.101646 max: 0.507243
Interface Courant Number mean: 0.013912 max: 0.48747
deltaT = 0.000681821
Time = 0.196591

PIMPLE: iteration 1
smoothSolver:  Solving for alpha.water, Initial residual = 0.002447, Final residual = 3.77796e-10, No Iterations 3
Phase-1 volume fraction = 0.421181  Min(alpha.water) = -9.90702e-09  Max(alpha.water) = 1
MULES: Correcting alpha.water
MULES: Correcting alpha.water
Phase-1 volume fraction = 0.421181  Min(alpha.water) = -3.50891e-06  Max(alpha.water) = 1
DICPCG:  Solving for p_rgh, Initial residual = 0.0103617, Final residual = 0.000214863, No Iterations 2
time step continuity errors : sum local = 0.000152529, global = -3.90436e-08, cumulative = 0.00235641
DICPCG:  Solving for p_rgh, Initial residual = 0.000272261, Final residual = 1.33155e-05, No Iterations 13
time step continuity errors : sum local = 9.40787e-06, global = -2.46621e-06, cumulative = 0.00235395
DICPCG:  Solving for p_rgh, Initial residual = 5.18396e-05, Final residual = 9.15422e-08, No Iterations 35
time step continuity errors : sum local = 6.46666e-08, global = 3.23591e-09, cumulative = 0.00235395
ExecutionTime = 2.48 s  ClockTime = 6 s

Courant Number mean: 0.101858 max: 0.508593
Interface Courant Number mean: 0.0131985 max: 0.490312
deltaT = 0.000681821
Time = 0.197273

PIMPLE: iteration 1
smoothSolver:  Solving for alpha.water, Initial residual = 0.00246607, Final residual = 4.08343e-10, No Iterations 3
Phase-1 volume fraction = 0.421181  Min(alpha.water) = -9.68357e-09  Max(alpha.water) = 1
MULES: Correcting alpha.water
MULES: Correcting alpha.water
Phase-1 volume fraction = 0.421181  Min(alpha.water) = -3.5706e-06  Max(alpha.water) = 1.00002
DICPCG:  Solving for p_rgh, Initial residual = 0.0105368, Final residual = 0.000223321, No Iterations 2
time step continuity errors : sum local = 0.000157214, global = 2.69781e-08, cumulative = 0.00235398
DICPCG:  Solving for p_rgh, Initial residual = 0.000283709, Final residual = 1.21613e-05, No Iterations 9
time step continuity errors : sum local = 8.52923e-06, global = 4.45923e-07, cumulative = 0.00235442
DICPCG:  Solving for p_rgh, Initial residual = 5.17992e-05, Final residual = 9.31051e-08, No Iterations 35
time step continuity errors : sum local = 6.52888e-08, global = 5.07372e-09, cumulative = 0.00235443
ExecutionTime = 2.49 s  ClockTime = 6 s

Courant Number mean: 0.102134 max: 0.509527
Interface Courant Number mean: 0.013207 max: 0.476377
deltaT = 0.000681821
Time = 0.197955

PIMPLE: iteration 1
smoothSolver:  Solving for alpha.water, Initial residual = 0.00246507, Final residual = 4.17358e-10, No Iterations 3
Phase-1 volume fraction = 0.421181  Min(alpha.water) = -9.46342e-09  Max(alpha.water) = 1
MULES: Correcting alpha.water
MULES: Correcting alpha.water
Phase-1 volume fraction = 0.421181  Min(alpha.water) = -3.54029e-06  Max(alpha.water) = 1.00001
DICPCG:  Solving for p_rgh, Initial residual = 0.00989844, Final residual = 0.000222814, No Iterations 2
time step continuity errors : sum local = 0.000155551, global = -1.31693e-07, cumulative = 0.00235429
DICPCG:  Solving for p_rgh, Initial residual = 0.000284612, Final residual = 1.32288e-05, No Iterations 11
time step continuity errors : sum local = 9.20099e-06, global = -1.91186e-06, cumulative = 0.00235238
DICPCG:  Solving for p_rgh, Initial residual = 5.27145e-05, Final residual = 9.18734e-08, No Iterations 33
time step continuity errors : sum local = 6.39068e-08, global = 2.03312e-09, cumulative = 0.00235238
ExecutionTime = 2.5 s  ClockTime = 6 s

Courant Number mean: 0.102429 max: 0.508911
Interface Courant Number mean: 0.0133339 max: 0.483628
deltaT = 0.000681821
Time = 0.198636

PIMPLE: iteration 1
smoothSolver:  Solving for alpha.water, Initial residual = 0.00244968, Final residual = 4.14471e-10, No Iterations 3
Phase-1 volume fraction = 0.421181  Min(alpha.water) = -9.24658e-09  Max(alpha.water) = 1
MULES: Correcting alpha.water
MULES: Correcting alpha.water
Phase-1 volume fraction = 0.421181  Min(alpha.water) = -9.38793e-06  Max(alpha.water) = 1.00001
DICPCG:  Solving for p_rgh, Initial residual = 0.0103064, Final residual = 0.000239215, No Iterations 2
time step continuity errors : sum local = 0.00016598, global = -5.15364e-08, cumulative = 0.00235233
DICPCG:  Solving for p_rgh, Initial residual = 0.000301987, Final residual = 1.35143e-05, No Iterations 11
time step continuity errors : sum local = 9.3447e-06, global = -1.60729e-06, cumulative = 0.00235073
DICPCG:  Solving for p_rgh, Initial residual = 5.54956e-05, Final residual = 8.50721e-08, No Iterations 35
time step continuity errors : sum local = 5.88276e-08, global = 3.51967e-09, cumulative = 0.00235073
ExecutionTime = 2.52 s  ClockTime = 6 s

Courant Number mean: 0.102711 max: 0.507012
Interface Courant Number mean: 0.0147681 max: 0.489669
deltaT = 0.000681821
Time = 0.199318

PIMPLE: iteration 1
smoothSolver:  Solving for alpha.water, Initial residual = 0.00244492, Final residual = 3.94319e-10, No Iterations 3
Phase-1 volume fraction = 0.421181  Min(alpha.water) = -9.03317e-09  Max(alpha.water) = 1
MULES: Correcting alpha.water
MULES: Correcting alpha.water
Phase-1 volume fraction = 0.421181  Min(alpha.water) = -2.31704e-06  Max(alpha.water) = 1.00001
DICPCG:  Solving for p_rgh, Initial residual = 0.0103303, Final residual = 0.000245237, No Iterations 2
time step continuity errors : sum local = 0.000169619, global = -9.17154e-08, cumulative = 0.00235064
DICPCG:  Solving for p_rgh, Initial residual = 0.000304339, Final residual = 1.41555e-05, No Iterations 16
time step continuity errors : sum local = 9.76615e-06, global = -2.2299e-06, cumulative = 0.00234841
DICPCG:  Solving for p_rgh, Initial residual = 5.49225e-05, Final residual = 9.85682e-08, No Iterations 29
time step continuity errors : sum local = 6.80031e-08, global = -1.84018e-09, cumulative = 0.00234841
ExecutionTime = 2.53 s  ClockTime = 6 s

Courant Number mean: 0.10292 max: 0.508007
Interface Courant Number mean: 0.0143598 max: 0.492161
deltaT = 0.000681821
Time = 0.2

PIMPLE: iteration 1
smoothSolver:  Solving for alpha.water, Initial residual = 0.00243284, Final residual = 4.11375e-10, No Iterations 3
Phase-1 volume fraction = 0.421181  Min(alpha.water) = -8.82308e-09  Max(alpha.water) = 1
MULES: Correcting alpha.water
MULES: Correcting alpha.water
Phase-1 volume fraction = 0.421181  Min(alpha.water) = -5.7055e-06  Max(alpha.water) = 1
DICPCG:  Solving for p_rgh, Initial residual = 0.0100803, Final residual = 0.000247683, No Iterations 2
time step continuity errors : sum local = 0.000171858, global = 4.4642e-09, cumulative = 0.00234841
DICPCG:  Solving for p_rgh, Initial residual = 0.000313341, Final residual = 1.2699e-05, No Iterations 9
time step continuity errors : sum local = 8.78945e-06, global = 4.67708e-07, cumulative = 0.00234888
DICPCG:  Solving for p_rgh, Initial residual = 5.54783e-05, Final residual = 8.72495e-08, No Iterations 35
time step continuity errors : sum local = 6.03865e-08, global = 3.08107e-09, cumulative = 0.00234888
ExecutionTime = 2.56 s  ClockTime = 6 s

Courant Number mean: 0.103166 max: 0.508597
Interface Courant Number mean: 0.0135825 max: 0.477254
deltaT = 0.000666667
Time = 0.200667

PIMPLE: iteration 1
smoothSolver:  Solving for alpha.water, Initial residual = 0.00237047, Final residual = 3.71403e-10, No Iterations 3
Phase-1 volume fraction = 0.421181  Min(alpha.water) = -8.62115e-09  Max(alpha.water) = 1
MULES: Correcting alpha.water
MULES: Correcting alpha.water
Phase-1 volume fraction = 0.421181  Min(alpha.water) = -3.46561e-05  Max(alpha.water) = 1
DICPCG:  Solving for p_rgh, Initial residual = 0.0102361, Final residual = 0.000232699, No Iterations 2
time step continuity errors : sum local = 0.00015826, global = -4.42541e-08, cumulative = 0.00234884
DICPCG:  Solving for p_rgh, Initial residual = 0.000291704, Final residual = 1.29447e-05, No Iterations 11
time step continuity errors : sum local = 8.77508e-06, global = -1.67894e-06, cumulative = 0.00234716
DICPCG:  Solving for p_rgh, Initial residual = 5.37314e-05, Final residual = 8.87517e-08, No Iterations 34
time step continuity errors : sum local = 6.01635e-08, global = 1.09089e-09, cumulative = 0.00234716
ExecutionTime = 2.57 s  ClockTime = 6 s

Courant Number mean: 0.101105 max: 0.495732
Interface Courant Number mean: 0.0132803 max: 0.472534
deltaT = 0.000675799
Time = 0.201342

PIMPLE: iteration 1
smoothSolver:  Solving for alpha.water, Initial residual = 0.00238986, Final residual = 4.04686e-10, No Iterations 3
Phase-1 volume fraction = 0.421181  Min(alpha.water) = -8.42001e-09  Max(alpha.water) = 1
MULES: Correcting alpha.water
MULES: Correcting alpha.water
Phase-1 volume fraction = 0.421181  Min(alpha.water) = -2.27139e-05  Max(alpha.water) = 1.00001
DICPCG:  Solving for p_rgh, Initial residual = 0.0107852, Final residual = 0.000257012, No Iterations 2
time step continuity errors : sum local = 0.000177409, global = -2.37351e-07, cumulative = 0.00234692
DICPCG:  Solving for p_rgh, Initial residual = 0.000323408, Final residual = 1.50422e-05, No Iterations 10
time step continuity errors : sum local = 1.03471e-05, global = -1.52218e-06, cumulative = 0.0023454
DICPCG:  Solving for p_rgh, Initial residual = 5.96291e-05, Final residual = 7.99291e-08, No Iterations 35
time step continuity errors : sum local = 5.49901e-08, global = 1.82472e-09, cumulative = 0.0023454
ExecutionTime = 2.58 s  ClockTime = 6 s

Courant Number mean: 0.102734 max: 0.499344
Interface Courant Number mean: 0.0139279 max: 0.484945
deltaT = 0.000675799
Time = 0.202018

PIMPLE: iteration 1
smoothSolver:  Solving for alpha.water, Initial residual = 0.00238555, Final residual = 3.89224e-10, No Iterations 3
Phase-1 volume fraction = 0.421181  Min(alpha.water) = -8.22239e-09  Max(alpha.water) = 1
MULES: Correcting alpha.water
MULES: Correcting alpha.water
Phase-1 volume fraction = 0.421181  Min(alpha.water) = -2.10765e-05  Max(alpha.water) = 1.00001
DICPCG:  Solving for p_rgh, Initial residual = 0.0107777, Final residual = 0.000262664, No Iterations 2
time step continuity errors : sum local = 0.000179732, global = -3.55399e-07, cumulative = 0.00234505
DICPCG:  Solving for p_rgh, Initial residual = 0.000323146, Final residual = 1.49817e-05, No Iterations 13
time step continuity errors : sum local = 1.02216e-05, global = -2.57989e-06, cumulative = 0.00234247
DICPCG:  Solving for p_rgh, Initial residual = 5.80393e-05, Final residual = 9.65752e-08, No Iterations 34
time step continuity errors : sum local = 6.59126e-08, global = -5.60259e-10, cumulative = 0.00234247
ExecutionTime = 2.59 s  ClockTime = 6 s

Courant Number mean: 0.102907 max: 0.498897
Interface Courant Number mean: 0.0133408 max: 0.487425
deltaT = 0.000675799
Time = 0.202694

PIMPLE: iteration 1
smoothSolver:  Solving for alpha.water, Initial residual = 0.00237859, Final residual = 4.00484e-10, No Iterations 3
Phase-1 volume fraction = 0.421181  Min(alpha.water) = -8.0289e-09  Max(alpha.water) = 1
MULES: Correcting alpha.water
MULES: Correcting alpha.water
Phase-1 volume fraction = 0.421181  Min(alpha.water) = -3.86664e-05  Max(alpha.water) = 1.00001
DICPCG:  Solving for p_rgh, Initial residual = 0.0110386, Final residual = 0.000263824, No Iterations 2
time step continuity errors : sum local = 0.000179643, global = -3.60366e-07, cumulative = 0.00234211
DICPCG:  Solving for p_rgh, Initial residual = 0.000330161, Final residual = 1.59923e-05, No Iterations 9
time step continuity errors : sum local = 1.0864e-05, global = -1.05069e-06, cumulative = 0.00234105
DICPCG:  Solving for p_rgh, Initial residual = 6.03235e-05, Final residual = 7.56062e-08, No Iterations 35
time step continuity errors : sum local = 5.13689e-08, global = 1.57127e-09, cumulative = 0.00234106
ExecutionTime = 2.6 s  ClockTime = 6 s

Courant Number mean: 0.103095 max: 0.49912
Interface Courant Number mean: 0.0132799 max: 0.488484
deltaT = 0.000675799
Time = 0.20337

PIMPLE: iteration 1
smoothSolver:  Solving for alpha.water, Initial residual = 0.00236834, Final residual = 4.12963e-10, No Iterations 3
Phase-1 volume fraction = 0.421181  Min(alpha.water) = -7.83916e-09  Max(alpha.water) = 1
MULES: Correcting alpha.water
MULES: Correcting alpha.water
Phase-1 volume fraction = 0.421181  Min(alpha.water) = -2.21998e-05  Max(alpha.water) = 1.00001
DICPCG:  Solving for p_rgh, Initial residual = 0.0110382, Final residual = 0.000270751, No Iterations 2
time step continuity errors : sum local = 0.000184541, global = -7.91854e-07, cumulative = 0.00234026
DICPCG:  Solving for p_rgh, Initial residual = 0.000332208, Final residual = 1.52731e-05, No Iterations 10
time step continuity errors : sum local = 1.03775e-05, global = -1.79523e-06, cumulative = 0.00233847
DICPCG:  Solving for p_rgh, Initial residual = 6.02147e-05, Final residual = 7.27511e-08, No Iterations 35
time step continuity errors : sum local = 4.94347e-08, global = 8.79731e-10, cumulative = 0.00233847
ExecutionTime = 2.61 s  ClockTime = 6 s

Courant Number mean: 0.103291 max: 0.497674
Interface Courant Number mean: 0.0133297 max: 0.476574
deltaT = 0.000675799
Time = 0.204046

PIMPLE: iteration 1
smoothSolver:  Solving for alpha.water, Initial residual = 0.00237741, Final residual = 4.12698e-10, No Iterations 3
Phase-1 volume fraction = 0.421181  Min(alpha.water) = -7.65271e-09  Max(alpha.water) = 1
MULES: Correcting alpha.water
MULES: Correcting alpha.water
Phase-1 volume fraction = 0.421181  Min(alpha.water) = -2.63099e-05  Max(alpha.water) = 1
DICPCG:  Solving for p_rgh, Initial residual = 0.0110888, Final residual = 0.000287603, No Iterations 2
time step continuity errors : sum local = 0.00019449, global = -1.43132e-06, cumulative = 0.00233704
DICPCG:  Solving for p_rgh, Initial residual = 0.000350802, Final residual = 1.51491e-05, No Iterations 12
time step continuity errors : sum local = 1.02128e-05, global = -2.24148e-06, cumulative = 0.0023348
DICPCG:  Solving for p_rgh, Initial residual = 6.24777e-05, Final residual = 9.95046e-08, No Iterations 34
time step continuity errors : sum local = 6.70745e-08, global = -3.45116e-09, cumulative = 0.00233479
ExecutionTime = 2.62 s  ClockTime = 6 s

Courant Number mean: 0.103453 max: 0.498083
Interface Courant Number mean: 0.0138351 max: 0.482507
deltaT = 0.000675799
Time = 0.204721

PIMPLE: iteration 1
smoothSolver:  Solving for alpha.water, Initial residual = 0.00238534, Final residual = 4.05376e-10, No Iterations 3
Phase-1 volume fraction = 0.421181  Min(alpha.water) = -7.47498e-09  Max(alpha.water) = 1
MULES: Correcting alpha.water
MULES: Correcting alpha.water
Phase-1 volume fraction = 0.421181  Min(alpha.water) = -2.98924e-05  Max(alpha.water) = 1
DICPCG:  Solving for p_rgh, Initial residual = 0.0109312, Final residual = 0.000303012, No Iterations 2
time step continuity errors : sum local = 0.000203157, global = -1.47521e-06, cumulative = 0.00233332
DICPCG:  Solving for p_rgh, Initial residual = 0.000364028, Final residual = 1.66563e-05, No Iterations 12
time step continuity errors : sum local = 1.11356e-05, global = -2.51839e-06, cumulative = 0.0023308
DICPCG:  Solving for p_rgh, Initial residual = 6.30981e-05, Final residual = 7.16292e-08, No Iterations 35
time step continuity errors : sum local = 4.7879e-08, global = -1.66143e-09, cumulative = 0.0023308
ExecutionTime = 2.63 s  ClockTime = 6 s

Courant Number mean: 0.103592 max: 0.496897
Interface Courant Number mean: 0.0139874 max: 0.485136
deltaT = 0.000675799
Time = 0.205397

PIMPLE: iteration 1
smoothSolver:  Solving for alpha.water, Initial residual = 0.00239008, Final residual = 4.12904e-10, No Iterations 3
Phase-1 volume fraction = 0.421181  Min(alpha.water) = -7.34805e-09  Max(alpha.water) = 1
MULES: Correcting alpha.water
MULES: Correcting alpha.water
Phase-1 volume fraction = 0.421181  Min(alpha.water) = -3.29804e-05  Max(alpha.water) = 1
DICPCG:  Solving for p_rgh, Initial residual = 0.0111618, Final residual = 0.000309108, No Iterations 2
time step continuity errors : sum local = 0.000205963, global = -1.43927e-06, cumulative = 0.00232936
DICPCG:  Solving for p_rgh, Initial residual = 0.000371399, Final residual = 1.64344e-05, No Iterations 10
time step continuity errors : sum local = 1.09287e-05, global = -1.42571e-06, cumulative = 0.00232793
DICPCG:  Solving for p_rgh, Initial residual = 6.36544e-05, Final residual = 7.91272e-08, No Iterations 35
time step continuity errors : sum local = 5.26084e-08, global = -1.35584e-09, cumulative = 0.00232793
ExecutionTime = 2.64 s  ClockTime = 6 s

Courant Number mean: 0.103755 max: 0.492846
Interface Courant Number mean: 0.0133295 max: 0.486411
deltaT = 0.000686196
Time = 0.206083

PIMPLE: iteration 1
smoothSolver:  Solving for alpha.water, Initial residual = 0.00242695, Final residual = 4.81297e-10, No Iterations 3
Phase-1 volume fraction = 0.421181  Min(alpha.water) = -7.2206e-09  Max(alpha.water) = 1
MULES: Correcting alpha.water
MULES: Correcting alpha.water
Phase-1 volume fraction = 0.421181  Min(alpha.water) = -4.54115e-05  Max(alpha.water) = 1
DICPCG:  Solving for p_rgh, Initial residual = 0.0108945, Final residual = 0.000318419, No Iterations 2
time step continuity errors : sum local = 0.000217126, global = -1.77314e-06, cumulative = 0.00232616
DICPCG:  Solving for p_rgh, Initial residual = 0.000385697, Final residual = 1.8501e-05, No Iterations 8
time step continuity errors : sum local = 1.25943e-05, global = 1.15188e-06, cumulative = 0.00232731
DICPCG:  Solving for p_rgh, Initial residual = 6.52678e-05, Final residual = 7.53237e-08, No Iterations 36
time step continuity errors : sum local = 5.12553e-08, global = 2.63192e-09, cumulative = 0.00232731
ExecutionTime = 2.65 s  ClockTime = 6 s

Courant Number mean: 0.105617 max: 0.503899
Interface Courant Number mean: 0.0137233 max: 0.479706
deltaT = 0.000686196
Time = 0.20677

PIMPLE: iteration 1
smoothSolver:  Solving for alpha.water, Initial residual = 0.00242584, Final residual = 4.61459e-10, No Iterations 3
Phase-1 volume fraction = 0.421181  Min(alpha.water) = -7.09434e-09  Max(alpha.water) = 1
MULES: Correcting alpha.water
MULES: Correcting alpha.water
Phase-1 volume fraction = 0.421181  Min(alpha.water) = -3.93481e-05  Max(alpha.water) = 1.00002
DICPCG:  Solving for p_rgh, Initial residual = 0.0111975, Final residual = 0.000308157, No Iterations 2
time step continuity errors : sum local = 0.000217563, global = -2.30524e-06, cumulative = 0.00232501
DICPCG:  Solving for p_rgh, Initial residual = 0.000368217, Final residual = 1.65823e-05, No Iterations 19
time step continuity errors : sum local = 1.16744e-05, global = -3.20703e-06, cumulative = 0.0023218
DICPCG:  Solving for p_rgh, Initial residual = 6.72725e-05, Final residual = 7.50194e-08, No Iterations 33
time step continuity errors : sum local = 5.27827e-08, global = 2.25476e-09, cumulative = 0.0023218
ExecutionTime = 2.67 s  ClockTime = 6 s

Courant Number mean: 0.105765 max: 0.506876
Interface Courant Number mean: 0.0143304 max: 0.485354
deltaT = 0.000675474
Time = 0.207445

PIMPLE: iteration 1
smoothSolver:  Solving for alpha.water, Initial residual = 0.0023954, Final residual = 4.20862e-10, No Iterations 3
Phase-1 volume fraction = 0.421181  Min(alpha.water) = -6.97072e-09  Max(alpha.water) = 1
MULES: Correcting alpha.water
MULES: Correcting alpha.water
Phase-1 volume fraction = 0.421181  Min(alpha.water) = -3.52931e-05  Max(alpha.water) = 1.00001
DICPCG:  Solving for p_rgh, Initial residual = 0.0114727, Final residual = 0.000305742, No Iterations 2
time step continuity errors : sum local = 0.000212127, global = -2.14925e-06, cumulative = 0.00231965
DICPCG:  Solving for p_rgh, Initial residual = 0.000363698, Final residual = 1.81592e-05, No Iterations 12
time step continuity errors : sum local = 1.25591e-05, global = -3.13578e-06, cumulative = 0.00231652
DICPCG:  Solving for p_rgh, Initial residual = 6.64313e-05, Final residual = 7.73663e-08, No Iterations 35
time step continuity errors : sum local = 5.34835e-08, global = -2.94915e-09, cumulative = 0.00231652
ExecutionTime = 2.68 s  ClockTime = 6 s

Courant Number mean: 0.104213 max: 0.49863
Interface Courant Number mean: 0.0140043 max: 0.480697
deltaT = 0.000675474
Time = 0.208121

PIMPLE: iteration 1
smoothSolver:  Solving for alpha.water, Initial residual = 0.00239583, Final residual = 4.23314e-10, No Iterations 3
Phase-1 volume fraction = 0.421181  Min(alpha.water) = -6.84829e-09  Max(alpha.water) = 1
MULES: Correcting alpha.water
MULES: Correcting alpha.water
Phase-1 volume fraction = 0.421181  Min(alpha.water) = -3.26395e-05  Max(alpha.water) = 1
DICPCG:  Solving for p_rgh, Initial residual = 0.0118558, Final residual = 0.000311914, No Iterations 2
time step continuity errors : sum local = 0.000217617, global = -2.30879e-06, cumulative = 0.00231421
DICPCG:  Solving for p_rgh, Initial residual = 0.00037058, Final residual = 1.65793e-05, No Iterations 11
time step continuity errors : sum local = 1.15283e-05, global = -1.95813e-06, cumulative = 0.00231225
DICPCG:  Solving for p_rgh, Initial residual = 6.35962e-05, Final residual = 7.55725e-08, No Iterations 35
time step continuity errors : sum local = 5.2512e-08, global = -1.82028e-09, cumulative = 0.00231225
ExecutionTime = 2.69 s  ClockTime = 6 s

Courant Number mean: 0.104297 max: 0.494667
Interface Courant Number mean: 0.0137035 max: 0.482036
deltaT = 0.000686548
Time = 0.208807

PIMPLE: iteration 1
smoothSolver:  Solving for alpha.water, Initial residual = 0.0024261, Final residual = 4.98941e-10, No Iterations 3
Phase-1 volume fraction = 0.421181  Min(alpha.water) = -6.72549e-09  Max(alpha.water) = 1
MULES: Correcting alpha.water
MULES: Correcting alpha.water
Phase-1 volume fraction = 0.421181  Min(alpha.water) = -3.13303e-05  Max(alpha.water) = 1
DICPCG:  Solving for p_rgh, Initial residual = 0.0122118, Final residual = 0.000329609, No Iterations 2
time step continuity errors : sum local = 0.000234917, global = -2.70682e-06, cumulative = 0.00230954
DICPCG:  Solving for p_rgh, Initial residual = 0.000398288, Final residual = 1.90827e-05, No Iterations 8
time step continuity errors : sum local = 1.35604e-05, global = 1.97471e-06, cumulative = 0.00231151
DICPCG:  Solving for p_rgh, Initial residual = 6.8468e-05, Final residual = 8.59841e-08, No Iterations 34
time step continuity errors : sum local = 6.10914e-08, global = 1.30532e-09, cumulative = 0.00231152
ExecutionTime = 2.7 s  ClockTime = 6 s

Courant Number mean: 0.106217 max: 0.503306
Interface Courant Number mean: 0.0138831 max: 0.474633
deltaT = 0.000686548
Time = 0.209494

PIMPLE: iteration 1
smoothSolver:  Solving for alpha.water, Initial residual = 0.00241104, Final residual = 4.79254e-10, No Iterations 3
Phase-1 volume fraction = 0.421181  Min(alpha.water) = -6.60464e-09  Max(alpha.water) = 1
MULES: Correcting alpha.water
MULES: Correcting alpha.water
Phase-1 volume fraction = 0.421181  Min(alpha.water) = -2.88329e-05  Max(alpha.water) = 1.00001
DICPCG:  Solving for p_rgh, Initial residual = 0.0118351, Final residual = 0.000330968, No Iterations 2
time step continuity errors : sum local = 0.000233528, global = -3.89915e-06, cumulative = 0.00230762
DICPCG:  Solving for p_rgh, Initial residual = 0.000395348, Final residual = 1.93051e-05, No Iterations 19
time step continuity errors : sum local = 1.3582e-05, global = -3.73742e-06, cumulative = 0.00230388
DICPCG:  Solving for p_rgh, Initial residual = 7.16906e-05, Final residual = 9.67737e-08, No Iterations 33
time step continuity errors : sum local = 6.80597e-08, global = 2.563e-09, cumulative = 0.00230388
ExecutionTime = 2.71 s  ClockTime = 6 s

Courant Number mean: 0.10631 max: 0.506216
Interface Courant Number mean: 0.0143632 max: 0.479626
deltaT = 0.000675105
Time = 0.210169

PIMPLE: iteration 1
smoothSolver:  Solving for alpha.water, Initial residual = 0.00238611, Final residual = 4.31753e-10, No Iterations 3
Phase-1 volume fraction = 0.421181  Min(alpha.water) = -6.48694e-09  Max(alpha.water) = 1
MULES: Correcting alpha.water
MULES: Correcting alpha.water
Phase-1 volume fraction = 0.421181  Min(alpha.water) = -2.53688e-05  Max(alpha.water) = 1.00001
DICPCG:  Solving for p_rgh, Initial residual = 0.011892, Final residual = 0.000337685, No Iterations 2
time step continuity errors : sum local = 0.000228664, global = -3.33866e-06, cumulative = 0.00230054
DICPCG:  Solving for p_rgh, Initial residual = 0.000406706, Final residual = 1.91743e-05, No Iterations 11
time step continuity errors : sum local = 1.29506e-05, global = -2.53034e-06, cumulative = 0.00229801
DICPCG:  Solving for p_rgh, Initial residual = 7.08076e-05, Final residual = 7.63025e-08, No Iterations 35
time step continuity errors : sum local = 5.15173e-08, global = -3.21631e-09, cumulative = 0.00229801
ExecutionTime = 2.72 s  ClockTime = 6 s

Courant Number mean: 0.1046 max: 0.497915
Interface Courant Number mean: 0.0139667 max: 0.474879
deltaT = 0.000675105
Time = 0.210844

PIMPLE: iteration 1
smoothSolver:  Solving for alpha.water, Initial residual = 0.0024048, Final residual = 4.27767e-10, No Iterations 3
Phase-1 volume fraction = 0.421181  Min(alpha.water) = -6.37093e-09  Max(alpha.water) = 1
MULES: Correcting alpha.water
MULES: Correcting alpha.water
Phase-1 volume fraction = 0.421181  Min(alpha.water) = -2.33028e-05  Max(alpha.water) = 1.00001
DICPCG:  Solving for p_rgh, Initial residual = 0.0117964, Final residual = 0.000352961, No Iterations 2
time step continuity errors : sum local = 0.00023658, global = -4.07046e-06, cumulative = 0.00229394
DICPCG:  Solving for p_rgh, Initial residual = 0.000414378, Final residual = 1.95271e-05, No Iterations 11
time step continuity errors : sum local = 1.30651e-05, global = -2.99827e-06, cumulative = 0.00229094
DICPCG:  Solving for p_rgh, Initial residual = 7.13899e-05, Final residual = 6.90674e-08, No Iterations 35
time step continuity errors : sum local = 4.61953e-08, global = -2.73659e-09, cumulative = 0.00229094
ExecutionTime = 2.73 s  ClockTime = 6 s

Courant Number mean: 0.10464 max: 0.495728
Interface Courant Number mean: 0.014124 max: 0.476233
deltaT = 0.000675105
Time = 0.211519

PIMPLE: iteration 1
smoothSolver:  Solving for alpha.water, Initial residual = 0.00240669, Final residual = 4.53447e-10, No Iterations 3
Phase-1 volume fraction = 0.421181  Min(alpha.water) = -6.2565e-09  Max(alpha.water) = 1
MULES: Correcting alpha.water
MULES: Correcting alpha.water
Phase-1 volume fraction = 0.421181  Min(alpha.water) = -2.13497e-05  Max(alpha.water) = 1.00001
DICPCG:  Solving for p_rgh, Initial residual = 0.0118882, Final residual = 0.000371404, No Iterations 2
time step continuity errors : sum local = 0.00024658, global = -4.61727e-06, cumulative = 0.00228632
DICPCG:  Solving for p_rgh, Initial residual = 0.000442992, Final residual = 2.13215e-05, No Iterations 8
time step continuity errors : sum local = 1.41386e-05, global = -4.56927e-07, cumulative = 0.00228586
DICPCG:  Solving for p_rgh, Initial residual = 7.47307e-05, Final residual = 8.13738e-08, No Iterations 35
time step continuity errors : sum local = 5.39491e-08, global = 2.39482e-09, cumulative = 0.00228587
ExecutionTime = 2.74 s  ClockTime = 6 s

Courant Number mean: 0.104779 max: 0.491779
Interface Courant Number mean: 0.0142273 max: 0.476579
deltaT = 0.000687161
Time = 0.212206

PIMPLE: iteration 1
smoothSolver:  Solving for alpha.water, Initial residual = 0.00242751, Final residual = 5.04016e-10, No Iterations 3
Phase-1 volume fraction = 0.421181  Min(alpha.water) = -6.14156e-09  Max(alpha.water) = 1
MULES: Correcting alpha.water
MULES: Correcting alpha.water
Phase-1 volume fraction = 0.421181  Min(alpha.water) = -2.05135e-05  Max(alpha.water) = 1.00002
DICPCG:  Solving for p_rgh, Initial residual = 0.0114773, Final residual = 0.000383157, No Iterations 2
time step continuity errors : sum local = 0.000259652, global = -6.0862e-06, cumulative = 0.00227978
DICPCG:  Solving for p_rgh, Initial residual = 0.000454573, Final residual = 2.04686e-05, No Iterations 16
time step continuity errors : sum local = 1.38535e-05, global = -3.26741e-06, cumulative = 0.00227651
DICPCG:  Solving for p_rgh, Initial residual = 7.81502e-05, Final residual = 9.29091e-08, No Iterations 33
time step continuity errors : sum local = 6.28526e-08, global = 9.31682e-10, cumulative = 0.00227651
ExecutionTime = 2.75 s  ClockTime = 6 s

Courant Number mean: 0.106712 max: 0.504643
Interface Courant Number mean: 0.0146933 max: 0.474068
deltaT = 0.00067489
Time = 0.212881

PIMPLE: iteration 1
smoothSolver:  Solving for alpha.water, Initial residual = 0.00236868, Final residual = 4.45679e-10, No Iterations 3
Phase-1 volume fraction = 0.421181  Min(alpha.water) = -6.02386e-09  Max(alpha.water) = 1
MULES: Correcting alpha.water
MULES: Correcting alpha.water
Phase-1 volume fraction = 0.421181  Min(alpha.water) = -1.77746e-05  Max(alpha.water) = 1.00001
DICPCG:  Solving for p_rgh, Initial residual = 0.0115002, Final residual = 0.000385847, No Iterations 2
time step continuity errors : sum local = 0.000251715, global = -5.79668e-06, cumulative = 0.00227072
DICPCG:  Solving for p_rgh, Initial residual = 0.000456995, Final residual = 2.17282e-05, No Iterations 11
time step continuity errors : sum local = 1.41637e-05, global = -2.9877e-06, cumulative = 0.00226773
DICPCG:  Solving for p_rgh, Initial residual = 7.69607e-05, Final residual = 7.68529e-08, No Iterations 35
time step continuity errors : sum local = 5.00837e-08, global = -1.92609e-09, cumulative = 0.00226773
ExecutionTime = 2.76 s  ClockTime = 6 s

Courant Number mean: 0.10482 max: 0.497124
Interface Courant Number mean: 0.0143129 max: 0.467944
deltaT = 0.00067489
Time = 0.213556

PIMPLE: iteration 1
smoothSolver:  Solving for alpha.water, Initial residual = 0.00235601, Final residual = 4.26807e-10, No Iterations 3
Phase-1 volume fraction = 0.421181  Min(alpha.water) = -5.90754e-09  Max(alpha.water) = 1
MULES: Correcting alpha.water
MULES: Correcting alpha.water
Phase-1 volume fraction = 0.421181  Min(alpha.water) = -1.62198e-05  Max(alpha.water) = 1.00001
DICPCG:  Solving for p_rgh, Initial residual = 0.0114661, Final residual = 0.000384846, No Iterations 2
time step continuity errors : sum local = 0.000250824, global = -6.00723e-06, cumulative = 0.00226172
DICPCG:  Solving for p_rgh, Initial residual = 0.000450021, Final residual = 2.18581e-05, No Iterations 10
time step continuity errors : sum local = 1.42486e-05, global = -2.14525e-06, cumulative = 0.00225958
DICPCG:  Solving for p_rgh, Initial residual = 7.67563e-05, Final residual = 9.47403e-08, No Iterations 35
time step continuity errors : sum local = 6.17443e-08, global = -4.31217e-09, cumulative = 0.00225957
ExecutionTime = 2.77 s  ClockTime = 6 s

Courant Number mean: 0.104829 max: 0.496074
Interface Courant Number mean: 0.0144617 max: 0.469441
deltaT = 0.00067489
Time = 0.214231

PIMPLE: iteration 1
smoothSolver:  Solving for alpha.water, Initial residual = 0.00235992, Final residual = 4.4056e-10, No Iterations 3
Phase-1 volume fraction = 0.421181  Min(alpha.water) = -5.7939e-09  Max(alpha.water) = 1
MULES: Correcting alpha.water
MULES: Correcting alpha.water
Phase-1 volume fraction = 0.421181  Min(alpha.water) = -1.47692e-05  Max(alpha.water) = 1
DICPCG:  Solving for p_rgh, Initial residual = 0.0121733, Final residual = 0.000384726, No Iterations 2
time step continuity errors : sum local = 0.000253891, global = -7.26421e-06, cumulative = 0.00225231
DICPCG:  Solving for p_rgh, Initial residual = 0.000453008, Final residual = 2.24648e-05, No Iterations 9
time step continuity errors : sum local = 1.48161e-05, global = -7.83638e-07, cumulative = 0.00225152
DICPCG:  Solving for p_rgh, Initial residual = 7.84917e-05, Final residual = 5.86317e-08, No Iterations 36
time step continuity errors : sum local = 3.86612e-08, global = -1.58976e-09, cumulative = 0.00225152
ExecutionTime = 2.78 s  ClockTime = 6 s

Courant Number mean: 0.104885 max: 0.49332
Interface Courant Number mean: 0.0147491 max: 0.469544
deltaT = 0.000687868
Time = 0.214919

PIMPLE: iteration 1
smoothSolver:  Solving for alpha.water, Initial residual = 0.00238381, Final residual = 4.98689e-10, No Iterations 3
Phase-1 volume fraction = 0.421181  Min(alpha.water) = -5.6812e-09  Max(alpha.water) = 1
MULES: Correcting alpha.water
MULES: Correcting alpha.water
Phase-1 volume fraction = 0.421181  Min(alpha.water) = -6.76248e-05  Max(alpha.water) = 1
DICPCG:  Solving for p_rgh, Initial residual = 0.0127155, Final residual = 0.000392968, No Iterations 2
time step continuity errors : sum local = 0.000271629, global = -9.63274e-06, cumulative = 0.00224189
DICPCG:  Solving for p_rgh, Initial residual = 0.000465294, Final residual = 2.31366e-05, No Iterations 11
time step continuity errors : sum local = 1.5977e-05, global = -3.83423e-06, cumulative = 0.00223805
DICPCG:  Solving for p_rgh, Initial residual = 8.08489e-05, Final residual = 9.00932e-08, No Iterations 33
time step continuity errors : sum local = 6.21869e-08, global = 5.4635e-09, cumulative = 0.00223806
ExecutionTime = 2.8 s  ClockTime = 6 s

Courant Number mean: 0.106934 max: 0.500368
Interface Courant Number mean: 0.0146572 max: 0.47831
deltaT = 0.000687868
Time = 0.215607

PIMPLE: iteration 1
smoothSolver:  Solving for alpha.water, Initial residual = 0.0023801, Final residual = 4.90314e-10, No Iterations 3
Phase-1 volume fraction = 0.421181  Min(alpha.water) = -2.95418e-08  Max(alpha.water) = 1
MULES: Correcting alpha.water
MULES: Correcting alpha.water
Phase-1 volume fraction = 0.421181  Min(alpha.water) = -2.8684e-05  Max(alpha.water) = 1
DICPCG:  Solving for p_rgh, Initial residual = 0.0124063, Final residual = 0.000404025, No Iterations 2
time step continuity errors : sum local = 0.000277328, global = -9.72232e-06, cumulative = 0.00222834
DICPCG:  Solving for p_rgh, Initial residual = 0.0004802, Final residual = 2.06795e-05, No Iterations 10
time step continuity errors : sum local = 1.41791e-05, global = -2.34657e-06, cumulative = 0.00222599
DICPCG:  Solving for p_rgh, Initial residual = 8.05631e-05, Final residual = 6.00886e-08, No Iterations 36
time step continuity errors : sum local = 4.11882e-08, global = -1.72184e-09, cumulative = 0.00222599
ExecutionTime = 2.8 s  ClockTime = 7 s

Courant Number mean: 0.106957 max: 0.505127
Interface Courant Number mean: 0.0146632 max: 0.481009
deltaT = 0.000674381
Time = 0.216281

PIMPLE: iteration 1
smoothSolver:  Solving for alpha.water, Initial residual = 0.00233011, Final residual = 4.20676e-10, No Iterations 3
Phase-1 volume fraction = 0.421181  Min(alpha.water) = -2.77491e-08  Max(alpha.water) = 1
MULES: Correcting alpha.water
MULES: Correcting alpha.water
Phase-1 volume fraction = 0.421181  Min(alpha.water) = -2.92106e-05  Max(alpha.water) = 1
DICPCG:  Solving for p_rgh, Initial residual = 0.0124186, Final residual = 0.000381648, No Iterations 2
time step continuity errors : sum local = 0.000260399, global = -1.0424e-05, cumulative = 0.00221557
DICPCG:  Solving for p_rgh, Initial residual = 0.000455337, Final residual = 1.95128e-05, No Iterations 11
time step continuity errors : sum local = 1.32901e-05, global = -2.45486e-06, cumulative = 0.00221311
DICPCG:  Solving for p_rgh, Initial residual = 7.46399e-05, Final residual = 7.0618e-08, No Iterations 35
time step continuity errors : sum local = 4.80863e-08, global = -2.6294e-10, cumulative = 0.00221311
ExecutionTime = 2.81 s  ClockTime = 7 s

Courant Number mean: 0.10482 max: 0.495366
Interface Courant Number mean: 0.0143279 max: 0.461909
deltaT = 0.000674381
Time = 0.216955

PIMPLE: iteration 1
smoothSolver:  Solving for alpha.water, Initial residual = 0.00233668, Final residual = 4.17383e-10, No Iterations 3
Phase-1 volume fraction = 0.421181  Min(alpha.water) = -2.60337e-08  Max(alpha.water) = 1
MULES: Correcting alpha.water
MULES: Correcting alpha.water
Phase-1 volume fraction = 0.421181  Min(alpha.water) = -1.86266e-05  Max(alpha.water) = 1
DICPCG:  Solving for p_rgh, Initial residual = 0.0128943, Final residual = 0.000395551, No Iterations 2
time step continuity errors : sum local = 0.000269122, global = -1.12946e-05, cumulative = 0.00220182
DICPCG:  Solving for p_rgh, Initial residual = 0.000463034, Final residual = 2.13196e-05, No Iterations 10
time step continuity errors : sum local = 1.44834e-05, global = -2.0219e-06, cumulative = 0.00219979
DICPCG:  Solving for p_rgh, Initial residual = 7.70003e-05, Final residual = 9.57021e-08, No Iterations 35
time step continuity errors : sum local = 6.50041e-08, global = -1.59088e-09, cumulative = 0.00219979
ExecutionTime = 2.82 s  ClockTime = 7 s

Courant Number mean: 0.104801 max: 0.494646
Interface Courant Number mean: 0.014986 max: 0.465606
deltaT = 0.00068843
Time = 0.217644

PIMPLE: iteration 1
smoothSolver:  Solving for alpha.water, Initial residual = 0.00238673, Final residual = 4.69433e-10, No Iterations 3
Phase-1 volume fraction = 0.42118  Min(alpha.water) = -2.43626e-08  Max(alpha.water) = 1
MULES: Correcting alpha.water
MULES: Correcting alpha.water
Phase-1 volume fraction = 0.42118  Min(alpha.water) = -1.66569e-05  Max(alpha.water) = 1.00001
DICPCG:  Solving for p_rgh, Initial residual = 0.0133355, Final residual = 0.000431761, No Iterations 2
time step continuity errors : sum local = 0.000301207, global = -1.26997e-05, cumulative = 0.00218709
DICPCG:  Solving for p_rgh, Initial residual = 0.000502165, Final residual = 2.20668e-05, No Iterations 10
time step continuity errors : sum local = 1.53751e-05, global = -2.31534e-06, cumulative = 0.00218478
DICPCG:  Solving for p_rgh, Initial residual = 8.35795e-05, Final residual = 6.66236e-08, No Iterations 36
time step continuity errors : sum local = 4.64123e-08, global = -2.81898e-09, cumulative = 0.00218477
ExecutionTime = 2.83 s  ClockTime = 7 s

Courant Number mean: 0.107005 max: 0.502909
Interface Courant Number mean: 0.0147278 max: 0.479939
deltaT = 0.00068843
Time = 0.218332

PIMPLE: iteration 1
smoothSolver:  Solving for alpha.water, Initial residual = 0.00238997, Final residual = 4.63287e-10, No Iterations 3
Phase-1 volume fraction = 0.42118  Min(alpha.water) = -2.27682e-08  Max(alpha.water) = 1
MULES: Correcting alpha.water
MULES: Correcting alpha.water
Phase-1 volume fraction = 0.42118  Min(alpha.water) = -6.33783e-05  Max(alpha.water) = 1.00001
DICPCG:  Solving for p_rgh, Initial residual = 0.0129278, Final residual = 0.000438741, No Iterations 2
time step continuity errors : sum local = 0.000302005, global = -1.4671e-05, cumulative = 0.0021701
DICPCG:  Solving for p_rgh, Initial residual = 0.00051364, Final residual = 2.4834e-05, No Iterations 10
time step continuity errors : sum local = 1.70769e-05, global = -3.08787e-06, cumulative = 0.00216702
DICPCG:  Solving for p_rgh, Initial residual = 8.73907e-05, Final residual = 6.0979e-08, No Iterations 36
time step continuity errors : sum local = 4.19289e-08, global = -2.72529e-09, cumulative = 0.00216701
ExecutionTime = 2.84 s  ClockTime = 7 s

Courant Number mean: 0.106999 max: 0.499602
Interface Courant Number mean: 0.0144003 max: 0.483067
deltaT = 0.00068843
Time = 0.219021

PIMPLE: iteration 1
smoothSolver:  Solving for alpha.water, Initial residual = 0.00238775, Final residual = 4.30797e-10, No Iterations 3
Phase-1 volume fraction = 0.42118  Min(alpha.water) = -2.12477e-08  Max(alpha.water) = 1
MULES: Correcting alpha.water
MULES: Correcting alpha.water
Phase-1 volume fraction = 0.42118  Min(alpha.water) = -4.29512e-05  Max(alpha.water) = 1.00001
DICPCG:  Solving for p_rgh, Initial residual = 0.01286, Final residual = 0.000433519, No Iterations 2
time step continuity errors : sum local = 0.000294969, global = -1.62823e-05, cumulative = 0.00215073
DICPCG:  Solving for p_rgh, Initial residual = 0.000506238, Final residual = 2.45978e-05, No Iterations 12
time step continuity errors : sum local = 1.67334e-05, global = -3.77186e-06, cumulative = 0.00214696
DICPCG:  Solving for p_rgh, Initial residual = 8.79333e-05, Final residual = 9.75379e-08, No Iterations 35
time step continuity errors : sum local = 6.63641e-08, global = 1.99249e-09, cumulative = 0.00214696
ExecutionTime = 2.85 s  ClockTime = 7 s

Courant Number mean: 0.106878 max: 0.504004
Interface Courant Number mean: 0.0142364 max: 0.468422
deltaT = 0.00068843
Time = 0.219709

PIMPLE: iteration 1
smoothSolver:  Solving for alpha.water, Initial residual = 0.00240007, Final residual = 4.11844e-10, No Iterations 3
Phase-1 volume fraction = 0.421179  Min(alpha.water) = -1.98045e-08  Max(alpha.water) = 1
MULES: Correcting alpha.water
MULES: Correcting alpha.water
Phase-1 volume fraction = 0.421179  Min(alpha.water) = -3.517e-05  Max(alpha.water) = 1.00001
DICPCG:  Solving for p_rgh, Initial residual = 0.0127195, Final residual = 0.000447047, No Iterations 2
time step continuity errors : sum local = 0.000301253, global = -1.462e-05, cumulative = 0.00213234
DICPCG:  Solving for p_rgh, Initial residual = 0.000514082, Final residual = 2.21634e-05, No Iterations 10
time step continuity errors : sum local = 1.49337e-05, global = -1.63997e-06, cumulative = 0.0021307
DICPCG:  Solving for p_rgh, Initial residual = 8.58381e-05, Final residual = 9.43637e-08, No Iterations 35
time step continuity errors : sum local = 6.35713e-08, global = 2.36264e-10, cumulative = 0.0021307
ExecutionTime = 2.86 s  ClockTime = 7 s

Courant Number mean: 0.10682 max: 0.505776
Interface Courant Number mean: 0.0147088 max: 0.474356
deltaT = 0.000673132
Time = 0.220382

PIMPLE: iteration 1
smoothSolver:  Solving for alpha.water, Initial residual = 0.0023508, Final residual = 3.62383e-10, No Iterations 3
Phase-1 volume fraction = 0.421178  Min(alpha.water) = -1.84659e-08  Max(alpha.water) = 1
MULES: Correcting alpha.water
MULES: Correcting alpha.water
Phase-1 volume fraction = 0.421178  Min(alpha.water) = -2.92222e-05  Max(alpha.water) = 1.00001
DICPCG:  Solving for p_rgh, Initial residual = 0.013024, Final residual = 0.000464861, No Iterations 2
time step continuity errors : sum local = 0.000298145, global = -1.45997e-05, cumulative = 0.0021161
DICPCG:  Solving for p_rgh, Initial residual = 0.000526567, Final residual = 2.53403e-05, No Iterations 9
time step continuity errors : sum local = 1.62523e-05, global = -2.2805e-06, cumulative = 0.00211382
DICPCG:  Solving for p_rgh, Initial residual = 9.07306e-05, Final residual = 7.31895e-08, No Iterations 36
time step continuity errors : sum local = 4.69371e-08, global = -2.00214e-09, cumulative = 0.00211382
ExecutionTime = 2.87 s  ClockTime = 7 s

Courant Number mean: 0.1044 max: 0.494558
Interface Courant Number mean: 0.0148522 max: 0.468718
deltaT = 0.000673132
Time = 0.221055

PIMPLE: iteration 1
smoothSolver:  Solving for alpha.water, Initial residual = 0.00233773, Final residual = 3.65049e-10, No Iterations 3
Phase-1 volume fraction = 0.421177  Min(alpha.water) = -3.50872e-08  Max(alpha.water) = 1
MULES: Correcting alpha.water
MULES: Correcting alpha.water
Phase-1 volume fraction = 0.421177  Min(alpha.water) = -2.6032e-05  Max(alpha.water) = 1.00001
DICPCG:  Solving for p_rgh, Initial residual = 0.0124778, Final residual = 0.000469913, No Iterations 2
time step continuity errors : sum local = 0.000296665, global = -1.36292e-05, cumulative = 0.00210019
DICPCG:  Solving for p_rgh, Initial residual = 0.000536513, Final residual = 2.55843e-05, No Iterations 10
time step continuity errors : sum local = 1.61591e-05, global = -3.16919e-06, cumulative = 0.00209702
DICPCG:  Solving for p_rgh, Initial residual = 9.07106e-05, Final residual = 5.68095e-08, No Iterations 36
time step continuity errors : sum local = 3.58719e-08, global = -2.39223e-09, cumulative = 0.00209702
ExecutionTime = 2.88 s  ClockTime = 7 s

Courant Number mean: 0.104353 max: 0.49337
Interface Courant Number mean: 0.0144053 max: 0.472047
deltaT = 0.000689159
Time = 0.221744

PIMPLE: iteration 1
smoothSolver:  Solving for alpha.water, Initial residual = 0.00239803, Final residual = 3.96056e-10, No Iterations 3
Phase-1 volume fraction = 0.421175  Min(alpha.water) = -3.33991e-08  Max(alpha.water) = 1
MULES: Correcting alpha.water
MULES: Correcting alpha.water
Phase-1 volume fraction = 0.421175  Min(alpha.water) = -3.57597e-05  Max(alpha.water) = 1
DICPCG:  Solving for p_rgh, Initial residual = 0.0121764, Final residual = 0.000471562, No Iterations 2
time step continuity errors : sum local = 0.000305501, global = -1.4974e-05, cumulative = 0.00208204
DICPCG:  Solving for p_rgh, Initial residual = 0.000539474, Final residual = 2.36203e-05, No Iterations 11
time step continuity errors : sum local = 1.53139e-05, global = -3.21633e-06, cumulative = 0.00207883
DICPCG:  Solving for p_rgh, Initial residual = 9.12236e-05, Final residual = 5.79763e-08, No Iterations 36
time step continuity errors : sum local = 3.75721e-08, global = 1.16171e-09, cumulative = 0.00207883
ExecutionTime = 2.89 s  ClockTime = 7 s

Courant Number mean: 0.106736 max: 0.501938
Interface Courant Number mean: 0.0145363 max: 0.485861
deltaT = 0.000689159
Time = 0.222434

PIMPLE: iteration 1
smoothSolver:  Solving for alpha.water, Initial residual = 0.00239309, Final residual = 3.70805e-10, No Iterations 3
Phase-1 volume fraction = 0.421171  Min(alpha.water) = -3.17309e-08  Max(alpha.water) = 1
MULES: Correcting alpha.water
MULES: Correcting alpha.water
Phase-1 volume fraction = 0.421172  Min(alpha.water) = -2.11915e-05  Max(alpha.water) = 1.00001
DICPCG:  Solving for p_rgh, Initial residual = 0.0125103, Final residual = 0.0004639, No Iterations 2
time step continuity errors : sum local = 0.000298969, global = -1.37126e-05, cumulative = 0.00206512
DICPCG:  Solving for p_rgh, Initial residual = 0.000528793, Final residual = 2.28528e-05, No Iterations 11
time step continuity errors : sum local = 1.47441e-05, global = -3.40363e-06, cumulative = 0.00206171
DICPCG:  Solving for p_rgh, Initial residual = 9.12404e-05, Final residual = 6.85165e-08, No Iterations 36
time step continuity errors : sum local = 4.41866e-08, global = 1.22262e-09, cumulative = 0.00206171
ExecutionTime = 2.91 s  ClockTime = 7 s

Courant Number mean: 0.106589 max: 0.50124
Interface Courant Number mean: 0.0147475 max: 0.472745
deltaT = 0.000689159
Time = 0.223123

PIMPLE: iteration 1
smoothSolver:  Solving for alpha.water, Initial residual = 0.00239284, Final residual = 3.46136e-10, No Iterations 3
Phase-1 volume fraction = 0.421166  Min(alpha.water) = -3.00847e-08  Max(alpha.water) = 1
MULES: Correcting alpha.water
MULES: Correcting alpha.water
Phase-1 volume fraction = 0.421168  Min(alpha.water) = -1.85294e-05  Max(alpha.water) = 1
DICPCG:  Solving for p_rgh, Initial residual = 0.0130098, Final residual = 0.000483362, No Iterations 2
time step continuity errors : sum local = 0.000307982, global = -1.0485e-05, cumulative = 0.00205123
DICPCG:  Solving for p_rgh, Initial residual = 0.000545255, Final residual = 2.36517e-05, No Iterations 11
time step continuity errors : sum local = 1.50803e-05, global = -3.59923e-06, cumulative = 0.00204763
DICPCG:  Solving for p_rgh, Initial residual = 9.79023e-05, Final residual = 6.33885e-08, No Iterations 36
time step continuity errors : sum local = 4.03921e-08, global = 1.92206e-09, cumulative = 0.00204763
ExecutionTime = 2.92 s  ClockTime = 7 s

Courant Number mean: 0.106417 max: 0.503728
Interface Courant Number mean: 0.0148462 max: 0.477749
deltaT = 0.000689159
Time = 0.223812

PIMPLE: iteration 1
smoothSolver:  Solving for alpha.water, Initial residual = 0.00238522, Final residual = 3.27195e-10, No Iterations 3
Phase-1 volume fraction = 0.421159  Min(alpha.water) = -2.84708e-08  Max(alpha.water) = 1
MULES: Correcting alpha.water
MULES: Correcting alpha.water
Phase-1 volume fraction = 0.421161  Min(alpha.water) = -1.63103e-05  Max(alpha.water) = 1.00001
DICPCG:  Solving for p_rgh, Initial residual = 0.0139327, Final residual = 0.000494016, No Iterations 2
time step continuity errors : sum local = 0.000314953, global = -6.23139e-06, cumulative = 0.0020414
DICPCG:  Solving for p_rgh, Initial residual = 0.000561105, Final residual = 2.72517e-05, No Iterations 9
time step continuity errors : sum local = 1.73707e-05, global = -2.16363e-06, cumulative = 0.00203924
DICPCG:  Solving for p_rgh, Initial residual = 0.000100417, Final residual = 7.63087e-08, No Iterations 36
time step continuity errors : sum local = 4.86091e-08, global = -1.19125e-09, cumulative = 0.00203924
ExecutionTime = 2.93 s  ClockTime = 7 s

Courant Number mean: 0.106263 max: 0.505564
Interface Courant Number mean: 0.0151794 max: 0.481533
deltaT = 0.000689159
Time = 0.224501

PIMPLE: iteration 1
smoothSolver:  Solving for alpha.water, Initial residual = 0.00238074, Final residual = 2.94964e-10, No Iterations 3
Phase-1 volume fraction = 0.42115  Min(alpha.water) = -2.68929e-08  Max(alpha.water) = 1
MULES: Correcting alpha.water
MULES: Correcting alpha.water
Phase-1 volume fraction = 0.421152  Min(alpha.water) = -1.44257e-05  Max(alpha.water) = 1.00001
DICPCG:  Solving for p_rgh, Initial residual = 0.0129874, Final residual = 0.000488698, No Iterations 2
time step continuity errors : sum local = 0.000305244, global = -3.40186e-06, cumulative = 0.00203583
DICPCG:  Solving for p_rgh, Initial residual = 0.000559851, Final residual = 2.47148e-05, No Iterations 9
time step continuity errors : sum local = 1.54319e-05, global = -9.42078e-07, cumulative = 0.00203489
DICPCG:  Solving for p_rgh, Initial residual = 9.83852e-05, Final residual = 6.41718e-08, No Iterations 36
time step continuity errors : sum local = 4.00461e-08, global = 2.61168e-10, cumulative = 0.00203489
ExecutionTime = 2.94 s  ClockTime = 7 s

Courant Number mean: 0.106147 max: 0.505228
Interface Courant Number mean: 0.0149276 max: 0.484992
deltaT = 0.000689159
Time = 0.22519

PIMPLE: iteration 1
smoothSolver:  Solving for alpha.water, Initial residual = 0.0023749, Final residual = 2.51388e-10, No Iterations 3
Phase-1 volume fraction = 0.421136  Min(alpha.water) = -2.53544e-08  Max(alpha.water) = 1
MULES: Correcting alpha.water
MULES: Correcting alpha.water
Phase-1 volume fraction = 0.421139  Min(alpha.water) = -1.28078e-05  Max(alpha.water) = 1.00001
DICPCG:  Solving for p_rgh, Initial residual = 0.0133901, Final residual = 0.000476766, No Iterations 2
time step continuity errors : sum local = 0.00029868, global = -6.87682e-06, cumulative = 0.00202801
DICPCG:  Solving for p_rgh, Initial residual = 0.000551399, Final residual = 2.7017e-05, No Iterations 10
time step continuity errors : sum local = 1.68983e-05, global = -2.81263e-06, cumulative = 0.0020252
DICPCG:  Solving for p_rgh, Initial residual = 9.82718e-05, Final residual = 8.63574e-08, No Iterations 36
time step continuity errors : sum local = 5.39886e-08, global = 1.62478e-09, cumulative = 0.0020252
ExecutionTime = 2.95 s  ClockTime = 7 s

Courant Number mean: 0.106062 max: 0.504155
Interface Courant Number mean: 0.0156596 max: 0.471544
deltaT = 0.000689159
Time = 0.225879

PIMPLE: iteration 1
smoothSolver:  Solving for alpha.water, Initial residual = 0.00236534, Final residual = 1.94982e-10, No Iterations 3
Phase-1 volume fraction = 0.421116  Min(alpha.water) = -2.38616e-08  Max(alpha.water) = 1
MULES: Correcting alpha.water
MULES: Correcting alpha.water
Phase-1 volume fraction = 0.421119  Min(alpha.water) = -1.14016e-05  Max(alpha.water) = 1.00001
DICPCG:  Solving for p_rgh, Initial residual = 0.0138546, Final residual = 0.000499816, No Iterations 2
time step continuity errors : sum local = 0.000310645, global = -8.97454e-06, cumulative = 0.00201623
DICPCG:  Solving for p_rgh, Initial residual = 0.000574499, Final residual = 2.87083e-05, No Iterations 11
time step continuity errors : sum local = 1.78162e-05, global = -4.36205e-06, cumulative = 0.00201187
DICPCG:  Solving for p_rgh, Initial residual = 0.000102086, Final residual = 9.04687e-08, No Iterations 35
time step continuity errors : sum local = 5.61208e-08, global = 6.79746e-09, cumulative = 0.00201187
ExecutionTime = 2.96 s  ClockTime = 7 s

Courant Number mean: 0.105907 max: 0.509941
Interface Courant Number mean: 0.0161159 max: 0.476828
deltaT = 0.000670016
Time = 0.226549

PIMPLE: iteration 1
smoothSolver:  Solving for alpha.water, Initial residual = 0.00230052, Final residual = 1.42485e-10, No Iterations 3
Phase-1 volume fraction = 0.421091  Min(alpha.water) = -2.24462e-08  Max(alpha.water) = 1
MULES: Correcting alpha.water
MULES: Correcting alpha.water
Phase-1 volume fraction = 0.421095  Min(alpha.water) = -9.28564e-06  Max(alpha.water) = 1.00001
DICPCG:  Solving for p_rgh, Initial residual = 0.0139048, Final residual = 0.000509028, No Iterations 2
time step continuity errors : sum local = 0.00029944, global = -4.21577e-06, cumulative = 0.00200766
DICPCG:  Solving for p_rgh, Initial residual = 0.000578504, Final residual = 2.77802e-05, No Iterations 10
time step continuity errors : sum local = 1.63155e-05, global = -3.11014e-06, cumulative = 0.00200455
DICPCG:  Solving for p_rgh, Initial residual = 0.000102215, Final residual = 9.12097e-08, No Iterations 36
time step continuity errors : sum local = 5.35475e-08, global = 2.22458e-09, cumulative = 0.00200455
ExecutionTime = 2.97 s  ClockTime = 7 s

Courant Number mean: 0.102774 max: 0.498989
Interface Courant Number mean: 0.0157878 max: 0.468312
deltaT = 0.000670016
Time = 0.227219

PIMPLE: iteration 1
smoothSolver:  Solving for alpha.water, Initial residual = 0.00229183, Final residual = 1.11855e-10, No Iterations 3
Phase-1 volume fraction = 0.421059  Min(alpha.water) = -2.10465e-08  Max(alpha.water) = 1
MULES: Correcting alpha.water
MULES: Correcting alpha.water
Phase-1 volume fraction = 0.421063  Min(alpha.water) = -8.29509e-06  Max(alpha.water) = 1.00001
DICPCG:  Solving for p_rgh, Initial residual = 0.0140255, Final residual = 0.000517932, No Iterations 2
time step continuity errors : sum local = 0.00030012, global = 1.72011e-06, cumulative = 0.00200627
DICPCG:  Solving for p_rgh, Initial residual = 0.000585931, Final residual = 2.4902e-05, No Iterations 9
time step continuity errors : sum local = 1.44179e-05, global = -9.12603e-07, cumulative = 0.00200536
DICPCG:  Solving for p_rgh, Initial residual = 0.000101635, Final residual = 6.96991e-08, No Iterations 36
time step continuity errors : sum local = 4.03377e-08, global = 1.66961e-09, cumulative = 0.00200536
ExecutionTime = 2.97 s  ClockTime = 7 s

Courant Number mean: 0.102647 max: 0.501942
Interface Courant Number mean: 0.0155038 max: 0.473965
deltaT = 0.000670016
Time = 0.227889

PIMPLE: iteration 1
smoothSolver:  Solving for alpha.water, Initial residual = 0.00227081, Final residual = 1.02434e-10, No Iterations 3
Phase-1 volume fraction = 0.421019  Min(alpha.water) = -1.9684e-08  Max(alpha.water) = 1
MULES: Correcting alpha.water
MULES: Correcting alpha.water
Phase-1 volume fraction = 0.42102  Min(alpha.water) = -7.41874e-06  Max(alpha.water) = 1.00001
DICPCG:  Solving for p_rgh, Initial residual = 0.0133152, Final residual = 0.000502481, No Iterations 2
time step continuity errors : sum local = 0.000286907, global = 1.26688e-07, cumulative = 0.00200549
DICPCG:  Solving for p_rgh, Initial residual = 0.000570261, Final residual = 2.72642e-05, No Iterations 9
time step continuity errors : sum local = 1.55627e-05, global = -1.63732e-06, cumulative = 0.00200385
DICPCG:  Solving for p_rgh, Initial residual = 0.000101431, Final residual = 9.00271e-08, No Iterations 36
time step continuity errors : sum local = 5.13664e-08, global = 2.53545e-09, cumulative = 0.00200385
ExecutionTime = 2.98 s  ClockTime = 7 s

Courant Number mean: 0.102589 max: 0.504584
Interface Courant Number mean: 0.0149535 max: 0.466015
deltaT = 0.000670016
Time = 0.22856

PIMPLE: iteration 1
smoothSolver:  Solving for alpha.water, Initial residual = 0.00223868, Final residual = 9.67711e-11, No Iterations 3
Phase-1 volume fraction = 0.420965  Min(alpha.water) = -1.10949e-07  Max(alpha.water) = 1
MULES: Correcting alpha.water
MULES: Correcting alpha.water
Phase-1 volume fraction = 0.420966  Min(alpha.water) = -6.62925e-06  Max(alpha.water) = 1
DICPCG:  Solving for p_rgh, Initial residual = 0.0129558, Final residual = 0.000519271, No Iterations 2
time step continuity errors : sum local = 0.000292021, global = 7.74649e-07, cumulative = 0.00200463
DICPCG:  Solving for p_rgh, Initial residual = 0.000594598, Final residual = 2.86501e-05, No Iterations 9
time step continuity errors : sum local = 1.60985e-05, global = -2.01681e-06, cumulative = 0.00200261
DICPCG:  Solving for p_rgh, Initial residual = 0.000106309, Final residual = 9.09499e-08, No Iterations 36
time step continuity errors : sum local = 5.10874e-08, global = 2.60494e-09, cumulative = 0.00200261
ExecutionTime = 2.99 s  ClockTime = 7 s

Courant Number mean: 0.102577 max: 0.509568
Interface Courant Number mean: 0.0152638 max: 0.479916
deltaT = 0.000649712
Time = 0.229209

PIMPLE: iteration 1
smoothSolver:  Solving for alpha.water, Initial residual = 0.00214763, Final residual = 7.05414e-11, No Iterations 3
Phase-1 volume fraction = 0.420905  Min(alpha.water) = -1.06978e-07  Max(alpha.water) = 1
MULES: Correcting alpha.water
MULES: Correcting alpha.water
Phase-1 volume fraction = 0.420906  Min(alpha.water) = -5.32173e-06  Max(alpha.water) = 1
DICPCG:  Solving for p_rgh, Initial residual = 0.0124128, Final residual = 0.000526585, No Iterations 2
time step continuity errors : sum local = 0.000275463, global = 3.15189e-06, cumulative = 0.00200576
DICPCG:  Solving for p_rgh, Initial residual = 0.000606803, Final residual = 2.8268e-05, No Iterations 9
time step continuity errors : sum local = 1.47681e-05, global = -1.27373e-06, cumulative = 0.00200449
DICPCG:  Solving for p_rgh, Initial residual = 0.000104161, Final residual = 8.81574e-08, No Iterations 36
time step continuity errors : sum local = 4.60441e-08, global = 2.61246e-09, cumulative = 0.00200449
ExecutionTime = 3 s  ClockTime = 7 s

Courant Number mean: 0.099491 max: 0.502999
Interface Courant Number mean: 0.014722 max: 0.46766
deltaT = 0.000649712
Time = 0.229859

PIMPLE: iteration 1
smoothSolver:  Solving for alpha.water, Initial residual = 0.00214935, Final residual = 5.79507e-11, No Iterations 3
Phase-1 volume fraction = 0.420842  Min(alpha.water) = -1.02219e-07  Max(alpha.water) = 1
MULES: Correcting alpha.water
MULES: Correcting alpha.water
Phase-1 volume fraction = 0.420842  Min(alpha.water) = -3.18278e-05  Max(alpha.water) = 1
DICPCG:  Solving for p_rgh, Initial residual = 0.0122766, Final residual = 0.000523512, No Iterations 2
time step continuity errors : sum local = 0.000267229, global = 6.31589e-06, cumulative = 0.00201081
DICPCG:  Solving for p_rgh, Initial residual = 0.000596277, Final residual = 2.78123e-05, No Iterations 7
time step continuity errors : sum local = 1.41772e-05, global = 1.82001e-06, cumulative = 0.00201263
DICPCG:  Solving for p_rgh, Initial residual = 0.000102722, Final residual = 9.516e-08, No Iterations 36
time step continuity errors : sum local = 4.84945e-08, global = 6.10641e-09, cumulative = 0.00201263
ExecutionTime = 3.01 s  ClockTime = 7 s

Courant Number mean: 0.0996252 max: 0.512253
Interface Courant Number mean: 0.0145856 max: 0.480118
deltaT = 0.000629409
Time = 0.230488

PIMPLE: iteration 1
smoothSolver:  Solving for alpha.water, Initial residual = 0.00207709, Final residual = 3.92912e-11, No Iterations 3
Phase-1 volume fraction = 0.420779  Min(alpha.water) = -9.71432e-08  Max(alpha.water) = 1
MULES: Correcting alpha.water
MULES: Correcting alpha.water
Phase-1 volume fraction = 0.420777  Min(alpha.water) = -1.36808e-05  Max(alpha.water) = 1.00001
DICPCG:  Solving for p_rgh, Initial residual = 0.0117019, Final residual = 0.0004612, No Iterations 2
time step continuity errors : sum local = 0.000217749, global = -3.79476e-06, cumulative = 0.00200884
DICPCG:  Solving for p_rgh, Initial residual = 0.000540141, Final residual = 2.5705e-05, No Iterations 11
time step continuity errors : sum local = 1.21277e-05, global = -3.04376e-06, cumulative = 0.0020058
DICPCG:  Solving for p_rgh, Initial residual = 8.83822e-05, Final residual = 9.73376e-08, No Iterations 33
time step continuity errors : sum local = 4.59094e-08, global = 3.05269e-09, cumulative = 0.0020058
ExecutionTime = 3.02 s  ClockTime = 7 s

Courant Number mean: 0.0966264 max: 0.503163
Interface Courant Number mean: 0.014069 max: 0.481912
deltaT = 0.000629409
Time = 0.231118

PIMPLE: iteration 1
smoothSolver:  Solving for alpha.water, Initial residual = 0.00203857, Final residual = 3.81261e-11, No Iterations 3
Phase-1 volume fraction = 0.420713  Min(alpha.water) = -9.09571e-08  Max(alpha.water) = 1
MULES: Correcting alpha.water
MULES: Correcting alpha.water
Phase-1 volume fraction = 0.420712  Min(alpha.water) = -1.03133e-05  Max(alpha.water) = 1.00001
DICPCG:  Solving for p_rgh, Initial residual = 0.0116054, Final residual = 0.000423584, No Iterations 2
time step continuity errors : sum local = 0.000196629, global = 2.88714e-07, cumulative = 0.00200609
DICPCG:  Solving for p_rgh, Initial residual = 0.000490141, Final residual = 2.17913e-05, No Iterations 10
time step continuity errors : sum local = 1.01161e-05, global = -1.79019e-06, cumulative = 0.0020043
DICPCG:  Solving for p_rgh, Initial residual = 8.08661e-05, Final residual = 7.21246e-08, No Iterations 36
time step continuity errors : sum local = 3.34669e-08, global = 1.75535e-09, cumulative = 0.0020043
ExecutionTime = 3.04 s  ClockTime = 7 s

Courant Number mean: 0.0967613 max: 0.508075
Interface Courant Number mean: 0.013193 max: 0.491954
deltaT = 0.000629409
Time = 0.231747

PIMPLE: iteration 1
smoothSolver:  Solving for alpha.water, Initial residual = 0.0020204, Final residual = 3.97271e-11, No Iterations 3
Phase-1 volume fraction = 0.420649  Min(alpha.water) = -8.39743e-08  Max(alpha.water) = 1
MULES: Correcting alpha.water
MULES: Correcting alpha.water
Phase-1 volume fraction = 0.420649  Min(alpha.water) = -9.16339e-06  Max(alpha.water) = 1.00001
DICPCG:  Solving for p_rgh, Initial residual = 0.0108329, Final residual = 0.000374278, No Iterations 2
time step continuity errors : sum local = 0.000172021, global = -6.50525e-06, cumulative = 0.00199779
DICPCG:  Solving for p_rgh, Initial residual = 0.000435844, Final residual = 1.89575e-05, No Iterations 19
time step continuity errors : sum local = 8.7151e-06, global = -1.99342e-06, cumulative = 0.0019958
DICPCG:  Solving for p_rgh, Initial residual = 7.10097e-05, Final residual = 6.46562e-08, No Iterations 35
time step continuity errors : sum local = 2.97069e-08, global = -6.15804e-10, cumulative = 0.0019958
ExecutionTime = 3.04 s  ClockTime = 7 s

Courant Number mean: 0.0967414 max: 0.521496
Interface Courant Number mean: 0.0130658 max: 0.499206
deltaT = 0.000608428
Time = 0.232356

PIMPLE: iteration 1
smoothSolver:  Solving for alpha.water, Initial residual = 0.00193389, Final residual = 8.32038e-09, No Iterations 2
Phase-1 volume fraction = 0.42059  Min(alpha.water) = -7.65921e-08  Max(alpha.water) = 1
MULES: Correcting alpha.water
MULES: Correcting alpha.water
Phase-1 volume fraction = 0.420589  Min(alpha.water) = -2.53151e-05  Max(alpha.water) = 1.00001
DICPCG:  Solving for p_rgh, Initial residual = 0.0101321, Final residual = 0.000333657, No Iterations 2
time step continuity errors : sum local = 0.000144413, global = -2.68167e-06, cumulative = 0.00199312
DICPCG:  Solving for p_rgh, Initial residual = 0.000395086, Final residual = 1.86078e-05, No Iterations 18
time step continuity errors : sum local = 8.04545e-06, global = -1.54881e-06, cumulative = 0.00199157
DICPCG:  Solving for p_rgh, Initial residual = 6.20568e-05, Final residual = 9.71476e-08, No Iterations 34
time step continuity errors : sum local = 4.19785e-08, global = -1.07462e-09, cumulative = 0.00199157
ExecutionTime = 3.05 s  ClockTime = 7 s

Courant Number mean: 0.0933712 max: 0.513495
Interface Courant Number mean: 0.0125825 max: 0.486415
deltaT = 0.000588147
Time = 0.232944

PIMPLE: iteration 1
smoothSolver:  Solving for alpha.water, Initial residual = 0.00185226, Final residual = 6.71841e-09, No Iterations 2
Phase-1 volume fraction = 0.420534  Min(alpha.water) = -6.90125e-08  Max(alpha.water) = 1
MULES: Correcting alpha.water
MULES: Correcting alpha.water
Phase-1 volume fraction = 0.420534  Min(alpha.water) = -1.87264e-05  Max(alpha.water) = 1
DICPCG:  Solving for p_rgh, Initial residual = 0.0112355, Final residual = 0.00030872, No Iterations 2
time step continuity errors : sum local = 0.000131203, global = 1.30558e-06, cumulative = 0.00199287
DICPCG:  Solving for p_rgh, Initial residual = 0.000362031, Final residual = 1.6072e-05, No Iterations 10
time step continuity errors : sum local = 6.8059e-06, global = -1.04657e-06, cumulative = 0.00199183
DICPCG:  Solving for p_rgh, Initial residual = 5.66882e-05, Final residual = 7.29739e-08, No Iterations 35
time step continuity errors : sum local = 3.08907e-08, global = 1.07186e-09, cumulative = 0.00199183
ExecutionTime = 3.06 s  ClockTime = 7 s

Courant Number mean: 0.0901255 max: 0.502095
Interface Courant Number mean: 0.0117858 max: 0.461698
deltaT = 0.000588147
Time = 0.233532

PIMPLE: iteration 1
smoothSolver:  Solving for alpha.water, Initial residual = 0.00184396, Final residual = 6.01948e-09, No Iterations 2
Phase-1 volume fraction = 0.420482  Min(alpha.water) = -6.11329e-08  Max(alpha.water) = 1
MULES: Correcting alpha.water
MULES: Correcting alpha.water
Phase-1 volume fraction = 0.420483  Min(alpha.water) = -1.58205e-05  Max(alpha.water) = 1
DICPCG:  Solving for p_rgh, Initial residual = 0.0108378, Final residual = 0.000307708, No Iterations 2
time step continuity errors : sum local = 0.000127894, global = -6.41292e-07, cumulative = 0.00199119
DICPCG:  Solving for p_rgh, Initial residual = 0.000357127, Final residual = 1.72791e-05, No Iterations 11
time step continuity errors : sum local = 7.15937e-06, global = -1.74402e-06, cumulative = 0.00198944
DICPCG:  Solving for p_rgh, Initial residual = 5.4015e-05, Final residual = 8.28378e-08, No Iterations 34
time step continuity errors : sum local = 3.43037e-08, global = 1.45799e-09, cumulative = 0.00198944
ExecutionTime = 3.07 s  ClockTime = 7 s

Courant Number mean: 0.0899576 max: 0.505037
Interface Courant Number mean: 0.0113407 max: 0.467076
deltaT = 0.000588147
Time = 0.23412

PIMPLE: iteration 1
smoothSolver:  Solving for alpha.water, Initial residual = 0.00183458, Final residual = 5.3736e-09, No Iterations 2
Phase-1 volume fraction = 0.420432  Min(alpha.water) = -5.32562e-08  Max(alpha.water) = 1
MULES: Correcting alpha.water
MULES: Correcting alpha.water
Phase-1 volume fraction = 0.420433  Min(alpha.water) = -1.32105e-05  Max(alpha.water) = 1
DICPCG:  Solving for p_rgh, Initial residual = 0.0103135, Final residual = 0.000289025, No Iterations 2
time step continuity errors : sum local = 0.000118416, global = -1.91792e-06, cumulative = 0.00198753
DICPCG:  Solving for p_rgh, Initial residual = 0.000339469, Final residual = 1.62181e-05, No Iterations 16
time step continuity errors : sum local = 6.62423e-06, global = -1.35929e-06, cumulative = 0.00198617
DICPCG:  Solving for p_rgh, Initial residual = 5.00976e-05, Final residual = 7.14044e-08, No Iterations 34
time step continuity errors : sum local = 2.91413e-08, global = -5.2678e-11, cumulative = 0.00198617
ExecutionTime = 3.08 s  ClockTime = 7 s

Courant Number mean: 0.0897227 max: 0.505011
Interface Courant Number mean: 0.0116295 max: 0.47179
deltaT = 0.000588147
Time = 0.234708

PIMPLE: iteration 1
smoothSolver:  Solving for alpha.water, Initial residual = 0.00181787, Final residual = 4.93317e-09, No Iterations 2
Phase-1 volume fraction = 0.420384  Min(alpha.water) = -4.56437e-08  Max(alpha.water) = 1
MULES: Correcting alpha.water
MULES: Correcting alpha.water
Phase-1 volume fraction = 0.420385  Min(alpha.water) = -1.11388e-05  Max(alpha.water) = 1
DICPCG:  Solving for p_rgh, Initial residual = 0.00988841, Final residual = 0.000272973, No Iterations 2
time step continuity errors : sum local = 0.000111382, global = -3.38095e-06, cumulative = 0.00198279
DICPCG:  Solving for p_rgh, Initial residual = 0.000320312, Final residual = 1.26649e-05, No Iterations 19
time step continuity errors : sum local = 5.15155e-06, global = -1.33747e-06, cumulative = 0.00198145
DICPCG:  Solving for p_rgh, Initial residual = 4.57532e-05, Final residual = 9.14835e-08, No Iterations 33
time step continuity errors : sum local = 3.71935e-08, global = -1.78532e-09, cumulative = 0.00198145
ExecutionTime = 3.09 s  ClockTime = 7 s

Courant Number mean: 0.0894125 max: 0.502447
Interface Courant Number mean: 0.0118864 max: 0.475546
deltaT = 0.000588147
Time = 0.235296

PIMPLE: iteration 1
smoothSolver:  Solving for alpha.water, Initial residual = 0.0017995, Final residual = 4.86014e-09, No Iterations 2
Phase-1 volume fraction = 0.420336  Min(alpha.water) = -3.84943e-08  Max(alpha.water) = 1
MULES: Correcting alpha.water
MULES: Correcting alpha.water
Phase-1 volume fraction = 0.420337  Min(alpha.water) = -2.00042e-05  Max(alpha.water) = 1.00001
DICPCG:  Solving for p_rgh, Initial residual = 0.00966284, Final residual = 0.00026261, No Iterations 2
time step continuity errors : sum local = 0.000106646, global = -5.64647e-06, cumulative = 0.0019758
DICPCG:  Solving for p_rgh, Initial residual = 0.000302794, Final residual = 1.46271e-05, No Iterations 19
time step continuity errors : sum local = 5.9232e-06, global = -1.50893e-06, cumulative = 0.00197429
DICPCG:  Solving for p_rgh, Initial residual = 4.56009e-05, Final residual = 8.81501e-08, No Iterations 33
time step continuity errors : sum local = 3.56836e-08, global = -1.70549e-09, cumulative = 0.00197429
ExecutionTime = 3.1 s  ClockTime = 7 s

Courant Number mean: 0.0889838 max: 0.504415
Interface Courant Number mean: 0.0119185 max: 0.421457
deltaT = 0.000588147
Time = 0.235884

PIMPLE: iteration 1
smoothSolver:  Solving for alpha.water, Initial residual = 0.00179466, Final residual = 4.84965e-09, No Iterations 2
Phase-1 volume fraction = 0.420289  Min(alpha.water) = -3.19823e-08  Max(alpha.water) = 1
MULES: Correcting alpha.water
MULES: Correcting alpha.water
Phase-1 volume fraction = 0.420291  Min(alpha.water) = -1.14702e-05  Max(alpha.water) = 1.00001
DICPCG:  Solving for p_rgh, Initial residual = 0.00906957, Final residual = 0.000244053, No Iterations 2
time step continuity errors : sum local = 9.84074e-05, global = -5.44916e-06, cumulative = 0.00196884
DICPCG:  Solving for p_rgh, Initial residual = 0.000281368, Final residual = 1.319e-05, No Iterations 19
time step continuity errors : sum local = 5.30555e-06, global = -1.39179e-06, cumulative = 0.00196745
DICPCG:  Solving for p_rgh, Initial residual = 4.23485e-05, Final residual = 7.14081e-08, No Iterations 33
time step continuity errors : sum local = 2.87104e-08, global = -1.2378e-09, cumulative = 0.00196745
ExecutionTime = 3.11 s  ClockTime = 7 s

Courant Number mean: 0.0884388 max: 0.504842
Interface Courant Number mean: 0.0116855 max: 0.424461
deltaT = 0.000588147
Time = 0.236473

PIMPLE: iteration 1
smoothSolver:  Solving for alpha.water, Initial residual = 0.00178603, Final residual = 4.86572e-09, No Iterations 2
Phase-1 volume fraction = 0.420245  Min(alpha.water) = -2.62258e-08  Max(alpha.water) = 1
MULES: Correcting alpha.water
MULES: Correcting alpha.water
Phase-1 volume fraction = 0.420248  Min(alpha.water) = -6.87913e-06  Max(alpha.water) = 1.00001
DICPCG:  Solving for p_rgh, Initial residual = 0.0089114, Final residual = 0.000238187, No Iterations 2
time step continuity errors : sum local = 9.65336e-05, global = -2.43424e-06, cumulative = 0.00196501
DICPCG:  Solving for p_rgh, Initial residual = 0.000274249, Final residual = 1.31873e-05, No Iterations 16
time step continuity errors : sum local = 5.33579e-06, global = -1.23871e-06, cumulative = 0.00196377
DICPCG:  Solving for p_rgh, Initial residual = 3.9034e-05, Final residual = 7.54085e-08, No Iterations 31
time step continuity errors : sum local = 3.04936e-08, global = -9.15379e-10, cumulative = 0.00196377
ExecutionTime = 3.12 s  ClockTime = 7 s

Courant Number mean: 0.0878251 max: 0.502541
Interface Courant Number mean: 0.0115558 max: 0.426793
deltaT = 0.000588147
Time = 0.237061

PIMPLE: iteration 1
smoothSolver:  Solving for alpha.water, Initial residual = 0.00176848, Final residual = 4.78313e-09, No Iterations 2
Phase-1 volume fraction = 0.420203  Min(alpha.water) = -2.12561e-08  Max(alpha.water) = 1
MULES: Correcting alpha.water
MULES: Correcting alpha.water
Phase-1 volume fraction = 0.420205  Min(alpha.water) = -5.87838e-06  Max(alpha.water) = 1
DICPCG:  Solving for p_rgh, Initial residual = 0.00866582, Final residual = 0.000236599, No Iterations 2
time step continuity errors : sum local = 9.64599e-05, global = -1.46709e-06, cumulative = 0.00196231
DICPCG:  Solving for p_rgh, Initial residual = 0.000274125, Final residual = 1.13565e-05, No Iterations 15
time step continuity errors : sum local = 4.62268e-06, global = -9.69889e-07, cumulative = 0.00196134
DICPCG:  Solving for p_rgh, Initial residual = 3.66171e-05, Final residual = 6.56394e-08, No Iterations 27
time step continuity errors : sum local = 2.67066e-08, global = 9.207e-10, cumulative = 0.00196134
ExecutionTime = 3.13 s  ClockTime = 7 s

Courant Number mean: 0.0871694 max: 0.497958
Interface Courant Number mean: 0.0115346 max: 0.433263
deltaT = 0.000588147
Time = 0.237649

PIMPLE: iteration 1
smoothSolver:  Solving for alpha.water, Initial residual = 0.00175812, Final residual = 4.73588e-09, No Iterations 2
Phase-1 volume fraction = 0.420162  Min(alpha.water) = -1.70551e-08  Max(alpha.water) = 1
MULES: Correcting alpha.water
MULES: Correcting alpha.water
Phase-1 volume fraction = 0.420165  Min(alpha.water) = -5.02017e-06  Max(alpha.water) = 1
DICPCG:  Solving for p_rgh, Initial residual = 0.00854869, Final residual = 0.000225059, No Iterations 2
time step continuity errors : sum local = 9.31685e-05, global = 3.32771e-07, cumulative = 0.00196167
DICPCG:  Solving for p_rgh, Initial residual = 0.000261529, Final residual = 1.14947e-05, No Iterations 11
time step continuity errors : sum local = 4.74947e-06, global = -9.3103e-07, cumulative = 0.00196074
DICPCG:  Solving for p_rgh, Initial residual = 3.46437e-05, Final residual = 8.4495e-08, No Iterations 33
time step continuity errors : sum local = 3.49004e-08, global = -6.43075e-10, cumulative = 0.00196074
ExecutionTime = 3.14 s  ClockTime = 7 s

Courant Number mean: 0.086483 max: 0.491426
Interface Courant Number mean: 0.011658 max: 0.441049
deltaT = 0.000588147
Time = 0.238237

PIMPLE: iteration 1
smoothSolver:  Solving for alpha.water, Initial residual = 0.00175033, Final residual = 4.68925e-09, No Iterations 2
Phase-1 volume fraction = 0.420123  Min(alpha.water) = -1.35676e-08  Max(alpha.water) = 1
MULES: Correcting alpha.water
MULES: Correcting alpha.water
Phase-1 volume fraction = 0.420126  Min(alpha.water) = -4.27775e-06  Max(alpha.water) = 1
DICPCG:  Solving for p_rgh, Initial residual = 0.00888769, Final residual = 0.000209418, No Iterations 2
time step continuity errors : sum local = 8.88586e-05, global = 2.03875e-06, cumulative = 0.00196278
DICPCG:  Solving for p_rgh, Initial residual = 0.000246444, Final residual = 1.12638e-05, No Iterations 10
time step continuity errors : sum local = 4.76897e-06, global = -3.63317e-07, cumulative = 0.00196241
DICPCG:  Solving for p_rgh, Initial residual = 3.27664e-05, Final residual = 7.06077e-08, No Iterations 33
time step continuity errors : sum local = 2.98816e-08, global = 2.0945e-10, cumulative = 0.00196241
ExecutionTime = 3.15 s  ClockTime = 7 s

Courant Number mean: 0.0857836 max: 0.482636
Interface Courant Number mean: 0.0115316 max: 0.455829
deltaT = 0.000619103
Time = 0.238856

PIMPLE: iteration 1
smoothSolver:  Solving for alpha.water, Initial residual = 0.00183454, Final residual = 5.87723e-09, No Iterations 2
Phase-1 volume fraction = 0.420084  Min(alpha.water) = -1.05995e-08  Max(alpha.water) = 1
MULES: Correcting alpha.water
MULES: Correcting alpha.water
Phase-1 volume fraction = 0.420087  Min(alpha.water) = -4.32699e-06  Max(alpha.water) = 1.00001
DICPCG:  Solving for p_rgh, Initial residual = 0.00886301, Final residual = 0.000216849, No Iterations 2
time step continuity errors : sum local = 0.000100322, global = 2.25509e-06, cumulative = 0.00196467
DICPCG:  Solving for p_rgh, Initial residual = 0.000257909, Final residual = 1.26608e-05, No Iterations 10
time step continuity errors : sum local = 5.84257e-06, global = -4.88051e-07, cumulative = 0.00196418
DICPCG:  Solving for p_rgh, Initial residual = 3.49798e-05, Final residual = 7.38529e-08, No Iterations 33
time step continuity errors : sum local = 3.40604e-08, global = 4.41786e-10, cumulative = 0.00196418
ExecutionTime = 3.16 s  ClockTime = 7 s

Courant Number mean: 0.0895114 max: 0.504528
Interface Courant Number mean: 0.0119827 max: 0.376943
deltaT = 0.000619103
Time = 0.239475

PIMPLE: iteration 1
smoothSolver:  Solving for alpha.water, Initial residual = 0.00182366, Final residual = 5.77893e-09, No Iterations 2
Phase-1 volume fraction = 0.420046  Min(alpha.water) = -8.23158e-09  Max(alpha.water) = 1
MULES: Correcting alpha.water
MULES: Correcting alpha.water
Phase-1 volume fraction = 0.420049  Min(alpha.water) = -3.62918e-06  Max(alpha.water) = 1.00001
DICPCG:  Solving for p_rgh, Initial residual = 0.00848691, Final residual = 0.000218148, No Iterations 2
time step continuity errors : sum local = 0.000100684, global = 3.49918e-06, cumulative = 0.00196768
DICPCG:  Solving for p_rgh, Initial residual = 0.000257319, Final residual = 1.12062e-05, No Iterations 10
time step continuity errors : sum local = 5.16045e-06, global = -4.41523e-08, cumulative = 0.00196764
DICPCG:  Solving for p_rgh, Initial residual = 3.24636e-05, Final residual = 6.31608e-08, No Iterations 33
time step continuity errors : sum local = 2.90724e-08, global = 9.41146e-11, cumulative = 0.00196764
ExecutionTime = 3.17 s  ClockTime = 7 s

Courant Number mean: 0.0887062 max: 0.510945
Interface Courant Number mean: 0.0119052 max: 0.38024
deltaT = 0.000619103
Time = 0.240094

PIMPLE: iteration 1
smoothSolver:  Solving for alpha.water, Initial residual = 0.00181562, Final residual = 5.62385e-09, No Iterations 2
Phase-1 volume fraction = 0.420009  Min(alpha.water) = -6.36601e-09  Max(alpha.water) = 1
MULES: Correcting alpha.water
MULES: Correcting alpha.water
Phase-1 volume fraction = 0.420012  Min(alpha.water) = -3.02053e-06  Max(alpha.water) = 1.00001
DICPCG:  Solving for p_rgh, Initial residual = 0.00853828, Final residual = 0.00021544, No Iterations 2
time step continuity errors : sum local = 0.000100386, global = 3.42554e-06, cumulative = 0.00197106
DICPCG:  Solving for p_rgh, Initial residual = 0.000251304, Final residual = 1.07462e-05, No Iterations 10
time step continuity errors : sum local = 4.99836e-06, global = 1.69924e-07, cumulative = 0.00197123
DICPCG:  Solving for p_rgh, Initial residual = 3.07596e-05, Final residual = 9.84509e-08, No Iterations 32
time step continuity errors : sum local = 4.57725e-08, global = 2.36142e-09, cumulative = 0.00197124
ExecutionTime = 3.18 s  ClockTime = 7 s

Courant Number mean: 0.0878901 max: 0.523698
Interface Courant Number mean: 0.0116137 max: 0.383238
deltaT = 0.000582685
Time = 0.240677

PIMPLE: iteration 1
smoothSolver:  Solving for alpha.water, Initial residual = 0.00170412, Final residual = 4.11185e-09, No Iterations 2
Phase-1 volume fraction = 0.419976  Min(alpha.water) = -5.25267e-09  Max(alpha.water) = 1
MULES: Correcting alpha.water
MULES: Correcting alpha.water
Phase-1 volume fraction = 0.419978  Min(alpha.water) = -2.00201e-06  Max(alpha.water) = 1.00001
DICPCG:  Solving for p_rgh, Initial residual = 0.00785738, Final residual = 0.000198054, No Iterations 2
time step continuity errors : sum local = 8.36768e-05, global = 2.08868e-06, cumulative = 0.00197332
DICPCG:  Solving for p_rgh, Initial residual = 0.000232038, Final residual = 9.62377e-06, No Iterations 10
time step continuity errors : sum local = 4.06051e-06, global = 1.58483e-07, cumulative = 0.00197348
DICPCG:  Solving for p_rgh, Initial residual = 2.70817e-05, Final residual = 8.24622e-08, No Iterations 32
time step continuity errors : sum local = 3.4786e-08, global = 1.74565e-09, cumulative = 0.00197348
ExecutionTime = 3.18 s  ClockTime = 7 s

Courant Number mean: 0.0819965 max: 0.500977
Interface Courant Number mean: 0.011048 max: 0.363162
deltaT = 0.000582685
Time = 0.24126

PIMPLE: iteration 1
smoothSolver:  Solving for alpha.water, Initial residual = 0.00169713, Final residual = 4.00598e-09, No Iterations 2
Phase-1 volume fraction = 0.419944  Min(alpha.water) = -4.93924e-09  Max(alpha.water) = 1
MULES: Correcting alpha.water
MULES: Correcting alpha.water
Phase-1 volume fraction = 0.419947  Min(alpha.water) = -5.77291e-06  Max(alpha.water) = 1.00001
DICPCG:  Solving for p_rgh, Initial residual = 0.00840686, Final residual = 0.00019621, No Iterations 2
time step continuity errors : sum local = 8.43877e-05, global = -1.60079e-06, cumulative = 0.00197188
DICPCG:  Solving for p_rgh, Initial residual = 0.000235332, Final residual = 1.05031e-05, No Iterations 11
time step continuity errors : sum local = 4.50852e-06, global = -7.46061e-07, cumulative = 0.00197114
DICPCG:  Solving for p_rgh, Initial residual = 2.82804e-05, Final residual = 9.58606e-08, No Iterations 30
time step continuity errors : sum local = 4.11287e-08, global = -6.56948e-10, cumulative = 0.00197114
ExecutionTime = 3.2 s  ClockTime = 7 s

Courant Number mean: 0.0812425 max: 0.499558
Interface Courant Number mean: 0.0110688 max: 0.364993
deltaT = 0.000582685
Time = 0.241842

PIMPLE: iteration 1
smoothSolver:  Solving for alpha.water, Initial residual = 0.00168935, Final residual = 3.88836e-09, No Iterations 2
Phase-1 volume fraction = 0.419914  Min(alpha.water) = -1.28316e-06  Max(alpha.water) = 1
MULES: Correcting alpha.water
MULES: Correcting alpha.water
Phase-1 volume fraction = 0.419917  Min(alpha.water) = -1.33802e-05  Max(alpha.water) = 1
DICPCG:  Solving for p_rgh, Initial residual = 0.00823236, Final residual = 0.000196897, No Iterations 2
time step continuity errors : sum local = 8.50678e-05, global = 7.41075e-07, cumulative = 0.00197188
DICPCG:  Solving for p_rgh, Initial residual = 0.000234699, Final residual = 9.65237e-06, No Iterations 10
time step continuity errors : sum local = 4.16271e-06, global = 9.01969e-08, cumulative = 0.00197197
DICPCG:  Solving for p_rgh, Initial residual = 2.68895e-05, Final residual = 9.02065e-08, No Iterations 32
time step continuity errors : sum local = 3.88857e-08, global = 1.6551e-09, cumulative = 0.00197197
ExecutionTime = 3.21 s  ClockTime = 7 s

Courant Number mean: 0.080499 max: 0.495202
Interface Courant Number mean: 0.0110786 max: 0.365795
deltaT = 0.000582685
Time = 0.242425

PIMPLE: iteration 1
smoothSolver:  Solving for alpha.water, Initial residual = 0.00168543, Final residual = 3.77376e-09, No Iterations 2
Phase-1 volume fraction = 0.419886  Min(alpha.water) = -8.10486e-07  Max(alpha.water) = 1
MULES: Correcting alpha.water
MULES: Correcting alpha.water
Phase-1 volume fraction = 0.41989  Min(alpha.water) = -1.73703e-06  Max(alpha.water) = 1
DICPCG:  Solving for p_rgh, Initial residual = 0.00818432, Final residual = 0.000193702, No Iterations 2
time step continuity errors : sum local = 8.42981e-05, global = 2.03306e-06, cumulative = 0.001974
DICPCG:  Solving for p_rgh, Initial residual = 0.000229391, Final residual = 1.06109e-05, No Iterations 9
time step continuity errors : sum local = 4.61098e-06, global = 6.71549e-07, cumulative = 0.00197467
DICPCG:  Solving for p_rgh, Initial residual = 2.60505e-05, Final residual = 9.24764e-08, No Iterations 32
time step continuity errors : sum local = 4.01698e-08, global = -1.03883e-09, cumulative = 0.00197467
ExecutionTime = 3.22 s  ClockTime = 7 s

Courant Number mean: 0.079782 max: 0.492721
Interface Courant Number mean: 0.0111018 max: 0.365711
deltaT = 0.000582685
Time = 0.243008

PIMPLE: iteration 1
smoothSolver:  Solving for alpha.water, Initial residual = 0.00168187, Final residual = 3.64487e-09, No Iterations 2
Phase-1 volume fraction = 0.419859  Min(alpha.water) = -4.78256e-07  Max(alpha.water) = 1
MULES: Correcting alpha.water
MULES: Correcting alpha.water
Phase-1 volume fraction = 0.419863  Min(alpha.water) = -9.00893e-06  Max(alpha.water) = 1
DICPCG:  Solving for p_rgh, Initial residual = 0.00811298, Final residual = 0.000191789, No Iterations 2
time step continuity errors : sum local = 8.38846e-05, global = 1.06791e-06, cumulative = 0.00197574
DICPCG:  Solving for p_rgh, Initial residual = 0.000227589, Final residual = 1.02554e-05, No Iterations 9
time step continuity errors : sum local = 4.47808e-06, global = 5.41463e-07, cumulative = 0.00197628
DICPCG:  Solving for p_rgh, Initial residual = 2.60034e-05, Final residual = 9.01901e-08, No Iterations 32
time step continuity errors : sum local = 3.9369e-08, global = -3.07448e-10, cumulative = 0.00197628
ExecutionTime = 3.23 s  ClockTime = 7 s

Courant Number mean: 0.0790877 max: 0.490677
Interface Courant Number mean: 0.0109961 max: 0.364626
deltaT = 0.000582685
Time = 0.24359

PIMPLE: iteration 1
smoothSolver:  Solving for alpha.water, Initial residual = 0.00167931, Final residual = 3.5175e-09, No Iterations 2
Phase-1 volume fraction = 0.419833  Min(alpha.water) = -2.3606e-07  Max(alpha.water) = 1
MULES: Correcting alpha.water
MULES: Correcting alpha.water
Phase-1 volume fraction = 0.419838  Min(alpha.water) = -4.49209e-06  Max(alpha.water) = 1.00001
DICPCG:  Solving for p_rgh, Initial residual = 0.00875315, Final residual = 0.000186122, No Iterations 2
time step continuity errors : sum local = 8.35244e-05, global = 5.85774e-07, cumulative = 0.00197687
DICPCG:  Solving for p_rgh, Initial residual = 0.000220533, Final residual = 1.04908e-05, No Iterations 9
time step continuity errors : sum local = 4.69848e-06, global = 4.34487e-07, cumulative = 0.0019773
DICPCG:  Solving for p_rgh, Initial residual = 2.57217e-05, Final residual = 9.40287e-08, No Iterations 32
time step continuity errors : sum local = 4.20908e-08, global = 5.91991e-11, cumulative = 0.0019773
ExecutionTime = 3.23 s  ClockTime = 7 s

Courant Number mean: 0.0784171 max: 0.488717
Interface Courant Number mean: 0.0109079 max: 0.362459
deltaT = 0.000582685
Time = 0.244173

PIMPLE: iteration 1
smoothSolver:  Solving for alpha.water, Initial residual = 0.00167903, Final residual = 3.41239e-09, No Iterations 2
Phase-1 volume fraction = 0.419808  Min(alpha.water) = -5.46855e-08  Max(alpha.water) = 1
MULES: Correcting alpha.water
MULES: Correcting alpha.water
Phase-1 volume fraction = 0.419813  Min(alpha.water) = -3.5379e-06  Max(alpha.water) = 1.00001
DICPCG:  Solving for p_rgh, Initial residual = 0.00860348, Final residual = 0.000190453, No Iterations 2
time step continuity errors : sum local = 8.50013e-05, global = -1.92977e-07, cumulative = 0.00197711
DICPCG:  Solving for p_rgh, Initial residual = 0.000224273, Final residual = 1.0507e-05, No Iterations 9
time step continuity errors : sum local = 4.68225e-06, global = 4.35918e-07, cumulative = 0.00197755
DICPCG:  Solving for p_rgh, Initial residual = 2.61361e-05, Final residual = 8.75772e-08, No Iterations 32
time step continuity errors : sum local = 3.90119e-08, global = 5.04745e-11, cumulative = 0.00197755
ExecutionTime = 3.24 s  ClockTime = 7 s

Courant Number mean: 0.0777678 max: 0.486401
Interface Courant Number mean: 0.010468 max: 0.359269
deltaT = 0.000582685
Time = 0.244756

PIMPLE: iteration 1
smoothSolver:  Solving for alpha.water, Initial residual = 0.00167996, Final residual = 3.34965e-09, No Iterations 2
Phase-1 volume fraction = 0.419783  Min(alpha.water) = -3.53012e-09  Max(alpha.water) = 1
MULES: Correcting alpha.water
MULES: Correcting alpha.water
Phase-1 volume fraction = 0.419789  Min(alpha.water) = -1.39409e-05  Max(alpha.water) = 1.00001
DICPCG:  Solving for p_rgh, Initial residual = 0.00822481, Final residual = 0.000196764, No Iterations 2
time step continuity errors : sum local = 8.72963e-05, global = 6.33768e-07, cumulative = 0.00197818
DICPCG:  Solving for p_rgh, Initial residual = 0.000228919, Final residual = 1.0369e-05, No Iterations 9
time step continuity errors : sum local = 4.5938e-06, global = 6.42182e-07, cumulative = 0.00197882
DICPCG:  Solving for p_rgh, Initial residual = 2.61118e-05, Final residual = 9.82353e-08, No Iterations 24
time step continuity errors : sum local = 4.35005e-08, global = -9.26201e-10, cumulative = 0.00197882
ExecutionTime = 3.25 s  ClockTime = 7 s

Courant Number mean: 0.0771361 max: 0.483374
Interface Courant Number mean: 0.0102033 max: 0.355447
deltaT = 0.000582685
Time = 0.245339

PIMPLE: iteration 1
smoothSolver:  Solving for alpha.water, Initial residual = 0.00167469, Final residual = 3.29122e-09, No Iterations 2
Phase-1 volume fraction = 0.419758  Min(alpha.water) = -3.44909e-09  Max(alpha.water) = 1
MULES: Correcting alpha.water
MULES: Correcting alpha.water
Phase-1 volume fraction = 0.419764  Min(alpha.water) = -1.16169e-05  Max(alpha.water) = 1.00001
DICPCG:  Solving for p_rgh, Initial residual = 0.00801049, Final residual = 0.000200151, No Iterations 2
time step continuity errors : sum local = 8.83012e-05, global = -8.25922e-07, cumulative = 0.00197799
DICPCG:  Solving for p_rgh, Initial residual = 0.000231189, Final residual = 1.08344e-05, No Iterations 9
time step continuity errors : sum local = 4.77435e-06, global = 2.87212e-07, cumulative = 0.00197828
DICPCG:  Solving for p_rgh, Initial residual = 2.65545e-05, Final residual = 8.80615e-08, No Iterations 32
time step continuity errors : sum local = 3.87894e-08, global = 6.18817e-10, cumulative = 0.00197828
ExecutionTime = 3.26 s  ClockTime = 7 s

Courant Number mean: 0.0765181 max: 0.479679
Interface Courant Number mean: 0.0103323 max: 0.350669
deltaT = 0.000582685
Time = 0.245921

PIMPLE: iteration 1
smoothSolver:  Solving for alpha.water, Initial residual = 0.00166623, Final residual = 3.24083e-09, No Iterations 2
Phase-1 volume fraction = 0.419732  Min(alpha.water) = -3.35667e-09  Max(alpha.water) = 1
MULES: Correcting alpha.water
MULES: Correcting alpha.water
Phase-1 volume fraction = 0.419738  Min(alpha.water) = -9.78773e-06  Max(alpha.water) = 1.00001
DICPCG:  Solving for p_rgh, Initial residual = 0.00799922, Final residual = 0.000201631, No Iterations 2
time step continuity errors : sum local = 8.85599e-05, global = -1.02182e-06, cumulative = 0.00197726
DICPCG:  Solving for p_rgh, Initial residual = 0.000231586, Final residual = 1.06821e-05, No Iterations 9
time step continuity errors : sum local = 4.68738e-06, global = 3.03064e-07, cumulative = 0.00197756
DICPCG:  Solving for p_rgh, Initial residual = 2.60371e-05, Final residual = 8.61707e-08, No Iterations 32
time step continuity errors : sum local = 3.77984e-08, global = 4.0845e-10, cumulative = 0.00197756
ExecutionTime = 3.27 s  ClockTime = 7 s

Courant Number mean: 0.075915 max: 0.475145
Interface Courant Number mean: 0.0101565 max: 0.345331
deltaT = 0.000582685
Time = 0.246504

PIMPLE: iteration 1
smoothSolver:  Solving for alpha.water, Initial residual = 0.0016557, Final residual = 3.19421e-09, No Iterations 2
Phase-1 volume fraction = 0.419704  Min(alpha.water) = -3.25729e-09  Max(alpha.water) = 1
MULES: Correcting alpha.water
MULES: Correcting alpha.water
Phase-1 volume fraction = 0.41971  Min(alpha.water) = -8.17221e-06  Max(alpha.water) = 1.00001
DICPCG:  Solving for p_rgh, Initial residual = 0.00803073, Final residual = 0.000202382, No Iterations 2
time step continuity errors : sum local = 8.86184e-05, global = -1.03515e-06, cumulative = 0.00197653
DICPCG:  Solving for p_rgh, Initial residual = 0.000231861, Final residual = 1.08242e-05, No Iterations 9
time step continuity errors : sum local = 4.73659e-06, global = 3.40749e-07, cumulative = 0.00197687
DICPCG:  Solving for p_rgh, Initial residual = 2.55258e-05, Final residual = 8.75437e-08, No Iterations 32
time step continuity errors : sum local = 3.82928e-08, global = 2.04632e-10, cumulative = 0.00197687
ExecutionTime = 3.28 s  ClockTime = 7 s

Courant Number mean: 0.0753281 max: 0.469646
Interface Courant Number mean: 0.0101839 max: 0.339878
deltaT = 0.000582685
Time = 0.247087

PIMPLE: iteration 1
smoothSolver:  Solving for alpha.water, Initial residual = 0.00165151, Final residual = 3.14483e-09, No Iterations 2
Phase-1 volume fraction = 0.419672  Min(alpha.water) = -3.15892e-09  Max(alpha.water) = 1
MULES: Correcting alpha.water
MULES: Correcting alpha.water
Phase-1 volume fraction = 0.419678  Min(alpha.water) = -6.75683e-06  Max(alpha.water) = 1.00001
DICPCG:  Solving for p_rgh, Initial residual = 0.00845174, Final residual = 0.000201098, No Iterations 2
time step continuity errors : sum local = 8.89991e-05, global = -3.08291e-06, cumulative = 0.00197379
DICPCG:  Solving for p_rgh, Initial residual = 0.000232339, Final residual = 1.0284e-05, No Iterations 10
time step continuity errors : sum local = 4.54915e-06, global = -1.98983e-07, cumulative = 0.00197359
DICPCG:  Solving for p_rgh, Initial residual = 2.58403e-05, Final residual = 8.15724e-08, No Iterations 32
time step continuity errors : sum local = 3.60651e-08, global = 2.37509e-09, cumulative = 0.00197359
ExecutionTime = 3.3 s  ClockTime = 8 s

Courant Number mean: 0.074753 max: 0.463467
Interface Courant Number mean: 0.0101658 max: 0.334696
deltaT = 0.000582685
Time = 0.247669

PIMPLE: iteration 1
smoothSolver:  Solving for alpha.water, Initial residual = 0.00164756, Final residual = 3.12351e-09, No Iterations 2
Phase-1 volume fraction = 0.419636  Min(alpha.water) = -3.06396e-09  Max(alpha.water) = 1
MULES: Correcting alpha.water
MULES: Correcting alpha.water
Phase-1 volume fraction = 0.419642  Min(alpha.water) = -5.5177e-06  Max(alpha.water) = 1.00001
DICPCG:  Solving for p_rgh, Initial residual = 0.00839406, Final residual = 0.000209063, No Iterations 2
time step continuity errors : sum local = 9.21266e-05, global = -1.0909e-06, cumulative = 0.0019725
DICPCG:  Solving for p_rgh, Initial residual = 0.00023844, Final residual = 1.09061e-05, No Iterations 9
time step continuity errors : sum local = 4.80692e-06, global = 3.41817e-07, cumulative = 0.00197284
DICPCG:  Solving for p_rgh, Initial residual = 2.54975e-05, Final residual = 7.73324e-08, No Iterations 32
time step continuity errors : sum local = 3.40729e-08, global = 4.66342e-10, cumulative = 0.00197284
ExecutionTime = 3.31 s  ClockTime = 8 s

Courant Number mean: 0.0741975 max: 0.456323
Interface Courant Number mean: 0.0101162 max: 0.330016
deltaT = 0.000582685
Time = 0.248252

PIMPLE: iteration 1
smoothSolver:  Solving for alpha.water, Initial residual = 0.00164401, Final residual = 3.10132e-09, No Iterations 2
Phase-1 volume fraction = 0.419595  Min(alpha.water) = -2.97495e-09  Max(alpha.water) = 1
MULES: Correcting alpha.water
MULES: Correcting alpha.water
Phase-1 volume fraction = 0.4196  Min(alpha.water) = -4.43676e-06  Max(alpha.water) = 1.00001
DICPCG:  Solving for p_rgh, Initial residual = 0.0081776, Final residual = 0.00020928, No Iterations 2
time step continuity errors : sum local = 9.22217e-05, global = -1.37227e-06, cumulative = 0.00197147
DICPCG:  Solving for p_rgh, Initial residual = 0.000238815, Final residual = 1.09618e-05, No Iterations 9
time step continuity errors : sum local = 4.83384e-06, global = 2.94876e-07, cumulative = 0.00197176
DICPCG:  Solving for p_rgh, Initial residual = 2.56685e-05, Final residual = 7.86962e-08, No Iterations 32
time step continuity errors : sum local = 3.46879e-08, global = 5.52419e-10, cumulative = 0.00197176
ExecutionTime = 3.31 s  ClockTime = 8 s

Courant Number mean: 0.0736647 max: 0.448556
Interface Courant Number mean: 0.00987024 max: 0.325983
deltaT = 0.000582685
Time = 0.248835

PIMPLE: iteration 1
smoothSolver:  Solving for alpha.water, Initial residual = 0.00163713, Final residual = 3.08554e-09, No Iterations 2
Phase-1 volume fraction = 0.419546  Min(alpha.water) = -5.35395e-08  Max(alpha.water) = 1
MULES: Correcting alpha.water
MULES: Correcting alpha.water
Phase-1 volume fraction = 0.419551  Min(alpha.water) = -3.49662e-06  Max(alpha.water) = 1.00001
DICPCG:  Solving for p_rgh, Initial residual = 0.00889963, Final residual = 0.000208699, No Iterations 2
time step continuity errors : sum local = 9.34133e-05, global = -1.48855e-06, cumulative = 0.00197028
DICPCG:  Solving for p_rgh, Initial residual = 0.000237214, Final residual = 9.78711e-06, No Iterations 10
time step continuity errors : sum local = 4.37995e-06, global = 1.33687e-07, cumulative = 0.00197041
DICPCG:  Solving for p_rgh, Initial residual = 2.59022e-05, Final residual = 8.0397e-08, No Iterations 32
time step continuity errors : sum local = 3.59608e-08, global = 1.94098e-09, cumulative = 0.00197041
ExecutionTime = 3.32 s  ClockTime = 8 s

Courant Number mean: 0.0731495 max: 0.440163
Interface Courant Number mean: 0.00992052 max: 0.322638
deltaT = 0.000582685
Time = 0.249417

PIMPLE: iteration 1
smoothSolver:  Solving for alpha.water, Initial residual = 0.00162543, Final residual = 3.07018e-09, No Iterations 2
Phase-1 volume fraction = 0.419488  Min(alpha.water) = -9.47209e-09  Max(alpha.water) = 1
MULES: Correcting alpha.water
MULES: Correcting alpha.water
Phase-1 volume fraction = 0.419493  Min(alpha.water) = -8.944e-06  Max(alpha.water) = 1
DICPCG:  Solving for p_rgh, Initial residual = 0.00951219, Final residual = 0.000199989, No Iterations 2
time step continuity errors : sum local = 9.24816e-05, global = -1.6676e-06, cumulative = 0.00196874
DICPCG:  Solving for p_rgh, Initial residual = 0.000226482, Final residual = 9.71934e-06, No Iterations 9
time step continuity errors : sum local = 4.48937e-06, global = 7.73617e-08, cumulative = 0.00196882
DICPCG:  Solving for p_rgh, Initial residual = 2.41968e-05, Final residual = 8.00175e-08, No Iterations 32
time step continuity errors : sum local = 3.69453e-08, global = 1.1326e-09, cumulative = 0.00196882
ExecutionTime = 3.33 s  ClockTime = 8 s

Courant Number mean: 0.072653 max: 0.431617
Interface Courant Number mean: 0.0097207 max: 0.319935
deltaT = 0.000582685
Time = 0.25

PIMPLE: iteration 1
smoothSolver:  Solving for alpha.water, Initial residual = 0.00160986, Final residual = 3.04868e-09, No Iterations 2
Phase-1 volume fraction = 0.419422  Min(alpha.water) = -2.71522e-09  Max(alpha.water) = 1
MULES: Correcting alpha.water
MULES: Correcting alpha.water
Phase-1 volume fraction = 0.419426  Min(alpha.water) = -4.58095e-06  Max(alpha.water) = 1
DICPCG:  Solving for p_rgh, Initial residual = 0.00912234, Final residual = 0.000199781, No Iterations 2
time step continuity errors : sum local = 9.26728e-05, global = -1.94927e-06, cumulative = 0.00196687
DICPCG:  Solving for p_rgh, Initial residual = 0.000225877, Final residual = 1.01909e-05, No Iterations 9
time step continuity errors : sum local = 4.72245e-06, global = 2.19561e-07, cumulative = 0.00196709
DICPCG:  Solving for p_rgh, Initial residual = 2.484e-05, Final residual = 8.35011e-08, No Iterations 32
time step continuity errors : sum local = 3.86759e-08, global = 1.22832e-10, cumulative = 0.00196709
ExecutionTime = 3.35 s  ClockTime = 8 s

End

