/*---------------------------------------------------------------------------*\
| =========                 |                                                 |
| \\      /  F ield         | OpenFOAM: The Open Source CFD Toolbox           |
|  \\    /   O peration     | Version:  2212                                  |
|   \\  /    A nd           | Website:  www.openfoam.com                      |
|    \\/     M anipulation  |                                                 |
\*---------------------------------------------------------------------------*/
Build  : _70874860-20230612 OPENFOAM=2212 patch=230612 version=2212
Arch   : "LSB;label=32;scalar=64"
Exec   : interFoam
Date   : Sep 08 2026
Time   : 16:24:50
Host   : 4bb445b7f952
PID    : 238
I/O    : uncollated
Case   : /data/phaseforge_channel_hpht
nProcs : 1
trapFpe: Floating point exception trapping enabled (FOAM_SIGFPE).
fileModificationChecking : Monitoring run-time modified files using timeStampMaster (fileModificationSkew 5, maxFileModificationPolls 20)
allowSystemOperations : Allowing user-supplied system call operations

// * * * * * * * * * * * * * * * * * * * * * * * * * * * * * * * * * * * * * //
Create time

Create mesh for time = 0


PIMPLE: Operating solver in PISO mode

Reading field p_rgh

Reading field U

Reading/calculating face flux field phi

Reading transportProperties

Selecting incompressible transport model Newtonian
Selecting incompressible transport model Newtonian
Selecting turbulence model type laminar
Selecting laminar stress model Stokes

Reading g

Reading hRef
Calculating field g.h

No MRF models present

No finite volume options present
DICPCG:  Solving for pcorr, Initial residual = 0, Final residual = 0, No Iterations 0
time step continuity errors : sum local = 0, global = 0, cumulative = 0
Courant Number mean: 0.025 max: 0.025

Starting time loop

Courant Number mean: 0.025 max: 0.025
Interface Courant Number mean: 0 max: 0
deltaT = 6.00601e-05
Time = 6.00601e-05

PIMPLE: iteration 1
smoothSolver:  Solving for alpha.water, Initial residual = 0.00409878, Final residual = 3.04292e-16, No Iterations 1
Phase-1 volume fraction = 0.988  Min(alpha.water) = 7.22476e-07  Max(alpha.water) = 1
MULES: Correcting alpha.water
MULES: Correcting alpha.water
Phase-1 volume fraction = 0.988  Min(alpha.water) = 7.22476e-07  Max(alpha.water) = 1
DICPCG:  Solving for p_rgh, Initial residual = 1, Final residual = 0.0395611, No Iterations 6
time step continuity errors : sum local = 4.45e-06, global = -3.08692e-08, cumulative = -3.08692e-08
DICPCG:  Solving for p_rgh, Initial residual = 0.0198363, Final residual = 0.000942331, No Iterations 15
time step continuity errors : sum local = 2.1601e-07, global = -3.18932e-08, cumulative = -6.27624e-08
DICPCG:  Solving for p_rgh, Initial residual = 0.00110277, Final residual = 7.87648e-08, No Iterations 135
time step continuity errors : sum local = 1.77741e-11, global = 1.11824e-13, cumulative = -6.27623e-08
ExecutionTime = 0.23 s  ClockTime = 0 s

Courant Number mean: 0.0300527 max: 0.0333637
Interface Courant Number mean: 0.000200977 max: 0.0333637
deltaT = 7.19853e-05
Time = 0.000132045

PIMPLE: iteration 1
smoothSolver:  Solving for alpha.water, Initial residual = 0.0050429, Final residual = 7.30477e-13, No Iterations 2
Phase-1 volume fraction = 0.988  Min(alpha.water) = 3.27569e-06  Max(alpha.water) = 1
MULES: Correcting alpha.water
MULES: Correcting alpha.water
Phase-1 volume fraction = 0.988  Min(alpha.water) = 3.27569e-06  Max(alpha.water) = 1
DICPCG:  Solving for p_rgh, Initial residual = 0.0342516, Final residual = 0.00152647, No Iterations 2
time step continuity errors : sum local = 5.23465e-07, global = 1.68553e-09, cumulative = -6.10767e-08
DICPCG:  Solving for p_rgh, Initial residual = 0.00219168, Final residual = 0.000109195, No Iterations 27
time step continuity errors : sum local = 3.76622e-08, global = 1.90544e-09, cumulative = -5.91713e-08
DICPCG:  Solving for p_rgh, Initial residual = 0.000143313, Final residual = 9.62996e-08, No Iterations 124
time step continuity errors : sum local = 3.32179e-11, global = 5.73004e-14, cumulative = -5.91712e-08
ExecutionTime = 0.34 s  ClockTime = 0 s

Courant Number mean: 0.0360501 max: 0.0444972
Interface Courant Number mean: 0.000247919 max: 0.0444972
deltaT = 8.63824e-05
Time = 0.000218428

PIMPLE: iteration 1
smoothSolver:  Solving for alpha.water, Initial residual = 0.00619024, Final residual = 9.26375e-12, No Iterations 2
Phase-1 volume fraction = 0.988  Min(alpha.water) = 9.95136e-06  Max(alpha.water) = 1
MULES: Correcting alpha.water
MULES: Correcting alpha.water
Phase-1 volume fraction = 0.988  Min(alpha.water) = 9.95136e-06  Max(alpha.water) = 1
DICPCG:  Solving for p_rgh, Initial residual = 0.0376119, Final residual = 0.0016595, No Iterations 2
time step continuity errors : sum local = 8.08756e-07, global = 3.84599e-11, cumulative = -5.91328e-08
DICPCG:  Solving for p_rgh, Initial residual = 0.0025051, Final residual = 0.000118747, No Iterations 7
time step continuity errors : sum local = 5.74402e-08, global = 2.36043e-10, cumulative = -5.88967e-08
DICPCG:  Solving for p_rgh, Initial residual = 0.000158158, Final residual = 9.02029e-08, No Iterations 127
time step continuity errors : sum local = 4.36417e-11, global = -9.43621e-14, cumulative = -5.88968e-08
ExecutionTime = 0.41 s  ClockTime = 0 s

Courant Number mean: 0.0433 max: 0.059383
Interface Courant Number mean: 0.000305759 max: 0.059383
deltaT = 0.000103568
Time = 0.000321996

PIMPLE: iteration 1
smoothSolver:  Solving for alpha.water, Initial residual = 0.00755984, Final residual = 6.48732e-11, No Iterations 2
Phase-1 volume fraction = 0.988  Min(alpha.water) = 2.51036e-05  Max(alpha.water) = 1
MULES: Correcting alpha.water
MULES: Correcting alpha.water
Phase-1 volume fraction = 0.988  Min(alpha.water) = 2.51036e-05  Max(alpha.water) = 1
DICPCG:  Solving for p_rgh, Initial residual = 0.0467851, Final residual = 0.00194862, No Iterations 2
time step continuity errors : sum local = 1.31875e-06, global = 2.12866e-10, cumulative = -5.8684e-08
DICPCG:  Solving for p_rgh, Initial residual = 0.00286146, Final residual = 0.000111233, No Iterations 6
time step continuity errors : sum local = 7.41221e-08, global = 5.82931e-10, cumulative = -5.8101e-08
DICPCG:  Solving for p_rgh, Initial residual = 0.000163225, Final residual = 8.5811e-08, No Iterations 128
time step continuity errors : sum local = 5.71932e-11, global = -3.63909e-13, cumulative = -5.81014e-08
ExecutionTime = 0.49 s  ClockTime = 0 s

Courant Number mean: 0.0519655 max: 0.07886
Interface Courant Number mean: 0.000436201 max: 0.07886
deltaT = 0.000124544
Time = 0.000446541

PIMPLE: iteration 1
smoothSolver:  Solving for alpha.water, Initial residual = 0.00922848, Final residual = 3.46793e-10, No Iterations 2
Phase-1 volume fraction = 0.988  Min(alpha.water) = 5.68138e-05  Max(alpha.water) = 1
MULES: Correcting alpha.water
MULES: Correcting alpha.water
Phase-1 volume fraction = 0.988  Min(alpha.water) = 5.68138e-05  Max(alpha.water) = 1
DICPCG:  Solving for p_rgh, Initial residual = 0.0608344, Final residual = 0.00238924, No Iterations 2
time step continuity errors : sum local = 2.21957e-06, global = 2.89058e-10, cumulative = -5.78123e-08
DICPCG:  Solving for p_rgh, Initial residual = 0.00337817, Final residual = 0.000132473, No Iterations 7
time step continuity errors : sum local = 1.20401e-07, global = 9.58918e-10, cumulative = -5.68534e-08
DICPCG:  Solving for p_rgh, Initial residual = 0.000233297, Final residual = 6.9992e-08, No Iterations 129
time step continuity errors : sum local = 6.36274e-11, global = 3.03149e-13, cumulative = -5.68531e-08
ExecutionTime = 0.56 s  ClockTime = 1 s

Courant Number mean: 0.0625512 max: 0.104148
Interface Courant Number mean: 0.000534888 max: 0.104148
deltaT = 0.000149263
Time = 0.000595804

PIMPLE: iteration 1
smoothSolver:  Solving for alpha.water, Initial residual = 0.0111655, Final residual = 1.48581e-09, No Iterations 2
Phase-1 volume fraction = 0.988  Min(alpha.water) = 0.000118069  Max(alpha.water) = 1
MULES: Correcting alpha.water
MULES: Correcting alpha.water
Phase-1 volume fraction = 0.988  Min(alpha.water) = 0.000118069  Max(alpha.water) = 1
DICPCG:  Solving for p_rgh, Initial residual = 0.0777161, Final residual = 0.00303535, No Iterations 2
time step continuity errors : sum local = 3.80411e-06, global = 3.70822e-10, cumulative = -5.64823e-08
DICPCG:  Solving for p_rgh, Initial residual = 0.00396334, Final residual = 0.000167361, No Iterations 9
time step continuity errors : sum local = 2.05027e-07, global = 1.56822e-09, cumulative = -5.49141e-08
DICPCG:  Solving for p_rgh, Initial residual = 0.000307072, Final residual = 7.40583e-08, No Iterations 129
time step continuity errors : sum local = 9.0761e-11, global = 1.22139e-12, cumulative = -5.49129e-08
ExecutionTime = 0.63 s  ClockTime = 1 s

Courant Number mean: 0.0750321 max: 0.134996
Interface Courant Number mean: 0.000646504 max: 0.134996
deltaT = 0.000179668
Time = 0.000775472

PIMPLE: iteration 1
smoothSolver:  Solving for alpha.water, Initial residual = 0.0134599, Final residual = 5.35059e-09, No Iterations 2
Phase-1 volume fraction = 0.988  Min(alpha.water) = 0.000231139  Max(alpha.water) = 1
MULES: Correcting alpha.water
MULES: Correcting alpha.water
Phase-1 volume fraction = 0.988  Min(alpha.water) = 0.000231139  Max(alpha.water) = 1
DICPCG:  Solving for p_rgh, Initial residual = 0.0929749, Final residual = 0.00389811, No Iterations 2
time step continuity errors : sum local = 6.64751e-06, global = 4.0635e-10, cumulative = -5.45065e-08
DICPCG:  Solving for p_rgh, Initial residual = 0.00460017, Final residual = 0.000194819, No Iterations 10
time step continuity errors : sum local = 3.26405e-07, global = 2.55848e-09, cumulative = -5.1948e-08
DICPCG:  Solving for p_rgh, Initial residual = 0.000418553, Final residual = 8.00387e-08, No Iterations 130
time step continuity errors : sum local = 1.34096e-10, global = 1.43446e-12, cumulative = -5.19466e-08
ExecutionTime = 0.69 s  ClockTime = 1 s

Courant Number mean: 0.0903794 max: 0.171663
Interface Courant Number mean: 0.000775567 max: 0.171663
deltaT = 0.000216006
Time = 0.000991478

PIMPLE: iteration 1
smoothSolver:  Solving for alpha.water, Initial residual = 0.0160338, Final residual = 2.28101e-12, No Iterations 3
Phase-1 volume fraction = 0.988  Min(alpha.water) = 0.000430466  Max(alpha.water) = 1
MULES: Correcting alpha.water
MULES: Correcting alpha.water
Phase-1 volume fraction = 0.988  Min(alpha.water) = 0.000430466  Max(alpha.water) = 1
DICPCG:  Solving for p_rgh, Initial residual = 0.0962155, Final residual = 0.00480398, No Iterations 2
time step continuity errors : sum local = 1.13484e-05, global = 2.57825e-10, cumulative = -5.16888e-08
DICPCG:  Solving for p_rgh, Initial residual = 0.00532592, Final residual = 0.000264499, No Iterations 9
time step continuity errors : sum local = 6.26092e-07, global = 4.1009e-09, cumulative = -4.75879e-08
DICPCG:  Solving for p_rgh, Initial residual = 0.00057584, Final residual = 8.33719e-08, No Iterations 131
time step continuity errors : sum local = 1.97281e-10, global = 1.8124e-12, cumulative = -4.75861e-08
ExecutionTime = 0.75 s  ClockTime = 1 s

Courant Number mean: 0.108713 max: 0.210705
Interface Courant Number mean: 0.00136283 max: 0.210705
deltaT = 0.000256872
Time = 0.00124835

PIMPLE: iteration 1
smoothSolver:  Solving for alpha.water, Initial residual = 0.0186852, Final residual = 7.91991e-12, No Iterations 3
Phase-1 volume fraction = 0.988  Min(alpha.water) = 0.000769785  Max(alpha.water) = 1
MULES: Correcting alpha.water
MULES: Correcting alpha.water
Phase-1 volume fraction = 0.988  Min(alpha.water) = 0.000769785  Max(alpha.water) = 1
DICPCG:  Solving for p_rgh, Initial residual = 0.0983096, Final residual = 0.00290919, No Iterations 3
time step continuity errors : sum local = 9.46959e-06, global = -3.60789e-10, cumulative = -4.79468e-08
DICPCG:  Solving for p_rgh, Initial residual = 0.00438656, Final residual = 0.000217098, No Iterations 35
time step continuity errors : sum local = 7.07749e-07, global = 6.24748e-09, cumulative = -4.16994e-08
DICPCG:  Solving for p_rgh, Initial residual = 0.000586399, Final residual = 9.34807e-08, No Iterations 130
time step continuity errors : sum local = 3.0445e-10, global = 4.07175e-12, cumulative = -4.16953e-08
ExecutionTime = 0.83 s  ClockTime = 1 s

Courant Number mean: 0.129322 max: 0.243732
Interface Courant Number mean: 0.0020073 max: 0.243732
deltaT = 0.000297645
Time = 0.001546

PIMPLE: iteration 1
smoothSolver:  Solving for alpha.water, Initial residual = 0.0214724, Final residual = 1.48908e-11, No Iterations 3
Phase-1 volume fraction = 0.988  Min(alpha.water) = 0.00134935  Max(alpha.water) = 1
MULES: Correcting alpha.water
MULES: Correcting alpha.water
Phase-1 volume fraction = 0.988  Min(alpha.water) = 0.0013494  Max(alpha.water) = 1
DICPCG:  Solving for p_rgh, Initial residual = 0.114248, Final residual = 0.0038732, No Iterations 3
time step continuity errors : sum local = 1.61702e-05, global = -1.76446e-09, cumulative = -4.34598e-08
DICPCG:  Solving for p_rgh, Initial residual = 0.00572795, Final residual = 0.000268032, No Iterations 10
time step continuity errors : sum local = 1.0995e-06, global = 8.70826e-09, cumulative = -3.47515e-08
DICPCG:  Solving for p_rgh, Initial residual = 0.000801863, Final residual = 7.21532e-08, No Iterations 133
time step continuity errors : sum local = 2.95432e-10, global = -6.1234e-13, cumulative = -3.47521e-08
ExecutionTime = 0.89 s  ClockTime = 1 s

Courant Number mean: 0.149873 max: 0.265257
Interface Courant Number mean: 0.00231349 max: 0.265257
deltaT = 0.000341741
Time = 0.00188774

PIMPLE: iteration 1
smoothSolver:  Solving for alpha.water, Initial residual = 0.0248011, Final residual = 3.0912e-11, No Iterations 3
Phase-1 volume fraction = 0.988  Min(alpha.water) = 0.00242973  Max(alpha.water) = 1
MULES: Correcting alpha.water
MULES: Correcting alpha.water
Phase-1 volume fraction = 0.988  Min(alpha.water) = 0.00243135  Max(alpha.water) = 1
DICPCG:  Solving for p_rgh, Initial residual = 0.138642, Final residual = 0.00512561, No Iterations 3
time step continuity errors : sum local = 2.65408e-05, global = -4.38827e-09, cumulative = -3.91404e-08
DICPCG:  Solving for p_rgh, Initial residual = 0.00782477, Final residual = 0.0003724, No Iterations 37
time step continuity errors : sum local = 1.91127e-06, global = 1.2914e-08, cumulative = -2.62264e-08
DICPCG:  Solving for p_rgh, Initial residual = 0.00116414, Final residual = 7.40055e-08, No Iterations 133
time step continuity errors : sum local = 3.78935e-10, global = 1.13916e-12, cumulative = -2.62252e-08
ExecutionTime = 0.96 s  ClockTime = 1 s

Courant Number mean: 0.172013 max: 0.306526
Interface Courant Number mean: 0.00268944 max: 0.306526
deltaT = 0.000385367
Time = 0.0022731

PIMPLE: iteration 1
smoothSolver:  Solving for alpha.water, Initial residual = 0.027775, Final residual = 6.492e-11, No Iterations 3
Phase-1 volume fraction = 0.988  Min(alpha.water) = 0.00441993  Max(alpha.water) = 1
MULES: Correcting alpha.water
MULES: Correcting alpha.water
Phase-1 volume fraction = 0.988  Min(alpha.water) = 0.00441993  Max(alpha.water) = 1
DICPCG:  Solving for p_rgh, Initial residual = 0.135942, Final residual = 0.00650011, No Iterations 2
time step continuity errors : sum local = 4.1133e-05, global = -8.73392e-09, cumulative = -3.49592e-08
DICPCG:  Solving for p_rgh, Initial residual = 0.00921493, Final residual = 0.000441993, No Iterations 107
time step continuity errors : sum local = 2.80613e-06, global = 1.74025e-08, cumulative = -1.75566e-08
DICPCG:  Solving for p_rgh, Initial residual = 0.00156817, Final residual = 9.16869e-08, No Iterations 134
time step continuity errors : sum local = 5.96085e-10, global = 4.23004e-12, cumulative = -1.75524e-08
ExecutionTime = 1.06 s  ClockTime = 1 s

Courant Number mean: 0.193898 max: 0.303541
Interface Courant Number mean: 0.00314786 max: 0.303541
deltaT = 0.000432363
Time = 0.00270547

PIMPLE: iteration 1
smoothSolver:  Solving for alpha.water, Initial residual = 0.0305652, Final residual = 2.16404e-10, No Iterations 3
Phase-1 volume fraction = 0.988  Min(alpha.water) = 0.00522641  Max(alpha.water) = 1
MULES: Correcting alpha.water
MULES: Correcting alpha.water
Phase-1 volume fraction = 0.988  Min(alpha.water) = 0.00522641  Max(alpha.water) = 1
DICPCG:  Solving for p_rgh, Initial residual = 0.169084, Final residual = 0.00631109, No Iterations 3
time step continuity errors : sum local = 4.94542e-05, global = -9.56736e-09, cumulative = -2.71197e-08
DICPCG:  Solving for p_rgh, Initial residual = 0.00915784, Final residual = 0.000457632, No Iterations 41
time step continuity errors : sum local = 3.54857e-06, global = 2.02576e-08, cumulative = -6.86212e-09
DICPCG:  Solving for p_rgh, Initial residual = 0.00155015, Final residual = 7.10646e-08, No Iterations 134
time step continuity errors : sum local = 5.49706e-10, global = -2.14004e-12, cumulative = -6.86426e-09
ExecutionTime = 1.17 s  ClockTime = 1 s

Courant Number mean: 0.217472 max: 0.314218
Interface Courant Number mean: 0.00450668 max: 0.314218
deltaT = 0.00049413
Time = 0.0031996

PIMPLE: iteration 1
smoothSolver:  Solving for alpha.water, Initial residual = 0.0347269, Final residual = 3.89898e-10, No Iterations 3
Phase-1 volume fraction = 0.988  Min(alpha.water) = 0.00706856  Max(alpha.water) = 1
MULES: Correcting alpha.water
MULES: Correcting alpha.water
Phase-1 volume fraction = 0.988  Min(alpha.water) = 0.00706856  Max(alpha.water) = 1
DICPCG:  Solving for p_rgh, Initial residual = 0.170884, Final residual = 0.00665967, No Iterations 3
time step continuity errors : sum local = 6.29444e-05, global = -2.62197e-08, cumulative = -3.3084e-08
DICPCG:  Solving for p_rgh, Initial residual = 0.00978268, Final residual = 0.000440819, No Iterations 17
time step continuity errors : sum local = 4.10139e-06, global = -2.31724e-08, cumulative = -5.62564e-08
DICPCG:  Solving for p_rgh, Initial residual = 0.00170914, Final residual = 8.49527e-08, No Iterations 136
time step continuity errors : sum local = 7.88712e-10, global = -2.50899e-12, cumulative = -5.62589e-08
ExecutionTime = 1.26 s  ClockTime = 1 s

Courant Number mean: 0.248535 max: 0.352053
Interface Courant Number mean: 0.00511171 max: 0.352053
deltaT = 0.000541949
Time = 0.00374154

PIMPLE: iteration 1
smoothSolver:  Solving for alpha.water, Initial residual = 0.0382825, Final residual = 4.05622e-10, No Iterations 3
Phase-1 volume fraction = 0.988  Min(alpha.water) = 0.0104146  Max(alpha.water) = 1
MULES: Correcting alpha.water
MULES: Correcting alpha.water
Phase-1 volume fraction = 0.988  Min(alpha.water) = 0.0104177  Max(alpha.water) = 1
DICPCG:  Solving for p_rgh, Initial residual = 0.184157, Final residual = 0.00650984, No Iterations 3
time step continuity errors : sum local = 6.97178e-05, global = -2.54865e-08, cumulative = -8.17454e-08
DICPCG:  Solving for p_rgh, Initial residual = 0.0105592, Final residual = 0.000415264, No Iterations 9
time step continuity errors : sum local = 4.39827e-06, global = 3.58999e-08, cumulative = -4.58455e-08
DICPCG:  Solving for p_rgh, Initial residual = 0.00176268, Final residual = 7.62741e-08, No Iterations 134
time step continuity errors : sum local = 8.06087e-10, global = -1.413e-12, cumulative = -4.5847e-08
ExecutionTime = 1.33 s  ClockTime = 2 s

Courant Number mean: 0.272593 max: 0.392729
Interface Courant Number mean: 0.00639221 max: 0.392729
deltaT = 0.000560636
Time = 0.00430218

PIMPLE: iteration 1
smoothSolver:  Solving for alpha.water, Initial residual = 0.0391531, Final residual = 3.10547e-10, No Iterations 3
Phase-1 volume fraction = 0.988  Min(alpha.water) = 0.0159151  Max(alpha.water) = 1
MULES: Correcting alpha.water
MULES: Correcting alpha.water
Phase-1 volume fraction = 0.988  Min(alpha.water) = 0.0159151  Max(alpha.water) = 1
DICPCG:  Solving for p_rgh, Initial residual = 0.190198, Final residual = 0.00596102, No Iterations 3
time step continuity errors : sum local = 6.53042e-05, global = -4.96047e-08, cumulative = -9.54516e-08
DICPCG:  Solving for p_rgh, Initial residual = 0.0101931, Final residual = 0.000463495, No Iterations 20
time step continuity errors : sum local = 5.00997e-06, global = 1.25816e-08, cumulative = -8.28701e-08
DICPCG:  Solving for p_rgh, Initial residual = 0.00191199, Final residual = 8.31583e-08, No Iterations 135
time step continuity errors : sum local = 8.97211e-10, global = -1.94056e-11, cumulative = -8.28895e-08
ExecutionTime = 1.45 s  ClockTime = 2 s

Courant Number mean: 0.282095 max: 0.41804
Interface Courant Number mean: 0.00716973 max: 0.41804
deltaT = 0.000541304
Time = 0.00484349

PIMPLE: iteration 1
smoothSolver:  Solving for alpha.water, Initial residual = 0.0360653, Final residual = 1.44449e-10, No Iterations 3
Phase-1 volume fraction = 0.988  Min(alpha.water) = 0.0176917  Max(alpha.water) = 1
MULES: Correcting alpha.water
MULES: Correcting alpha.water
Phase-1 volume fraction = 0.988  Min(alpha.water) = 0.0176917  Max(alpha.water) = 1
DICPCG:  Solving for p_rgh, Initial residual = 0.203165, Final residual = 0.00738705, No Iterations 3
time step continuity errors : sum local = 7.3057e-05, global = -4.43749e-08, cumulative = -1.27264e-07
DICPCG:  Solving for p_rgh, Initial residual = 0.0110129, Final residual = 0.000503155, No Iterations 39
time step continuity errors : sum local = 4.86232e-06, global = -1.0613e-08, cumulative = -1.37877e-07
DICPCG:  Solving for p_rgh, Initial residual = 0.00207144, Final residual = 9.59585e-08, No Iterations 137
time step continuity errors : sum local = 9.26023e-10, global = -1.3918e-11, cumulative = -1.37891e-07
ExecutionTime = 1.6 s  ClockTime = 2 s

Courant Number mean: 0.272402 max: 0.390934
Interface Courant Number mean: 0.0071389 max: 0.390934
deltaT = 0.000561352
Time = 0.00540484

PIMPLE: iteration 1
smoothSolver:  Solving for alpha.water, Initial residual = 0.0371543, Final residual = 1.18421e-10, No Iterations 3
Phase-1 volume fraction = 0.988  Min(alpha.water) = 0.0216097  Max(alpha.water) = 1
MULES: Correcting alpha.water
MULES: Correcting alpha.water
Phase-1 volume fraction = 0.988  Min(alpha.water) = 0.0216097  Max(alpha.water) = 1
DICPCG:  Solving for p_rgh, Initial residual = 0.187915, Final residual = 0.00701884, No Iterations 3
time step continuity errors : sum local = 7.17835e-05, global = -4.74545e-08, cumulative = -1.85346e-07
DICPCG:  Solving for p_rgh, Initial residual = 0.0109269, Final residual = 0.000487647, No Iterations 7
time step continuity errors : sum local = 5.02867e-06, global = 1.94337e-08, cumulative = -1.65912e-07
DICPCG:  Solving for p_rgh, Initial residual = 0.00204136, Final residual = 9.48707e-08, No Iterations 132
time step continuity errors : sum local = 9.77474e-10, global = -1.06748e-11, cumulative = -1.65923e-07
ExecutionTime = 1.68 s  ClockTime = 2 s

Courant Number mean: 0.282558 max: 0.381933
Interface Courant Number mean: 0.00710185 max: 0.381933
deltaT = 0.000583806
Time = 0.00598864

PIMPLE: iteration 1
smoothSolver:  Solving for alpha.water, Initial residual = 0.0386995, Final residual = 2.36468e-10, No Iterations 3
Phase-1 volume fraction = 0.988  Min(alpha.water) = 0.0282787  Max(alpha.water) = 1
MULES: Correcting alpha.water
MULES: Correcting alpha.water
Phase-1 volume fraction = 0.988  Min(alpha.water) = 0.0282787  Max(alpha.water) = 1
DICPCG:  Solving for p_rgh, Initial residual = 0.184691, Final residual = 0.00722857, No Iterations 3
time step continuity errors : sum local = 7.97044e-05, global = -6.40416e-08, cumulative = -2.29964e-07
DICPCG:  Solving for p_rgh, Initial residual = 0.0105774, Final residual = 0.000513842, No Iterations 8
time step continuity errors : sum local = 5.66221e-06, global = 1.21999e-08, cumulative = -2.17764e-07
DICPCG:  Solving for p_rgh, Initial residual = 0.00199201, Final residual = 8.5278e-08, No Iterations 134
time step continuity errors : sum local = 9.38527e-10, global = 1.8887e-11, cumulative = -2.17746e-07
ExecutionTime = 1.76 s  ClockTime = 2 s

Courant Number mean: 0.294157 max: 0.440845
Interface Courant Number mean: 0.00728781 max: 0.440845
deltaT = 0.000538898
Time = 0.00652754

PIMPLE: iteration 1
smoothSolver:  Solving for alpha.water, Initial residual = 0.0354942, Final residual = 1.22949e-09, No Iterations 3
Phase-1 volume fraction = 0.988  Min(alpha.water) = 0.035754  Max(alpha.water) = 1
MULES: Correcting alpha.water
MULES: Correcting alpha.water
Phase-1 volume fraction = 0.988  Min(alpha.water) = 0.0357533  Max(alpha.water) = 1
DICPCG:  Solving for p_rgh, Initial residual = 0.155599, Final residual = 0.00643715, No Iterations 3
time step continuity errors : sum local = 6.04581e-05, global = -5.36041e-08, cumulative = -2.7135e-07
DICPCG:  Solving for p_rgh, Initial residual = 0.00876408, Final residual = 0.000381036, No Iterations 8
time step continuity errors : sum local = 3.55232e-06, global = 7.86546e-09, cumulative = -2.63484e-07
DICPCG:  Solving for p_rgh, Initial residual = 0.00161152, Final residual = 8.75665e-08, No Iterations 133
time step continuity errors : sum local = 8.15233e-10, global = 2.505e-12, cumulative = -2.63482e-07
ExecutionTime = 1.83 s  ClockTime = 2 s

Courant Number mean: 0.27177 max: 0.410388
Interface Courant Number mean: 0.00741177 max: 0.410388
deltaT = 0.000518171
Time = 0.00704571

PIMPLE: iteration 1
smoothSolver:  Solving for alpha.water, Initial residual = 0.0338187, Final residual = 1.57018e-09, No Iterations 3
Phase-1 volume fraction = 0.988  Min(alpha.water) = 0.0380441  Max(alpha.water) = 1
MULES: Correcting alpha.water
MULES: Correcting alpha.water
Phase-1 volume fraction = 0.988  Min(alpha.water) = 0.0380441  Max(alpha.water) = 1
DICPCG:  Solving for p_rgh, Initial residual = 0.166193, Final residual = 0.00652996, No Iterations 3
time step continuity errors : sum local = 5.68754e-05, global = -5.00617e-08, cumulative = -3.13543e-07
DICPCG:  Solving for p_rgh, Initial residual = 0.00875531, Final residual = 0.000360744, No Iterations 9
time step continuity errors : sum local = 3.16718e-06, global = 7.11074e-09, cumulative = -3.06433e-07
DICPCG:  Solving for p_rgh, Initial residual = 0.00149738, Final residual = 9.30335e-08, No Iterations 132
time step continuity errors : sum local = 8.14995e-10, global = 5.40273e-13, cumulative = -3.06432e-07
ExecutionTime = 1.88 s  ClockTime = 2 s

Courant Number mean: 0.261445 max: 0.369137
Interface Courant Number mean: 0.00714187 max: 0.368822
deltaT = 0.00056323
Time = 0.00760894

PIMPLE: iteration 1
smoothSolver:  Solving for alpha.water, Initial residual = 0.0373523, Final residual = 2.80719e-09, No Iterations 3
Phase-1 volume fraction = 0.988  Min(alpha.water) = 0.0433314  Max(alpha.water) = 1
MULES: Correcting alpha.water
MULES: Correcting alpha.water
Phase-1 volume fraction = 0.988  Min(alpha.water) = 0.0433314  Max(alpha.water) = 1.00001
DICPCG:  Solving for p_rgh, Initial residual = 0.186272, Final residual = 0.00658148, No Iterations 3
time step continuity errors : sum local = 6.59305e-05, global = -6.39427e-08, cumulative = -3.70375e-07
DICPCG:  Solving for p_rgh, Initial residual = 0.009353, Final residual = 0.000344282, No Iterations 8
time step continuity errors : sum local = 3.43613e-06, global = 4.38986e-09, cumulative = -3.65985e-07
DICPCG:  Solving for p_rgh, Initial residual = 0.00164331, Final residual = 7.92519e-08, No Iterations 131
time step continuity errors : sum local = 7.89365e-10, global = -1.19952e-11, cumulative = -3.65997e-07
ExecutionTime = 1.94 s  ClockTime = 2 s

Courant Number mean: 0.284214 max: 0.385998
Interface Courant Number mean: 0.00718317 max: 0.384187
deltaT = 0.00059005
Time = 0.00819899

PIMPLE: iteration 1
smoothSolver:  Solving for alpha.water, Initial residual = 0.0399003, Final residual = 5.2243e-09, No Iterations 3
Phase-1 volume fraction = 0.988  Min(alpha.water) = 0.0507699  Max(alpha.water) = 1
MULES: Correcting alpha.water
MULES: Correcting alpha.water
Phase-1 volume fraction = 0.988  Min(alpha.water) = 0.0507698  Max(alpha.water) = 1
DICPCG:  Solving for p_rgh, Initial residual = 0.171905, Final residual = 0.00746989, No Iterations 3
time step continuity errors : sum local = 8.00798e-05, global = -7.22299e-08, cumulative = -4.38227e-07
DICPCG:  Solving for p_rgh, Initial residual = 0.0100132, Final residual = 0.000468125, No Iterations 36
time step continuity errors : sum local = 4.99596e-06, global = 5.73116e-09, cumulative = -4.32496e-07
DICPCG:  Solving for p_rgh, Initial residual = 0.00197811, Final residual = 8.02656e-08, No Iterations 134
time step continuity errors : sum local = 8.55031e-10, global = 1.99359e-12, cumulative = -4.32494e-07
ExecutionTime = 2 s  ClockTime = 2 s

Courant Number mean: 0.297806 max: 0.419509
Interface Courant Number mean: 0.00776131 max: 0.419509
deltaT = 0.000561953
Time = 0.00876095

PIMPLE: iteration 1
smoothSolver:  Solving for alpha.water, Initial residual = 0.0384084, Final residual = 3.70466e-09, No Iterations 3
Phase-1 volume fraction = 0.988  Min(alpha.water) = 0.0602824  Max(alpha.water) = 1
MULES: Correcting alpha.water
MULES: Correcting alpha.water
Phase-1 volume fraction = 0.988  Min(alpha.water) = 0.0602624  Max(alpha.water) = 1
DICPCG:  Solving for p_rgh, Initial residual = 0.164088, Final residual = 0.00620772, No Iterations 3
time step continuity errors : sum local = 5.98202e-05, global = -6.48902e-08, cumulative = -4.97384e-07
DICPCG:  Solving for p_rgh, Initial residual = 0.0085038, Final residual = 0.00040145, No Iterations 19
time step continuity errors : sum local = 3.86389e-06, global = -3.45927e-08, cumulative = -5.31977e-07
DICPCG:  Solving for p_rgh, Initial residual = 0.00163176, Final residual = 8.52933e-08, No Iterations 133
time step continuity errors : sum local = 8.19306e-10, global = -2.03991e-12, cumulative = -5.31979e-07
ExecutionTime = 2.08 s  ClockTime = 2 s

Courant Number mean: 0.283564 max: 0.401742
Interface Courant Number mean: 0.0076121 max: 0.401742
deltaT = 0.000561953
Time = 0.0093229

PIMPLE: iteration 1
smoothSolver:  Solving for alpha.water, Initial residual = 0.0382019, Final residual = 2.75419e-09, No Iterations 3
Phase-1 volume fraction = 0.988  Min(alpha.water) = 0.0632039  Max(alpha.water) = 1
MULES: Correcting alpha.water
MULES: Correcting alpha.water
Phase-1 volume fraction = 0.988  Min(alpha.water) = 0.0632039  Max(alpha.water) = 1
DICPCG:  Solving for p_rgh, Initial residual = 0.19892, Final residual = 0.00693813, No Iterations 3
time step continuity errors : sum local = 6.69437e-05, global = -5.60071e-08, cumulative = -5.87986e-07
DICPCG:  Solving for p_rgh, Initial residual = 0.00930634, Final residual = 0.000411955, No Iterations 9
time step continuity errors : sum local = 3.97637e-06, global = 1.36896e-08, cumulative = -5.74296e-07
DICPCG:  Solving for p_rgh, Initial residual = 0.00165805, Final residual = 9.32746e-08, No Iterations 131
time step continuity errors : sum local = 8.9883e-10, global = 5.88313e-13, cumulative = -5.74295e-07
ExecutionTime = 2.14 s  ClockTime = 2 s

Courant Number mean: 0.283453 max: 0.402162
Interface Courant Number mean: 0.00744958 max: 0.402162
deltaT = 0.000561953
Time = 0.00988485

PIMPLE: iteration 1
smoothSolver:  Solving for alpha.water, Initial residual = 0.0390043, Final residual = 1.66501e-09, No Iterations 3
Phase-1 volume fraction = 0.988  Min(alpha.water) = 0.0680272  Max(alpha.water) = 1
MULES: Correcting alpha.water
MULES: Correcting alpha.water
Phase-1 volume fraction = 0.988  Min(alpha.water) = 0.0680272  Max(alpha.water) = 1
DICPCG:  Solving for p_rgh, Initial residual = 0.188381, Final residual = 0.00686054, No Iterations 3
time step continuity errors : sum local = 6.6138e-05, global = -6.87923e-08, cumulative = -6.43088e-07
DICPCG:  Solving for p_rgh, Initial residual = 0.00919763, Final residual = 0.000421975, No Iterations 8
time step continuity errors : sum local = 4.09992e-06, global = -3.9166e-09, cumulative = -6.47004e-07
DICPCG:  Solving for p_rgh, Initial residual = 0.00164838, Final residual = 7.46925e-08, No Iterations 134
time step continuity errors : sum local = 7.245e-10, global = 1.43839e-11, cumulative = -6.4699e-07
ExecutionTime = 2.2 s  ClockTime = 3 s

Courant Number mean: 0.283455 max: 0.399532
Interface Courant Number mean: 0.00694766 max: 0.391035
deltaT = 0.000561953
Time = 0.0104468

PIMPLE: iteration 1
smoothSolver:  Solving for alpha.water, Initial residual = 0.0393431, Final residual = 2.0455e-09, No Iterations 3
Phase-1 volume fraction = 0.988  Min(alpha.water) = 0.0745409  Max(alpha.water) = 1
MULES: Correcting alpha.water
MULES: Correcting alpha.water
Phase-1 volume fraction = 0.988  Min(alpha.water) = 0.0745409  Max(alpha.water) = 1
DICPCG:  Solving for p_rgh, Initial residual = 0.157026, Final residual = 0.00627112, No Iterations 3
time step continuity errors : sum local = 6.08059e-05, global = -6.46095e-08, cumulative = -7.11599e-07
DICPCG:  Solving for p_rgh, Initial residual = 0.00844863, Final residual = 0.000386583, No Iterations 9
time step continuity errors : sum local = 3.77801e-06, global = 7.56771e-10, cumulative = -7.10843e-07
DICPCG:  Solving for p_rgh, Initial residual = 0.00153065, Final residual = 8.36409e-08, No Iterations 133
time step continuity errors : sum local = 8.15649e-10, global = -1.15718e-12, cumulative = -7.10844e-07
ExecutionTime = 2.27 s  ClockTime = 3 s

Courant Number mean: 0.283453 max: 0.396417
Interface Courant Number mean: 0.00732249 max: 0.389918
deltaT = 0.000561953
Time = 0.0110088

PIMPLE: iteration 1
smoothSolver:  Solving for alpha.water, Initial residual = 0.0385587, Final residual = 1.97217e-09, No Iterations 3
Phase-1 volume fraction = 0.988  Min(alpha.water) = 0.083231  Max(alpha.water) = 1
MULES: Correcting alpha.water
MULES: Correcting alpha.water
Phase-1 volume fraction = 0.988  Min(alpha.water) = 0.0832294  Max(alpha.water) = 1
DICPCG:  Solving for p_rgh, Initial residual = 0.183574, Final residual = 0.00743304, No Iterations 3
time step continuity errors : sum local = 7.1266e-05, global = -6.59203e-08, cumulative = -7.76764e-07
DICPCG:  Solving for p_rgh, Initial residual = 0.00981248, Final residual = 0.000489926, No Iterations 10
time step continuity errors : sum local = 4.6413e-06, global = -1.98969e-09, cumulative = -7.78754e-07
DICPCG:  Solving for p_rgh, Initial residual = 0.00181755, Final residual = 7.50457e-08, No Iterations 133
time step continuity errors : sum local = 7.09311e-10, global = -3.56679e-13, cumulative = -7.78754e-07
ExecutionTime = 2.35 s  ClockTime = 3 s

Courant Number mean: 0.283355 max: 0.403344
Interface Courant Number mean: 0.0075279 max: 0.403344
deltaT = 0.000561953
Time = 0.0115707

PIMPLE: iteration 1
smoothSolver:  Solving for alpha.water, Initial residual = 0.0381727, Final residual = 1.11809e-09, No Iterations 3
Phase-1 volume fraction = 0.988  Min(alpha.water) = 0.0861474  Max(alpha.water) = 1
MULES: Correcting alpha.water
MULES: Correcting alpha.water
Phase-1 volume fraction = 0.988  Min(alpha.water) = 0.0861474  Max(alpha.water) = 1
DICPCG:  Solving for p_rgh, Initial residual = 0.210099, Final residual = 0.0070388, No Iterations 3
time step continuity errors : sum local = 6.57481e-05, global = -6.51388e-08, cumulative = -8.43893e-07
DICPCG:  Solving for p_rgh, Initial residual = 0.00952606, Final residual = 0.000370324, No Iterations 8
time step continuity errors : sum local = 3.45324e-06, global = -2.0775e-09, cumulative = -8.4597e-07
DICPCG:  Solving for p_rgh, Initial residual = 0.00169266, Final residual = 7.86292e-08, No Iterations 130
time step continuity errors : sum local = 7.32085e-10, global = -2.92246e-12, cumulative = -8.45973e-07
ExecutionTime = 2.41 s  ClockTime = 3 s

Courant Number mean: 0.283306 max: 0.405492
Interface Courant Number mean: 0.00743078 max: 0.40048
deltaT = 0.000561953
Time = 0.0121327

PIMPLE: iteration 1
smoothSolver:  Solving for alpha.water, Initial residual = 0.0383365, Final residual = 5.20531e-10, No Iterations 3
Phase-1 volume fraction = 0.988  Min(alpha.water) = 0.091721  Max(alpha.water) = 1
MULES: Correcting alpha.water
MULES: Correcting alpha.water
Phase-1 volume fraction = 0.988  Min(alpha.water) = 0.091721  Max(alpha.water) = 1
DICPCG:  Solving for p_rgh, Initial residual = 0.178113, Final residual = 0.00720854, No Iterations 3
time step continuity errors : sum local = 6.83426e-05, global = -6.48987e-08, cumulative = -9.10872e-07
DICPCG:  Solving for p_rgh, Initial residual = 0.00945862, Final residual = 0.00043232, No Iterations 9
time step continuity errors : sum local = 4.18169e-06, global = -2.91562e-09, cumulative = -9.13788e-07
DICPCG:  Solving for p_rgh, Initial residual = 0.00168077, Final residual = 7.2545e-08, No Iterations 134
time step continuity errors : sum local = 7.00306e-10, global = 7.96375e-12, cumulative = -9.1378e-07
ExecutionTime = 2.53 s  ClockTime = 3 s

Courant Number mean: 0.283246 max: 0.403037
Interface Courant Number mean: 0.00700378 max: 0.393539
deltaT = 0.000561953
Time = 0.0126946

PIMPLE: iteration 1
smoothSolver:  Solving for alpha.water, Initial residual = 0.0379307, Final residual = 5.2494e-10, No Iterations 3
Phase-1 volume fraction = 0.988  Min(alpha.water) = 0.0980649  Max(alpha.water) = 1
MULES: Correcting alpha.water
MULES: Correcting alpha.water
Phase-1 volume fraction = 0.988  Min(alpha.water) = 0.0980649  Max(alpha.water) = 1
DICPCG:  Solving for p_rgh, Initial residual = 0.1653, Final residual = 0.00608101, No Iterations 3
time step continuity errors : sum local = 5.85553e-05, global = -6.42917e-08, cumulative = -9.78071e-07
DICPCG:  Solving for p_rgh, Initial residual = 0.00833974, Final residual = 0.000414788, No Iterations 10
time step continuity errors : sum local = 4.02248e-06, global = -3.43625e-09, cumulative = -9.81508e-07
DICPCG:  Solving for p_rgh, Initial residual = 0.00156616, Final residual = 7.74154e-08, No Iterations 131
time step continuity errors : sum local = 7.49213e-10, global = 8.09787e-13, cumulative = -9.81507e-07
ExecutionTime = 2.67 s  ClockTime = 3 s

Courant Number mean: 0.283294 max: 0.398163
Interface Courant Number mean: 0.00763527 max: 0.398163
deltaT = 0.000561953
Time = 0.0132566

PIMPLE: iteration 1
smoothSolver:  Solving for alpha.water, Initial residual = 0.037041, Final residual = 6.706e-10, No Iterations 3
Phase-1 volume fraction = 0.988  Min(alpha.water) = 0.100083  Max(alpha.water) = 1
MULES: Correcting alpha.water
MULES: Correcting alpha.water
Phase-1 volume fraction = 0.988  Min(alpha.water) = 0.100083  Max(alpha.water) = 1
DICPCG:  Solving for p_rgh, Initial residual = 0.190187, Final residual = 0.00726788, No Iterations 3
time step continuity errors : sum local = 6.96913e-05, global = -6.37172e-08, cumulative = -1.04522e-06
DICPCG:  Solving for p_rgh, Initial residual = 0.00966694, Final residual = 0.000391861, No Iterations 9
time step continuity errors : sum local = 3.73486e-06, global = -3.9529e-09, cumulative = -1.04918e-06
DICPCG:  Solving for p_rgh, Initial residual = 0.00169184, Final residual = 8.51919e-08, No Iterations 134
time step continuity errors : sum local = 8.10055e-10, global = 6.48276e-12, cumulative = -1.04917e-06
ExecutionTime = 2.81 s  ClockTime = 3 s

Courant Number mean: 0.283286 max: 0.403917
Interface Courant Number mean: 0.00772075 max: 0.403917
deltaT = 0.000561953
Time = 0.0138185

PIMPLE: iteration 1
smoothSolver:  Solving for alpha.water, Initial residual = 0.0371162, Final residual = 4.41623e-10, No Iterations 3
Phase-1 volume fraction = 0.988  Min(alpha.water) = 0.104071  Max(alpha.water) = 1
MULES: Correcting alpha.water
MULES: Correcting alpha.water
Phase-1 volume fraction = 0.988  Min(alpha.water) = 0.104071  Max(alpha.water) = 1
DICPCG:  Solving for p_rgh, Initial residual = 0.180874, Final residual = 0.00662396, No Iterations 3
time step continuity errors : sum local = 6.26967e-05, global = -6.30162e-08, cumulative = -1.11219e-06
DICPCG:  Solving for p_rgh, Initial residual = 0.00917483, Final residual = 0.00045105, No Iterations 7
time step continuity errors : sum local = 4.28852e-06, global = -4.40137e-09, cumulative = -1.11659e-06
DICPCG:  Solving for p_rgh, Initial residual = 0.00171548, Final residual = 9.31487e-08, No Iterations 131
time step continuity errors : sum local = 8.83755e-10, global = -4.21045e-12, cumulative = -1.11659e-06
ExecutionTime = 2.88 s  ClockTime = 3 s

Courant Number mean: 0.283291 max: 0.395307
Interface Courant Number mean: 0.00720729 max: 0.395307
deltaT = 0.000561953
Time = 0.0143805

PIMPLE: iteration 1
smoothSolver:  Solving for alpha.water, Initial residual = 0.0371741, Final residual = 2.62202e-10, No Iterations 3
Phase-1 volume fraction = 0.988  Min(alpha.water) = 0.108841  Max(alpha.water) = 1
MULES: Correcting alpha.water
MULES: Correcting alpha.water
Phase-1 volume fraction = 0.988  Min(alpha.water) = 0.108697  Max(alpha.water) = 1.00001
DICPCG:  Solving for p_rgh, Initial residual = 0.178224, Final residual = 0.0072009, No Iterations 3
time step continuity errors : sum local = 6.85818e-05, global = -6.22974e-08, cumulative = -1.17889e-06
DICPCG:  Solving for p_rgh, Initial residual = 0.00959552, Final residual = 0.000462743, No Iterations 10
time step continuity errors : sum local = 4.42394e-06, global = -4.82473e-09, cumulative = -1.18371e-06
DICPCG:  Solving for p_rgh, Initial residual = 0.00178817, Final residual = 9.91768e-08, No Iterations 130
time step continuity errors : sum local = 9.46016e-10, global = -2.34958e-13, cumulative = -1.18371e-06
ExecutionTime = 2.96 s  ClockTime = 3 s

Courant Number mean: 0.283358 max: 0.393954
Interface Courant Number mean: 0.00713085 max: 0.393954
deltaT = 0.000561953
Time = 0.0149424

PIMPLE: iteration 1
smoothSolver:  Solving for alpha.water, Initial residual = 0.0364973, Final residual = 5.96184e-10, No Iterations 3
Phase-1 volume fraction = 0.988  Min(alpha.water) = 0.114224  Max(alpha.water) = 1
MULES: Correcting alpha.water
MULES: Correcting alpha.water
Phase-1 volume fraction = 0.988  Min(alpha.water) = 0.114224  Max(alpha.water) = 1
DICPCG:  Solving for p_rgh, Initial residual = 0.180267, Final residual = 0.00660283, No Iterations 3
time step continuity errors : sum local = 6.2489e-05, global = -6.14906e-08, cumulative = -1.24521e-06
DICPCG:  Solving for p_rgh, Initial residual = 0.00876863, Final residual = 0.000432978, No Iterations 15
time step continuity errors : sum local = 4.12977e-06, global = -5.2375e-09, cumulative = -1.25044e-06
DICPCG:  Solving for p_rgh, Initial residual = 0.00164608, Final residual = 8.01984e-08, No Iterations 134
time step continuity errors : sum local = 7.63246e-10, global = -1.78171e-13, cumulative = -1.25044e-06
ExecutionTime = 3.05 s  ClockTime = 4 s

Courant Number mean: 0.283416 max: 0.392079
Interface Courant Number mean: 0.00764258 max: 0.389904
deltaT = 0.000561953
Time = 0.0155044

PIMPLE: iteration 1
smoothSolver:  Solving for alpha.water, Initial residual = 0.0360885, Final residual = 6.96181e-10, No Iterations 3
Phase-1 volume fraction = 0.988  Min(alpha.water) = 0.116108  Max(alpha.water) = 1
MULES: Correcting alpha.water
MULES: Correcting alpha.water
Phase-1 volume fraction = 0.988  Min(alpha.water) = 0.116108  Max(alpha.water) = 1
DICPCG:  Solving for p_rgh, Initial residual = 0.183319, Final residual = 0.00680538, No Iterations 3
time step continuity errors : sum local = 6.47061e-05, global = -6.06608e-08, cumulative = -1.3111e-06
DICPCG:  Solving for p_rgh, Initial residual = 0.00908744, Final residual = 0.000347125, No Iterations 8
time step continuity errors : sum local = 3.3077e-06, global = -5.5221e-09, cumulative = -1.31663e-06
DICPCG:  Solving for p_rgh, Initial residual = 0.00167303, Final residual = 9.41831e-08, No Iterations 132
time step continuity errors : sum local = 8.95462e-10, global = -8.53688e-13, cumulative = -1.31663e-06
ExecutionTime = 3.15 s  ClockTime = 4 s

Courant Number mean: 0.283464 max: 0.387467
Interface Courant Number mean: 0.00754144 max: 0.387467
deltaT = 0.000561953
Time = 0.0160663

PIMPLE: iteration 1
smoothSolver:  Solving for alpha.water, Initial residual = 0.0363385, Final residual = 4.24878e-10, No Iterations 3
Phase-1 volume fraction = 0.988  Min(alpha.water) = 0.120001  Max(alpha.water) = 1
MULES: Correcting alpha.water
MULES: Correcting alpha.water
Phase-1 volume fraction = 0.988  Min(alpha.water) = 0.120001  Max(alpha.water) = 1.00001
DICPCG:  Solving for p_rgh, Initial residual = 0.174587, Final residual = 0.00658291, No Iterations 3
time step continuity errors : sum local = 6.22334e-05, global = -5.98193e-08, cumulative = -1.37645e-06
DICPCG:  Solving for p_rgh, Initial residual = 0.00892423, Final residual = 0.000329761, No Iterations 8
time step continuity errors : sum local = 3.10938e-06, global = -5.82009e-09, cumulative = -1.38227e-06
DICPCG:  Solving for p_rgh, Initial residual = 0.00160305, Final residual = 9.46433e-08, No Iterations 127
time step continuity errors : sum local = 8.9081e-10, global = 4.30029e-12, cumulative = -1.38226e-06
ExecutionTime = 3.22 s  ClockTime = 4 s

Courant Number mean: 0.283596 max: 0.390069
Interface Courant Number mean: 0.00750946 max: 0.390069
deltaT = 0.000561953
Time = 0.0166283

PIMPLE: iteration 1
smoothSolver:  Solving for alpha.water, Initial residual = 0.0362577, Final residual = 6.63525e-10, No Iterations 3
Phase-1 volume fraction = 0.988  Min(alpha.water) = 0.12508  Max(alpha.water) = 1
MULES: Correcting alpha.water
MULES: Correcting alpha.water
Phase-1 volume fraction = 0.988  Min(alpha.water) = 0.12508  Max(alpha.water) = 1.00001
DICPCG:  Solving for p_rgh, Initial residual = 0.175, Final residual = 0.00660471, No Iterations 3
time step continuity errors : sum local = 6.16952e-05, global = -5.89384e-08, cumulative = -1.4412e-06
DICPCG:  Solving for p_rgh, Initial residual = 0.00876037, Final residual = 0.000412658, No Iterations 9
time step continuity errors : sum local = 3.85027e-06, global = -6.0326e-09, cumulative = -1.44723e-06
DICPCG:  Solving for p_rgh, Initial residual = 0.00159811, Final residual = 8.7892e-08, No Iterations 130
time step continuity errors : sum local = 8.18617e-10, global = 8.3315e-13, cumulative = -1.44723e-06
ExecutionTime = 3.32 s  ClockTime = 4 s

Courant Number mean: 0.283702 max: 0.397303
Interface Courant Number mean: 0.00763364 max: 0.380134
deltaT = 0.000561953
Time = 0.0171902

PIMPLE: iteration 1
smoothSolver:  Solving for alpha.water, Initial residual = 0.0353577, Final residual = 8.48036e-10, No Iterations 3
Phase-1 volume fraction = 0.988  Min(alpha.water) = 0.126535  Max(alpha.water) = 1
MULES: Correcting alpha.water
MULES: Correcting alpha.water
Phase-1 volume fraction = 0.988  Min(alpha.water) = 0.126535  Max(alpha.water) = 1
DICPCG:  Solving for p_rgh, Initial residual = 0.184869, Final residual = 0.0074221, No Iterations 3
time step continuity errors : sum local = 6.84399e-05, global = -5.80696e-08, cumulative = -1.5053e-06
DICPCG:  Solving for p_rgh, Initial residual = 0.00973874, Final residual = 0.000462243, No Iterations 9
time step continuity errors : sum local = 4.25816e-06, global = -6.27177e-09, cumulative = -1.51157e-06
DICPCG:  Solving for p_rgh, Initial residual = 0.00172872, Final residual = 9.87376e-08, No Iterations 133
time step continuity errors : sum local = 9.07796e-10, global = -9.03839e-13, cumulative = -1.51157e-06
ExecutionTime = 3.42 s  ClockTime = 4 s

Courant Number mean: 0.28374 max: 0.39627
Interface Courant Number mean: 0.00798115 max: 0.376534
deltaT = 0.000561953
Time = 0.0177522

PIMPLE: iteration 1
smoothSolver:  Solving for alpha.water, Initial residual = 0.0354022, Final residual = 6.39786e-10, No Iterations 3
Phase-1 volume fraction = 0.988  Min(alpha.water) = 0.129635  Max(alpha.water) = 1
MULES: Correcting alpha.water
MULES: Correcting alpha.water
Phase-1 volume fraction = 0.988  Min(alpha.water) = 0.129635  Max(alpha.water) = 1.00001
DICPCG:  Solving for p_rgh, Initial residual = 0.182456, Final residual = 0.00678703, No Iterations 3
time step continuity errors : sum local = 6.20212e-05, global = -5.71746e-08, cumulative = -1.56875e-06
DICPCG:  Solving for p_rgh, Initial residual = 0.00920685, Final residual = 0.000330756, No Iterations 8
time step continuity errors : sum local = 3.03507e-06, global = -6.49231e-09, cumulative = -1.57524e-06
DICPCG:  Solving for p_rgh, Initial residual = 0.00164376, Final residual = 7.71659e-08, No Iterations 130
time step continuity errors : sum local = 7.06856e-10, global = 3.15669e-12, cumulative = -1.57524e-06
ExecutionTime = 3.55 s  ClockTime = 4 s

Courant Number mean: 0.283824 max: 0.390509
Interface Courant Number mean: 0.00754478 max: 0.382995
deltaT = 0.000561953
Time = 0.0183141

PIMPLE: iteration 1
smoothSolver:  Solving for alpha.water, Initial residual = 0.0359176, Final residual = 7.34509e-10, No Iterations 3
Phase-1 volume fraction = 0.988  Min(alpha.water) = 0.133581  Max(alpha.water) = 1
MULES: Correcting alpha.water
MULES: Correcting alpha.water
Phase-1 volume fraction = 0.988  Min(alpha.water) = 0.133492  Max(alpha.water) = 1.00002
DICPCG:  Solving for p_rgh, Initial residual = 0.176962, Final residual = 0.00678348, No Iterations 3
time step continuity errors : sum local = 6.19165e-05, global = -5.62916e-08, cumulative = -1.63153e-06
DICPCG:  Solving for p_rgh, Initial residual = 0.008893, Final residual = 0.000401652, No Iterations 8
time step continuity errors : sum local = 3.65713e-06, global = -6.68289e-09, cumulative = -1.63821e-06
DICPCG:  Solving for p_rgh, Initial residual = 0.00163002, Final residual = 7.95372e-08, No Iterations 133
time step continuity errors : sum local = 7.2315e-10, global = -9.65055e-12, cumulative = -1.63822e-06
ExecutionTime = 3.64 s  ClockTime = 4 s

Courant Number mean: 0.283955 max: 0.399465
Interface Courant Number mean: 0.00762802 max: 0.378278
deltaT = 0.000561953
Time = 0.0188761

PIMPLE: iteration 1
smoothSolver:  Solving for alpha.water, Initial residual = 0.0357867, Final residual = 8.14038e-10, No Iterations 3
Phase-1 volume fraction = 0.988  Min(alpha.water) = 0.138672  Max(alpha.water) = 1
MULES: Correcting alpha.water
MULES: Correcting alpha.water
Phase-1 volume fraction = 0.988  Min(alpha.water) = 0.138672  Max(alpha.water) = 1
DICPCG:  Solving for p_rgh, Initial residual = 0.177596, Final residual = 0.00706734, No Iterations 3
time step continuity errors : sum local = 6.34448e-05, global = -5.54177e-08, cumulative = -1.69364e-06
DICPCG:  Solving for p_rgh, Initial residual = 0.0092645, Final residual = 0.000375293, No Iterations 9
time step continuity errors : sum local = 3.35761e-06, global = -6.81365e-09, cumulative = -1.70045e-06
DICPCG:  Solving for p_rgh, Initial residual = 0.00165117, Final residual = 7.3841e-08, No Iterations 134
time step continuity errors : sum local = 6.59371e-10, global = 4.35137e-12, cumulative = -1.70045e-06
ExecutionTime = 3.74 s  ClockTime = 4 s

Courant Number mean: 0.284 max: 0.403395
Interface Courant Number mean: 0.00766433 max: 0.36881
deltaT = 0.000561953
Time = 0.019438

PIMPLE: iteration 1
smoothSolver:  Solving for alpha.water, Initial residual = 0.0350905, Final residual = 7.36809e-10, No Iterations 3
Phase-1 volume fraction = 0.988  Min(alpha.water) = 0.140356  Max(alpha.water) = 1
MULES: Correcting alpha.water
MULES: Correcting alpha.water
Phase-1 volume fraction = 0.988  Min(alpha.water) = 0.140356  Max(alpha.water) = 1
DICPCG:  Solving for p_rgh, Initial residual = 0.188853, Final residual = 0.00721327, No Iterations 3
time step continuity errors : sum local = 6.42083e-05, global = -5.45124e-08, cumulative = -1.75496e-06
DICPCG:  Solving for p_rgh, Initial residual = 0.00957501, Final residual = 0.000429516, No Iterations 8
time step continuity errors : sum local = 3.84436e-06, global = -6.97297e-09, cumulative = -1.76193e-06
DICPCG:  Solving for p_rgh, Initial residual = 0.00176887, Final residual = 9.56306e-08, No Iterations 130
time step continuity errors : sum local = 8.5424e-10, global = 1.69467e-12, cumulative = -1.76193e-06
ExecutionTime = 3.83 s  ClockTime = 5 s

Courant Number mean: 0.28402 max: 0.398426
Interface Courant Number mean: 0.00793061 max: 0.385082
deltaT = 0.000561953
Time = 0.02

PIMPLE: iteration 1
smoothSolver:  Solving for alpha.water, Initial residual = 0.0354901, Final residual = 1.00643e-09, No Iterations 3
Phase-1 volume fraction = 0.988  Min(alpha.water) = 0.143387  Max(alpha.water) = 1
MULES: Correcting alpha.water
MULES: Correcting alpha.water
Phase-1 volume fraction = 0.988  Min(alpha.water) = 0.143387  Max(alpha.water) = 1.00001
DICPCG:  Solving for p_rgh, Initial residual = 0.182277, Final residual = 0.0068344, No Iterations 3
time step continuity errors : sum local = 6.04386e-05, global = -5.36609e-08, cumulative = -1.81559e-06
DICPCG:  Solving for p_rgh, Initial residual = 0.00912726, Final residual = 0.000327229, No Iterations 8
time step continuity errors : sum local = 2.8791e-06, global = -7.09609e-09, cumulative = -1.82269e-06
DICPCG:  Solving for p_rgh, Initial residual = 0.0016248, Final residual = 8.1367e-08, No Iterations 129
time step continuity errors : sum local = 7.15074e-10, global = 7.14983e-13, cumulative = -1.82269e-06
ExecutionTime = 3.94 s  ClockTime = 5 s

Courant Number mean: 0.284083 max: 0.397412
Interface Courant Number mean: 0.00757908 max: 0.391232
deltaT = 0.000571429
Time = 0.0205714

PIMPLE: iteration 1
smoothSolver:  Solving for alpha.water, Initial residual = 0.0365421, Final residual = 1.41233e-09, No Iterations 3
Phase-1 volume fraction = 0.988  Min(alpha.water) = 0.147908  Max(alpha.water) = 1
MULES: Correcting alpha.water
MULES: Correcting alpha.water
Phase-1 volume fraction = 0.988  Min(alpha.water) = 0.147908  Max(alpha.water) = 1.00001
DICPCG:  Solving for p_rgh, Initial residual = 0.180829, Final residual = 0.00696281, No Iterations 3
time step continuity errors : sum local = 6.28757e-05, global = -5.51564e-08, cumulative = -1.87785e-06
DICPCG:  Solving for p_rgh, Initial residual = 0.00904747, Final residual = 0.00037096, No Iterations 9
time step continuity errors : sum local = 3.35518e-06, global = -7.85689e-09, cumulative = -1.8857e-06
DICPCG:  Solving for p_rgh, Initial residual = 0.00161185, Final residual = 9.01776e-08, No Iterations 133
time step continuity errors : sum local = 8.1416e-10, global = -7.60136e-12, cumulative = -1.88571e-06
ExecutionTime = 4 s  ClockTime = 5 s

Courant Number mean: 0.288981 max: 0.405426
Interface Courant Number mean: 0.00779406 max: 0.395928
deltaT = 0.000571429
Time = 0.0211429

PIMPLE: iteration 1
smoothSolver:  Solving for alpha.water, Initial residual = 0.0362, Final residual = 1.71413e-09, No Iterations 3
Phase-1 volume fraction = 0.988  Min(alpha.water) = 0.149285  Max(alpha.water) = 1
MULES: Correcting alpha.water
MULES: Correcting alpha.water
Phase-1 volume fraction = 0.988  Min(alpha.water) = 0.149285  Max(alpha.water) = 1
DICPCG:  Solving for p_rgh, Initial residual = 0.18879, Final residual = 0.00750203, No Iterations 3
time step continuity errors : sum local = 6.67274e-05, global = -5.40552e-08, cumulative = -1.93976e-06
DICPCG:  Solving for p_rgh, Initial residual = 0.00977685, Final residual = 0.000423039, No Iterations 10
time step continuity errors : sum local = 3.74216e-06, global = -7.68837e-09, cumulative = -1.94745e-06
DICPCG:  Solving for p_rgh, Initial residual = 0.00184511, Final residual = 9.05405e-08, No Iterations 130
time step continuity errors : sum local = 7.99274e-10, global = 4.78726e-12, cumulative = -1.94745e-06
ExecutionTime = 4.06 s  ClockTime = 5 s

Courant Number mean: 0.288926 max: 0.404675
Interface Courant Number mean: 0.0079235 max: 0.387954
deltaT = 0.000571429
Time = 0.0217143

PIMPLE: iteration 1
smoothSolver:  Solving for alpha.water, Initial residual = 0.0358226, Final residual = 1.66834e-09, No Iterations 3
Phase-1 volume fraction = 0.988  Min(alpha.water) = 0.152233  Max(alpha.water) = 1
MULES: Correcting alpha.water
MULES: Correcting alpha.water
Phase-1 volume fraction = 0.988  Min(alpha.water) = 0.152233  Max(alpha.water) = 1
DICPCG:  Solving for p_rgh, Initial residual = 0.193367, Final residual = 0.00724835, No Iterations 3
time step continuity errors : sum local = 6.39802e-05, global = -5.3228e-08, cumulative = -2.00068e-06
DICPCG:  Solving for p_rgh, Initial residual = 0.00979954, Final residual = 0.000374022, No Iterations 8
time step continuity errors : sum local = 3.32449e-06, global = -7.87736e-09, cumulative = -2.00855e-06
DICPCG:  Solving for p_rgh, Initial residual = 0.00179158, Final residual = 9.38989e-08, No Iterations 127
time step continuity errors : sum local = 8.33238e-10, global = 7.38786e-13, cumulative = -2.00855e-06
ExecutionTime = 4.12 s  ClockTime = 5 s

Courant Number mean: 0.288936 max: 0.405839
Interface Courant Number mean: 0.00819039 max: 0.403688
deltaT = 0.000571429
Time = 0.0222857

PIMPLE: iteration 1
smoothSolver:  Solving for alpha.water, Initial residual = 0.0364125, Final residual = 1.53276e-09, No Iterations 3
Phase-1 volume fraction = 0.988  Min(alpha.water) = 0.155884  Max(alpha.water) = 1
MULES: Correcting alpha.water
MULES: Correcting alpha.water
Phase-1 volume fraction = 0.988  Min(alpha.water) = 0.156095  Max(alpha.water) = 1.00001
DICPCG:  Solving for p_rgh, Initial residual = 0.183703, Final residual = 0.00698126, No Iterations 3
time step continuity errors : sum local = 6.21038e-05, global = -5.23519e-08, cumulative = -2.0609e-06
DICPCG:  Solving for p_rgh, Initial residual = 0.00914655, Final residual = 0.000415202, No Iterations 8
time step continuity errors : sum local = 3.71299e-06, global = -7.92813e-09, cumulative = -2.06883e-06
DICPCG:  Solving for p_rgh, Initial residual = 0.00166269, Final residual = 8.65564e-08, No Iterations 133
time step continuity errors : sum local = 7.72942e-10, global = -6.06717e-12, cumulative = -2.06884e-06
ExecutionTime = 4.18 s  ClockTime = 5 s

Courant Number mean: 0.28899 max: 0.410539
Interface Courant Number mean: 0.0077891 max: 0.410539
deltaT = 0.000553571
Time = 0.0228393

PIMPLE: iteration 1
smoothSolver:  Solving for alpha.water, Initial residual = 0.0353868, Final residual = 1.52524e-09, No Iterations 3
Phase-1 volume fraction = 0.988  Min(alpha.water) = 0.160738  Max(alpha.water) = 1
MULES: Correcting alpha.water
MULES: Correcting alpha.water
Phase-1 volume fraction = 0.988  Min(alpha.water) = 0.160734  Max(alpha.water) = 1.00001
DICPCG:  Solving for p_rgh, Initial residual = 0.176072, Final residual = 0.00682217, No Iterations 3
time step continuity errors : sum local = 5.72235e-05, global = -4.74158e-08, cumulative = -2.11625e-06
DICPCG:  Solving for p_rgh, Initial residual = 0.00860121, Final residual = 0.000412473, No Iterations 8
time step continuity errors : sum local = 3.45664e-06, global = -6.79484e-09, cumulative = -2.12305e-06
DICPCG:  Solving for p_rgh, Initial residual = 0.00164935, Final residual = 7.99558e-08, No Iterations 133
time step continuity errors : sum local = 6.68728e-10, global = 6.33255e-12, cumulative = -2.12304e-06
ExecutionTime = 4.25 s  ClockTime = 5 s

Courant Number mean: 0.279986 max: 0.394496
Interface Courant Number mean: 0.00770429 max: 0.394496
deltaT = 0.000553571
Time = 0.0233929

PIMPLE: iteration 1
smoothSolver:  Solving for alpha.water, Initial residual = 0.0347391, Final residual = 1.85019e-09, No Iterations 3
Phase-1 volume fraction = 0.988  Min(alpha.water) = 0.162069  Max(alpha.water) = 1
MULES: Correcting alpha.water
MULES: Correcting alpha.water
Phase-1 volume fraction = 0.988  Min(alpha.water) = 0.162069  Max(alpha.water) = 1
DICPCG:  Solving for p_rgh, Initial residual = 0.191774, Final residual = 0.00739827, No Iterations 3
time step continuity errors : sum local = 6.1207e-05, global = -4.70131e-08, cumulative = -2.17006e-06
DICPCG:  Solving for p_rgh, Initial residual = 0.00979533, Final residual = 0.000470825, No Iterations 9
time step continuity errors : sum local = 3.88022e-06, global = -7.27437e-09, cumulative = -2.17733e-06
DICPCG:  Solving for p_rgh, Initial residual = 0.00176854, Final residual = 8.45135e-08, No Iterations 133
time step continuity errors : sum local = 6.9502e-10, global = 2.99982e-12, cumulative = -2.17733e-06
ExecutionTime = 4.31 s  ClockTime = 5 s

Courant Number mean: 0.279904 max: 0.387362
Interface Courant Number mean: 0.00811217 max: 0.384694
deltaT = 0.00057266
Time = 0.0239655

PIMPLE: iteration 1
smoothSolver:  Solving for alpha.water, Initial residual = 0.0359661, Final residual = 1.8125e-09, No Iterations 3
Phase-1 volume fraction = 0.988  Min(alpha.water) = 0.164898  Max(alpha.water) = 1
MULES: Correcting alpha.water
MULES: Correcting alpha.water
Phase-1 volume fraction = 0.988  Min(alpha.water) = 0.164898  Max(alpha.water) = 1
DICPCG:  Solving for p_rgh, Initial residual = 0.200022, Final residual = 0.00721032, No Iterations 3
time step continuity errors : sum local = 6.31141e-05, global = -5.04901e-08, cumulative = -2.22782e-06
DICPCG:  Solving for p_rgh, Initial residual = 0.00968358, Final residual = 0.000353607, No Iterations 8
time step continuity errors : sum local = 3.12457e-06, global = -8.52354e-09, cumulative = -2.23634e-06
DICPCG:  Solving for p_rgh, Initial residual = 0.0017349, Final residual = 8.81007e-08, No Iterations 132
time step continuity errors : sum local = 7.77179e-10, global = 3.40058e-12, cumulative = -2.23634e-06
ExecutionTime = 4.37 s  ClockTime = 5 s

Courant Number mean: 0.289585 max: 0.404585
Interface Courant Number mean: 0.00800791 max: 0.404585
deltaT = 0.00057266
Time = 0.0245382

PIMPLE: iteration 1
smoothSolver:  Solving for alpha.water, Initial residual = 0.0365524, Final residual = 1.39604e-09, No Iterations 3
Phase-1 volume fraction = 0.988  Min(alpha.water) = 0.168742  Max(alpha.water) = 1
MULES: Correcting alpha.water
MULES: Correcting alpha.water
Phase-1 volume fraction = 0.988  Min(alpha.water) = 0.168742  Max(alpha.water) = 1.00002
DICPCG:  Solving for p_rgh, Initial residual = 0.178228, Final residual = 0.00700334, No Iterations 3
time step continuity errors : sum local = 6.25024e-05, global = -4.93227e-08, cumulative = -2.28566e-06
DICPCG:  Solving for p_rgh, Initial residual = 0.00891026, Final residual = 0.00035399, No Iterations 9
time step continuity errors : sum local = 3.20748e-06, global = -8.07122e-09, cumulative = -2.29373e-06
DICPCG:  Solving for p_rgh, Initial residual = 0.00156209, Final residual = 9.78981e-08, No Iterations 133
time step continuity errors : sum local = 8.8564e-10, global = -7.85499e-12, cumulative = -2.29374e-06
ExecutionTime = 4.43 s  ClockTime = 5 s

Courant Number mean: 0.289653 max: 0.411023
Interface Courant Number mean: 0.00822992 max: 0.411023
deltaT = 0.000552208
Time = 0.0250904

PIMPLE: iteration 1
smoothSolver:  Solving for alpha.water, Initial residual = 0.0351065, Final residual = 1.38606e-09, No Iterations 3
Phase-1 volume fraction = 0.988  Min(alpha.water) = 0.172591  Max(alpha.water) = 1
MULES: Correcting alpha.water
MULES: Correcting alpha.water
Phase-1 volume fraction = 0.988  Min(alpha.water) = 0.172591  Max(alpha.water) = 1.00001
DICPCG:  Solving for p_rgh, Initial residual = 0.181267, Final residual = 0.00697608, No Iterations 3
time step continuity errors : sum local = 5.84771e-05, global = -4.42527e-08, cumulative = -2.33799e-06
DICPCG:  Solving for p_rgh, Initial residual = 0.00903151, Final residual = 0.000368344, No Iterations 9
time step continuity errors : sum local = 3.07295e-06, global = -6.88449e-09, cumulative = -2.34488e-06
DICPCG:  Solving for p_rgh, Initial residual = 0.0016172, Final residual = 8.085e-08, No Iterations 134
time step continuity errors : sum local = 6.73071e-10, global = -4.40617e-12, cumulative = -2.34488e-06
ExecutionTime = 4.49 s  ClockTime = 5 s

Courant Number mean: 0.279278 max: 0.392316
Interface Courant Number mean: 0.00762266 max: 0.392316
deltaT = 0.000573447
Time = 0.0256638

PIMPLE: iteration 1
smoothSolver:  Solving for alpha.water, Initial residual = 0.0356085, Final residual = 1.93826e-09, No Iterations 3
Phase-1 volume fraction = 0.988  Min(alpha.water) = 0.174241  Max(alpha.water) = 1
MULES: Correcting alpha.water
MULES: Correcting alpha.water
Phase-1 volume fraction = 0.988  Min(alpha.water) = 0.174241  Max(alpha.water) = 1
DICPCG:  Solving for p_rgh, Initial residual = 0.205789, Final residual = 0.00752882, No Iterations 3
time step continuity errors : sum local = 6.58682e-05, global = -4.85162e-08, cumulative = -2.3934e-06
DICPCG:  Solving for p_rgh, Initial residual = 0.01027, Final residual = 0.000468816, No Iterations 8
time step continuity errors : sum local = 4.06281e-06, global = -8.86077e-09, cumulative = -2.40226e-06
DICPCG:  Solving for p_rgh, Initial residual = 0.00189117, Final residual = 9.24466e-08, No Iterations 133
time step continuity errors : sum local = 7.99364e-10, global = 2.22786e-12, cumulative = -2.40226e-06
ExecutionTime = 4.55 s  ClockTime = 6 s

Courant Number mean: 0.289984 max: 0.400407
Interface Courant Number mean: 0.0084508 max: 0.395777
deltaT = 0.000573447
Time = 0.0262373

PIMPLE: iteration 1
smoothSolver:  Solving for alpha.water, Initial residual = 0.0360924, Final residual = 1.43903e-09, No Iterations 3
Phase-1 volume fraction = 0.988  Min(alpha.water) = 0.177073  Max(alpha.water) = 1
MULES: Correcting alpha.water
MULES: Correcting alpha.water
Phase-1 volume fraction = 0.988  Min(alpha.water) = 0.177349  Max(alpha.water) = 1
DICPCG:  Solving for p_rgh, Initial residual = 0.192567, Final residual = 0.00708217, No Iterations 3
time step continuity errors : sum local = 6.23106e-05, global = -4.72114e-08, cumulative = -2.44947e-06
DICPCG:  Solving for p_rgh, Initial residual = 0.00928882, Final residual = 0.000348962, No Iterations 8
time step continuity errors : sum local = 3.13691e-06, global = -8.15673e-09, cumulative = -2.45762e-06
DICPCG:  Solving for p_rgh, Initial residual = 0.00165681, Final residual = 9.5874e-08, No Iterations 130
time step continuity errors : sum local = 8.60374e-10, global = 7.88603e-12, cumulative = -2.45762e-06
ExecutionTime = 4.62 s  ClockTime = 6 s

Courant Number mean: 0.290061 max: 0.404268
Interface Courant Number mean: 0.00804605 max: 0.404268
deltaT = 0.000573447
Time = 0.0268107

PIMPLE: iteration 1
smoothSolver:  Solving for alpha.water, Initial residual = 0.0363251, Final residual = 1.19852e-09, No Iterations 3
Phase-1 volume fraction = 0.988  Min(alpha.water) = 0.181324  Max(alpha.water) = 1
MULES: Correcting alpha.water
MULES: Correcting alpha.water
Phase-1 volume fraction = 0.988  Min(alpha.water) = 0.181324  Max(alpha.water) = 1.00001
DICPCG:  Solving for p_rgh, Initial residual = 0.175293, Final residual = 0.00670603, No Iterations 3
time step continuity errors : sum local = 6.06136e-05, global = -4.66687e-08, cumulative = -2.50429e-06
DICPCG:  Solving for p_rgh, Initial residual = 0.00851432, Final residual = 0.000386939, No Iterations 8
time step continuity errors : sum local = 3.5424e-06, global = -8.40401e-09, cumulative = -2.51269e-06
DICPCG:  Solving for p_rgh, Initial residual = 0.00159998, Final residual = 8.75728e-08, No Iterations 133
time step continuity errors : sum local = 8.00287e-10, global = -3.60536e-12, cumulative = -2.51269e-06
ExecutionTime = 4.71 s  ClockTime = 6 s

Courant Number mean: 0.290127 max: 0.409675
Interface Courant Number mean: 0.00806459 max: 0.409675
deltaT = 0.000549553
Time = 0.0273603

PIMPLE: iteration 1
smoothSolver:  Solving for alpha.water, Initial residual = 0.0342681, Final residual = 1.26445e-09, No Iterations 3
Phase-1 volume fraction = 0.988  Min(alpha.water) = 0.182366  Max(alpha.water) = 1
MULES: Correcting alpha.water
MULES: Correcting alpha.water
Phase-1 volume fraction = 0.988  Min(alpha.water) = 0.182366  Max(alpha.water) = 1.00001
DICPCG:  Solving for p_rgh, Initial residual = 0.185986, Final residual = 0.00723678, No Iterations 3
time step continuity errors : sum local = 5.99389e-05, global = -4.10794e-08, cumulative = -2.55377e-06
DICPCG:  Solving for p_rgh, Initial residual = 0.00959802, Final residual = 0.000451762, No Iterations 9
time step continuity errors : sum local = 3.6738e-06, global = -6.76264e-09, cumulative = -2.56053e-06
DICPCG:  Solving for p_rgh, Initial residual = 0.00172793, Final residual = 9.05339e-08, No Iterations 134
time step continuity errors : sum local = 7.34596e-10, global = -4.40319e-12, cumulative = -2.56054e-06
ExecutionTime = 4.83 s  ClockTime = 6 s

Courant Number mean: 0.278008 max: 0.387123
Interface Courant Number mean: 0.00790816 max: 0.387123
deltaT = 0.000574533
Time = 0.0279348

PIMPLE: iteration 1
smoothSolver:  Solving for alpha.water, Initial residual = 0.0353977, Final residual = 1.75212e-09, No Iterations 3
Phase-1 volume fraction = 0.988  Min(alpha.water) = 0.18478  Max(alpha.water) = 1
MULES: Correcting alpha.water
MULES: Correcting alpha.water
Phase-1 volume fraction = 0.988  Min(alpha.water) = 0.18478  Max(alpha.water) = 1
DICPCG:  Solving for p_rgh, Initial residual = 0.209029, Final residual = 0.00739336, No Iterations 3
time step continuity errors : sum local = 6.47225e-05, global = -4.60287e-08, cumulative = -2.60657e-06
DICPCG:  Solving for p_rgh, Initial residual = 0.00986546, Final residual = 0.000386187, No Iterations 8
time step continuity errors : sum local = 3.40611e-06, global = -9.07469e-09, cumulative = -2.61564e-06
DICPCG:  Solving for p_rgh, Initial residual = 0.00178177, Final residual = 8.56644e-08, No Iterations 133
time step continuity errors : sum local = 7.54117e-10, global = 9.71167e-13, cumulative = -2.61564e-06
ExecutionTime = 4.89 s  ClockTime = 6 s

Courant Number mean: 0.29066 max: 0.402265
Interface Courant Number mean: 0.00829333 max: 0.393723
deltaT = 0.000574533
Time = 0.0285093

PIMPLE: iteration 1
smoothSolver:  Solving for alpha.water, Initial residual = 0.0359051, Final residual = 1.26686e-09, No Iterations 3
Phase-1 volume fraction = 0.988  Min(alpha.water) = 0.187971  Max(alpha.water) = 1
MULES: Correcting alpha.water
MULES: Correcting alpha.water
Phase-1 volume fraction = 0.988  Min(alpha.water) = 0.187826  Max(alpha.water) = 1
DICPCG:  Solving for p_rgh, Initial residual = 0.182343, Final residual = 0.00696074, No Iterations 3
time step continuity errors : sum local = 6.21132e-05, global = -4.46939e-08, cumulative = -2.66034e-06
DICPCG:  Solving for p_rgh, Initial residual = 0.00917272, Final residual = 0.000387663, No Iterations 8
time step continuity errors : sum local = 3.51528e-06, global = -8.2296e-09, cumulative = -2.66857e-06
DICPCG:  Solving for p_rgh, Initial residual = 0.00165807, Final residual = 9.42907e-08, No Iterations 132
time step continuity errors : sum local = 8.53681e-10, global = 6.84582e-12, cumulative = -2.66856e-06
ExecutionTime = 4.95 s  ClockTime = 6 s

Courant Number mean: 0.29077 max: 0.409448
Interface Courant Number mean: 0.00808963 max: 0.409448
deltaT = 0.000574533
Time = 0.0290839

PIMPLE: iteration 1
smoothSolver:  Solving for alpha.water, Initial residual = 0.0357765, Final residual = 1.4008e-09, No Iterations 3
Phase-1 volume fraction = 0.988  Min(alpha.water) = 0.188878  Max(alpha.water) = 1
MULES: Correcting alpha.water
MULES: Correcting alpha.water
Phase-1 volume fraction = 0.988  Min(alpha.water) = 0.188878  Max(alpha.water) = 1.00001
DICPCG:  Solving for p_rgh, Initial residual = 0.180738, Final residual = 0.0070005, No Iterations 3
time step continuity errors : sum local = 6.29255e-05, global = -4.42701e-08, cumulative = -2.71283e-06
DICPCG:  Solving for p_rgh, Initial residual = 0.00891977, Final residual = 0.000338758, No Iterations 9
time step continuity errors : sum local = 3.04849e-06, global = -8.49092e-09, cumulative = -2.72132e-06
DICPCG:  Solving for p_rgh, Initial residual = 0.00162336, Final residual = 8.74229e-08, No Iterations 133
time step continuity errors : sum local = 7.85187e-10, global = -6.49405e-12, cumulative = -2.72133e-06
ExecutionTime = 5.01 s  ClockTime = 6 s

Courant Number mean: 0.290793 max: 0.410657
Interface Courant Number mean: 0.00820971 max: 0.410657
deltaT = 0.000545806
Time = 0.0296297

PIMPLE: iteration 1
smoothSolver:  Solving for alpha.water, Initial residual = 0.0331884, Final residual = 1.40686e-09, No Iterations 3
Phase-1 volume fraction = 0.988  Min(alpha.water) = 0.190576  Max(alpha.water) = 1
MULES: Correcting alpha.water
MULES: Correcting alpha.water
Phase-1 volume fraction = 0.988  Min(alpha.water) = 0.190576  Max(alpha.water) = 1.00001
DICPCG:  Solving for p_rgh, Initial residual = 0.193058, Final residual = 0.00709958, No Iterations 3
time step continuity errors : sum local = 5.71788e-05, global = -3.80849e-08, cumulative = -2.75941e-06
DICPCG:  Solving for p_rgh, Initial residual = 0.00944638, Final residual = 0.000450284, No Iterations 9
time step continuity errors : sum local = 3.57467e-06, global = -6.56265e-09, cumulative = -2.76597e-06
DICPCG:  Solving for p_rgh, Initial residual = 0.00168705, Final residual = 7.92418e-08, No Iterations 134
time step continuity errors : sum local = 6.27551e-10, global = -8.97274e-13, cumulative = -2.76597e-06
ExecutionTime = 5.06 s  ClockTime = 6 s

Courant Number mean: 0.276249 max: 0.385448
Interface Courant Number mean: 0.00800423 max: 0.380757
deltaT = 0.000576129
Time = 0.0302058

PIMPLE: iteration 1
smoothSolver:  Solving for alpha.water, Initial residual = 0.0352245, Final residual = 1.8937e-09, No Iterations 3
Phase-1 volume fraction = 0.988  Min(alpha.water) = 0.192928  Max(alpha.water) = 1
MULES: Correcting alpha.water
MULES: Correcting alpha.water
Phase-1 volume fraction = 0.988  Min(alpha.water) = 0.193171  Max(alpha.water) = 1
DICPCG:  Solving for p_rgh, Initial residual = 0.204145, Final residual = 0.00721886, No Iterations 3
time step continuity errors : sum local = 6.36625e-05, global = -4.39251e-08, cumulative = -2.8099e-06
DICPCG:  Solving for p_rgh, Initial residual = 0.00961249, Final residual = 0.000371006, No Iterations 8
time step continuity errors : sum local = 3.33748e-06, global = -9.27396e-09, cumulative = -2.81917e-06
DICPCG:  Solving for p_rgh, Initial residual = 0.0017276, Final residual = 9.00445e-08, No Iterations 133
time step continuity errors : sum local = 8.08773e-10, global = 6.58688e-12, cumulative = -2.81917e-06
ExecutionTime = 5.13 s  ClockTime = 6 s

Courant Number mean: 0.291653 max: 0.406533
Interface Courant Number mean: 0.00829534 max: 0.402474
deltaT = 0.000576129
Time = 0.0307819

PIMPLE: iteration 1
smoothSolver:  Solving for alpha.water, Initial residual = 0.0355791, Final residual = 1.57062e-09, No Iterations 3
Phase-1 volume fraction = 0.988  Min(alpha.water) = 0.19644  Max(alpha.water) = 1
MULES: Correcting alpha.water
MULES: Correcting alpha.water
Phase-1 volume fraction = 0.988  Min(alpha.water) = 0.19644  Max(alpha.water) = 1.00002
DICPCG:  Solving for p_rgh, Initial residual = 0.176674, Final residual = 0.00681826, No Iterations 3
time step continuity errors : sum local = 6.19965e-05, global = -4.25341e-08, cumulative = -2.8617e-06
DICPCG:  Solving for p_rgh, Initial residual = 0.00878979, Final residual = 0.00043658, No Iterations 8
time step continuity errors : sum local = 4.03554e-06, global = -8.26506e-09, cumulative = -2.86997e-06
DICPCG:  Solving for p_rgh, Initial residual = 0.00163691, Final residual = 8.18623e-08, No Iterations 133
time step continuity errors : sum local = 7.55718e-10, global = 4.41085e-12, cumulative = -2.86996e-06
ExecutionTime = 5.2 s  ClockTime = 6 s

Courant Number mean: 0.291758 max: 0.412681
Interface Courant Number mean: 0.00843675 max: 0.412681
deltaT = 0.000542239
Time = 0.0313242

PIMPLE: iteration 1
smoothSolver:  Solving for alpha.water, Initial residual = 0.0332128, Final residual = 1.26006e-09, No Iterations 3
Phase-1 volume fraction = 0.988  Min(alpha.water) = 0.197267  Max(alpha.water) = 1
MULES: Correcting alpha.water
MULES: Correcting alpha.water
Phase-1 volume fraction = 0.988  Min(alpha.water) = 0.197267  Max(alpha.water) = 1.00001
DICPCG:  Solving for p_rgh, Initial residual = 0.175148, Final residual = 0.00658607, No Iterations 3
time step continuity errors : sum local = 5.3459e-05, global = -3.59851e-08, cumulative = -2.90595e-06
DICPCG:  Solving for p_rgh, Initial residual = 0.00865486, Final residual = 0.000398649, No Iterations 8
time step continuity errors : sum local = 3.1865e-06, global = -6.44008e-09, cumulative = -2.91239e-06
DICPCG:  Solving for p_rgh, Initial residual = 0.00158834, Final residual = 8.51049e-08, No Iterations 133
time step continuity errors : sum local = 6.78966e-10, global = -3.43563e-12, cumulative = -2.91239e-06
ExecutionTime = 5.31 s  ClockTime = 6 s

Courant Number mean: 0.274593 max: 0.384569
Interface Courant Number mean: 0.00774036 max: 0.384569
deltaT = 0.000578388
Time = 0.0319026

PIMPLE: iteration 1
smoothSolver:  Solving for alpha.water, Initial residual = 0.0347434, Final residual = 2.21846e-09, No Iterations 3
Phase-1 volume fraction = 0.988  Min(alpha.water) = 0.199292  Max(alpha.water) = 1
MULES: Correcting alpha.water
MULES: Correcting alpha.water
Phase-1 volume fraction = 0.988  Min(alpha.water) = 0.199292  Max(alpha.water) = 1.00001
DICPCG:  Solving for p_rgh, Initial residual = 0.211728, Final residual = 0.00751722, No Iterations 3
time step continuity errors : sum local = 6.63183e-05, global = -4.27327e-08, cumulative = -2.95512e-06
DICPCG:  Solving for p_rgh, Initial residual = 0.00998396, Final residual = 0.000471876, No Iterations 8
time step continuity errors : sum local = 4.13357e-06, global = -9.46691e-09, cumulative = -2.96459e-06
DICPCG:  Solving for p_rgh, Initial residual = 0.00188332, Final residual = 9.8448e-08, No Iterations 133
time step continuity errors : sum local = 8.60529e-10, global = 4.10492e-12, cumulative = -2.96459e-06
ExecutionTime = 5.41 s  ClockTime = 7 s

Courant Number mean: 0.29291 max: 0.412117
Interface Courant Number mean: 0.00847984 max: 0.395515
deltaT = 0.000578388
Time = 0.032481

PIMPLE: iteration 1
smoothSolver:  Solving for alpha.water, Initial residual = 0.035168, Final residual = 1.96301e-09, No Iterations 3
Phase-1 volume fraction = 0.988  Min(alpha.water) = 0.201994  Max(alpha.water) = 1
MULES: Correcting alpha.water
MULES: Correcting alpha.water
Phase-1 volume fraction = 0.988  Min(alpha.water) = 0.202265  Max(alpha.water) = 1
DICPCG:  Solving for p_rgh, Initial residual = 0.193533, Final residual = 0.00703308, No Iterations 3
time step continuity errors : sum local = 6.24638e-05, global = -4.12719e-08, cumulative = -3.00586e-06
DICPCG:  Solving for p_rgh, Initial residual = 0.0094624, Final residual = 0.000366592, No Iterations 8
time step continuity errors : sum local = 3.32332e-06, global = -8.31304e-09, cumulative = -3.01417e-06
DICPCG:  Solving for p_rgh, Initial residual = 0.00168477, Final residual = 7.91459e-08, No Iterations 133
time step continuity errors : sum local = 7.16479e-10, global = 2.2655e-12, cumulative = -3.01417e-06
ExecutionTime = 5.5 s  ClockTime = 7 s

Courant Number mean: 0.293009 max: 0.410623
Interface Courant Number mean: 0.00818971 max: 0.406086
deltaT = 0.000578388
Time = 0.0330593

PIMPLE: iteration 1
smoothSolver:  Solving for alpha.water, Initial residual = 0.0354027, Final residual = 1.7722e-09, No Iterations 3
Phase-1 volume fraction = 0.988  Min(alpha.water) = 0.205072  Max(alpha.water) = 1
MULES: Correcting alpha.water
MULES: Correcting alpha.water
Phase-1 volume fraction = 0.988  Min(alpha.water) = 0.205072  Max(alpha.water) = 1.00002
DICPCG:  Solving for p_rgh, Initial residual = 0.18089, Final residual = 0.00680785, No Iterations 3
time step continuity errors : sum local = 6.17835e-05, global = -4.10418e-08, cumulative = -3.05521e-06
DICPCG:  Solving for p_rgh, Initial residual = 0.00855996, Final residual = 0.000343849, No Iterations 9
time step continuity errors : sum local = 3.1499e-06, global = -8.6522e-09, cumulative = -3.06386e-06
DICPCG:  Solving for p_rgh, Initial residual = 0.00153771, Final residual = 6.96299e-08, No Iterations 134
time step continuity errors : sum local = 6.36758e-10, global = -2.9292e-12, cumulative = -3.06387e-06
ExecutionTime = 5.57 s  ClockTime = 7 s

Courant Number mean: 0.293085 max: 0.410133
Interface Courant Number mean: 0.00833781 max: 0.410133
deltaT = 0.000578388
Time = 0.0336377

PIMPLE: iteration 1
smoothSolver:  Solving for alpha.water, Initial residual = 0.0349187, Final residual = 2.07715e-09, No Iterations 3
Phase-1 volume fraction = 0.988  Min(alpha.water) = 0.206426  Max(alpha.water) = 1
MULES: Correcting alpha.water
MULES: Correcting alpha.water
Phase-1 volume fraction = 0.988  Min(alpha.water) = 0.206426  Max(alpha.water) = 1.00001
DICPCG:  Solving for p_rgh, Initial residual = 0.196758, Final residual = 0.00734534, No Iterations 3
time step continuity errors : sum local = 6.51435e-05, global = -4.04455e-08, cumulative = -3.10431e-06
DICPCG:  Solving for p_rgh, Initial residual = 0.00961209, Final residual = 0.000386764, No Iterations 9
time step continuity errors : sum local = 3.3504e-06, global = -8.52359e-09, cumulative = -3.11283e-06
DICPCG:  Solving for p_rgh, Initial residual = 0.00178182, Final residual = 9.10699e-08, No Iterations 134
time step continuity errors : sum local = 7.86926e-10, global = -8.91852e-12, cumulative = -3.11284e-06
ExecutionTime = 5.64 s  ClockTime = 7 s

Courant Number mean: 0.293048 max: 0.412276
Interface Courant Number mean: 0.00864907 max: 0.402325
deltaT = 0.000578388
Time = 0.0342161

PIMPLE: iteration 1
smoothSolver:  Solving for alpha.water, Initial residual = 0.0346252, Final residual = 2.2435e-09, No Iterations 3
Phase-1 volume fraction = 0.988  Min(alpha.water) = 0.208481  Max(alpha.water) = 1
MULES: Correcting alpha.water
MULES: Correcting alpha.water
Phase-1 volume fraction = 0.988  Min(alpha.water) = 0.208481  Max(alpha.water) = 1
DICPCG:  Solving for p_rgh, Initial residual = 0.21858, Final residual = 0.00746602, No Iterations 3
time step continuity errors : sum local = 6.48828e-05, global = -3.99864e-08, cumulative = -3.15283e-06
DICPCG:  Solving for p_rgh, Initial residual = 0.0100005, Final residual = 0.000426113, No Iterations 8
time step continuity errors : sum local = 3.73843e-06, global = -8.5635e-09, cumulative = -3.16139e-06
DICPCG:  Solving for p_rgh, Initial residual = 0.00181626, Final residual = 9.59264e-08, No Iterations 133
time step continuity errors : sum local = 8.40249e-10, global = 2.45748e-12, cumulative = -3.16139e-06
ExecutionTime = 5.71 s  ClockTime = 7 s

Courant Number mean: 0.293085 max: 0.414056
Interface Courant Number mean: 0.00827713 max: 0.391993
deltaT = 0.000578388
Time = 0.0347945

PIMPLE: iteration 1
smoothSolver:  Solving for alpha.water, Initial residual = 0.0351954, Final residual = 1.85092e-09, No Iterations 3
Phase-1 volume fraction = 0.988  Min(alpha.water) = 0.211582  Max(alpha.water) = 1
MULES: Correcting alpha.water
MULES: Correcting alpha.water
Phase-1 volume fraction = 0.988  Min(alpha.water) = 0.211582  Max(alpha.water) = 1
DICPCG:  Solving for p_rgh, Initial residual = 0.187783, Final residual = 0.00693574, No Iterations 3
time step continuity errors : sum local = 6.1743e-05, global = -3.94695e-08, cumulative = -3.20086e-06
DICPCG:  Solving for p_rgh, Initial residual = 0.00914811, Final residual = 0.000419079, No Iterations 8
time step continuity errors : sum local = 3.81179e-06, global = -8.52503e-09, cumulative = -3.20939e-06
DICPCG:  Solving for p_rgh, Initial residual = 0.00164265, Final residual = 8.99751e-08, No Iterations 133
time step continuity errors : sum local = 8.17259e-10, global = 5.4044e-12, cumulative = -3.20938e-06
ExecutionTime = 5.79 s  ClockTime = 7 s

Courant Number mean: 0.293178 max: 0.410277
Interface Courant Number mean: 0.00829659 max: 0.405354
deltaT = 0.000578388
Time = 0.0353729

PIMPLE: iteration 1
smoothSolver:  Solving for alpha.water, Initial residual = 0.0351931, Final residual = 1.78062e-09, No Iterations 3
Phase-1 volume fraction = 0.988  Min(alpha.water) = 0.212495  Max(alpha.water) = 1
MULES: Correcting alpha.water
MULES: Correcting alpha.water
Phase-1 volume fraction = 0.988  Min(alpha.water) = 0.212495  Max(alpha.water) = 1.00002
DICPCG:  Solving for p_rgh, Initial residual = 0.183914, Final residual = 0.00691565, No Iterations 3
time step continuity errors : sum local = 6.18193e-05, global = -3.90096e-08, cumulative = -3.24839e-06
DICPCG:  Solving for p_rgh, Initial residual = 0.00884741, Final residual = 0.000417515, No Iterations 8
time step continuity errors : sum local = 3.70391e-06, global = -8.51072e-09, cumulative = -3.2569e-06
DICPCG:  Solving for p_rgh, Initial residual = 0.00168158, Final residual = 9.97371e-08, No Iterations 133
time step continuity errors : sum local = 8.83094e-10, global = 4.43395e-13, cumulative = -3.2569e-06
ExecutionTime = 5.88 s  ClockTime = 7 s

Courant Number mean: 0.293178 max: 0.408524
Interface Courant Number mean: 0.00827114 max: 0.406663
deltaT = 0.000578388
Time = 0.0359513

PIMPLE: iteration 1
smoothSolver:  Solving for alpha.water, Initial residual = 0.0346212, Final residual = 2.06692e-09, No Iterations 3
Phase-1 volume fraction = 0.988  Min(alpha.water) = 0.214426  Max(alpha.water) = 1
MULES: Correcting alpha.water
MULES: Correcting alpha.water
Phase-1 volume fraction = 0.988  Min(alpha.water) = 0.214426  Max(alpha.water) = 1.00001
DICPCG:  Solving for p_rgh, Initial residual = 0.212298, Final residual = 0.00751671, No Iterations 3
time step continuity errors : sum local = 6.56461e-05, global = -3.85646e-08, cumulative = -3.29546e-06
DICPCG:  Solving for p_rgh, Initial residual = 0.00976737, Final residual = 0.000423811, No Iterations 9
time step continuity errors : sum local = 3.66526e-06, global = -8.48102e-09, cumulative = -3.30395e-06
DICPCG:  Solving for p_rgh, Initial residual = 0.00178954, Final residual = 8.3508e-08, No Iterations 135
time step continuity errors : sum local = 7.20688e-10, global = -3.16213e-12, cumulative = -3.30395e-06
ExecutionTime = 6.06 s  ClockTime = 7 s

Courant Number mean: 0.293133 max: 0.413755
Interface Courant Number mean: 0.00862507 max: 0.397881
deltaT = 0.000578388
Time = 0.0365297

PIMPLE: iteration 1
smoothSolver:  Solving for alpha.water, Initial residual = 0.0348223, Final residual = 2.00927e-09, No Iterations 3
Phase-1 volume fraction = 0.988  Min(alpha.water) = 0.216905  Max(alpha.water) = 1
MULES: Correcting alpha.water
MULES: Correcting alpha.water
Phase-1 volume fraction = 0.988  Min(alpha.water) = 0.217191  Max(alpha.water) = 1
DICPCG:  Solving for p_rgh, Initial residual = 0.208806, Final residual = 0.00723635, No Iterations 3
time step continuity errors : sum local = 6.31992e-05, global = -3.81202e-08, cumulative = -3.34207e-06
DICPCG:  Solving for p_rgh, Initial residual = 0.00983069, Final residual = 0.000385022, No Iterations 8
time step continuity errors : sum local = 3.41606e-06, global = -8.46861e-09, cumulative = -3.35054e-06
DICPCG:  Solving for p_rgh, Initial residual = 0.00173362, Final residual = 8.73978e-08, No Iterations 133
time step continuity errors : sum local = 7.74398e-10, global = -4.16865e-13, cumulative = -3.35054e-06
ExecutionTime = 6.18 s  ClockTime = 7 s

Courant Number mean: 0.293198 max: 0.413806
Interface Courant Number mean: 0.0083818 max: 0.397002
deltaT = 0.000578388
Time = 0.0371081

PIMPLE: iteration 1
smoothSolver:  Solving for alpha.water, Initial residual = 0.0351953, Final residual = 1.69185e-09, No Iterations 3
Phase-1 volume fraction = 0.988  Min(alpha.water) = 0.2206  Max(alpha.water) = 1
MULES: Correcting alpha.water
MULES: Correcting alpha.water
Phase-1 volume fraction = 0.988  Min(alpha.water) = 0.2206  Max(alpha.water) = 1
DICPCG:  Solving for p_rgh, Initial residual = 0.179933, Final residual = 0.00674335, No Iterations 3
time step continuity errors : sum local = 6.061e-05, global = -3.76922e-08, cumulative = -3.38823e-06
DICPCG:  Solving for p_rgh, Initial residual = 0.00853327, Final residual = 0.000424664, No Iterations 8
time step continuity errors : sum local = 3.89531e-06, global = -8.448e-09, cumulative = -3.39668e-06
DICPCG:  Solving for p_rgh, Initial residual = 0.00159542, Final residual = 8.30729e-08, No Iterations 134
time step continuity errors : sum local = 7.60967e-10, global = -3.81149e-12, cumulative = -3.39668e-06
ExecutionTime = 6.27 s  ClockTime = 8 s

Courant Number mean: 0.293252 max: 0.408295
Interface Courant Number mean: 0.00843137 max: 0.408292
deltaT = 0.000578388
Time = 0.0376864

PIMPLE: iteration 1
smoothSolver:  Solving for alpha.water, Initial residual = 0.0349103, Final residual = 1.70662e-09, No Iterations 3
Phase-1 volume fraction = 0.988  Min(alpha.water) = 0.221616  Max(alpha.water) = 1
MULES: Correcting alpha.water
MULES: Correcting alpha.water
Phase-1 volume fraction = 0.988  Min(alpha.water) = 0.221616  Max(alpha.water) = 1.00002
DICPCG:  Solving for p_rgh, Initial residual = 0.193682, Final residual = 0.00708312, No Iterations 3
time step continuity errors : sum local = 6.30168e-05, global = -3.72784e-08, cumulative = -3.43396e-06
DICPCG:  Solving for p_rgh, Initial residual = 0.00923283, Final residual = 0.000407629, No Iterations 8
time step continuity errors : sum local = 3.54816e-06, global = -8.424e-09, cumulative = -3.44238e-06
DICPCG:  Solving for p_rgh, Initial residual = 0.00173792, Final residual = 8.66532e-08, No Iterations 134
time step continuity errors : sum local = 7.52528e-10, global = -3.11204e-12, cumulative = -3.44239e-06
ExecutionTime = 6.36 s  ClockTime = 8 s

Courant Number mean: 0.293202 max: 0.409051
Interface Courant Number mean: 0.00838873 max: 0.406886
deltaT = 0.000578388
Time = 0.0382648

PIMPLE: iteration 1
smoothSolver:  Solving for alpha.water, Initial residual = 0.0344891, Final residual = 1.98251e-09, No Iterations 3
Phase-1 volume fraction = 0.988  Min(alpha.water) = 0.223708  Max(alpha.water) = 1
MULES: Correcting alpha.water
MULES: Correcting alpha.water
Phase-1 volume fraction = 0.988  Min(alpha.water) = 0.223708  Max(alpha.water) = 1.00001
DICPCG:  Solving for p_rgh, Initial residual = 0.215902, Final residual = 0.00744197, No Iterations 3
time step continuity errors : sum local = 6.47137e-05, global = -3.68736e-08, cumulative = -3.47926e-06
DICPCG:  Solving for p_rgh, Initial residual = 0.00978727, Final residual = 0.000455767, No Iterations 8
time step continuity errors : sum local = 3.97899e-06, global = -8.40585e-09, cumulative = -3.48767e-06
DICPCG:  Solving for p_rgh, Initial residual = 0.00180827, Final residual = 9.32717e-08, No Iterations 130
time step continuity errors : sum local = 8.12814e-10, global = 2.96102e-12, cumulative = -3.48766e-06
ExecutionTime = 6.44 s  ClockTime = 8 s

Courant Number mean: 0.293197 max: 0.413312
Interface Courant Number mean: 0.00860971 max: 0.396655
deltaT = 0.000578388
Time = 0.0388432

PIMPLE: iteration 1
smoothSolver:  Solving for alpha.water, Initial residual = 0.0348232, Final residual = 1.78691e-09, No Iterations 3
Phase-1 volume fraction = 0.988  Min(alpha.water) = 0.226415  Max(alpha.water) = 1
MULES: Correcting alpha.water
MULES: Correcting alpha.water
Phase-1 volume fraction = 0.988  Min(alpha.water) = 0.226395  Max(alpha.water) = 1
DICPCG:  Solving for p_rgh, Initial residual = 0.1966, Final residual = 0.00695053, No Iterations 3
time step continuity errors : sum local = 6.15326e-05, global = -3.64688e-08, cumulative = -3.52413e-06
DICPCG:  Solving for p_rgh, Initial residual = 0.00931725, Final residual = 0.000393186, No Iterations 8
time step continuity errors : sum local = 3.55253e-06, global = -8.3748e-09, cumulative = -3.53251e-06
DICPCG:  Solving for p_rgh, Initial residual = 0.00165845, Final residual = 7.54936e-08, No Iterations 133
time step continuity errors : sum local = 6.81278e-10, global = 2.90199e-12, cumulative = -3.5325e-06
ExecutionTime = 6.53 s  ClockTime = 8 s

Courant Number mean: 0.293265 max: 0.41238
Interface Courant Number mean: 0.0082344 max: 0.401197
deltaT = 0.000578388
Time = 0.0394216

PIMPLE: iteration 1
smoothSolver:  Solving for alpha.water, Initial residual = 0.0348807, Final residual = 1.52179e-09, No Iterations 3
Phase-1 volume fraction = 0.988  Min(alpha.water) = 0.227221  Max(alpha.water) = 1
MULES: Correcting alpha.water
MULES: Correcting alpha.water
Phase-1 volume fraction = 0.988  Min(alpha.water) = 0.227221  Max(alpha.water) = 1
DICPCG:  Solving for p_rgh, Initial residual = 0.17921, Final residual = 0.00678001, No Iterations 3
time step continuity errors : sum local = 6.07847e-05, global = -3.60943e-08, cumulative = -3.5686e-06
DICPCG:  Solving for p_rgh, Initial residual = 0.00859143, Final residual = 0.000329387, No Iterations 9
time step continuity errors : sum local = 2.95632e-06, global = -8.34265e-09, cumulative = -3.57694e-06
DICPCG:  Solving for p_rgh, Initial residual = 0.00153122, Final residual = 9.2419e-08, No Iterations 133
time step continuity errors : sum local = 8.27961e-10, global = -6.0236e-12, cumulative = -3.57695e-06
ExecutionTime = 6.63 s  ClockTime = 8 s

Courant Number mean: 0.29328 max: 0.408151
Interface Courant Number mean: 0.00821298 max: 0.408151
deltaT = 0.000578388
Time = 0.04

PIMPLE: iteration 1
smoothSolver:  Solving for alpha.water, Initial residual = 0.0343632, Final residual = 1.61554e-09, No Iterations 3
Phase-1 volume fraction = 0.988  Min(alpha.water) = 0.228934  Max(alpha.water) = 1
MULES: Correcting alpha.water
MULES: Correcting alpha.water
Phase-1 volume fraction = 0.988  Min(alpha.water) = 0.228934  Max(alpha.water) = 1
DICPCG:  Solving for p_rgh, Initial residual = 0.21029, Final residual = 0.00731906, No Iterations 3
time step continuity errors : sum local = 6.40475e-05, global = -3.57386e-08, cumulative = -3.61269e-06
DICPCG:  Solving for p_rgh, Initial residual = 0.00932016, Final residual = 0.000445264, No Iterations 8
time step continuity errors : sum local = 3.83133e-06, global = -8.33677e-09, cumulative = -3.62102e-06
DICPCG:  Solving for p_rgh, Initial residual = 0.00177391, Final residual = 9.25096e-08, No Iterations 134
time step continuity errors : sum local = 7.94362e-10, global = -5.23566e-12, cumulative = -3.62103e-06
ExecutionTime = 6.78 s  ClockTime = 8 s

Courant Number mean: 0.293251 max: 0.408683
Interface Courant Number mean: 0.00857633 max: 0.402409
deltaT = 0.000571429
Time = 0.0405714

PIMPLE: iteration 1
smoothSolver:  Solving for alpha.water, Initial residual = 0.0339014, Final residual = 1.69863e-09, No Iterations 3
Phase-1 volume fraction = 0.988  Min(alpha.water) = 0.231029  Max(alpha.water) = 1
MULES: Correcting alpha.water
MULES: Correcting alpha.water
Phase-1 volume fraction = 0.988  Min(alpha.water) = 0.231271  Max(alpha.water) = 1.00001
DICPCG:  Solving for p_rgh, Initial residual = 0.208113, Final residual = 0.00714084, No Iterations 3
time step continuity errors : sum local = 6.06459e-05, global = -3.42534e-08, cumulative = -3.65528e-06
DICPCG:  Solving for p_rgh, Initial residual = 0.00943188, Final residual = 0.0003999, No Iterations 8
time step continuity errors : sum local = 3.44225e-06, global = -7.86711e-09, cumulative = -3.66315e-06
DICPCG:  Solving for p_rgh, Initial residual = 0.00168899, Final residual = 7.43116e-08, No Iterations 134
time step continuity errors : sum local = 6.38542e-10, global = -4.1108e-12, cumulative = -3.66315e-06
ExecutionTime = 6.94 s  ClockTime = 9 s

Courant Number mean: 0.289747 max: 0.407244
Interface Courant Number mean: 0.00853837 max: 0.390589
deltaT = 0.000555102
Time = 0.0411265

PIMPLE: iteration 1
smoothSolver:  Solving for alpha.water, Initial residual = 0.0332512, Final residual = 1.19999e-09, No Iterations 3
Phase-1 volume fraction = 0.988  Min(alpha.water) = 0.23389  Max(alpha.water) = 1
MULES: Correcting alpha.water
MULES: Correcting alpha.water
Phase-1 volume fraction = 0.988  Min(alpha.water) = 0.23389  Max(alpha.water) = 1
DICPCG:  Solving for p_rgh, Initial residual = 0.182043, Final residual = 0.0065119, No Iterations 3
time step continuity errors : sum local = 5.4172e-05, global = -3.15345e-08, cumulative = -3.69469e-06
DICPCG:  Solving for p_rgh, Initial residual = 0.00853763, Final residual = 0.000400244, No Iterations 8
time step continuity errors : sum local = 3.40251e-06, global = -7.0395e-09, cumulative = -3.70173e-06
DICPCG:  Solving for p_rgh, Initial residual = 0.00150559, Final residual = 9.64242e-08, No Iterations 133
time step continuity errors : sum local = 8.18691e-10, global = 2.26346e-12, cumulative = -3.70172e-06
ExecutionTime = 7.03 s  ClockTime = 9 s

Courant Number mean: 0.281526 max: 0.394084
Interface Courant Number mean: 0.00795808 max: 0.382841
deltaT = 0.000571923
Time = 0.0416985

PIMPLE: iteration 1
smoothSolver:  Solving for alpha.water, Initial residual = 0.0340716, Final residual = 1.21335e-09, No Iterations 3
Phase-1 volume fraction = 0.988  Min(alpha.water) = 0.234727  Max(alpha.water) = 1
MULES: Correcting alpha.water
MULES: Correcting alpha.water
Phase-1 volume fraction = 0.988  Min(alpha.water) = 0.234727  Max(alpha.water) = 1
DICPCG:  Solving for p_rgh, Initial residual = 0.187344, Final residual = 0.0067862, No Iterations 3
time step continuity errors : sum local = 5.95775e-05, global = -3.40348e-08, cumulative = -3.73576e-06
DICPCG:  Solving for p_rgh, Initial residual = 0.00874456, Final residual = 0.000417717, No Iterations 8
time step continuity errors : sum local = 3.62775e-06, global = -8.31524e-09, cumulative = -3.74407e-06
DICPCG:  Solving for p_rgh, Initial residual = 0.00160696, Final residual = 8.25929e-08, No Iterations 134
time step continuity errors : sum local = 7.16025e-10, global = 2.35366e-12, cumulative = -3.74407e-06
ExecutionTime = 7.11 s  ClockTime = 9 s

Courant Number mean: 0.290054 max: 0.400149
Interface Courant Number mean: 0.00833355 max: 0.398029
deltaT = 0.000571923
Time = 0.0422704

PIMPLE: iteration 1
smoothSolver:  Solving for alpha.water, Initial residual = 0.0336856, Final residual = 1.31917e-09, No Iterations 3
Phase-1 volume fraction = 0.988  Min(alpha.water) = 0.236502  Max(alpha.water) = 1
MULES: Correcting alpha.water
MULES: Correcting alpha.water
Phase-1 volume fraction = 0.988  Min(alpha.water) = 0.236502  Max(alpha.water) = 1
DICPCG:  Solving for p_rgh, Initial residual = 0.208049, Final residual = 0.00727618, No Iterations 3
time step continuity errors : sum local = 6.1989e-05, global = -3.33461e-08, cumulative = -3.77742e-06
DICPCG:  Solving for p_rgh, Initial residual = 0.00937679, Final residual = 0.000467557, No Iterations 8
time step continuity errors : sum local = 3.93725e-06, global = -7.82238e-09, cumulative = -3.78524e-06
DICPCG:  Solving for p_rgh, Initial residual = 0.00174824, Final residual = 8.2953e-08, No Iterations 135
time step continuity errors : sum local = 6.97102e-10, global = -5.90091e-12, cumulative = -3.78525e-06
ExecutionTime = 7.2 s  ClockTime = 9 s

Courant Number mean: 0.290039 max: 0.40349
Interface Courant Number mean: 0.00845483 max: 0.390615
deltaT = 0.000571923
Time = 0.0428423

PIMPLE: iteration 1
smoothSolver:  Solving for alpha.water, Initial residual = 0.0337028, Final residual = 1.39645e-09, No Iterations 3
Phase-1 volume fraction = 0.988  Min(alpha.water) = 0.238754  Max(alpha.water) = 1
MULES: Correcting alpha.water
MULES: Correcting alpha.water
Phase-1 volume fraction = 0.988  Min(alpha.water) = 0.238451  Max(alpha.water) = 1
DICPCG:  Solving for p_rgh, Initial residual = 0.205163, Final residual = 0.00704153, No Iterations 3
time step continuity errors : sum local = 6.00448e-05, global = -3.31733e-08, cumulative = -3.81842e-06
DICPCG:  Solving for p_rgh, Initial residual = 0.00937948, Final residual = 0.00039222, No Iterations 8
time step continuity errors : sum local = 3.40444e-06, global = -7.95944e-09, cumulative = -3.82638e-06
DICPCG:  Solving for p_rgh, Initial residual = 0.00166548, Final residual = 7.26319e-08, No Iterations 134
time step continuity errors : sum local = 6.29553e-10, global = -4.51579e-12, cumulative = -3.82638e-06
ExecutionTime = 7.28 s  ClockTime = 9 s

Courant Number mean: 0.290091 max: 0.406528
Interface Courant Number mean: 0.00850468 max: 0.389189
deltaT = 0.000571923
Time = 0.0434142

PIMPLE: iteration 1
smoothSolver:  Solving for alpha.water, Initial residual = 0.0338629, Final residual = 1.14691e-09, No Iterations 3
Phase-1 volume fraction = 0.988  Min(alpha.water) = 0.23937  Max(alpha.water) = 1
MULES: Correcting alpha.water
MULES: Correcting alpha.water
Phase-1 volume fraction = 0.988  Min(alpha.water) = 0.23937  Max(alpha.water) = 1
DICPCG:  Solving for p_rgh, Initial residual = 0.174943, Final residual = 0.00663632, No Iterations 3
time step continuity errors : sum local = 5.79961e-05, global = -3.28145e-08, cumulative = -3.8592e-06
DICPCG:  Solving for p_rgh, Initial residual = 0.00851398, Final residual = 0.000343609, No Iterations 9
time step continuity errors : sum local = 3.04478e-06, global = -7.86888e-09, cumulative = -3.86707e-06
DICPCG:  Solving for p_rgh, Initial residual = 0.00146849, Final residual = 6.7332e-08, No Iterations 134
time step continuity errors : sum local = 5.95803e-10, global = -7.97278e-13, cumulative = -3.86707e-06
ExecutionTime = 7.35 s  ClockTime = 9 s

Courant Number mean: 0.290131 max: 0.404347
Interface Courant Number mean: 0.00830361 max: 0.392069
deltaT = 0.000571923
Time = 0.0439861

PIMPLE: iteration 1
smoothSolver:  Solving for alpha.water, Initial residual = 0.0335319, Final residual = 1.03158e-09, No Iterations 3
Phase-1 volume fraction = 0.988  Min(alpha.water) = 0.240734  Max(alpha.water) = 1
MULES: Correcting alpha.water
MULES: Correcting alpha.water
Phase-1 volume fraction = 0.988  Min(alpha.water) = 0.240734  Max(alpha.water) = 1
DICPCG:  Solving for p_rgh, Initial residual = 0.194562, Final residual = 0.00692459, No Iterations 3
time step continuity errors : sum local = 5.9984e-05, global = -3.25271e-08, cumulative = -3.89959e-06
DICPCG:  Solving for p_rgh, Initial residual = 0.00879212, Final residual = 0.000383349, No Iterations 8
time step continuity errors : sum local = 3.2755e-06, global = -7.86317e-09, cumulative = -3.90746e-06
DICPCG:  Solving for p_rgh, Initial residual = 0.00160462, Final residual = 7.49192e-08, No Iterations 134
time step continuity errors : sum local = 6.39002e-10, global = -9.24862e-13, cumulative = -3.90746e-06
ExecutionTime = 7.42 s  ClockTime = 9 s

Courant Number mean: 0.290117 max: 0.398481
Interface Courant Number mean: 0.00829866 max: 0.392721
deltaT = 0.000571923
Time = 0.0445581

PIMPLE: iteration 1
smoothSolver:  Solving for alpha.water, Initial residual = 0.0333544, Final residual = 1.18253e-09, No Iterations 3
Phase-1 volume fraction = 0.988  Min(alpha.water) = 0.242408  Max(alpha.water) = 1
MULES: Correcting alpha.water
MULES: Correcting alpha.water
Phase-1 volume fraction = 0.988  Min(alpha.water) = 0.242588  Max(alpha.water) = 1
DICPCG:  Solving for p_rgh, Initial residual = 0.206962, Final residual = 0.00718542, No Iterations 3
time step continuity errors : sum local = 6.0952e-05, global = -3.22387e-08, cumulative = -3.9397e-06
DICPCG:  Solving for p_rgh, Initial residual = 0.00930911, Final residual = 0.000458044, No Iterations 8
time step continuity errors : sum local = 3.87497e-06, global = -7.84116e-09, cumulative = -3.94754e-06
DICPCG:  Solving for p_rgh, Initial residual = 0.00172661, Final residual = 9.20445e-08, No Iterations 134
time step continuity errors : sum local = 7.77226e-10, global = -6.02438e-12, cumulative = -3.94754e-06
ExecutionTime = 7.5 s  ClockTime = 9 s

Courant Number mean: 0.290117 max: 0.403339
Interface Courant Number mean: 0.00824612 max: 0.389543
deltaT = 0.000571923
Time = 0.04513

PIMPLE: iteration 1
smoothSolver:  Solving for alpha.water, Initial residual = 0.0334509, Final residual = 1.19359e-09, No Iterations 3
Phase-1 volume fraction = 0.988  Min(alpha.water) = 0.244874  Max(alpha.water) = 1
MULES: Correcting alpha.water
MULES: Correcting alpha.water
Phase-1 volume fraction = 0.988  Min(alpha.water) = 0.244874  Max(alpha.water) = 1
DICPCG:  Solving for p_rgh, Initial residual = 0.196914, Final residual = 0.00691164, No Iterations 3
time step continuity errors : sum local = 5.91772e-05, global = -3.19656e-08, cumulative = -3.97951e-06
DICPCG:  Solving for p_rgh, Initial residual = 0.00923395, Final residual = 0.000412063, No Iterations 8
time step continuity errors : sum local = 3.59101e-06, global = -7.82107e-09, cumulative = -3.98733e-06
DICPCG:  Solving for p_rgh, Initial residual = 0.0016527, Final residual = 8.69009e-08, No Iterations 134
time step continuity errors : sum local = 7.56373e-10, global = -9.72827e-12, cumulative = -3.98734e-06
ExecutionTime = 7.56 s  ClockTime = 9 s

Courant Number mean: 0.290199 max: 0.405831
Interface Courant Number mean: 0.00841264 max: 0.387979
deltaT = 0.000571923
Time = 0.0457019

PIMPLE: iteration 1
smoothSolver:  Solving for alpha.water, Initial residual = 0.0334233, Final residual = 1.00271e-09, No Iterations 3
Phase-1 volume fraction = 0.988  Min(alpha.water) = 0.245593  Max(alpha.water) = 1
MULES: Correcting alpha.water
MULES: Correcting alpha.water
Phase-1 volume fraction = 0.988  Min(alpha.water) = 0.245593  Max(alpha.water) = 1
DICPCG:  Solving for p_rgh, Initial residual = 0.179228, Final residual = 0.00662764, No Iterations 3
time step continuity errors : sum local = 5.74471e-05, global = -3.16925e-08, cumulative = -4.01903e-06
DICPCG:  Solving for p_rgh, Initial residual = 0.00841624, Final residual = 0.000328929, No Iterations 9
time step continuity errors : sum local = 2.85886e-06, global = -7.78589e-09, cumulative = -4.02682e-06
DICPCG:  Solving for p_rgh, Initial residual = 0.00147724, Final residual = 9.66661e-08, No Iterations 133
time step continuity errors : sum local = 8.38876e-10, global = -6.45071e-12, cumulative = -4.02683e-06
ExecutionTime = 7.63 s  ClockTime = 9 s

Courant Number mean: 0.290213 max: 0.403289
Interface Courant Number mean: 0.00815317 max: 0.390375
deltaT = 0.000571923
Time = 0.0462738

PIMPLE: iteration 1
smoothSolver:  Solving for alpha.water, Initial residual = 0.0331094, Final residual = 9.69269e-10, No Iterations 3
Phase-1 volume fraction = 0.988  Min(alpha.water) = 0.24715  Max(alpha.water) = 1
MULES: Correcting alpha.water
MULES: Correcting alpha.water
Phase-1 volume fraction = 0.988  Min(alpha.water) = 0.24715  Max(alpha.water) = 1
DICPCG:  Solving for p_rgh, Initial residual = 0.201656, Final residual = 0.00708185, No Iterations 3
time step continuity errors : sum local = 6.00346e-05, global = -3.14142e-08, cumulative = -4.05824e-06
DICPCG:  Solving for p_rgh, Initial residual = 0.00892559, Final residual = 0.000381226, No Iterations 8
time step continuity errors : sum local = 3.17855e-06, global = -7.76528e-09, cumulative = -4.06601e-06
DICPCG:  Solving for p_rgh, Initial residual = 0.00164611, Final residual = 8.27751e-08, No Iterations 133
time step continuity errors : sum local = 6.8872e-10, global = 4.2e-13, cumulative = -4.06601e-06
ExecutionTime = 7.7 s  ClockTime = 9 s

Courant Number mean: 0.2902 max: 0.397443
Interface Courant Number mean: 0.0082785 max: 0.387026
deltaT = 0.000571923
Time = 0.0468458

PIMPLE: iteration 1
smoothSolver:  Solving for alpha.water, Initial residual = 0.0329862, Final residual = 1.12869e-09, No Iterations 3
Phase-1 volume fraction = 0.988  Min(alpha.water) = 0.24905  Max(alpha.water) = 1
MULES: Correcting alpha.water
MULES: Correcting alpha.water
Phase-1 volume fraction = 0.988  Min(alpha.water) = 0.24915  Max(alpha.water) = 1
DICPCG:  Solving for p_rgh, Initial residual = 0.202645, Final residual = 0.00707271, No Iterations 3
time step continuity errors : sum local = 5.9414e-05, global = -3.11443e-08, cumulative = -4.09715e-06
DICPCG:  Solving for p_rgh, Initial residual = 0.00923002, Final residual = 0.000431777, No Iterations 8
time step continuity errors : sum local = 3.66769e-06, global = -7.73604e-09, cumulative = -4.10489e-06
DICPCG:  Solving for p_rgh, Initial residual = 0.00169356, Final residual = 9.88482e-08, No Iterations 132
time step continuity errors : sum local = 8.38278e-10, global = -1.73523e-12, cumulative = -4.10489e-06
ExecutionTime = 7.78 s  ClockTime = 10 s

Courant Number mean: 0.29023 max: 0.403826
Interface Courant Number mean: 0.00850913 max: 0.389225
deltaT = 0.000571923
Time = 0.0474177

PIMPLE: iteration 1
smoothSolver:  Solving for alpha.water, Initial residual = 0.0331726, Final residual = 1.07047e-09, No Iterations 3
Phase-1 volume fraction = 0.988  Min(alpha.water) = 0.249754  Max(alpha.water) = 1
MULES: Correcting alpha.water
MULES: Correcting alpha.water
Phase-1 volume fraction = 0.988  Min(alpha.water) = 0.249754  Max(alpha.water) = 1
DICPCG:  Solving for p_rgh, Initial residual = 0.185852, Final residual = 0.00680307, No Iterations 3
time step continuity errors : sum local = 5.80714e-05, global = -3.08939e-08, cumulative = -4.13578e-06
DICPCG:  Solving for p_rgh, Initial residual = 0.00902699, Final residual = 0.000420286, No Iterations 8
time step continuity errors : sum local = 3.62737e-06, global = -7.71393e-09, cumulative = -4.14349e-06
DICPCG:  Solving for p_rgh, Initial residual = 0.00162513, Final residual = 8.39846e-08, No Iterations 133
time step continuity errors : sum local = 7.23786e-10, global = -2.75392e-12, cumulative = -4.1435e-06
ExecutionTime = 7.86 s  ClockTime = 10 s

Courant Number mean: 0.290308 max: 0.405314
Interface Courant Number mean: 0.00854064 max: 0.38621
deltaT = 0.000571923
Time = 0.0479896

PIMPLE: iteration 1
smoothSolver:  Solving for alpha.water, Initial residual = 0.03306, Final residual = 8.98369e-10, No Iterations 3
Phase-1 volume fraction = 0.988  Min(alpha.water) = 0.250943  Max(alpha.water) = 1
MULES: Correcting alpha.water
MULES: Correcting alpha.water
Phase-1 volume fraction = 0.988  Min(alpha.water) = 0.250943  Max(alpha.water) = 1
DICPCG:  Solving for p_rgh, Initial residual = 0.187879, Final residual = 0.00682491, No Iterations 3
time step continuity errors : sum local = 5.82191e-05, global = -3.06474e-08, cumulative = -4.17415e-06
DICPCG:  Solving for p_rgh, Initial residual = 0.00859219, Final residual = 0.000327848, No Iterations 9
time step continuity errors : sum local = 2.78712e-06, global = -7.67732e-09, cumulative = -4.18182e-06
DICPCG:  Solving for p_rgh, Initial residual = 0.00149834, Final residual = 7.49765e-08, No Iterations 133
time step continuity errors : sum local = 6.36408e-10, global = -4.44959e-12, cumulative = -4.18183e-06
ExecutionTime = 7.93 s  ClockTime = 10 s

Courant Number mean: 0.290298 max: 0.402237
Interface Courant Number mean: 0.0084121 max: 0.386023
deltaT = 0.000571923
Time = 0.0485615

PIMPLE: iteration 1
smoothSolver:  Solving for alpha.water, Initial residual = 0.0329089, Final residual = 9.71625e-10, No Iterations 3
Phase-1 volume fraction = 0.988  Min(alpha.water) = 0.252398  Max(alpha.water) = 1
MULES: Correcting alpha.water
MULES: Correcting alpha.water
Phase-1 volume fraction = 0.988  Min(alpha.water) = 0.252568  Max(alpha.water) = 1
DICPCG:  Solving for p_rgh, Initial residual = 0.201203, Final residual = 0.00713468, No Iterations 3
time step continuity errors : sum local = 5.96382e-05, global = -3.04068e-08, cumulative = -4.21223e-06
DICPCG:  Solving for p_rgh, Initial residual = 0.00897787, Final residual = 0.000387557, No Iterations 8
time step continuity errors : sum local = 3.20946e-06, global = -7.67045e-09, cumulative = -4.2199e-06
DICPCG:  Solving for p_rgh, Initial residual = 0.00164908, Final residual = 8.14608e-08, No Iterations 135
time step continuity errors : sum local = 6.73341e-10, global = -2.11115e-12, cumulative = -4.21991e-06
ExecutionTime = 8.01 s  ClockTime = 10 s

Courant Number mean: 0.290281 max: 0.398615
Interface Courant Number mean: 0.00815421 max: 0.384764
deltaT = 0.000571923
Time = 0.0491335

PIMPLE: iteration 1
smoothSolver:  Solving for alpha.water, Initial residual = 0.0327817, Final residual = 1.08709e-09, No Iterations 3
Phase-1 volume fraction = 0.988  Min(alpha.water) = 0.254516  Max(alpha.water) = 1
MULES: Correcting alpha.water
MULES: Correcting alpha.water
Phase-1 volume fraction = 0.988  Min(alpha.water) = 0.254484  Max(alpha.water) = 1
DICPCG:  Solving for p_rgh, Initial residual = 0.200909, Final residual = 0.00702409, No Iterations 3
time step continuity errors : sum local = 5.87335e-05, global = -3.01579e-08, cumulative = -4.25006e-06
DICPCG:  Solving for p_rgh, Initial residual = 0.00938712, Final residual = 0.000425291, No Iterations 8
time step continuity errors : sum local = 3.60238e-06, global = -7.63269e-09, cumulative = -4.2577e-06
DICPCG:  Solving for p_rgh, Initial residual = 0.00168344, Final residual = 8.63278e-08, No Iterations 135
time step continuity errors : sum local = 7.3009e-10, global = 8.07099e-13, cumulative = -4.2577e-06
ExecutionTime = 8.11 s  ClockTime = 10 s

Courant Number mean: 0.290336 max: 0.404173
Interface Courant Number mean: 0.00855625 max: 0.388685
deltaT = 0.000571923
Time = 0.0497054

PIMPLE: iteration 1
smoothSolver:  Solving for alpha.water, Initial residual = 0.0329582, Final residual = 9.45245e-10, No Iterations 3
Phase-1 volume fraction = 0.988  Min(alpha.water) = 0.255109  Max(alpha.water) = 1
MULES: Correcting alpha.water
MULES: Correcting alpha.water
Phase-1 volume fraction = 0.988  Min(alpha.water) = 0.255109  Max(alpha.water) = 1
DICPCG:  Solving for p_rgh, Initial residual = 0.179148, Final residual = 0.00677574, No Iterations 3
time step continuity errors : sum local = 5.75047e-05, global = -2.99237e-08, cumulative = -4.28762e-06
DICPCG:  Solving for p_rgh, Initial residual = 0.00869391, Final residual = 0.000339554, No Iterations 9
time step continuity errors : sum local = 2.90921e-06, global = -7.60625e-09, cumulative = -4.29523e-06
DICPCG:  Solving for p_rgh, Initial residual = 0.00150096, Final residual = 8.97227e-08, No Iterations 134
time step continuity errors : sum local = 7.67594e-10, global = -8.75196e-12, cumulative = -4.29523e-06
ExecutionTime = 8.24 s  ClockTime = 10 s

Courant Number mean: 0.290388 max: 0.404421
Interface Courant Number mean: 0.00853427 max: 0.384104
deltaT = 0.000571923
Time = 0.0502773

PIMPLE: iteration 1
smoothSolver:  Solving for alpha.water, Initial residual = 0.0327602, Final residual = 8.31093e-10, No Iterations 3
Phase-1 volume fraction = 0.988  Min(alpha.water) = 0.256418  Max(alpha.water) = 1
MULES: Correcting alpha.water
MULES: Correcting alpha.water
Phase-1 volume fraction = 0.988  Min(alpha.water) = 0.256418  Max(alpha.water) = 1
DICPCG:  Solving for p_rgh, Initial residual = 0.188249, Final residual = 0.00685433, No Iterations 3
time step continuity errors : sum local = 5.76854e-05, global = -2.97138e-08, cumulative = -4.32495e-06
DICPCG:  Solving for p_rgh, Initial residual = 0.00865507, Final residual = 0.00039626, No Iterations 8
time step continuity errors : sum local = 3.30447e-06, global = -7.59005e-09, cumulative = -4.33254e-06
DICPCG:  Solving for p_rgh, Initial residual = 0.00155943, Final residual = 9.73667e-08, No Iterations 134
time step continuity errors : sum local = 8.10697e-10, global = 6.89357e-12, cumulative = -4.33253e-06
ExecutionTime = 8.33 s  ClockTime = 10 s

Courant Number mean: 0.290369 max: 0.400691
Interface Courant Number mean: 0.00839223 max: 0.381943
deltaT = 0.000571923
Time = 0.0508492

PIMPLE: iteration 1
smoothSolver:  Solving for alpha.water, Initial residual = 0.0327336, Final residual = 9.7497e-10, No Iterations 3
Phase-1 volume fraction = 0.988  Min(alpha.water) = 0.258015  Max(alpha.water) = 1
MULES: Correcting alpha.water
MULES: Correcting alpha.water
Phase-1 volume fraction = 0.988  Min(alpha.water) = 0.258214  Max(alpha.water) = 1
DICPCG:  Solving for p_rgh, Initial residual = 0.199307, Final residual = 0.00708932, No Iterations 3
time step continuity errors : sum local = 5.86811e-05, global = -2.9454e-08, cumulative = -4.36199e-06
DICPCG:  Solving for p_rgh, Initial residual = 0.00900415, Final residual = 0.000394347, No Iterations 8
time step continuity errors : sum local = 3.25499e-06, global = -7.54734e-09, cumulative = -4.36953e-06
DICPCG:  Solving for p_rgh, Initial residual = 0.00164435, Final residual = 8.77202e-08, No Iterations 130
time step continuity errors : sum local = 7.22762e-10, global = -2.49338e-12, cumulative = -4.36954e-06
ExecutionTime = 8.42 s  ClockTime = 10 s

Courant Number mean: 0.290355 max: 0.399235
Interface Courant Number mean: 0.00825781 max: 0.384787
deltaT = 0.000571923
Time = 0.0514212

PIMPLE: iteration 1
smoothSolver:  Solving for alpha.water, Initial residual = 0.0326724, Final residual = 1.02485e-09, No Iterations 3
Phase-1 volume fraction = 0.988  Min(alpha.water) = 0.258927  Max(alpha.water) = 1
MULES: Correcting alpha.water
MULES: Correcting alpha.water
Phase-1 volume fraction = 0.988  Min(alpha.water) = 0.258927  Max(alpha.water) = 1
DICPCG:  Solving for p_rgh, Initial residual = 0.199195, Final residual = 0.0070266, No Iterations 3
time step continuity errors : sum local = 5.8254e-05, global = -2.9267e-08, cumulative = -4.3988e-06
DICPCG:  Solving for p_rgh, Initial residual = 0.00939217, Final residual = 0.00042734, No Iterations 8
time step continuity errors : sum local = 3.57388e-06, global = -7.5399e-09, cumulative = -4.40634e-06
DICPCG:  Solving for p_rgh, Initial residual = 0.00168213, Final residual = 8.97513e-08, No Iterations 135
time step continuity errors : sum local = 7.49464e-10, global = -1.36491e-13, cumulative = -4.40634e-06
ExecutionTime = 8.54 s  ClockTime = 10 s

Courant Number mean: 0.290436 max: 0.403678
Interface Courant Number mean: 0.00850817 max: 0.387661
deltaT = 0.000571923
Time = 0.0519931

PIMPLE: iteration 1
smoothSolver:  Solving for alpha.water, Initial residual = 0.0327585, Final residual = 8.66742e-10, No Iterations 3
Phase-1 volume fraction = 0.988  Min(alpha.water) = 0.259906  Max(alpha.water) = 1
MULES: Correcting alpha.water
MULES: Correcting alpha.water
Phase-1 volume fraction = 0.988  Min(alpha.water) = 0.259906  Max(alpha.water) = 1
DICPCG:  Solving for p_rgh, Initial residual = 0.185938, Final residual = 0.00682622, No Iterations 3
time step continuity errors : sum local = 5.73249e-05, global = -2.90368e-08, cumulative = -4.43538e-06
DICPCG:  Solving for p_rgh, Initial residual = 0.00849373, Final residual = 0.000356706, No Iterations 9
time step continuity errors : sum local = 3.032e-06, global = -7.50275e-09, cumulative = -4.44288e-06
DICPCG:  Solving for p_rgh, Initial residual = 0.00149577, Final residual = 7.79417e-08, No Iterations 134
time step continuity errors : sum local = 6.61555e-10, global = -3.44211e-12, cumulative = -4.44289e-06
ExecutionTime = 8.69 s  ClockTime = 11 s

Courant Number mean: 0.290453 max: 0.402989
Interface Courant Number mean: 0.00860401 max: 0.382475
deltaT = 0.000571923
Time = 0.052565

PIMPLE: iteration 1
smoothSolver:  Solving for alpha.water, Initial residual = 0.0326406, Final residual = 8.11842e-10, No Iterations 3
Phase-1 volume fraction = 0.988  Min(alpha.water) = 0.261329  Max(alpha.water) = 1
MULES: Correcting alpha.water
MULES: Correcting alpha.water
Phase-1 volume fraction = 0.988  Min(alpha.water) = 0.261329  Max(alpha.water) = 1
DICPCG:  Solving for p_rgh, Initial residual = 0.191867, Final residual = 0.0068933, No Iterations 3
time step continuity errors : sum local = 5.7355e-05, global = -2.88381e-08, cumulative = -4.47172e-06
DICPCG:  Solving for p_rgh, Initial residual = 0.00866393, Final residual = 0.000367683, No Iterations 8
time step continuity errors : sum local = 3.02291e-06, global = -7.4819e-09, cumulative = -4.47921e-06
DICPCG:  Solving for p_rgh, Initial residual = 0.00156049, Final residual = 8.60859e-08, No Iterations 134
time step continuity errors : sum local = 7.06553e-10, global = 4.5662e-12, cumulative = -4.4792e-06
ExecutionTime = 8.82 s  ClockTime = 11 s

Courant Number mean: 0.290429 max: 0.398783
Interface Courant Number mean: 0.00822952 max: 0.377355
deltaT = 0.000571923
Time = 0.0531369

PIMPLE: iteration 1
smoothSolver:  Solving for alpha.water, Initial residual = 0.0325656, Final residual = 9.5744e-10, No Iterations 3
Phase-1 volume fraction = 0.988  Min(alpha.water) = 0.263135  Max(alpha.water) = 1
MULES: Correcting alpha.water
MULES: Correcting alpha.water
Phase-1 volume fraction = 0.988  Min(alpha.water) = 0.263087  Max(alpha.water) = 1
DICPCG:  Solving for p_rgh, Initial residual = 0.19995, Final residual = 0.00706267, No Iterations 3
time step continuity errors : sum local = 5.82841e-05, global = -2.86156e-08, cumulative = -4.50782e-06
DICPCG:  Solving for p_rgh, Initial residual = 0.00906792, Final residual = 0.000429636, No Iterations 8
time step continuity errors : sum local = 3.56842e-06, global = -7.45291e-09, cumulative = -4.51527e-06
DICPCG:  Solving for p_rgh, Initial residual = 0.00166502, Final residual = 8.97038e-08, No Iterations 131
time step continuity errors : sum local = 7.43799e-10, global = -8.83515e-12, cumulative = -4.51528e-06
ExecutionTime = 8.97 s  ClockTime = 11 s

Courant Number mean: 0.290431 max: 0.399664
Interface Courant Number mean: 0.0083596 max: 0.384318
deltaT = 0.000571923
Time = 0.0537088

PIMPLE: iteration 1
smoothSolver:  Solving for alpha.water, Initial residual = 0.032589, Final residual = 9.42755e-10, No Iterations 3
Phase-1 volume fraction = 0.988  Min(alpha.water) = 0.263621  Max(alpha.water) = 1
MULES: Correcting alpha.water
MULES: Correcting alpha.water
Phase-1 volume fraction = 0.988  Min(alpha.water) = 0.263621  Max(alpha.water) = 1
DICPCG:  Solving for p_rgh, Initial residual = 0.189705, Final residual = 0.00695841, No Iterations 3
time step continuity errors : sum local = 5.75958e-05, global = -2.84421e-08, cumulative = -4.54372e-06
DICPCG:  Solving for p_rgh, Initial residual = 0.00933279, Final residual = 0.000428697, No Iterations 8
time step continuity errors : sum local = 3.55732e-06, global = -7.44239e-09, cumulative = -4.55116e-06
DICPCG:  Solving for p_rgh, Initial residual = 0.0016736, Final residual = 9.73859e-08, No Iterations 135
time step continuity errors : sum local = 8.06939e-10, global = -6.40694e-12, cumulative = -4.55117e-06
ExecutionTime = 9.07 s  ClockTime = 11 s

Courant Number mean: 0.290502 max: 0.402162
Interface Courant Number mean: 0.00850405 max: 0.386094
deltaT = 0.000571923
Time = 0.0542808

PIMPLE: iteration 1
smoothSolver:  Solving for alpha.water, Initial residual = 0.0326051, Final residual = 7.79609e-10, No Iterations 3
Phase-1 volume fraction = 0.988  Min(alpha.water) = 0.264715  Max(alpha.water) = 1
MULES: Correcting alpha.water
MULES: Correcting alpha.water
Phase-1 volume fraction = 0.988  Min(alpha.water) = 0.264715  Max(alpha.water) = 1
DICPCG:  Solving for p_rgh, Initial residual = 0.185284, Final residual = 0.00688247, No Iterations 3
time step continuity errors : sum local = 5.72343e-05, global = -2.82332e-08, cumulative = -4.5794e-06
DICPCG:  Solving for p_rgh, Initial residual = 0.00851855, Final residual = 0.00036376, No Iterations 9
time step continuity errors : sum local = 3.05637e-06, global = -7.40376e-09, cumulative = -4.58681e-06
DICPCG:  Solving for p_rgh, Initial residual = 0.00148973, Final residual = 7.93694e-08, No Iterations 134
time step continuity errors : sum local = 6.65967e-10, global = -6.7679e-12, cumulative = -4.58681e-06
ExecutionTime = 9.15 s  ClockTime = 11 s

Courant Number mean: 0.290493 max: 0.400704
Interface Courant Number mean: 0.00839492 max: 0.380077
deltaT = 0.000571923
Time = 0.0548527

PIMPLE: iteration 1
smoothSolver:  Solving for alpha.water, Initial residual = 0.032595, Final residual = 7.75352e-10, No Iterations 3
Phase-1 volume fraction = 0.988  Min(alpha.water) = 0.266062  Max(alpha.water) = 1
MULES: Correcting alpha.water
MULES: Correcting alpha.water
Phase-1 volume fraction = 0.988  Min(alpha.water) = 0.266221  Max(alpha.water) = 1
DICPCG:  Solving for p_rgh, Initial residual = 0.1947, Final residual = 0.00692709, No Iterations 3
time step continuity errors : sum local = 5.71111e-05, global = -2.8044e-08, cumulative = -4.61486e-06
DICPCG:  Solving for p_rgh, Initial residual = 0.00866712, Final residual = 0.000369863, No Iterations 8
time step continuity errors : sum local = 3.01744e-06, global = -7.38873e-09, cumulative = -4.62225e-06
DICPCG:  Solving for p_rgh, Initial residual = 0.00157112, Final residual = 8.3663e-08, No Iterations 133
time step continuity errors : sum local = 6.81309e-10, global = 2.49385e-12, cumulative = -4.62224e-06
ExecutionTime = 9.24 s  ClockTime = 11 s

Courant Number mean: 0.290463 max: 0.398286
Interface Courant Number mean: 0.00801261 max: 0.374142
deltaT = 0.000571923
Time = 0.0554246

PIMPLE: iteration 1
smoothSolver:  Solving for alpha.water, Initial residual = 0.0323501, Final residual = 8.57422e-10, No Iterations 3
Phase-1 volume fraction = 0.988  Min(alpha.water) = 0.268007  Max(alpha.water) = 1
MULES: Correcting alpha.water
MULES: Correcting alpha.water
Phase-1 volume fraction = 0.988  Min(alpha.water) = 0.267991  Max(alpha.water) = 1
DICPCG:  Solving for p_rgh, Initial residual = 0.19979, Final residual = 0.00708993, No Iterations 3
time step continuity errors : sum local = 5.82308e-05, global = -2.78347e-08, cumulative = -4.65008e-06
DICPCG:  Solving for p_rgh, Initial residual = 0.00937643, Final residual = 0.000432602, No Iterations 8
time step continuity errors : sum local = 3.58484e-06, global = -7.35014e-09, cumulative = -4.65743e-06
DICPCG:  Solving for p_rgh, Initial residual = 0.00169643, Final residual = 8.39228e-08, No Iterations 133
time step continuity errors : sum local = 6.94265e-10, global = -3.06027e-12, cumulative = -4.65743e-06
ExecutionTime = 9.33 s  ClockTime = 11 s

Courant Number mean: 0.290493 max: 0.399421
Interface Courant Number mean: 0.00854059 max: 0.382859
deltaT = 0.000571923
Time = 0.0559965

PIMPLE: iteration 1
smoothSolver:  Solving for alpha.water, Initial residual = 0.0324525, Final residual = 7.7812e-10, No Iterations 3
Phase-1 volume fraction = 0.988  Min(alpha.water) = 0.268549  Max(alpha.water) = 1
MULES: Correcting alpha.water
MULES: Correcting alpha.water
Phase-1 volume fraction = 0.988  Min(alpha.water) = 0.268549  Max(alpha.water) = 1
DICPCG:  Solving for p_rgh, Initial residual = 0.188986, Final residual = 0.00692596, No Iterations 3
time step continuity errors : sum local = 5.73018e-05, global = -2.76674e-08, cumulative = -4.6851e-06
DICPCG:  Solving for p_rgh, Initial residual = 0.00905997, Final residual = 0.000440406, No Iterations 8
time step continuity errors : sum local = 3.66465e-06, global = -7.34003e-09, cumulative = -4.69244e-06
DICPCG:  Solving for p_rgh, Initial residual = 0.00165444, Final residual = 8.77174e-08, No Iterations 135
time step continuity errors : sum local = 7.28842e-10, global = 2.03019e-12, cumulative = -4.69244e-06
ExecutionTime = 9.42 s  ClockTime = 12 s

Courant Number mean: 0.290546 max: 0.399965
Interface Courant Number mean: 0.00845117 max: 0.383717
deltaT = 0.000571923
Time = 0.0565685

PIMPLE: iteration 1
smoothSolver:  Solving for alpha.water, Initial residual = 0.0323815, Final residual = 6.52934e-10, No Iterations 3
Phase-1 volume fraction = 0.988  Min(alpha.water) = 0.269755  Max(alpha.water) = 1
MULES: Correcting alpha.water
MULES: Correcting alpha.water
Phase-1 volume fraction = 0.988  Min(alpha.water) = 0.269755  Max(alpha.water) = 1
DICPCG:  Solving for p_rgh, Initial residual = 0.180936, Final residual = 0.00682944, No Iterations 3
time step continuity errors : sum local = 5.64113e-05, global = -2.74701e-08, cumulative = -4.71991e-06
DICPCG:  Solving for p_rgh, Initial residual = 0.00859366, Final residual = 0.000338092, No Iterations 9
time step continuity errors : sum local = 2.79586e-06, global = -7.28773e-09, cumulative = -4.72719e-06
DICPCG:  Solving for p_rgh, Initial residual = 0.00147029, Final residual = 7.94579e-08, No Iterations 134
time step continuity errors : sum local = 6.56069e-10, global = -2.7747e-12, cumulative = -4.7272e-06
ExecutionTime = 9.53 s  ClockTime = 12 s

Courant Number mean: 0.290528 max: 0.398075
Interface Courant Number mean: 0.00858051 max: 0.37812
deltaT = 0.000571923
Time = 0.0571404

PIMPLE: iteration 1
smoothSolver:  Solving for alpha.water, Initial residual = 0.0324283, Final residual = 7.16994e-10, No Iterations 3
Phase-1 volume fraction = 0.988  Min(alpha.water) = 0.271222  Max(alpha.water) = 1
MULES: Correcting alpha.water
MULES: Correcting alpha.water
Phase-1 volume fraction = 0.988  Min(alpha.water) = 0.271401  Max(alpha.water) = 1
DICPCG:  Solving for p_rgh, Initial residual = 0.196989, Final residual = 0.00698729, No Iterations 3
time step continuity errors : sum local = 5.71033e-05, global = -2.73122e-08, cumulative = -4.75451e-06
DICPCG:  Solving for p_rgh, Initial residual = 0.00879651, Final residual = 0.00036741, No Iterations 8
time step continuity errors : sum local = 2.98599e-06, global = -7.30209e-09, cumulative = -4.76181e-06
DICPCG:  Solving for p_rgh, Initial residual = 0.00158487, Final residual = 9.05075e-08, No Iterations 131
time step continuity errors : sum local = 7.34253e-10, global = -1.27407e-11, cumulative = -4.76182e-06
ExecutionTime = 9.65 s  ClockTime = 12 s

Courant Number mean: 0.290512 max: 0.398424
Interface Courant Number mean: 0.00806267 max: 0.37364
deltaT = 0.000571923
Time = 0.0577123

PIMPLE: iteration 1
smoothSolver:  Solving for alpha.water, Initial residual = 0.0321568, Final residual = 7.86959e-10, No Iterations 3
Phase-1 volume fraction = 0.988  Min(alpha.water) = 0.272041  Max(alpha.water) = 1
MULES: Correcting alpha.water
MULES: Correcting alpha.water
Phase-1 volume fraction = 0.988  Min(alpha.water) = 0.272041  Max(alpha.water) = 1
DICPCG:  Solving for p_rgh, Initial residual = 0.195382, Final residual = 0.00704891, No Iterations 3
time step continuity errors : sum local = 5.73951e-05, global = -2.71365e-08, cumulative = -4.78896e-06
DICPCG:  Solving for p_rgh, Initial residual = 0.00947803, Final residual = 0.000432708, No Iterations 8
time step continuity errors : sum local = 3.54201e-06, global = -7.25934e-09, cumulative = -4.79622e-06
DICPCG:  Solving for p_rgh, Initial residual = 0.00170565, Final residual = 9.42175e-08, No Iterations 135
time step continuity errors : sum local = 7.6992e-10, global = -5.34446e-12, cumulative = -4.79623e-06
ExecutionTime = 9.75 s  ClockTime = 12 s

Courant Number mean: 0.290571 max: 0.398913
Interface Courant Number mean: 0.00841403 max: 0.38259
deltaT = 0.000571923
Time = 0.0582842

PIMPLE: iteration 1
smoothSolver:  Solving for alpha.water, Initial residual = 0.032204, Final residual = 7.02853e-10, No Iterations 3
Phase-1 volume fraction = 0.988  Min(alpha.water) = 0.272937  Max(alpha.water) = 1
MULES: Correcting alpha.water
MULES: Correcting alpha.water
Phase-1 volume fraction = 0.988  Min(alpha.water) = 0.272937  Max(alpha.water) = 1
DICPCG:  Solving for p_rgh, Initial residual = 0.188324, Final residual = 0.00689931, No Iterations 3
time step continuity errors : sum local = 5.68771e-05, global = -2.69526e-08, cumulative = -4.82318e-06
DICPCG:  Solving for p_rgh, Initial residual = 0.00865533, Final residual = 0.000337209, No Iterations 9
time step continuity errors : sum local = 2.82017e-06, global = -7.23504e-09, cumulative = -4.83041e-06
DICPCG:  Solving for p_rgh, Initial residual = 0.00151199, Final residual = 8.2002e-08, No Iterations 134
time step continuity errors : sum local = 6.84846e-10, global = 5.01179e-12, cumulative = -4.83041e-06
ExecutionTime = 9.85 s  ClockTime = 12 s

Courant Number mean: 0.290606 max: 0.398333
Interface Courant Number mean: 0.00845613 max: 0.383433
deltaT = 0.000571923
Time = 0.0588562

PIMPLE: iteration 1
smoothSolver:  Solving for alpha.water, Initial residual = 0.0322164, Final residual = 6.18738e-10, No Iterations 3
Phase-1 volume fraction = 0.988  Min(alpha.water) = 0.274069  Max(alpha.water) = 1
MULES: Correcting alpha.water
MULES: Correcting alpha.water
Phase-1 volume fraction = 0.988  Min(alpha.water) = 0.27419  Max(alpha.water) = 1
DICPCG:  Solving for p_rgh, Initial residual = 0.184133, Final residual = 0.00682927, No Iterations 3
time step continuity errors : sum local = 5.6116e-05, global = -2.67675e-08, cumulative = -4.85718e-06
DICPCG:  Solving for p_rgh, Initial residual = 0.00865622, Final residual = 0.000390491, No Iterations 8
time step continuity errors : sum local = 3.18172e-06, global = -7.19677e-09, cumulative = -4.86437e-06
DICPCG:  Solving for p_rgh, Initial residual = 0.00154551, Final residual = 8.50631e-08, No Iterations 133
time step continuity errors : sum local = 6.92019e-10, global = 1.80474e-12, cumulative = -4.86437e-06
ExecutionTime = 9.96 s  ClockTime = 12 s

Courant Number mean: 0.290589 max: 0.396355
Interface Courant Number mean: 0.00849608 max: 0.377888
deltaT = 0.000571923
Time = 0.0594281

PIMPLE: iteration 1
smoothSolver:  Solving for alpha.water, Initial residual = 0.0321838, Final residual = 7.02943e-10, No Iterations 3
Phase-1 volume fraction = 0.988  Min(alpha.water) = 0.275654  Max(alpha.water) = 1
MULES: Correcting alpha.water
MULES: Correcting alpha.water
Phase-1 volume fraction = 0.988  Min(alpha.water) = 0.275618  Max(alpha.water) = 1
DICPCG:  Solving for p_rgh, Initial residual = 0.197639, Final residual = 0.00702288, No Iterations 3
time step continuity errors : sum local = 5.7071e-05, global = -2.66191e-08, cumulative = -4.89099e-06
DICPCG:  Solving for p_rgh, Initial residual = 0.00893989, Final residual = 0.000388778, No Iterations 8
time step continuity errors : sum local = 3.16541e-06, global = -7.19305e-09, cumulative = -4.89818e-06
DICPCG:  Solving for p_rgh, Initial residual = 0.00162321, Final residual = 8.66883e-08, No Iterations 132
time step continuity errors : sum local = 7.04593e-10, global = -7.50224e-12, cumulative = -4.89819e-06
ExecutionTime = 10.05 s  ClockTime = 12 s

Courant Number mean: 0.290585 max: 0.398698
Interface Courant Number mean: 0.00833706 max: 0.374767
deltaT = 0.000571923
Time = 0.06

PIMPLE: iteration 1
smoothSolver:  Solving for alpha.water, Initial residual = 0.0320112, Final residual = 7.62055e-10, No Iterations 3
Phase-1 volume fraction = 0.988  Min(alpha.water) = 0.276098  Max(alpha.water) = 1
MULES: Correcting alpha.water
MULES: Correcting alpha.water
Phase-1 volume fraction = 0.988  Min(alpha.water) = 0.276098  Max(alpha.water) = 1
DICPCG:  Solving for p_rgh, Initial residual = 0.188484, Final residual = 0.0069978, No Iterations 3
time step continuity errors : sum local = 5.66013e-05, global = -2.64615e-08, cumulative = -4.92465e-06
DICPCG:  Solving for p_rgh, Initial residual = 0.00945331, Final residual = 0.000422935, No Iterations 8
time step continuity errors : sum local = 3.41461e-06, global = -7.16242e-09, cumulative = -4.93181e-06
DICPCG:  Solving for p_rgh, Initial residual = 0.00170814, Final residual = 8.46061e-08, No Iterations 135
time step continuity errors : sum local = 6.81961e-10, global = -5.43888e-12, cumulative = -4.93182e-06
ExecutionTime = 10.2 s  ClockTime = 13 s

Courant Number mean: 0.290658 max: 0.398489
Interface Courant Number mean: 0.00858469 max: 0.383202
deltaT = 0.000571429
Time = 0.0605714

PIMPLE: iteration 1
smoothSolver:  Solving for alpha.water, Initial residual = 0.0319469, Final residual = 6.60508e-10, No Iterations 3
Phase-1 volume fraction = 0.988  Min(alpha.water) = 0.277103  Max(alpha.water) = 1
MULES: Correcting alpha.water
MULES: Correcting alpha.water
Phase-1 volume fraction = 0.988  Min(alpha.water) = 0.277103  Max(alpha.water) = 1
DICPCG:  Solving for p_rgh, Initial residual = 0.186902, Final residual = 0.00696748, No Iterations 3
time step continuity errors : sum local = 5.67542e-05, global = -2.62362e-08, cumulative = -4.95806e-06
DICPCG:  Solving for p_rgh, Initial residual = 0.0085514, Final residual = 0.000364259, No Iterations 9
time step continuity errors : sum local = 3.01821e-06, global = -7.11186e-09, cumulative = -4.96517e-06
DICPCG:  Solving for p_rgh, Initial residual = 0.00150836, Final residual = 8.77638e-08, No Iterations 134
time step continuity errors : sum local = 7.26291e-10, global = 5.18098e-12, cumulative = -4.96516e-06
ExecutionTime = 10.3 s  ClockTime = 13 s

Courant Number mean: 0.29042 max: 0.396766
Interface Courant Number mean: 0.00848791 max: 0.382508
deltaT = 0.000571429
Time = 0.0611429

PIMPLE: iteration 1
smoothSolver:  Solving for alpha.water, Initial residual = 0.0320281, Final residual = 6.07552e-10, No Iterations 3
Phase-1 volume fraction = 0.988  Min(alpha.water) = 0.27832  Max(alpha.water) = 1
MULES: Correcting alpha.water
MULES: Correcting alpha.water
Phase-1 volume fraction = 0.988  Min(alpha.water) = 0.278455  Max(alpha.water) = 1
DICPCG:  Solving for p_rgh, Initial residual = 0.188472, Final residual = 0.00674517, No Iterations 3
time step continuity errors : sum local = 5.48116e-05, global = -2.60713e-08, cumulative = -4.99123e-06
DICPCG:  Solving for p_rgh, Initial residual = 0.00858034, Final residual = 0.000386408, No Iterations 8
time step continuity errors : sum local = 3.10827e-06, global = -7.08945e-09, cumulative = -4.99832e-06
DICPCG:  Solving for p_rgh, Initial residual = 0.00154105, Final residual = 8.39917e-08, No Iterations 133
time step continuity errors : sum local = 6.74484e-10, global = 1.01088e-12, cumulative = -4.99832e-06
ExecutionTime = 10.39 s  ClockTime = 13 s

Courant Number mean: 0.290405 max: 0.396531
Interface Courant Number mean: 0.00828523 max: 0.376145
deltaT = 0.000571429
Time = 0.0617143

PIMPLE: iteration 1
smoothSolver:  Solving for alpha.water, Initial residual = 0.0318962, Final residual = 7.07931e-10, No Iterations 3
Phase-1 volume fraction = 0.988  Min(alpha.water) = 0.280049  Max(alpha.water) = 1
MULES: Correcting alpha.water
MULES: Correcting alpha.water
Phase-1 volume fraction = 0.988  Min(alpha.water) = 0.280022  Max(alpha.water) = 1
DICPCG:  Solving for p_rgh, Initial residual = 0.197633, Final residual = 0.00705921, No Iterations 3
time step continuity errors : sum local = 5.70207e-05, global = -2.59275e-08, cumulative = -5.02425e-06
DICPCG:  Solving for p_rgh, Initial residual = 0.00915901, Final residual = 0.000409526, No Iterations 8
time step continuity errors : sum local = 3.33152e-06, global = -7.07444e-09, cumulative = -5.03132e-06
DICPCG:  Solving for p_rgh, Initial residual = 0.0016614, Final residual = 8.83899e-08, No Iterations 132
time step continuity errors : sum local = 7.17833e-10, global = -1.08468e-11, cumulative = -5.03133e-06
ExecutionTime = 10.48 s  ClockTime = 13 s

Courant Number mean: 0.290419 max: 0.398518
Interface Courant Number mean: 0.00846675 max: 0.374691
deltaT = 0.000571429
Time = 0.0622857

PIMPLE: iteration 1
smoothSolver:  Solving for alpha.water, Initial residual = 0.0318241, Final residual = 7.14368e-10, No Iterations 3
Phase-1 volume fraction = 0.988  Min(alpha.water) = 0.280545  Max(alpha.water) = 1
MULES: Correcting alpha.water
MULES: Correcting alpha.water
Phase-1 volume fraction = 0.988  Min(alpha.water) = 0.280545  Max(alpha.water) = 1
DICPCG:  Solving for p_rgh, Initial residual = 0.192436, Final residual = 0.00703752, No Iterations 3
time step continuity errors : sum local = 5.68735e-05, global = -2.57905e-08, cumulative = -5.05713e-06
DICPCG:  Solving for p_rgh, Initial residual = 0.00931101, Final residual = 0.000439898, No Iterations 8
time step continuity errors : sum local = 3.55212e-06, global = -7.05785e-09, cumulative = -5.06418e-06
DICPCG:  Solving for p_rgh, Initial residual = 0.00169844, Final residual = 7.8482e-08, No Iterations 134
time step continuity errors : sum local = 6.32866e-10, global = -3.93475e-12, cumulative = -5.06419e-06
ExecutionTime = 10.57 s  ClockTime = 13 s

Courant Number mean: 0.290488 max: 0.397463
Interface Courant Number mean: 0.00850224 max: 0.381621
deltaT = 0.000571429
Time = 0.0628571

PIMPLE: iteration 1
smoothSolver:  Solving for alpha.water, Initial residual = 0.0317958, Final residual = 6.09503e-10, No Iterations 3
Phase-1 volume fraction = 0.988  Min(alpha.water) = 0.281626  Max(alpha.water) = 1
MULES: Correcting alpha.water
MULES: Correcting alpha.water
Phase-1 volume fraction = 0.988  Min(alpha.water) = 0.281626  Max(alpha.water) = 1
DICPCG:  Solving for p_rgh, Initial residual = 0.180414, Final residual = 0.00688409, No Iterations 3
time step continuity errors : sum local = 5.57462e-05, global = -2.56234e-08, cumulative = -5.08981e-06
DICPCG:  Solving for p_rgh, Initial residual = 0.0086174, Final residual = 0.000366928, No Iterations 9
time step continuity errors : sum local = 3.00424e-06, global = -7.01085e-09, cumulative = -5.09682e-06
DICPCG:  Solving for p_rgh, Initial residual = 0.00148078, Final residual = 8.59021e-08, No Iterations 134
time step continuity errors : sum local = 7.02263e-10, global = 7.90211e-12, cumulative = -5.09681e-06
ExecutionTime = 10.67 s  ClockTime = 13 s

Courant Number mean: 0.290491 max: 0.395085
Interface Courant Number mean: 0.00862422 max: 0.380329
deltaT = 0.000571429
Time = 0.0634286

PIMPLE: iteration 1
smoothSolver:  Solving for alpha.water, Initial residual = 0.0319116, Final residual = 6.17723e-10, No Iterations 3
Phase-1 volume fraction = 0.988  Min(alpha.water) = 0.282943  Max(alpha.water) = 1
MULES: Correcting alpha.water
MULES: Correcting alpha.water
Phase-1 volume fraction = 0.988  Min(alpha.water) = 0.283088  Max(alpha.water) = 1
DICPCG:  Solving for p_rgh, Initial residual = 0.192314, Final residual = 0.00680674, No Iterations 3
time step continuity errors : sum local = 5.51419e-05, global = -2.5466e-08, cumulative = -5.12228e-06
DICPCG:  Solving for p_rgh, Initial residual = 0.00852384, Final residual = 0.000400511, No Iterations 8
time step continuity errors : sum local = 3.23324e-06, global = -7.00337e-09, cumulative = -5.12928e-06
DICPCG:  Solving for p_rgh, Initial residual = 0.00154618, Final residual = 9.19123e-08, No Iterations 133
time step continuity errors : sum local = 7.4073e-10, global = -1.95659e-13, cumulative = -5.12928e-06
ExecutionTime = 10.76 s  ClockTime = 13 s

Courant Number mean: 0.290472 max: 0.39733
Interface Courant Number mean: 0.00810839 max: 0.373736
deltaT = 0.000571429
Time = 0.064

PIMPLE: iteration 1
smoothSolver:  Solving for alpha.water, Initial residual = 0.0316455, Final residual = 6.93338e-10, No Iterations 3
Phase-1 volume fraction = 0.988  Min(alpha.water) = 0.283634  Max(alpha.water) = 1
MULES: Correcting alpha.water
MULES: Correcting alpha.water
Phase-1 volume fraction = 0.988  Min(alpha.water) = 0.283634  Max(alpha.water) = 1
DICPCG:  Solving for p_rgh, Initial residual = 0.192789, Final residual = 0.00703825, No Iterations 3
time step continuity errors : sum local = 5.6637e-05, global = -2.53389e-08, cumulative = -5.15462e-06
DICPCG:  Solving for p_rgh, Initial residual = 0.00931479, Final residual = 0.000425779, No Iterations 8
time step continuity errors : sum local = 3.42669e-06, global = -6.9824e-09, cumulative = -5.1616e-06
DICPCG:  Solving for p_rgh, Initial residual = 0.0016858, Final residual = 8.77754e-08, No Iterations 133
time step continuity errors : sum local = 7.05105e-10, global = -3.92167e-12, cumulative = -5.16161e-06
ExecutionTime = 10.86 s  ClockTime = 13 s

Courant Number mean: 0.290505 max: 0.398541
Interface Courant Number mean: 0.00845684 max: 0.374328
deltaT = 0.000571429
Time = 0.0645714

PIMPLE: iteration 1
smoothSolver:  Solving for alpha.water, Initial residual = 0.031678, Final residual = 6.52223e-10, No Iterations 3
Phase-1 volume fraction = 0.988  Min(alpha.water) = 0.284438  Max(alpha.water) = 1
MULES: Correcting alpha.water
MULES: Correcting alpha.water
Phase-1 volume fraction = 0.988  Min(alpha.water) = 0.284438  Max(alpha.water) = 1
DICPCG:  Solving for p_rgh, Initial residual = 0.189278, Final residual = 0.0070214, No Iterations 3
time step continuity errors : sum local = 5.66682e-05, global = -2.51974e-08, cumulative = -5.18681e-06
DICPCG:  Solving for p_rgh, Initial residual = 0.00891904, Final residual = 0.000325944, No Iterations 9
time step continuity errors : sum local = 2.65513e-06, global = -6.96292e-09, cumulative = -5.19377e-06
DICPCG:  Solving for p_rgh, Initial residual = 0.00155187, Final residual = 8.23676e-08, No Iterations 134
time step continuity errors : sum local = 6.6992e-10, global = 9.58557e-12, cumulative = -5.19376e-06
ExecutionTime = 10.97 s  ClockTime = 14 s

Courant Number mean: 0.290555 max: 0.396602
Interface Courant Number mean: 0.00838186 max: 0.380152
deltaT = 0.000571429
Time = 0.0651429

PIMPLE: iteration 1
smoothSolver:  Solving for alpha.water, Initial residual = 0.0317101, Final residual = 5.69736e-10, No Iterations 3
Phase-1 volume fraction = 0.988  Min(alpha.water) = 0.285438  Max(alpha.water) = 1
MULES: Correcting alpha.water
MULES: Correcting alpha.water
Phase-1 volume fraction = 0.988  Min(alpha.water) = 0.28553  Max(alpha.water) = 1
DICPCG:  Solving for p_rgh, Initial residual = 0.1799, Final residual = 0.00675929, No Iterations 3
time step continuity errors : sum local = 5.47463e-05, global = -2.50283e-08, cumulative = -5.21879e-06
DICPCG:  Solving for p_rgh, Initial residual = 0.00854548, Final residual = 0.000425124, No Iterations 8
time step continuity errors : sum local = 3.45526e-06, global = -6.90806e-09, cumulative = -5.2257e-06
DICPCG:  Solving for p_rgh, Initial residual = 0.0015324, Final residual = 8.66722e-08, No Iterations 134
time step continuity errors : sum local = 7.03346e-10, global = 4.64362e-12, cumulative = -5.22569e-06
ExecutionTime = 11.07 s  ClockTime = 14 s

Courant Number mean: 0.290559 max: 0.395053
Interface Courant Number mean: 0.00870241 max: 0.378678
deltaT = 0.000571429
Time = 0.0657143

PIMPLE: iteration 1
smoothSolver:  Solving for alpha.water, Initial residual = 0.0317848, Final residual = 6.47568e-10, No Iterations 3
Phase-1 volume fraction = 0.988  Min(alpha.water) = 0.286803  Max(alpha.water) = 1
MULES: Correcting alpha.water
MULES: Correcting alpha.water
Phase-1 volume fraction = 0.988  Min(alpha.water) = 0.286702  Max(alpha.water) = 1
DICPCG:  Solving for p_rgh, Initial residual = 0.193506, Final residual = 0.00687003, No Iterations 3
time step continuity errors : sum local = 5.54301e-05, global = -2.492e-08, cumulative = -5.25061e-06
DICPCG:  Solving for p_rgh, Initial residual = 0.00863738, Final residual = 0.000398975, No Iterations 8
time step continuity errors : sum local = 3.21499e-06, global = -6.92762e-09, cumulative = -5.25754e-06
DICPCG:  Solving for p_rgh, Initial residual = 0.00156569, Final residual = 9.72945e-08, No Iterations 133
time step continuity errors : sum local = 7.82703e-10, global = -3.73174e-12, cumulative = -5.25754e-06
ExecutionTime = 11.16 s  ClockTime = 14 s

Courant Number mean: 0.290536 max: 0.397989
Interface Courant Number mean: 0.00811326 max: 0.364714
deltaT = 0.000571429
Time = 0.0662857

PIMPLE: iteration 1
smoothSolver:  Solving for alpha.water, Initial residual = 0.0314908, Final residual = 7.12348e-10, No Iterations 3
Phase-1 volume fraction = 0.988  Min(alpha.water) = 0.287183  Max(alpha.water) = 1
MULES: Correcting alpha.water
MULES: Correcting alpha.water
Phase-1 volume fraction = 0.988  Min(alpha.water) = 0.287183  Max(alpha.water) = 1
DICPCG:  Solving for p_rgh, Initial residual = 0.187581, Final residual = 0.00699697, No Iterations 3
time step continuity errors : sum local = 5.57504e-05, global = -2.47822e-08, cumulative = -5.28232e-06
DICPCG:  Solving for p_rgh, Initial residual = 0.00938165, Final residual = 0.000440432, No Iterations 8
time step continuity errors : sum local = 3.48085e-06, global = -6.88683e-09, cumulative = -5.28921e-06
DICPCG:  Solving for p_rgh, Initial residual = 0.00172006, Final residual = 9.53931e-08, No Iterations 133
time step continuity errors : sum local = 7.52572e-10, global = -8.93916e-13, cumulative = -5.28921e-06
ExecutionTime = 11.24 s  ClockTime = 14 s

Courant Number mean: 0.290587 max: 0.398475
Interface Courant Number mean: 0.00850447 max: 0.375136
deltaT = 0.000571429
Time = 0.0668571

PIMPLE: iteration 1
smoothSolver:  Solving for alpha.water, Initial residual = 0.031518, Final residual = 6.40163e-10, No Iterations 3
Phase-1 volume fraction = 0.988  Min(alpha.water) = 0.288069  Max(alpha.water) = 1
MULES: Correcting alpha.water
MULES: Correcting alpha.water
Phase-1 volume fraction = 0.988  Min(alpha.water) = 0.288069  Max(alpha.water) = 1
DICPCG:  Solving for p_rgh, Initial residual = 0.189648, Final residual = 0.00700773, No Iterations 3
time step continuity errors : sum local = 5.6059e-05, global = -2.46444e-08, cumulative = -5.31386e-06
DICPCG:  Solving for p_rgh, Initial residual = 0.00866394, Final residual = 0.00033959, No Iterations 9
time step continuity errors : sum local = 2.76644e-06, global = -6.87146e-09, cumulative = -5.32073e-06
DICPCG:  Solving for p_rgh, Initial residual = 0.00153106, Final residual = 8.43824e-08, No Iterations 134
time step continuity errors : sum local = 6.86387e-10, global = 8.73521e-12, cumulative = -5.32072e-06
ExecutionTime = 11.32 s  ClockTime = 14 s

Courant Number mean: 0.290615 max: 0.395702
Interface Courant Number mean: 0.00838805 max: 0.379716
deltaT = 0.000571429
Time = 0.0674286

PIMPLE: iteration 1
smoothSolver:  Solving for alpha.water, Initial residual = 0.0316158, Final residual = 5.75295e-10, No Iterations 3
Phase-1 volume fraction = 0.988  Min(alpha.water) = 0.289161  Max(alpha.water) = 1
MULES: Correcting alpha.water
MULES: Correcting alpha.water
Phase-1 volume fraction = 0.988  Min(alpha.water) = 0.289263  Max(alpha.water) = 1
DICPCG:  Solving for p_rgh, Initial residual = 0.181133, Final residual = 0.00671702, No Iterations 3
time step continuity errors : sum local = 5.40884e-05, global = -2.44945e-08, cumulative = -5.34521e-06
DICPCG:  Solving for p_rgh, Initial residual = 0.00851001, Final residual = 0.000396789, No Iterations 8
time step continuity errors : sum local = 3.1883e-06, global = -6.82575e-09, cumulative = -5.35204e-06
DICPCG:  Solving for p_rgh, Initial residual = 0.00151956, Final residual = 9.93129e-08, No Iterations 133
time step continuity errors : sum local = 7.9669e-10, global = 3.16589e-12, cumulative = -5.35204e-06
ExecutionTime = 11.42 s  ClockTime = 14 s

Courant Number mean: 0.290619 max: 0.396163
Interface Courant Number mean: 0.00846932 max: 0.377606
deltaT = 0.000571429
Time = 0.068

PIMPLE: iteration 1
smoothSolver:  Solving for alpha.water, Initial residual = 0.0316292, Final residual = 6.82147e-10, No Iterations 3
Phase-1 volume fraction = 0.988  Min(alpha.water) = 0.290685  Max(alpha.water) = 1
MULES: Correcting alpha.water
MULES: Correcting alpha.water
Phase-1 volume fraction = 0.988  Min(alpha.water) = 0.290602  Max(alpha.water) = 1
DICPCG:  Solving for p_rgh, Initial residual = 0.193512, Final residual = 0.00692864, No Iterations 3
time step continuity errors : sum local = 5.55647e-05, global = -2.43898e-08, cumulative = -5.37643e-06
DICPCG:  Solving for p_rgh, Initial residual = 0.00880022, Final residual = 0.000380403, No Iterations 8
time step continuity errors : sum local = 3.0616e-06, global = -6.83547e-09, cumulative = -5.38326e-06
DICPCG:  Solving for p_rgh, Initial residual = 0.0015906, Final residual = 9.32708e-08, No Iterations 132
time step continuity errors : sum local = 7.49415e-10, global = -3.75373e-12, cumulative = -5.38327e-06
ExecutionTime = 11.5 s  ClockTime = 14 s

Courant Number mean: 0.290607 max: 0.398422
Interface Courant Number mean: 0.00827546 max: 0.3678
deltaT = 0.000571429
Time = 0.0685714

PIMPLE: iteration 1
smoothSolver:  Solving for alpha.water, Initial residual = 0.0313963, Final residual = 7.34165e-10, No Iterations 3
Phase-1 volume fraction = 0.988  Min(alpha.water) = 0.291111  Max(alpha.water) = 1
MULES: Correcting alpha.water
MULES: Correcting alpha.water
Phase-1 volume fraction = 0.988  Min(alpha.water) = 0.291111  Max(alpha.water) = 1
DICPCG:  Solving for p_rgh, Initial residual = 0.191499, Final residual = 0.00703491, No Iterations 3
time step continuity errors : sum local = 5.59484e-05, global = -2.42632e-08, cumulative = -5.40753e-06
DICPCG:  Solving for p_rgh, Initial residual = 0.00932509, Final residual = 0.000443454, No Iterations 8
time step continuity errors : sum local = 3.49682e-06, global = -6.80579e-09, cumulative = -5.41433e-06
DICPCG:  Solving for p_rgh, Initial residual = 0.00172396, Final residual = 9.91875e-08, No Iterations 133
time step continuity errors : sum local = 7.80837e-10, global = 4.74241e-12, cumulative = -5.41433e-06
ExecutionTime = 11.57 s  ClockTime = 14 s

Courant Number mean: 0.29066 max: 0.398073
Interface Courant Number mean: 0.00850487 max: 0.376057
deltaT = 0.000571429
Time = 0.0691429

PIMPLE: iteration 1
smoothSolver:  Solving for alpha.water, Initial residual = 0.0313856, Final residual = 6.16358e-10, No Iterations 3
Phase-1 volume fraction = 0.988  Min(alpha.water) = 0.292092  Max(alpha.water) = 1
MULES: Correcting alpha.water
MULES: Correcting alpha.water
Phase-1 volume fraction = 0.988  Min(alpha.water) = 0.292092  Max(alpha.water) = 1
DICPCG:  Solving for p_rgh, Initial residual = 0.185073, Final residual = 0.0069658, No Iterations 3
time step continuity errors : sum local = 5.54998e-05, global = -2.41166e-08, cumulative = -5.43845e-06
DICPCG:  Solving for p_rgh, Initial residual = 0.00866395, Final residual = 0.000384051, No Iterations 9
time step continuity errors : sum local = 3.11345e-06, global = -6.76441e-09, cumulative = -5.44521e-06
DICPCG:  Solving for p_rgh, Initial residual = 0.00151976, Final residual = 9.655e-08, No Iterations 134
time step continuity errors : sum local = 7.81521e-10, global = 6.91571e-12, cumulative = -5.4452e-06
ExecutionTime = 11.65 s  ClockTime = 14 s

Courant Number mean: 0.290679 max: 0.394531
Interface Courant Number mean: 0.00841292 max: 0.379574
deltaT = 0.000571429
Time = 0.0697143

PIMPLE: iteration 1
smoothSolver:  Solving for alpha.water, Initial residual = 0.0315586, Final residual = 5.91696e-10, No Iterations 3
Phase-1 volume fraction = 0.988  Min(alpha.water) = 0.293269  Max(alpha.water) = 1
MULES: Correcting alpha.water
MULES: Correcting alpha.water
Phase-1 volume fraction = 0.988  Min(alpha.water) = 0.293381  Max(alpha.water) = 1
DICPCG:  Solving for p_rgh, Initial residual = 0.18563, Final residual = 0.00666356, No Iterations 3
time step continuity errors : sum local = 5.34167e-05, global = -2.39995e-08, cumulative = -5.4692e-06
DICPCG:  Solving for p_rgh, Initial residual = 0.00845662, Final residual = 0.00040994, No Iterations 8
time step continuity errors : sum local = 3.27723e-06, global = -6.75603e-09, cumulative = -5.47596e-06
DICPCG:  Solving for p_rgh, Initial residual = 0.00152271, Final residual = 7.57694e-08, No Iterations 133
time step continuity errors : sum local = 6.04836e-10, global = -5.34648e-12, cumulative = -5.47596e-06
ExecutionTime = 11.74 s  ClockTime = 15 s

Courant Number mean: 0.290678 max: 0.396891
Interface Courant Number mean: 0.00830191 max: 0.376893
deltaT = 0.000571429
Time = 0.0702857

PIMPLE: iteration 1
smoothSolver:  Solving for alpha.water, Initial residual = 0.0314346, Final residual = 6.97788e-10, No Iterations 3
Phase-1 volume fraction = 0.988  Min(alpha.water) = 0.293836  Max(alpha.water) = 1
MULES: Correcting alpha.water
MULES: Correcting alpha.water
Phase-1 volume fraction = 0.988  Min(alpha.water) = 0.293836  Max(alpha.water) = 1
DICPCG:  Solving for p_rgh, Initial residual = 0.190077, Final residual = 0.00694509, No Iterations 3
time step continuity errors : sum local = 5.53568e-05, global = -2.39008e-08, cumulative = -5.49987e-06
DICPCG:  Solving for p_rgh, Initial residual = 0.00899576, Final residual = 0.000371067, No Iterations 8
time step continuity errors : sum local = 2.96248e-06, global = -6.75275e-09, cumulative = -5.50662e-06
DICPCG:  Solving for p_rgh, Initial residual = 0.00162192, Final residual = 8.22106e-08, No Iterations 132
time step continuity errors : sum local = 6.55136e-10, global = -5.05869e-12, cumulative = -5.50662e-06
ExecutionTime = 11.82 s  ClockTime = 15 s

Courant Number mean: 0.290681 max: 0.398398
Interface Courant Number mean: 0.00856616 max: 0.371869
deltaT = 0.000571429
Time = 0.0708571

PIMPLE: iteration 1
smoothSolver:  Solving for alpha.water, Initial residual = 0.0313022, Final residual = 7.2845e-10, No Iterations 3
Phase-1 volume fraction = 0.988  Min(alpha.water) = 0.294551  Max(alpha.water) = 1
MULES: Correcting alpha.water
MULES: Correcting alpha.water
Phase-1 volume fraction = 0.988  Min(alpha.water) = 0.294551  Max(alpha.water) = 1
DICPCG:  Solving for p_rgh, Initial residual = 0.190951, Final residual = 0.00710317, No Iterations 3
time step continuity errors : sum local = 5.64843e-05, global = -2.37662e-08, cumulative = -5.53039e-06
DICPCG:  Solving for p_rgh, Initial residual = 0.00918443, Final residual = 0.00045644, No Iterations 8
time step continuity errors : sum local = 3.62968e-06, global = -6.72508e-09, cumulative = -5.53711e-06
DICPCG:  Solving for p_rgh, Initial residual = 0.00172032, Final residual = 9.36876e-08, No Iterations 134
time step continuity errors : sum local = 7.43904e-10, global = 1.23817e-12, cumulative = -5.53711e-06
ExecutionTime = 11.92 s  ClockTime = 15 s

Courant Number mean: 0.290724 max: 0.397175
Interface Courant Number mean: 0.00845964 max: 0.376155
deltaT = 0.000571429
Time = 0.0714286

PIMPLE: iteration 1
smoothSolver:  Solving for alpha.water, Initial residual = 0.0313715, Final residual = 5.95579e-10, No Iterations 3
Phase-1 volume fraction = 0.988  Min(alpha.water) = 0.295436  Max(alpha.water) = 1
MULES: Correcting alpha.water
MULES: Correcting alpha.water
Phase-1 volume fraction = 0.988  Min(alpha.water) = 0.295436  Max(alpha.water) = 1
DICPCG:  Solving for p_rgh, Initial residual = 0.18212, Final residual = 0.00684566, No Iterations 3
time step continuity errors : sum local = 5.4707e-05, global = -2.36335e-08, cumulative = -5.56075e-06
DICPCG:  Solving for p_rgh, Initial residual = 0.00864522, Final residual = 0.00038498, No Iterations 9
time step continuity errors : sum local = 3.11787e-06, global = -6.66702e-09, cumulative = -5.56741e-06
DICPCG:  Solving for p_rgh, Initial residual = 0.00148728, Final residual = 8.61029e-08, No Iterations 134
time step continuity errors : sum local = 6.96287e-10, global = 2.81249e-12, cumulative = -5.56741e-06
ExecutionTime = 12.02 s  ClockTime = 15 s

Courant Number mean: 0.290741 max: 0.394308
Interface Courant Number mean: 0.00851159 max: 0.379122
deltaT = 0.000571429
Time = 0.072

PIMPLE: iteration 1
smoothSolver:  Solving for alpha.water, Initial residual = 0.0314992, Final residual = 6.00824e-10, No Iterations 3
Phase-1 volume fraction = 0.988  Min(alpha.water) = 0.296644  Max(alpha.water) = 1
MULES: Correcting alpha.water
MULES: Correcting alpha.water
Phase-1 volume fraction = 0.988  Min(alpha.water) = 0.296532  Max(alpha.water) = 1
DICPCG:  Solving for p_rgh, Initial residual = 0.188499, Final residual = 0.00670278, No Iterations 3
time step continuity errors : sum local = 5.373e-05, global = -2.35308e-08, cumulative = -5.59094e-06
DICPCG:  Solving for p_rgh, Initial residual = 0.00852006, Final residual = 0.00035418, No Iterations 9
time step continuity errors : sum local = 2.83126e-06, global = -6.68491e-09, cumulative = -5.59763e-06
DICPCG:  Solving for p_rgh, Initial residual = 0.00145475, Final residual = 7.35989e-08, No Iterations 134
time step continuity errors : sum local = 5.87389e-10, global = -8.14195e-14, cumulative = -5.59763e-06
ExecutionTime = 12.11 s  ClockTime = 15 s

Courant Number mean: 0.290733 max: 0.39732
Interface Courant Number mean: 0.00833232 max: 0.37658
deltaT = 0.000571429
Time = 0.0725714

PIMPLE: iteration 1
smoothSolver:  Solving for alpha.water, Initial residual = 0.0312409, Final residual = 7.01881e-10, No Iterations 3
Phase-1 volume fraction = 0.988  Min(alpha.water) = 0.296975  Max(alpha.water) = 1
MULES: Correcting alpha.water
MULES: Correcting alpha.water
Phase-1 volume fraction = 0.988  Min(alpha.water) = 0.296975  Max(alpha.water) = 1
DICPCG:  Solving for p_rgh, Initial residual = 0.18661, Final residual = 0.00692459, No Iterations 3
time step continuity errors : sum local = 5.48026e-05, global = -2.34121e-08, cumulative = -5.62104e-06
DICPCG:  Solving for p_rgh, Initial residual = 0.00911007, Final residual = 0.000408047, No Iterations 8
time step continuity errors : sum local = 3.20912e-06, global = -6.66358e-09, cumulative = -5.6277e-06
DICPCG:  Solving for p_rgh, Initial residual = 0.00167242, Final residual = 9.72725e-08, No Iterations 132
time step continuity errors : sum local = 7.63555e-10, global = -2.27828e-13, cumulative = -5.6277e-06
ExecutionTime = 12.21 s  ClockTime = 15 s

Courant Number mean: 0.29075 max: 0.398092
Interface Courant Number mean: 0.00843645 max: 0.374006
deltaT = 0.000571429
Time = 0.0731429

PIMPLE: iteration 1
smoothSolver:  Solving for alpha.water, Initial residual = 0.03121, Final residual = 7.06153e-10, No Iterations 3
Phase-1 volume fraction = 0.988  Min(alpha.water) = 0.297755  Max(alpha.water) = 1
MULES: Correcting alpha.water
MULES: Correcting alpha.water
Phase-1 volume fraction = 0.988  Min(alpha.water) = 0.297755  Max(alpha.water) = 1
DICPCG:  Solving for p_rgh, Initial residual = 0.189909, Final residual = 0.007057, No Iterations 3
time step continuity errors : sum local = 5.59085e-05, global = -2.32976e-08, cumulative = -5.651e-06
DICPCG:  Solving for p_rgh, Initial residual = 0.00890637, Final residual = 0.000331904, No Iterations 9
time step continuity errors : sum local = 2.6604e-06, global = -6.65217e-09, cumulative = -5.65765e-06
DICPCG:  Solving for p_rgh, Initial residual = 0.0015722, Final residual = 9.76045e-08, No Iterations 134
time step continuity errors : sum local = 7.8111e-10, global = 7.36764e-12, cumulative = -5.65764e-06
ExecutionTime = 12.31 s  ClockTime = 15 s

Courant Number mean: 0.29078 max: 0.396123
Interface Courant Number mean: 0.00833353 max: 0.375627
deltaT = 0.000571429
Time = 0.0737143

PIMPLE: iteration 1
smoothSolver:  Solving for alpha.water, Initial residual = 0.0313414, Final residual = 5.59022e-10, No Iterations 3
Phase-1 volume fraction = 0.988  Min(alpha.water) = 0.298722  Max(alpha.water) = 1
MULES: Correcting alpha.water
MULES: Correcting alpha.water
Phase-1 volume fraction = 0.988  Min(alpha.water) = 0.298809  Max(alpha.water) = 1
DICPCG:  Solving for p_rgh, Initial residual = 0.18016, Final residual = 0.00673378, No Iterations 3
time step continuity errors : sum local = 5.3851e-05, global = -2.31627e-08, cumulative = -5.68081e-06
DICPCG:  Solving for p_rgh, Initial residual = 0.00856617, Final residual = 0.000346767, No Iterations 9
time step continuity errors : sum local = 2.79115e-06, global = -6.56774e-09, cumulative = -5.68738e-06
DICPCG:  Solving for p_rgh, Initial residual = 0.00145431, Final residual = 9.11472e-08, No Iterations 134
time step continuity errors : sum local = 7.32557e-10, global = 2.06276e-12, cumulative = -5.68737e-06
ExecutionTime = 12.41 s  ClockTime = 15 s

Courant Number mean: 0.290799 max: 0.395361
Interface Courant Number mean: 0.00860616 max: 0.378149
deltaT = 0.000571429
Time = 0.0742857

PIMPLE: iteration 1
smoothSolver:  Solving for alpha.water, Initial residual = 0.0313962, Final residual = 6.10931e-10, No Iterations 3
Phase-1 volume fraction = 0.988  Min(alpha.water) = 0.300032  Max(alpha.water) = 1
MULES: Correcting alpha.water
MULES: Correcting alpha.water
Phase-1 volume fraction = 0.988  Min(alpha.water) = 0.299948  Max(alpha.water) = 1
DICPCG:  Solving for p_rgh, Initial residual = 0.187978, Final residual = 0.00678572, No Iterations 3
time step continuity errors : sum local = 5.41734e-05, global = -2.30906e-08, cumulative = -5.71046e-06
DICPCG:  Solving for p_rgh, Initial residual = 0.00861721, Final residual = 0.0004212, No Iterations 8
time step continuity errors : sum local = 3.35919e-06, global = -6.62436e-09, cumulative = -5.71709e-06
DICPCG:  Solving for p_rgh, Initial residual = 0.00156433, Final residual = 8.41311e-08, No Iterations 134
time step continuity errors : sum local = 6.69931e-10, global = -2.94573e-12, cumulative = -5.71709e-06
ExecutionTime = 12.52 s  ClockTime = 15 s

Courant Number mean: 0.29079 max: 0.397828
Interface Courant Number mean: 0.00822931 max: 0.378914
deltaT = 0.000571429
Time = 0.0748571

PIMPLE: iteration 1
smoothSolver:  Solving for alpha.water, Initial residual = 0.031059, Final residual = 7.03568e-10, No Iterations 3
Phase-1 volume fraction = 0.988  Min(alpha.water) = 0.300401  Max(alpha.water) = 1
MULES: Correcting alpha.water
MULES: Correcting alpha.water
Phase-1 volume fraction = 0.988  Min(alpha.water) = 0.300401  Max(alpha.water) = 1
DICPCG:  Solving for p_rgh, Initial residual = 0.190825, Final residual = 0.00696883, No Iterations 3
time step continuity errors : sum local = 5.48975e-05, global = -2.29671e-08, cumulative = -5.74006e-06
DICPCG:  Solving for p_rgh, Initial residual = 0.00912463, Final residual = 0.00044114, No Iterations 8
time step continuity errors : sum local = 3.4421e-06, global = -6.57981e-09, cumulative = -5.74664e-06
DICPCG:  Solving for p_rgh, Initial residual = 0.00170898, Final residual = 8.55913e-08, No Iterations 134
time step continuity errors : sum local = 6.66527e-10, global = 5.46129e-12, cumulative = -5.74663e-06
ExecutionTime = 12.61 s  ClockTime = 16 s

Courant Number mean: 0.29082 max: 0.397926
Interface Courant Number mean: 0.00843576 max: 0.374038
deltaT = 0.000571429
Time = 0.0754286

PIMPLE: iteration 1
smoothSolver:  Solving for alpha.water, Initial residual = 0.0310594, Final residual = 6.56773e-10, No Iterations 3
Phase-1 volume fraction = 0.988  Min(alpha.water) = 0.301254  Max(alpha.water) = 1
MULES: Correcting alpha.water
MULES: Correcting alpha.water
Phase-1 volume fraction = 0.988  Min(alpha.water) = 0.301254  Max(alpha.water) = 1
DICPCG:  Solving for p_rgh, Initial residual = 0.186178, Final residual = 0.00695623, No Iterations 3
time step continuity errors : sum local = 5.50044e-05, global = -2.28456e-08, cumulative = -5.76948e-06
DICPCG:  Solving for p_rgh, Initial residual = 0.00866472, Final residual = 0.000329325, No Iterations 9
time step continuity errors : sum local = 2.65191e-06, global = -6.55406e-09, cumulative = -5.77603e-06
DICPCG:  Solving for p_rgh, Initial residual = 0.00152854, Final residual = 9.39972e-08, No Iterations 134
time step continuity errors : sum local = 7.5576e-10, global = 3.82457e-12, cumulative = -5.77603e-06
ExecutionTime = 12.73 s  ClockTime = 16 s

Courant Number mean: 0.290846 max: 0.395296
Interface Courant Number mean: 0.00835337 max: 0.375953
deltaT = 0.000571429
Time = 0.076

PIMPLE: iteration 1
smoothSolver:  Solving for alpha.water, Initial residual = 0.0312515, Final residual = 5.28875e-10, No Iterations 3
Phase-1 volume fraction = 0.988  Min(alpha.water) = 0.302293  Max(alpha.water) = 1
MULES: Correcting alpha.water
MULES: Correcting alpha.water
Phase-1 volume fraction = 0.988  Min(alpha.water) = 0.302389  Max(alpha.water) = 1
DICPCG:  Solving for p_rgh, Initial residual = 0.181282, Final residual = 0.00662893, No Iterations 3
time step continuity errors : sum local = 5.30591e-05, global = -2.2747e-08, cumulative = -5.79878e-06
DICPCG:  Solving for p_rgh, Initial residual = 0.00846555, Final residual = 0.000420303, No Iterations 8
time step continuity errors : sum local = 3.37247e-06, global = -6.51181e-09, cumulative = -5.80529e-06
DICPCG:  Solving for p_rgh, Initial residual = 0.00151847, Final residual = 9.77648e-08, No Iterations 134
time step continuity errors : sum local = 7.83348e-10, global = 4.22196e-12, cumulative = -5.80528e-06
ExecutionTime = 12.85 s  ClockTime = 16 s

Courant Number mean: 0.290862 max: 0.39652
Interface Courant Number mean: 0.00850668 max: 0.37808
deltaT = 0.000571429
Time = 0.0765714

PIMPLE: iteration 1
smoothSolver:  Solving for alpha.water, Initial residual = 0.0312085, Final residual = 6.25745e-10, No Iterations 3
Phase-1 volume fraction = 0.988  Min(alpha.water) = 0.302774  Max(alpha.water) = 1
MULES: Correcting alpha.water
MULES: Correcting alpha.water
Phase-1 volume fraction = 0.988  Min(alpha.water) = 0.302774  Max(alpha.water) = 1.00001
DICPCG:  Solving for p_rgh, Initial residual = 0.186085, Final residual = 0.0068079, No Iterations 3
time step continuity errors : sum local = 5.43082e-05, global = -2.26525e-08, cumulative = -5.82794e-06
DICPCG:  Solving for p_rgh, Initial residual = 0.00869616, Final residual = 0.0003689, No Iterations 8
time step continuity errors : sum local = 2.94487e-06, global = -6.53917e-09, cumulative = -5.83447e-06
DICPCG:  Solving for p_rgh, Initial residual = 0.00155769, Final residual = 9.10867e-08, No Iterations 131
time step continuity errors : sum local = 7.25984e-10, global = 2.02829e-12, cumulative = -5.83447e-06
ExecutionTime = 12.95 s  ClockTime = 16 s

Courant Number mean: 0.290868 max: 0.398437
Interface Courant Number mean: 0.00847508 max: 0.381133
deltaT = 0.000571429
Time = 0.0771429

PIMPLE: iteration 1
smoothSolver:  Solving for alpha.water, Initial residual = 0.0309324, Final residual = 7.16345e-10, No Iterations 3
Phase-1 volume fraction = 0.988  Min(alpha.water) = 0.303394  Max(alpha.water) = 1
MULES: Correcting alpha.water
MULES: Correcting alpha.water
Phase-1 volume fraction = 0.988  Min(alpha.water) = 0.303394  Max(alpha.water) = 1
DICPCG:  Solving for p_rgh, Initial residual = 0.191667, Final residual = 0.00701814, No Iterations 3
time step continuity errors : sum local = 5.54554e-05, global = -2.25357e-08, cumulative = -5.85701e-06
DICPCG:  Solving for p_rgh, Initial residual = 0.00904598, Final residual = 0.000432539, No Iterations 8
time step continuity errors : sum local = 3.39203e-06, global = -6.49614e-09, cumulative = -5.8635e-06
DICPCG:  Solving for p_rgh, Initial residual = 0.00170899, Final residual = 9.28635e-08, No Iterations 134
time step continuity errors : sum local = 7.26962e-10, global = 8.5972e-12, cumulative = -5.8635e-06
ExecutionTime = 13.04 s  ClockTime = 16 s

Courant Number mean: 0.290896 max: 0.397877
Interface Courant Number mean: 0.00843685 max: 0.373693
deltaT = 0.000571429
Time = 0.0777143

PIMPLE: iteration 1
smoothSolver:  Solving for alpha.water, Initial residual = 0.0309666, Final residual = 6.18e-10, No Iterations 3
Phase-1 volume fraction = 0.988  Min(alpha.water) = 0.304167  Max(alpha.water) = 1
MULES: Correcting alpha.water
MULES: Correcting alpha.water
Phase-1 volume fraction = 0.988  Min(alpha.water) = 0.304167  Max(alpha.water) = 1
DICPCG:  Solving for p_rgh, Initial residual = 0.180224, Final residual = 0.00680731, No Iterations 3
time step continuity errors : sum local = 5.4208e-05, global = -2.24284e-08, cumulative = -5.88592e-06
DICPCG:  Solving for p_rgh, Initial residual = 0.00850855, Final residual = 0.000347383, No Iterations 9
time step continuity errors : sum local = 2.82606e-06, global = -6.47305e-09, cumulative = -5.8924e-06
DICPCG:  Solving for p_rgh, Initial residual = 0.00148552, Final residual = 8.66925e-08, No Iterations 133
time step continuity errors : sum local = 7.04237e-10, global = -1.25325e-12, cumulative = -5.8924e-06
ExecutionTime = 13.11 s  ClockTime = 16 s

Courant Number mean: 0.290921 max: 0.395979
Interface Courant Number mean: 0.00834717 max: 0.376445
deltaT = 0.000571429
Time = 0.0782857

PIMPLE: iteration 1
smoothSolver:  Solving for alpha.water, Initial residual = 0.0311675, Final residual = 5.46946e-10, No Iterations 3
Phase-1 volume fraction = 0.988  Min(alpha.water) = 0.30523  Max(alpha.water) = 1
MULES: Correcting alpha.water
MULES: Correcting alpha.water
Phase-1 volume fraction = 0.988  Min(alpha.water) = 0.305181  Max(alpha.water) = 1
DICPCG:  Solving for p_rgh, Initial residual = 0.185695, Final residual = 0.00656361, No Iterations 3
time step continuity errors : sum local = 5.28476e-05, global = -2.23458e-08, cumulative = -5.91474e-06
DICPCG:  Solving for p_rgh, Initial residual = 0.00841299, Final residual = 0.00033588, No Iterations 9
time step continuity errors : sum local = 2.6969e-06, global = -6.4476e-09, cumulative = -5.92119e-06
DICPCG:  Solving for p_rgh, Initial residual = 0.00141682, Final residual = 8.25023e-08, No Iterations 134
time step continuity errors : sum local = 6.61502e-10, global = -5.14146e-12, cumulative = -5.9212e-06
ExecutionTime = 13.21 s  ClockTime = 16 s

Courant Number mean: 0.290932 max: 0.397701
Interface Courant Number mean: 0.00850891 max: 0.380733
deltaT = 0.000571429
Time = 0.0788571

PIMPLE: iteration 1
smoothSolver:  Solving for alpha.water, Initial residual = 0.0310346, Final residual = 6.61601e-10, No Iterations 3
Phase-1 volume fraction = 0.988  Min(alpha.water) = 0.305517  Max(alpha.water) = 1
MULES: Correcting alpha.water
MULES: Correcting alpha.water
Phase-1 volume fraction = 0.988  Min(alpha.water) = 0.305517  Max(alpha.water) = 1.00001
DICPCG:  Solving for p_rgh, Initial residual = 0.183018, Final residual = 0.0067726, No Iterations 3
time step continuity errors : sum local = 5.39211e-05, global = -2.22553e-08, cumulative = -5.94345e-06
DICPCG:  Solving for p_rgh, Initial residual = 0.00868247, Final residual = 0.000359909, No Iterations 8
time step continuity errors : sum local = 2.85795e-06, global = -6.47562e-09, cumulative = -5.94993e-06
DICPCG:  Solving for p_rgh, Initial residual = 0.00157371, Final residual = 9.69723e-08, No Iterations 133
time step continuity errors : sum local = 7.68707e-10, global = -5.39049e-12, cumulative = -5.94993e-06
ExecutionTime = 13.28 s  ClockTime = 16 s

Courant Number mean: 0.290949 max: 0.398961
Interface Courant Number mean: 0.00863595 max: 0.381172
deltaT = 0.000571429
Time = 0.0794286

PIMPLE: iteration 1
smoothSolver:  Solving for alpha.water, Initial residual = 0.0308518, Final residual = 7.2651e-10, No Iterations 3
Phase-1 volume fraction = 0.988  Min(alpha.water) = 0.306189  Max(alpha.water) = 1
MULES: Correcting alpha.water
MULES: Correcting alpha.water
Phase-1 volume fraction = 0.988  Min(alpha.water) = 0.306189  Max(alpha.water) = 1
DICPCG:  Solving for p_rgh, Initial residual = 0.189163, Final residual = 0.00699152, No Iterations 3
time step continuity errors : sum local = 5.56095e-05, global = -2.21389e-08, cumulative = -5.97207e-06
DICPCG:  Solving for p_rgh, Initial residual = 0.00880932, Final residual = 0.000329749, No Iterations 9
time step continuity errors : sum local = 2.63432e-06, global = -6.45634e-09, cumulative = -5.97853e-06
DICPCG:  Solving for p_rgh, Initial residual = 0.00157448, Final residual = 8.20523e-08, No Iterations 135
time step continuity errors : sum local = 6.54447e-10, global = 6.89672e-12, cumulative = -5.97852e-06
ExecutionTime = 13.34 s  ClockTime = 16 s

Courant Number mean: 0.290975 max: 0.398779
Interface Courant Number mean: 0.00852402 max: 0.37188
deltaT = 0.000571429
Time = 0.08

PIMPLE: iteration 1
smoothSolver:  Solving for alpha.water, Initial residual = 0.0309568, Final residual = 5.86111e-10, No Iterations 3
Phase-1 volume fraction = 0.988  Min(alpha.water) = 0.307031  Max(alpha.water) = 1
MULES: Correcting alpha.water
MULES: Correcting alpha.water
Phase-1 volume fraction = 0.988  Min(alpha.water) = 0.307113  Max(alpha.water) = 1
DICPCG:  Solving for p_rgh, Initial residual = 0.175727, Final residual = 0.00666296, No Iterations 3
time step continuity errors : sum local = 5.35987e-05, global = -2.20116e-08, cumulative = -6.00053e-06
DICPCG:  Solving for p_rgh, Initial residual = 0.00839317, Final residual = 0.000319657, No Iterations 9
time step continuity errors : sum local = 2.6087e-06, global = -6.37216e-09, cumulative = -6.00691e-06
DICPCG:  Solving for p_rgh, Initial residual = 0.00144224, Final residual = 9.25879e-08, No Iterations 133
time step continuity errors : sum local = 7.54518e-10, global = 8.96128e-13, cumulative = -6.0069e-06
ExecutionTime = 13.49 s  ClockTime = 17 s

End

